{"type":"FeatureCollection","features":[{"type":"Feature","geometry":{"type":"Polygon","coordinates":[[[-71.062812,42.35506],[-71.063118,42.355222],[-71.063162,42.355181],[-71.063156,42.355178],[-71.06318,42.355155],[-71.063172,42.35515],[-71.063177,42.355145],[-71.063146,42.355127],[-71.062916,42.355012],[-71.062906,42.355021],[-71.06287,42.354999],[-71.062812,42.35506]]]},"properties":{"id":653516,"height_m":23.64,"height_ft":77.58,"structure_type":"BLDG","land_use":"E"}},{"type":"Feature","geometry":{"type":"Polygon","coordinates":[[[-71.062045,42.355136],[-71.062184,42.355207],[-71.062351,42.355028],[-71.06221,42.35496],[-71.062045,42.355136]]]},"properties":{"id":653534,"height_m":19.49,"height_ft":63.94,"structure_type":"BLDG","land_use":"RC"}},{"type":"Feature","geometry":{"type":"Polygon","coordinates":[[[-71.062607,42.355127],[-71.062691,42.355175],[-71.062863,42.354997],[-71.062756,42.354945],[-71.062751,42.354949],[-71.06259,42.355118],[-71.062607,42.355127]]]},"properties":{"id":653535,"height_m":18.03,"height_ft":59.15,"structure_type":"BLDG","land_use":"E"}},{"type":"Feature","geometry":{"type":"Polygon","coordinates":[[[-71.062297,42.348017],[-71.062404,42.34804],[-71.062411,42.348042],[-71.062446,42.347953],[-71.062444,42.347953],[-71.062333,42.347928],[-71.062329,42.347927],[-71.062334,42.347917],[-71.062303,42.34791],[-71.062072,42.347859],[-71.06204,42.347852],[-71.061926,42.347827],[-71.061924,42.347827],[-71.061905,42.347875],[-71.061896,42.347896],[-71.061878,42.347943],[-71.061884,42.347944],[-71.061994,42.347969],[-71.062027,42.347976],[-71.062256,42.348028],[-71.062286,42.348035],[-71.062293,42.348016],[-71.062297,42.348017]]]},"properties":{"id":670199,"height_m":33.87,"height_ft":111.14,"structure_type":"BLDG","land_use":"RC"}},{"type":"Feature","geometry":{"type":"Polygon","coordinates":[[[-71.061556,42.348043],[-71.061555,42.348046],[-71.061674,42.348074],[-71.061675,42.348069],[-71.06171,42.347988],[-71.06171,42.347986],[-71.061722,42.347989],[-71.061731,42.347967],[-71.061749,42.347924],[-71.061766,42.347883],[-71.061768,42.34788],[-71.061709,42.347867],[-71.061715,42.347854],[-71.061724,42.347833],[-71.061729,42.347821],[-71.061784,42.347834],[-71.061788,42.347824],[-71.061819,42.347749],[-71.06183,42.347725],[-71.061856,42.347662],[-71.061857,42.347661],[-71.061857,42.347661],[-71.061865,42.347642],[-71.061866,42.34764],[-71.061802,42.347625],[-71.061772,42.347618],[-71.061712,42.347604],[-71.061712,42.347605],[-71.061676,42.347689],[-71.061666,42.347713],[-71.061631,42.347796],[-71.061631,42.347798],[-71.06164,42.3478],[-71.061635,42.347811],[-71.061624,42.347838],[-71.061621,42.347845],[-71.061612,42.347843],[-71.061611,42.347846],[-71.061576,42.34793],[-71.061566,42.347954],[-71.061591,42.34796],[-71.061591,42.347961],[-71.061556,42.348043]]]},"properties":{"id":670201,"height_m":41.95,"height_ft":137.63,"structure_type":"BLDG","land_use":"RC"}},{"type":"Feature","geometry":{"type":"Polygon","coordinates":[[[-71.063065,42.34805],[-71.063051,42.348085],[-71.063098,42.348094],[-71.063115,42.348039],[-71.06314,42.348045],[-71.063171,42.34797],[-71.063122,42.347959],[-71.063123,42.347957],[-71.063093,42.34795],[-71.063068,42.348029],[-71.063073,42.34803],[-71.063065,42.34805]]]},"properties":{"id":670202,"height_m":8.61,"height_ft":28.26,"structure_type":"BLDG","land_use":"R2"}},{"type":"Feature","geometry":{"type":"Polygon","coordinates":[[[-71.062959,42.347926],[-71.062929,42.348],[-71.062934,42.348001],[-71.062998,42.348014],[-71.063028,42.347936],[-71.062961,42.347921],[-71.062959,42.347926]]]},"properties":{"id":670203,"height_m":9.14,"height_ft":29.97,"structure_type":"BLDG","land_use":"R2"}},{"type":"Feature","geometry":{"type":"Polygon","coordinates":[[[-71.062998,42.348014],[-71.063005,42.348016],[-71.063013,42.348017],[-71.063068,42.348029],[-71.063093,42.34795],[-71.063028,42.347936],[-71.062998,42.348014]]]},"properties":{"id":670204,"height_m":9.22,"height_ft":30.26,"structure_type":"BLDG","land_use":"R1"}},{"type":"Feature","geometry":{"type":"Polygon","coordinates":[[[-71.06314,42.348045],[-71.063208,42.34806],[-71.063239,42.347985],[-71.063171,42.34797],[-71.06314,42.348045]]]},"properties":{"id":670205,"height_m":8.72,"height_ft":28.61,"structure_type":"BLDG","land_use":"R2"}},{"type":"Feature","geometry":{"type":"Polygon","coordinates":[[[-71.063208,42.34806],[-71.06328,42.348076],[-71.063299,42.348007],[-71.063301,42.347999],[-71.063239,42.347985],[-71.063208,42.34806]]]},"properties":{"id":670206,"height_m":8.68,"height_ft":28.46,"structure_type":"BLDG","land_use":"R2"}},{"type":"Feature","geometry":{"type":"Polygon","coordinates":[[[-71.062712,42.347996],[-71.062697,42.348033],[-71.062696,42.348036],[-71.062689,42.348052],[-71.062688,42.348055],[-71.062811,42.348077],[-71.062871,42.348095],[-71.06288,42.348072],[-71.062886,42.348057],[-71.062883,42.348057],[-71.062823,42.348043],[-71.062834,42.34802],[-71.062712,42.347995],[-71.062712,42.347996]]]},"properties":{"id":670209,"height_m":11.37,"height_ft":37.3,"structure_type":"BLDG","land_use":"R3"}},{"type":"Feature","geometry":{"type":"Polygon","coordinates":[[[-71.062734,42.347939],[-71.06272,42.347974],[-71.062719,42.347977],[-71.062713,42.347993],[-71.062712,42.347995],[-71.062834,42.34802],[-71.062893,42.348036],[-71.062894,42.348036],[-71.062909,42.347999],[-71.062907,42.347998],[-71.062847,42.347983],[-71.062855,42.347962],[-71.062735,42.347939],[-71.062734,42.347939]]]},"properties":{"id":670210,"height_m":11.51,"height_ft":37.76,"structure_type":"BLDG","land_use":"R3"}},{"type":"Feature","geometry":{"type":"Polygon","coordinates":[[[-71.062659,42.348128],[-71.06265,42.34815],[-71.06264,42.348175],[-71.062761,42.348192],[-71.062777,42.348131],[-71.062667,42.348107],[-71.062659,42.348128]]]},"properties":{"id":670211,"height_m":12.83,"height_ft":42.1,"structure_type":"BLDG","land_use":"RC"}},{"type":"Feature","geometry":{"type":"Polygon","coordinates":[[[-71.063177,42.348169],[-71.063154,42.348251],[-71.063229,42.348263],[-71.063253,42.34818],[-71.063249,42.348179],[-71.063222,42.348175],[-71.06323,42.348148],[-71.063187,42.348141],[-71.063186,42.348141],[-71.063177,42.348169]]]},"properties":{"id":670212,"height_m":9.48,"height_ft":31.1,"structure_type":"BLDG","land_use":"R3"}},{"type":"Feature","geometry":{"type":"Polygon","coordinates":[[[-71.063076,42.348238],[-71.063154,42.348251],[-71.063177,42.348169],[-71.063176,42.348169],[-71.0631,42.348157],[-71.063076,42.348238]]]},"properties":{"id":670213,"height_m":10.96,"height_ft":35.94,"structure_type":"BLDG","land_use":"R3"}},{"type":"Feature","geometry":{"type":"Polygon","coordinates":[[[-71.062922,42.348216],[-71.063,42.348227],[-71.063024,42.348146],[-71.062997,42.348142],[-71.062979,42.348139],[-71.062955,42.348136],[-71.062946,42.348134],[-71.062922,42.348216]]]},"properties":{"id":670214,"height_m":11.24,"height_ft":36.88,"structure_type":"BLDG","land_use":"R4"}},{"type":"Feature","geometry":{"type":"Polygon","coordinates":[[[-71.063,42.348227],[-71.063,42.348228],[-71.063075,42.348241],[-71.063076,42.348238],[-71.0631,42.348157],[-71.063024,42.348146],[-71.063,42.348227]]]},"properties":{"id":670215,"height_m":11.75,"height_ft":38.55,"structure_type":"BLDG","land_use":"A"}},{"type":"Feature","geometry":{"type":"Polygon","coordinates":[[[-71.062855,42.348206],[-71.062922,42.348216],[-71.062946,42.348134],[-71.062946,42.348133],[-71.062939,42.348131],[-71.062886,42.348123],[-71.062877,42.348122],[-71.062855,42.348206]]]},"properties":{"id":670216,"height_m":11.38,"height_ft":37.35,"structure_type":"BLDG","land_use":"R1"}},{"type":"Feature","geometry":{"type":"Polygon","coordinates":[[[-71.061244,42.348672],[-71.061479,42.348726],[-71.061486,42.34871],[-71.061516,42.348636],[-71.061523,42.34862],[-71.061517,42.348619],[-71.061342,42.348577],[-71.061288,42.348565],[-71.061244,42.348672]]]},"properties":{"id":670261,"height_m":14.42,"height_ft":47.3,"structure_type":"BLDG","land_use":"A"}},{"type":"Feature","geometry":{"type":"Polygon","coordinates":[[[-71.061412,42.348312],[-71.061393,42.348359],[-71.061392,42.348361],[-71.061406,42.348364],[-71.061605,42.348407],[-71.061619,42.34841],[-71.061626,42.348393],[-71.06164,42.348359],[-71.061414,42.348308],[-71.061412,42.348312]]]},"properties":{"id":670262,"height_m":13.7,"height_ft":44.93,"structure_type":"BLDG","land_use":"RC"}},{"type":"Feature","geometry":{"type":"Polygon","coordinates":[[[-71.061236,42.348384],[-71.061258,42.348389],[-71.061356,42.348411],[-71.061357,42.348407],[-71.061364,42.348374],[-71.061365,42.348369],[-71.061339,42.348363],[-71.061337,42.34837],[-71.061292,42.34836],[-71.06129,42.348364],[-71.061285,42.348363],[-71.061295,42.34834],[-71.061269,42.348334],[-71.061138,42.348308],[-71.061127,42.348305],[-71.061113,42.34834],[-71.061109,42.348351],[-71.06112,42.348353],[-71.061236,42.348384]]]},"properties":{"id":670263,"height_m":12.91,"height_ft":42.36,"structure_type":"BLDG","land_use":"A"}},{"type":"Feature","geometry":{"type":"Polygon","coordinates":[[[-71.061133,42.348276],[-71.06115,42.348279],[-71.061138,42.348308],[-71.061269,42.348334],[-71.06129,42.348281],[-71.061145,42.348247],[-71.061133,42.348276]]]},"properties":{"id":670264,"height_m":13.48,"height_ft":44.21,"structure_type":"BLDG","land_use":"A"}},{"type":"Feature","geometry":{"type":"Polygon","coordinates":[[[-71.061145,42.348247],[-71.06129,42.348281],[-71.061294,42.348272],[-71.06131,42.348233],[-71.061312,42.348228],[-71.061312,42.348227],[-71.061184,42.348198],[-71.061183,42.3482],[-71.061177,42.348214],[-71.061176,42.348218],[-71.061164,42.348246],[-71.061154,42.348244],[-71.061147,42.348242],[-71.061145,42.348247]]]},"properties":{"id":670265,"height_m":13.56,"height_ft":44.49,"structure_type":"BLDG","land_use":"R4"}},{"type":"Feature","geometry":{"type":"Polygon","coordinates":[[[-71.061119,42.348355],[-71.061118,42.348358],[-71.061109,42.348379],[-71.061107,42.348384],[-71.061104,42.348391],[-71.061104,42.348392],[-71.061097,42.348408],[-71.061096,42.348411],[-71.061214,42.348437],[-71.061215,42.348434],[-71.061236,42.348384],[-71.06112,42.348353],[-71.061119,42.348355]]]},"properties":{"id":670266,"height_m":14.09,"height_ft":46.22,"structure_type":"BLDG","land_use":"R4"}},{"type":"Feature","geometry":{"type":"Polygon","coordinates":[[[-71.061075,42.348462],[-71.061074,42.348466],[-71.061069,42.348477],[-71.061068,42.34848],[-71.061057,42.348506],[-71.061053,42.348516],[-71.061171,42.348542],[-71.061171,42.348541],[-71.061191,42.348492],[-71.061193,42.348488],[-71.061075,42.348462],[-71.061075,42.348462]]]},"properties":{"id":670267,"height_m":13.18,"height_ft":43.24,"structure_type":"BLDG","land_use":"RC"}},{"type":"Feature","geometry":{"type":"Polygon","coordinates":[[[-71.061011,42.348618],[-71.06101,42.348621],[-71.061127,42.348648],[-71.061149,42.348595],[-71.061149,42.348594],[-71.061032,42.348568],[-71.061011,42.348618]]]},"properties":{"id":670268,"height_m":11.37,"height_ft":37.3,"structure_type":"BLDG","land_use":"R4"}},{"type":"Feature","geometry":{"type":"Polygon","coordinates":[[[-71.06105,42.348523],[-71.061046,42.348534],[-71.061042,42.348543],[-71.061038,42.348552],[-71.061037,42.348555],[-71.061033,42.348566],[-71.061032,42.348568],[-71.061149,42.348594],[-71.061162,42.348564],[-71.061171,42.348542],[-71.061053,42.348516],[-71.06105,42.348523]]]},"properties":{"id":670269,"height_m":10.63,"height_ft":34.87,"structure_type":"BLDG","land_use":"R1"}},{"type":"Feature","geometry":{"type":"Polygon","coordinates":[[[-71.061095,42.348414],[-71.061092,42.348422],[-71.061092,42.348422],[-71.061082,42.348446],[-71.061081,42.348448],[-71.061075,42.348462],[-71.061193,42.348488],[-71.061195,42.348482],[-71.061211,42.348444],[-71.061214,42.348437],[-71.061096,42.348411],[-71.061095,42.348414]]]},"properties":{"id":670270,"height_m":13.17,"height_ft":43.19,"structure_type":"BLDG","land_use":"R4"}},{"type":"Feature","geometry":{"type":"Polygon","coordinates":[[[-71.057581,42.348686],[-71.05756,42.348738],[-71.057529,42.348814],[-71.057701,42.348852],[-71.057721,42.348857],[-71.057795,42.348873],[-71.057988,42.348915],[-71.057993,42.348903],[-71.058013,42.348851],[-71.058017,42.348842],[-71.058019,42.348836],[-71.05804,42.348784],[-71.058046,42.348771],[-71.058067,42.348718],[-71.05807,42.348711],[-71.058071,42.348706],[-71.057613,42.348605],[-71.057581,42.348686]]]},"properties":{"id":670291,"height_m":47.29,"height_ft":155.14,"structure_type":"BLDG","land_use":"E"}},{"type":"Feature","geometry":{"type":"Polygon","coordinates":[[[-71.061845,42.348283],[-71.061839,42.348299],[-71.061824,42.348336],[-71.061817,42.348354],[-71.061685,42.348679],[-71.061684,42.348682],[-71.061814,42.348712],[-71.061824,42.348687],[-71.061875,42.348558],[-71.061886,42.34853],[-71.061895,42.348508],[-71.061945,42.348382],[-71.062026,42.348184],[-71.062034,42.348165],[-71.062037,42.348157],[-71.061907,42.348129],[-71.061845,42.348283]]]},"properties":{"id":670298,"height_m":12.14,"height_ft":39.84,"structure_type":"BLDG","land_use":"E"}},{"type":"Feature","geometry":{"type":"Polygon","coordinates":[[[-71.061584,42.348939],[-71.061778,42.348981],[-71.061848,42.3488],[-71.061867,42.348804],[-71.061895,42.34873],[-71.061878,42.348726],[-71.061814,42.348712],[-71.061684,42.348682],[-71.061678,42.348681],[-71.061668,42.348706],[-71.06165,42.348751],[-71.06165,42.348753],[-71.061656,42.348755],[-71.061655,42.348758],[-71.061584,42.348939]]]},"properties":{"id":670299,"height_m":18.76,"height_ft":61.56,"structure_type":"BLDG","land_use":"CM"}},{"type":"Feature","geometry":{"type":"Polygon","coordinates":[[[-71.061895,42.348508],[-71.062216,42.348582],[-71.062217,42.34858],[-71.062229,42.348553],[-71.06225,42.348502],[-71.062146,42.34848],[-71.062166,42.348433],[-71.062101,42.348418],[-71.06201,42.348397],[-71.061945,42.348382],[-71.061895,42.348508]]]},"properties":{"id":670300,"height_m":7.09,"height_ft":23.25,"structure_type":"BLDG","land_use":"E"}},{"type":"Feature","geometry":{"type":"Polygon","coordinates":[[[-71.062166,42.348433],[-71.062146,42.34848],[-71.06225,42.348502],[-71.06226,42.348505],[-71.062271,42.348474],[-71.062328,42.348329],[-71.062332,42.348318],[-71.062339,42.348302],[-71.062367,42.34823],[-71.062255,42.348206],[-71.062166,42.348433]]]},"properties":{"id":670301,"height_m":12.07,"height_ft":39.6,"structure_type":"BLDG","land_use":"E"}},{"type":"Feature","geometry":{"type":"Polygon","coordinates":[[[-71.060744,42.349244],[-71.060808,42.34927],[-71.060865,42.349194],[-71.060891,42.34916],[-71.060787,42.349136],[-71.060744,42.349244]]]},"properties":{"id":670357,"height_m":10,"height_ft":32.81,"structure_type":"BLDG","land_use":"R3"}},{"type":"Feature","geometry":{"type":"Polygon","coordinates":[[[-71.060878,42.349299],[-71.060941,42.349325],[-71.060963,42.349334],[-71.06097,42.349337],[-71.060999,42.349269],[-71.061007,42.349251],[-71.061004,42.34925],[-71.06102,42.349213],[-71.060994,42.349204],[-71.060969,42.349237],[-71.060958,42.349232],[-71.060959,42.349231],[-71.060945,42.349225],[-71.060936,42.349221],[-71.060935,42.349223],[-71.060878,42.349299]]]},"properties":{"id":670358,"height_m":9.65,"height_ft":31.67,"structure_type":"BLDG","land_use":"RC"}},{"type":"Feature","geometry":{"type":"Polygon","coordinates":[[[-71.060866,42.348934],[-71.06086,42.348949],[-71.060859,42.34895],[-71.060978,42.348976],[-71.061035,42.34899],[-71.061036,42.348986],[-71.061052,42.34895],[-71.061054,42.348944],[-71.060996,42.348932],[-71.060997,42.348929],[-71.060886,42.348904],[-71.06088,42.348903],[-71.060878,42.348902],[-71.060866,42.348934]]]},"properties":{"id":670359,"height_m":11.42,"height_ft":37.48,"structure_type":"BLDG","land_use":"R3"}},{"type":"Feature","geometry":{"type":"Polygon","coordinates":[[[-71.060804,42.34909],[-71.060922,42.349116],[-71.060995,42.349132],[-71.060996,42.349129],[-71.061004,42.349108],[-71.060931,42.349092],[-71.060939,42.349072],[-71.06094,42.349069],[-71.060941,42.349067],[-71.060824,42.349041],[-71.060804,42.34909]]]},"properties":{"id":670360,"height_m":10.42,"height_ft":34.19,"structure_type":"BLDG","land_use":"R4"}},{"type":"Feature","geometry":{"type":"Polygon","coordinates":[[[-71.060808,42.34927],[-71.060878,42.349299],[-71.060935,42.349223],[-71.060865,42.349194],[-71.060808,42.34927]]]},"properties":{"id":670361,"height_m":10.18,"height_ft":33.41,"structure_type":"BLDG","land_use":"R3"}},{"type":"Feature","geometry":{"type":"Polygon","coordinates":[[[-71.060841,42.348997],[-71.060959,42.349023],[-71.060978,42.348976],[-71.060859,42.34895],[-71.060841,42.348997]]]},"properties":{"id":670362,"height_m":10.44,"height_ft":34.25,"structure_type":"BLDG","land_use":"R3"}},{"type":"Feature","geometry":{"type":"Polygon","coordinates":[[[-71.060787,42.349136],[-71.060891,42.34916],[-71.060903,42.349163],[-71.060922,42.349116],[-71.060804,42.34909],[-71.060787,42.349136]]]},"properties":{"id":670363,"height_m":10.31,"height_ft":33.83,"structure_type":"BLDG","land_use":"R3"}},{"type":"Feature","geometry":{"type":"Polygon","coordinates":[[[-71.060824,42.349041],[-71.060941,42.349067],[-71.060949,42.349047],[-71.060959,42.349024],[-71.060959,42.349023],[-71.060841,42.348997],[-71.060824,42.349041]]]},"properties":{"id":670364,"height_m":10.33,"height_ft":33.88,"structure_type":"BLDG","land_use":"R1"}},{"type":"Feature","geometry":{"type":"Polygon","coordinates":[[[-71.061161,42.348956],[-71.061286,42.348983],[-71.061299,42.34895],[-71.061377,42.348967],[-71.061436,42.348818],[-71.061358,42.348802],[-71.061371,42.34877],[-71.061248,42.348743],[-71.061247,42.348745],[-71.061242,42.348758],[-71.061236,42.348775],[-71.061155,42.348757],[-71.061129,42.348824],[-71.061116,42.348821],[-71.06111,42.348835],[-71.061121,42.348837],[-71.061094,42.348905],[-71.061174,42.348923],[-71.061168,42.348937],[-71.061161,42.348956]]]},"properties":{"id":670366,"height_m":15.55,"height_ft":51.02,"structure_type":"BLDG","land_use":"E"}},{"type":"Feature","geometry":{"type":"Polygon","coordinates":[[[-71.061083,42.349084],[-71.061206,42.34911],[-71.061335,42.349139],[-71.061362,42.349071],[-71.061358,42.34907],[-71.061109,42.34902],[-71.061083,42.349084]]]},"properties":{"id":670367,"height_m":12.16,"height_ft":39.89,"structure_type":"BLDG","land_use":"E"}},{"type":"Feature","geometry":{"type":"Polygon","coordinates":[[[-71.061107,42.349019],[-71.061109,42.34902],[-71.061358,42.34907],[-71.061384,42.349005],[-71.061286,42.348983],[-71.061161,42.348956],[-71.061159,42.348956],[-71.061134,42.34895],[-71.061107,42.349019]]]},"properties":{"id":670368,"height_m":10.28,"height_ft":33.74,"structure_type":"BLDG","land_use":"E"}},{"type":"Feature","geometry":{"type":"Polygon","coordinates":[[[-71.061145,42.349177],[-71.061175,42.349183],[-71.061161,42.349219],[-71.061289,42.349246],[-71.061292,42.349247],[-71.061306,42.349214],[-71.061312,42.349197],[-71.061335,42.349139],[-71.061206,42.34911],[-71.061199,42.349128],[-71.061167,42.349121],[-71.061145,42.349177]]]},"properties":{"id":670369,"height_m":13.36,"height_ft":43.84,"structure_type":"BLDG","land_use":"CM"}},{"type":"Feature","geometry":{"type":"Polygon","coordinates":[[[-71.060984,42.349342],[-71.061052,42.34937],[-71.061103,42.3493],[-71.061017,42.349264],[-71.061008,42.349287],[-71.061005,42.349287],[-71.060984,42.349342]]]},"properties":{"id":670370,"height_m":9.98,"height_ft":32.74,"structure_type":"BLDG","land_use":"R4"}},{"type":"Feature","geometry":{"type":"Polygon","coordinates":[[[-71.06116,42.349221],[-71.061146,42.349257],[-71.061142,42.349267],[-71.061269,42.349298],[-71.061289,42.349246],[-71.061161,42.349219],[-71.06116,42.349221]]]},"properties":{"id":670371,"height_m":12.8,"height_ft":41.99,"structure_type":"BLDG","land_use":"RC"}},{"type":"Feature","geometry":{"type":"Polygon","coordinates":[[[-71.061052,42.34937],[-71.061126,42.3494],[-71.061178,42.34933],[-71.061103,42.3493],[-71.061052,42.34937]]]},"properties":{"id":670372,"height_m":9.93,"height_ft":32.59,"structure_type":"BLDG","land_use":"RC"}},{"type":"Feature","geometry":{"type":"Polygon","coordinates":[[[-71.061126,42.3494],[-71.061184,42.349423],[-71.061196,42.349428],[-71.061244,42.349357],[-71.061178,42.34933],[-71.061126,42.3494]]]},"properties":{"id":670373,"height_m":10.62,"height_ft":34.85,"structure_type":"BLDG","land_use":"RC"}},{"type":"Feature","geometry":{"type":"Polygon","coordinates":[[[-71.065989,42.349405],[-71.066005,42.349432],[-71.066003,42.349432],[-71.066031,42.349481],[-71.066043,42.349503],[-71.066047,42.349501],[-71.066107,42.349483],[-71.066067,42.349413],[-71.066051,42.349385],[-71.065989,42.349405]]]},"properties":{"id":670375,"height_m":9.2,"height_ft":30.19,"structure_type":"BLDG","land_use":"R2"}},{"type":"Feature","geometry":{"type":"Polygon","coordinates":[[[-71.061349,42.349469],[-71.061355,42.34947],[-71.061347,42.349489],[-71.061544,42.349578],[-71.06156,42.349583],[-71.061695,42.349213],[-71.061478,42.349165],[-71.06147,42.349186],[-71.061464,42.349185],[-71.061446,42.34923],[-71.061452,42.349231],[-71.061438,42.349265],[-71.061432,42.349263],[-71.061414,42.349309],[-71.06142,42.34931],[-71.061406,42.349344],[-71.061401,42.349343],[-71.061382,42.349389],[-71.061387,42.34939],[-71.061374,42.349423],[-71.061368,42.349422],[-71.061349,42.349469]]]},"properties":{"id":670406,"height_m":22.02,"height_ft":72.25,"structure_type":"BLDG","land_use":"E"}},{"type":"Feature","geometry":{"type":"Polygon","coordinates":[[[-71.061531,42.349019],[-71.061549,42.349023],[-71.061548,42.349026],[-71.061544,42.349036],[-71.061543,42.349037],[-71.061748,42.349082],[-71.061766,42.349036],[-71.061544,42.348987],[-71.061531,42.349019]]]},"properties":{"id":670407,"height_m":14.28,"height_ft":46.87,"structure_type":"BLDG","land_use":"RC"}},{"type":"Feature","geometry":{"type":"Polygon","coordinates":[[[-71.061508,42.349079],[-71.061729,42.349128],[-71.061748,42.349082],[-71.061543,42.349037],[-71.061542,42.349039],[-71.061538,42.349051],[-71.061538,42.349051],[-71.061521,42.349047],[-71.06152,42.349047],[-71.061508,42.349079]]]},"properties":{"id":670408,"height_m":14.19,"height_ft":46.56,"structure_type":"BLDG","land_use":"RC"}},{"type":"Feature","geometry":{"type":"Polygon","coordinates":[[[-71.061504,42.34912],[-71.061503,42.349124],[-71.061712,42.34917],[-71.061729,42.349128],[-71.061508,42.349079],[-71.061497,42.349105],[-71.061512,42.349109],[-71.061512,42.349109],[-71.06151,42.349116],[-71.061506,42.349115],[-71.061504,42.34912]]]},"properties":{"id":670409,"height_m":14.84,"height_ft":48.69,"structure_type":"BLDG","land_use":"RC"}},{"type":"Feature","geometry":{"type":"Polygon","coordinates":[[[-71.061489,42.349139],[-71.061478,42.349164],[-71.061478,42.349165],[-71.061695,42.349213],[-71.061712,42.34917],[-71.061503,42.349124],[-71.061502,42.349125],[-71.061497,42.349137],[-71.061497,42.349138],[-71.061484,42.349135],[-71.061483,42.349137],[-71.061489,42.349139]]]},"properties":{"id":670410,"height_m":14.13,"height_ft":46.37,"structure_type":"BLDG","land_use":"CM"}},{"type":"Feature","geometry":{"type":"Polygon","coordinates":[[[-71.061545,42.348977],[-71.061548,42.348978],[-71.061544,42.348987],[-71.061766,42.349036],[-71.061782,42.348998],[-71.061783,42.348996],[-71.061577,42.34895],[-71.061576,42.348953],[-71.061572,42.348964],[-71.061572,42.348964],[-71.061553,42.34896],[-71.061552,42.34896],[-71.061545,42.348977]]]},"properties":{"id":670411,"height_m":14.29,"height_ft":46.89,"structure_type":"BLDG","land_use":"RC"}},{"type":"Feature","geometry":{"type":"Polygon","coordinates":[[[-71.05915,42.349762],[-71.059105,42.349866],[-71.059244,42.349899],[-71.059245,42.349897],[-71.059245,42.349896],[-71.059318,42.349727],[-71.059318,42.349726],[-71.059237,42.349706],[-71.05924,42.349701],[-71.059225,42.349697],[-71.059222,42.349703],[-71.059179,42.349693],[-71.05915,42.349762]]]},"properties":{"id":670446,"height_m":5.25,"height_ft":17.22,"structure_type":"BLDG","land_use":"E"}},{"type":"Feature","geometry":{"type":"Polygon","coordinates":[[[-71.061139,42.350043],[-71.061199,42.350056],[-71.061223,42.349999],[-71.061162,42.349985],[-71.061139,42.350043]]]},"properties":{"id":670455,"height_m":3.11,"height_ft":10.2,"structure_type":"OUTBLDG","land_use":"G"}},{"type":"Feature","geometry":{"type":"Polygon","coordinates":[[[-71.061182,42.35015],[-71.06131,42.350179],[-71.061369,42.350031],[-71.061242,42.350003],[-71.061182,42.35015]]]},"properties":{"id":670456,"height_m":7.1,"height_ft":23.28,"structure_type":"BLDG","land_use":"E"}},{"type":"Feature","geometry":{"type":"Polygon","coordinates":[[[-71.06038,42.350207],[-71.060828,42.350333],[-71.060966,42.349994],[-71.060964,42.349993],[-71.060896,42.349978],[-71.060868,42.349972],[-71.060509,42.349891],[-71.060508,42.349891],[-71.06038,42.350207]]]},"properties":{"id":670462,"height_m":47.19,"height_ft":154.83,"structure_type":"BLDG","land_use":"C"}},{"type":"Feature","geometry":{"type":"Polygon","coordinates":[[[-71.062219,42.350481],[-71.062207,42.350503],[-71.062312,42.350535],[-71.062473,42.350335],[-71.062451,42.350325],[-71.062409,42.350307],[-71.062367,42.350288],[-71.062187,42.350236],[-71.062162,42.350228],[-71.061962,42.35017],[-71.061965,42.350164],[-71.061946,42.350158],[-71.0619,42.350144],[-71.061894,42.350142],[-71.06188,42.350138],[-71.061876,42.350146],[-71.061853,42.350186],[-71.061849,42.350185],[-71.06178,42.350309],[-71.061786,42.350311],[-71.061761,42.350356],[-71.061773,42.35036],[-71.061849,42.350383],[-71.061856,42.35037],[-71.062219,42.350481]]]},"properties":{"id":670465,"height_m":20.14,"height_ft":66.09,"structure_type":"BLDG","land_use":"E"}},{"type":"Feature","geometry":{"type":"Polygon","coordinates":[[[-71.061673,42.350559],[-71.062184,42.350689],[-71.06219,42.350681],[-71.062229,42.350631],[-71.06222,42.350627],[-71.062261,42.350573],[-71.062273,42.350556],[-71.062291,42.350533],[-71.062046,42.350458],[-71.062044,42.350463],[-71.061972,42.350445],[-71.061977,42.350434],[-71.061908,42.350417],[-71.061909,42.350416],[-71.061836,42.350397],[-71.061837,42.350395],[-71.061764,42.350377],[-71.061746,42.350372],[-71.061673,42.350559]]]},"properties":{"id":670475,"height_m":38.16,"height_ft":125.19,"structure_type":"BLDG","land_use":"RC"}},{"type":"Feature","geometry":{"type":"Polygon","coordinates":[[[-71.059839,42.350509],[-71.059845,42.350472],[-71.060058,42.350516],[-71.060076,42.35047],[-71.060101,42.350404],[-71.060116,42.350367],[-71.059867,42.350296],[-71.059851,42.350339],[-71.059811,42.350441],[-71.059808,42.350451],[-71.059804,42.350465],[-71.059794,42.350499],[-71.059839,42.350509]]]},"properties":{"id":670476,"height_m":16.93,"height_ft":55.55,"structure_type":"BLDG","land_use":"C"}},{"type":"Feature","geometry":{"type":"Polygon","coordinates":[[[-71.059789,42.350634],[-71.059816,42.35064],[-71.060011,42.350682],[-71.060019,42.350684],[-71.06004,42.35063],[-71.060032,42.350628],[-71.060021,42.350626],[-71.059811,42.350581],[-71.059789,42.350634]]]},"properties":{"id":670477,"height_m":8.27,"height_ft":27.13,"structure_type":"BLDG","land_use":"RC"}},{"type":"Feature","geometry":{"type":"Polygon","coordinates":[[[-71.058321,42.350124],[-71.058706,42.35021],[-71.058744,42.350114],[-71.058759,42.350117],[-71.058767,42.350099],[-71.058751,42.350096],[-71.058776,42.350034],[-71.058372,42.349945],[-71.058371,42.349948],[-71.058321,42.350124]]]},"properties":{"id":670478,"height_m":31.68,"height_ft":103.92,"structure_type":"BLDG","land_use":"RC"}},{"type":"Feature","geometry":{"type":"Polygon","coordinates":[[[-71.058274,42.35029],[-71.058641,42.350371],[-71.058706,42.35021],[-71.058321,42.350124],[-71.058274,42.35029]]]},"properties":{"id":670479,"height_m":10.83,"height_ft":35.54,"structure_type":"BLDG","land_use":"C"}},{"type":"Feature","geometry":{"type":"Polygon","coordinates":[[[-71.058225,42.35046],[-71.058574,42.350538],[-71.058641,42.350371],[-71.058274,42.35029],[-71.058225,42.35046]]]},"properties":{"id":670480,"height_m":31.19,"height_ft":102.32,"structure_type":"BLDG","land_use":"C"}},{"type":"Feature","geometry":{"type":"Polygon","coordinates":[[[-71.058209,42.350516],[-71.058203,42.350538],[-71.058193,42.350574],[-71.058538,42.350651],[-71.058542,42.350652],[-71.058581,42.350557],[-71.058586,42.350543],[-71.058587,42.350541],[-71.058574,42.350538],[-71.058225,42.35046],[-71.058209,42.350516]]]},"properties":{"id":670481,"height_m":19.97,"height_ft":65.52,"structure_type":"BLDG","land_use":"C"}},{"type":"Feature","geometry":{"type":"Polygon","coordinates":[[[-71.058177,42.350631],[-71.058512,42.350705],[-71.058516,42.350706],[-71.058538,42.350651],[-71.058193,42.350574],[-71.058177,42.350631]]]},"properties":{"id":670482,"height_m":17.38,"height_ft":57.01,"structure_type":"BLDG","land_use":"C"}},{"type":"Feature","geometry":{"type":"Polygon","coordinates":[[[-71.05816,42.350689],[-71.058486,42.350762],[-71.05849,42.350762],[-71.058512,42.350706],[-71.058512,42.350705],[-71.058177,42.350631],[-71.05816,42.350689]]]},"properties":{"id":670483,"height_m":17.38,"height_ft":57.01,"structure_type":"BLDG","land_use":"C"}},{"type":"Feature","geometry":{"type":"Polygon","coordinates":[[[-71.06166,42.350866],[-71.061665,42.350867],[-71.062006,42.350941],[-71.062036,42.350875],[-71.062031,42.350874],[-71.061985,42.350862],[-71.061701,42.35079],[-71.061693,42.350788],[-71.06166,42.350866]]]},"properties":{"id":670494,"height_m":21.15,"height_ft":69.39,"structure_type":"BLDG","land_use":"C"}},{"type":"Feature","geometry":{"type":"Polygon","coordinates":[[[-71.058996,42.350102],[-71.058689,42.350861],[-71.058721,42.350897],[-71.059143,42.350991],[-71.059198,42.350975],[-71.059223,42.350914],[-71.059314,42.350687],[-71.059322,42.350669],[-71.059382,42.35052],[-71.059395,42.350487],[-71.059504,42.350218],[-71.059505,42.350215],[-71.059471,42.35018],[-71.059047,42.350086],[-71.058996,42.350102]]]},"properties":{"id":670507,"height_m":20.86,"height_ft":68.44,"structure_type":"BLDG","land_use":"C"}},{"type":"Feature","geometry":{"type":"Polygon","coordinates":[[[-71.065374,42.351002],[-71.065776,42.351025],[-71.065781,42.350979],[-71.065833,42.350983],[-71.065991,42.350995],[-71.065972,42.350797],[-71.065968,42.350759],[-71.065959,42.350666],[-71.065761,42.350681],[-71.065738,42.35069],[-71.065712,42.350691],[-71.06561,42.350697],[-71.065608,42.350701],[-71.065605,42.350714],[-71.06521,42.350652],[-71.065139,42.350903],[-71.065222,42.350869],[-71.065158,42.350936],[-71.06538,42.350949],[-71.065374,42.351002]]]},"properties":{"id":670508,"height_m":58.71,"height_ft":192.62,"structure_type":"BLDG","land_use":"CM"}},{"type":"Feature","geometry":{"type":"Polygon","coordinates":[[[-71.0607,42.350649],[-71.06071,42.350623],[-71.060713,42.350623],[-71.06073,42.350584],[-71.060744,42.350547],[-71.060747,42.35054],[-71.06074,42.350539],[-71.060695,42.350526],[-71.060689,42.350525],[-71.060645,42.350513],[-71.060642,42.350512],[-71.060552,42.350488],[-71.060543,42.350485],[-71.060522,42.35048],[-71.060515,42.350478],[-71.060516,42.35048],[-71.060491,42.35047],[-71.060485,42.350472],[-71.060472,42.350463],[-71.060456,42.35047],[-71.060438,42.350478],[-71.060433,42.350473],[-71.060395,42.350464],[-71.060381,42.350499],[-71.060399,42.350504],[-71.060407,42.350518],[-71.060493,42.350538],[-71.060468,42.350598],[-71.0607,42.350649]]]},"properties":{"id":670513,"height_m":24.99,"height_ft":82,"structure_type":"BLDG","land_use":"RC"}},{"type":"Feature","geometry":{"type":"Polygon","coordinates":[[[-71.06031,42.350921],[-71.060377,42.350936],[-71.060568,42.350978],[-71.060591,42.350922],[-71.060362,42.35087],[-71.06036,42.350874],[-71.060365,42.350876],[-71.060355,42.3509],[-71.060349,42.350898],[-71.060358,42.350878],[-71.060254,42.350854],[-71.060257,42.350846],[-71.060126,42.350816],[-71.060124,42.350819],[-71.060103,42.350872],[-71.060107,42.350873],[-71.060107,42.350874],[-71.06031,42.350921]]]},"properties":{"id":670514,"height_m":15.15,"height_ft":49.7,"structure_type":"BLDG","land_use":"RC"}},{"type":"Feature","geometry":{"type":"Polygon","coordinates":[[[-71.060407,42.350761],[-71.060362,42.35087],[-71.060591,42.350922],[-71.060635,42.35081],[-71.06034,42.350745],[-71.060407,42.350761]]]},"properties":{"id":670515,"height_m":12.14,"height_ft":39.82,"structure_type":"BLDG","land_use":"RC"}},{"type":"Feature","geometry":{"type":"Polygon","coordinates":[[[-71.060057,42.350988],[-71.060117,42.351001],[-71.060192,42.351018],[-71.060264,42.351033],[-71.06031,42.350921],[-71.060107,42.350874],[-71.060107,42.350874],[-71.060064,42.350978],[-71.060063,42.350978],[-71.060061,42.350978],[-71.060057,42.350988]]]},"properties":{"id":670516,"height_m":15.15,"height_ft":49.7,"structure_type":"BLDG","land_use":"RC"}},{"type":"Feature","geometry":{"type":"Polygon","coordinates":[[[-71.06026,42.350486],[-71.060244,42.350525],[-71.060237,42.350542],[-71.060223,42.350576],[-71.060213,42.350601],[-71.060199,42.350635],[-71.060193,42.35065],[-71.060327,42.35068],[-71.060348,42.350628],[-71.06039,42.350524],[-71.060394,42.350515],[-71.06026,42.350485],[-71.06026,42.350486]]]},"properties":{"id":670517,"height_m":13.85,"height_ft":45.43,"structure_type":"BLDG","land_use":"RC"}},{"type":"Feature","geometry":{"type":"Polygon","coordinates":[[[-71.060348,42.350628],[-71.060679,42.350701],[-71.06068,42.350699],[-71.0607,42.350649],[-71.060468,42.350598],[-71.060458,42.350622],[-71.060443,42.350619],[-71.060453,42.350594],[-71.060426,42.350588],[-71.060438,42.35056],[-71.060466,42.350567],[-71.060475,42.350543],[-71.06039,42.350524],[-71.060348,42.350628]]]},"properties":{"id":670518,"height_m":11.47,"height_ft":37.63,"structure_type":"BLDG","land_use":"RC"}},{"type":"Feature","geometry":{"type":"Polygon","coordinates":[[[-71.060264,42.351033],[-71.060332,42.351048],[-71.060416,42.351067],[-71.06055,42.351095],[-71.060552,42.35109],[-71.060559,42.351073],[-71.060571,42.351043],[-71.060354,42.350995],[-71.060377,42.350936],[-71.06031,42.350921],[-71.060264,42.351033]]]},"properties":{"id":670519,"height_m":15.15,"height_ft":49.7,"structure_type":"BLDG","land_use":"C"}},{"type":"Feature","geometry":{"type":"Polygon","coordinates":[[[-71.060043,42.351184],[-71.060117,42.3512],[-71.060118,42.3512],[-71.060192,42.351018],[-71.060117,42.351001],[-71.060043,42.351184]]]},"properties":{"id":670520,"height_m":15.15,"height_ft":49.7,"structure_type":"BLDG","land_use":"RC"}},{"type":"Feature","geometry":{"type":"Polygon","coordinates":[[[-71.060118,42.3512],[-71.06019,42.351216],[-71.060264,42.351034],[-71.060264,42.351033],[-71.060192,42.351018],[-71.060118,42.3512]]]},"properties":{"id":670521,"height_m":15.15,"height_ft":49.7,"structure_type":"BLDG","land_use":"RC"}},{"type":"Feature","geometry":{"type":"Polygon","coordinates":[[[-71.060266,42.351234],[-71.060271,42.351235],[-71.060469,42.351279],[-71.060489,42.35123],[-71.060496,42.351215],[-71.060292,42.35117],[-71.060266,42.351234]]]},"properties":{"id":670522,"height_m":13.97,"height_ft":45.84,"structure_type":"BLDG","land_use":"RC"}},{"type":"Feature","geometry":{"type":"Polygon","coordinates":[[[-71.060046,42.350986],[-71.059972,42.351168],[-71.060043,42.351184],[-71.060117,42.351001],[-71.060057,42.350988],[-71.060046,42.350986],[-71.060046,42.350986]]]},"properties":{"id":670523,"height_m":15.15,"height_ft":49.7,"structure_type":"BLDG","land_use":"RC"}},{"type":"Feature","geometry":{"type":"Polygon","coordinates":[[[-71.060354,42.350995],[-71.060571,42.351043],[-71.060574,42.351037],[-71.060595,42.350984],[-71.060568,42.350978],[-71.060377,42.350936],[-71.060354,42.350995]]]},"properties":{"id":670524,"height_m":15.58,"height_ft":51.1,"structure_type":"BLDG","land_use":"C"}},{"type":"Feature","geometry":{"type":"Polygon","coordinates":[[[-71.060264,42.351034],[-71.06019,42.351216],[-71.060252,42.35123],[-71.060257,42.351231],[-71.060332,42.351048],[-71.060264,42.351033],[-71.060264,42.351034]]]},"properties":{"id":670525,"height_m":15.15,"height_ft":49.7,"structure_type":"BLDG","land_use":"RC"}},{"type":"Feature","geometry":{"type":"Polygon","coordinates":[[[-71.060292,42.35117],[-71.060496,42.351215],[-71.060496,42.351214],[-71.060513,42.351172],[-71.06052,42.351156],[-71.060393,42.351125],[-71.060318,42.351108],[-71.060292,42.35117]]]},"properties":{"id":670526,"height_m":15.15,"height_ft":49.7,"structure_type":"BLDG","land_use":"RC"}},{"type":"Feature","geometry":{"type":"Polygon","coordinates":[[[-71.060393,42.351125],[-71.06052,42.351156],[-71.060525,42.351157],[-71.06055,42.351095],[-71.060416,42.351067],[-71.060393,42.351125]]]},"properties":{"id":670527,"height_m":15.15,"height_ft":49.7,"structure_type":"BLDG","land_use":"C"}},{"type":"Feature","geometry":{"type":"Polygon","coordinates":[[[-71.060302,42.350738],[-71.060303,42.350736],[-71.060304,42.350737],[-71.060327,42.35068],[-71.060193,42.35065],[-71.060192,42.350653],[-71.060183,42.350676],[-71.060178,42.350686],[-71.060177,42.350689],[-71.06017,42.350708],[-71.060169,42.350708],[-71.060302,42.350738]]]},"properties":{"id":670528,"height_m":13.65,"height_ft":44.8,"structure_type":"BLDG","land_use":"RC"}},{"type":"Feature","geometry":{"type":"Polygon","coordinates":[[[-71.060166,42.350717],[-71.060155,42.350744],[-71.060147,42.350764],[-71.060279,42.350793],[-71.060302,42.350738],[-71.060169,42.350708],[-71.060166,42.350717]]]},"properties":{"id":670529,"height_m":14.11,"height_ft":46.29,"structure_type":"BLDG","land_use":"RC"}},{"type":"Feature","geometry":{"type":"Polygon","coordinates":[[[-71.060131,42.350802],[-71.060126,42.350816],[-71.060257,42.350846],[-71.060279,42.350793],[-71.060147,42.350764],[-71.060131,42.350802]]]},"properties":{"id":670530,"height_m":14.05,"height_ft":46.1,"structure_type":"BLDG","land_use":"RC"}},{"type":"Feature","geometry":{"type":"Polygon","coordinates":[[[-71.056401,42.351249],[-71.056752,42.351391],[-71.056756,42.351393],[-71.056784,42.351384],[-71.05694,42.351044],[-71.056543,42.350948],[-71.056521,42.350995],[-71.056518,42.350994],[-71.056401,42.351249]]]},"properties":{"id":670536,"height_m":23.86,"height_ft":78.28,"structure_type":"BLDG","land_use":"C"}},{"type":"Feature","geometry":{"type":"Polygon","coordinates":[[[-71.060698,42.351127],[-71.060913,42.351178],[-71.060888,42.351242],[-71.061136,42.351299],[-71.061136,42.351297],[-71.061139,42.351296],[-71.061139,42.351296],[-71.061226,42.351073],[-71.061227,42.351071],[-71.061224,42.351071],[-71.061106,42.351046],[-71.061105,42.351049],[-71.060981,42.351018],[-71.060979,42.351023],[-71.060962,42.351019],[-71.060961,42.351019],[-71.060962,42.351017],[-71.060904,42.351006],[-71.060903,42.351009],[-71.060769,42.350979],[-71.060749,42.351027],[-71.060741,42.351025],[-71.060699,42.351125],[-71.060698,42.351127]]]},"properties":{"id":670537,"height_m":22.67,"height_ft":74.39,"structure_type":"BLDG","land_use":"C"}},{"type":"Feature","geometry":{"type":"Polygon","coordinates":[[[-71.063027,42.351108],[-71.063015,42.351107],[-71.062974,42.351245],[-71.062965,42.351277],[-71.062961,42.35129],[-71.062973,42.351291],[-71.062971,42.351302],[-71.063221,42.351345],[-71.063225,42.351329],[-71.063218,42.351329],[-71.063263,42.351135],[-71.063258,42.351135],[-71.063027,42.351108]]]},"properties":{"id":670539,"height_m":8.04,"height_ft":26.39,"structure_type":"BLDG","land_use":"C"}},{"type":"Feature","geometry":{"type":"Polygon","coordinates":[[[-71.057091,42.350843],[-71.057181,42.350857],[-71.05722,42.350666],[-71.057129,42.350643],[-71.05694,42.350597],[-71.056938,42.350603],[-71.056847,42.350791],[-71.056876,42.350798],[-71.056884,42.350781],[-71.057078,42.350829],[-71.057073,42.350839],[-71.057091,42.350843]]]},"properties":{"id":670540,"height_m":21.8,"height_ft":71.54,"structure_type":"BLDG","land_use":"RC"}},{"type":"Feature","geometry":{"type":"Polygon","coordinates":[[[-71.058057,42.351069],[-71.058349,42.351128],[-71.058414,42.350953],[-71.05824,42.35091],[-71.058212,42.350903],[-71.058104,42.350876],[-71.058088,42.350927],[-71.058096,42.350928],[-71.058057,42.351069]]]},"properties":{"id":670553,"height_m":24.08,"height_ft":78.99,"structure_type":"BLDG","land_use":"RC"}},{"type":"Feature","geometry":{"type":"Polygon","coordinates":[[[-71.058535,42.351257],[-71.058523,42.351286],[-71.058362,42.351689],[-71.058527,42.351725],[-71.058558,42.351732],[-71.058577,42.351715],[-71.058586,42.351707],[-71.058615,42.351682],[-71.058642,42.351657],[-71.058669,42.351632],[-71.058695,42.351606],[-71.058721,42.35158],[-71.058746,42.351554],[-71.05877,42.351527],[-71.058793,42.3515],[-71.058816,42.351472],[-71.058838,42.351445],[-71.05886,42.351417],[-71.058881,42.351388],[-71.058901,42.35136],[-71.05892,42.351331],[-71.058938,42.351302],[-71.058956,42.351272],[-71.058973,42.351243],[-71.05899,42.351213],[-71.059005,42.351183],[-71.05903,42.351122],[-71.059038,42.351101],[-71.058988,42.351089],[-71.058633,42.351011],[-71.058535,42.351257]]]},"properties":{"id":670568,"height_m":17.25,"height_ft":56.58,"structure_type":"BLDG","land_use":"C"}},{"type":"Feature","geometry":{"type":"Polygon","coordinates":[[[-71.060483,42.351424],[-71.060388,42.351402],[-71.060369,42.351415],[-71.0604,42.351513],[-71.060444,42.351522],[-71.060483,42.351424]]]},"properties":{"id":670572,"height_m":12.92,"height_ft":42.39,"structure_type":"BLDG","land_use":"C"}},{"type":"Feature","geometry":{"type":"Polygon","coordinates":[[[-71.060886,42.351733],[-71.061064,42.351696],[-71.06106,42.351669],[-71.061055,42.35164],[-71.061051,42.351612],[-71.061047,42.351582],[-71.061041,42.351545],[-71.060999,42.351535],[-71.060997,42.351537],[-71.060855,42.351502],[-71.060817,42.351597],[-71.060836,42.35163],[-71.060845,42.351625],[-71.060886,42.351733]]]},"properties":{"id":670573,"height_m":35.34,"height_ft":115.94,"structure_type":"BLDG","land_use":"RC"}},{"type":"Feature","geometry":{"type":"Polygon","coordinates":[[[-71.060923,42.351845],[-71.060924,42.351847],[-71.061083,42.351822],[-71.061074,42.351763],[-71.061065,42.351703],[-71.061064,42.351696],[-71.060886,42.351733],[-71.060902,42.351775],[-71.060893,42.351777],[-71.060901,42.351805],[-71.060911,42.351803],[-71.060923,42.351845]]]},"properties":{"id":670574,"height_m":19.9,"height_ft":65.29,"structure_type":"BLDG","land_use":"RC"}},{"type":"Feature","geometry":{"type":"Polygon","coordinates":[[[-71.060945,42.351945],[-71.060947,42.351952],[-71.06096,42.351998],[-71.06096,42.352001],[-71.060962,42.352005],[-71.061077,42.35199],[-71.061108,42.351986],[-71.061098,42.351921],[-71.060945,42.351945]]]},"properties":{"id":670575,"height_m":15.09,"height_ft":49.52,"structure_type":"BLDG","land_use":"RC"}},{"type":"Feature","geometry":{"type":"Polygon","coordinates":[[[-71.060924,42.351847],[-71.060931,42.351871],[-71.060925,42.351873],[-71.060934,42.351904],[-71.060934,42.351906],[-71.061092,42.351882],[-71.061091,42.351879],[-71.061083,42.351822],[-71.060924,42.351847]]]},"properties":{"id":670576,"height_m":19.9,"height_ft":65.29,"structure_type":"BLDG","land_use":"RC"}},{"type":"Feature","geometry":{"type":"Polygon","coordinates":[[[-71.060934,42.351906],[-71.060939,42.351925],[-71.060942,42.351933],[-71.060945,42.351944],[-71.060945,42.351945],[-71.061098,42.351921],[-71.061092,42.351882],[-71.060934,42.351906]]]},"properties":{"id":670577,"height_m":19.9,"height_ft":65.29,"structure_type":"BLDG","land_use":"RC"}},{"type":"Feature","geometry":{"type":"Polygon","coordinates":[[[-71.060799,42.351976],[-71.060816,42.352029],[-71.06093,42.352009],[-71.060929,42.352006],[-71.060928,42.352002],[-71.060914,42.351956],[-71.060799,42.351976]]]},"properties":{"id":670578,"height_m":11.92,"height_ft":39.11,"structure_type":"BLDG","land_use":"R4"}},{"type":"Feature","geometry":{"type":"Polygon","coordinates":[[[-71.06074,42.35179],[-71.060756,42.351839],[-71.060871,42.351819],[-71.060869,42.351811],[-71.060855,42.35177],[-71.06074,42.35179]]]},"properties":{"id":670579,"height_m":12.31,"height_ft":40.38,"structure_type":"BLDG","land_use":"R4"}},{"type":"Feature","geometry":{"type":"Polygon","coordinates":[[[-71.060712,42.3517],[-71.060727,42.351749],[-71.060843,42.351729],[-71.06084,42.351721],[-71.060828,42.35168],[-71.060712,42.3517]]]},"properties":{"id":670580,"height_m":11.95,"height_ft":39.21,"structure_type":"BLDG","land_use":"R4"}},{"type":"Feature","geometry":{"type":"Polygon","coordinates":[[[-71.060756,42.351839],[-71.060771,42.351888],[-71.060886,42.351868],[-71.060871,42.351819],[-71.060756,42.351839]]]},"properties":{"id":670581,"height_m":12.33,"height_ft":40.44,"structure_type":"BLDG","land_use":"R4"}},{"type":"Feature","geometry":{"type":"Polygon","coordinates":[[[-71.060771,42.351888],[-71.060785,42.351932],[-71.0609,42.351912],[-71.060886,42.351868],[-71.060771,42.351888]]]},"properties":{"id":670582,"height_m":12.65,"height_ft":41.5,"structure_type":"BLDG","land_use":"R4"}},{"type":"Feature","geometry":{"type":"Polygon","coordinates":[[[-71.060699,42.351658],[-71.060712,42.3517],[-71.060828,42.35168],[-71.06082,42.351657],[-71.060814,42.351636],[-71.060699,42.351658]]]},"properties":{"id":670583,"height_m":12.02,"height_ft":39.42,"structure_type":"BLDG","land_use":"R3"}},{"type":"Feature","geometry":{"type":"Polygon","coordinates":[[[-71.060785,42.351932],[-71.060799,42.351976],[-71.060914,42.351956],[-71.0609,42.351912],[-71.060785,42.351932]]]},"properties":{"id":670584,"height_m":12.32,"height_ft":40.41,"structure_type":"BLDG","land_use":"R4"}},{"type":"Feature","geometry":{"type":"Polygon","coordinates":[[[-71.060727,42.351749],[-71.06074,42.35179],[-71.060855,42.35177],[-71.060847,42.351744],[-71.060843,42.351729],[-71.060727,42.351749]]]},"properties":{"id":670585,"height_m":12.28,"height_ft":40.27,"structure_type":"BLDG","land_use":"R4"}},{"type":"Feature","geometry":{"type":"Polygon","coordinates":[[[-71.05999,42.351484],[-71.060091,42.351475],[-71.060079,42.351435],[-71.060117,42.351342],[-71.060083,42.351334],[-71.059977,42.351309],[-71.059964,42.35134],[-71.059938,42.351405],[-71.059954,42.351482],[-71.059989,42.351477],[-71.05999,42.351484]]]},"properties":{"id":670586,"height_m":21.47,"height_ft":70.45,"structure_type":"BLDG","land_use":"RC"}},{"type":"Feature","geometry":{"type":"Polygon","coordinates":[[[-71.059996,42.351497],[-71.06001,42.351602],[-71.060091,42.351595],[-71.060076,42.351494],[-71.060076,42.35149],[-71.059996,42.351497]]]},"properties":{"id":670587,"height_m":7.43,"height_ft":24.36,"structure_type":"BLDG","land_use":"RC"}},{"type":"Feature","geometry":{"type":"Polygon","coordinates":[[[-71.061359,42.35189],[-71.061394,42.352062],[-71.061549,42.352054],[-71.06153,42.351882],[-71.061359,42.35189]]]},"properties":{"id":670588,"height_m":17.26,"height_ft":56.63,"structure_type":"BLDG","land_use":"RC"}},{"type":"Feature","geometry":{"type":"Polygon","coordinates":[[[-71.05972,42.351456],[-71.059712,42.351456],[-71.059741,42.351633],[-71.059744,42.351633],[-71.059954,42.351614],[-71.059953,42.351608],[-71.059935,42.3515],[-71.059925,42.351437],[-71.05972,42.351456]]]},"properties":{"id":670589,"height_m":22.55,"height_ft":74,"structure_type":"BLDG","land_use":"C"}},{"type":"Feature","geometry":{"type":"Polygon","coordinates":[[[-71.059756,42.351267],[-71.059751,42.351281],[-71.059744,42.3513],[-71.059738,42.351315],[-71.059709,42.351391],[-71.05972,42.351456],[-71.059925,42.351437],[-71.05992,42.351404],[-71.059962,42.351307],[-71.059929,42.3513],[-71.059758,42.351262],[-71.059756,42.351267]]]},"properties":{"id":670590,"height_m":21.5,"height_ft":70.54,"structure_type":"BLDG","land_use":"C"}},{"type":"Feature","geometry":{"type":"Polygon","coordinates":[[[-71.059744,42.351633],[-71.059746,42.351641],[-71.059742,42.351642],[-71.059752,42.351701],[-71.059761,42.351756],[-71.059762,42.35176],[-71.059974,42.351741],[-71.059954,42.35162],[-71.059955,42.351619],[-71.059954,42.351614],[-71.059744,42.351633]]]},"properties":{"id":670591,"height_m":18.86,"height_ft":61.88,"structure_type":"BLDG","land_use":"C"}},{"type":"Feature","geometry":{"type":"Polygon","coordinates":[[[-71.059762,42.35176],[-71.059781,42.351877],[-71.059784,42.351877],[-71.059993,42.351858],[-71.059974,42.351741],[-71.059762,42.35176]]]},"properties":{"id":670592,"height_m":18.44,"height_ft":60.51,"structure_type":"BLDG","land_use":"RC"}},{"type":"Feature","geometry":{"type":"Polygon","coordinates":[[[-71.059784,42.351877],[-71.059788,42.351897],[-71.0598,42.351973],[-71.059804,42.351994],[-71.060012,42.351975],[-71.059993,42.351858],[-71.059784,42.351877]]]},"properties":{"id":670593,"height_m":18.99,"height_ft":62.29,"structure_type":"BLDG","land_use":"I"}},{"type":"Feature","geometry":{"type":"Polygon","coordinates":[[[-71.059824,42.352121],[-71.060033,42.352102],[-71.060023,42.352037],[-71.059814,42.352056],[-71.059807,42.352057],[-71.059817,42.35212],[-71.059821,42.352119],[-71.059824,42.352119],[-71.059824,42.352121]]]},"properties":{"id":670594,"height_m":18.42,"height_ft":60.42,"structure_type":"BLDG","land_use":"C"}},{"type":"Feature","geometry":{"type":"Polygon","coordinates":[[[-71.059804,42.351994],[-71.059814,42.352056],[-71.060023,42.352037],[-71.060012,42.351975],[-71.059804,42.351994]]]},"properties":{"id":670595,"height_m":18.61,"height_ft":61.06,"structure_type":"BLDG","land_use":"I"}},{"type":"Feature","geometry":{"type":"Polygon","coordinates":[[[-71.062773,42.352165],[-71.062772,42.35217],[-71.063461,42.352245],[-71.063472,42.352195],[-71.06349,42.352019],[-71.062817,42.351944],[-71.062773,42.352165]]]},"properties":{"id":670618,"height_m":25.51,"height_ft":83.68,"structure_type":"BLDG","land_use":"RC"}},{"type":"Feature","geometry":{"type":"Polygon","coordinates":[[[-71.057734,42.352178],[-71.057928,42.35224],[-71.057932,42.352241],[-71.057935,42.352241],[-71.057939,42.352241],[-71.057943,42.352241],[-71.057946,42.352239],[-71.057949,42.352238],[-71.057952,42.352235],[-71.057953,42.352233],[-71.058114,42.35174],[-71.058115,42.351737],[-71.058115,42.351734],[-71.058114,42.351731],[-71.058113,42.351727],[-71.05811,42.351725],[-71.058107,42.351722],[-71.058103,42.35172],[-71.058099,42.351719],[-71.057885,42.351686],[-71.057883,42.351691],[-71.057843,42.351821],[-71.057834,42.351848],[-71.057833,42.351851],[-71.057868,42.351857],[-71.057811,42.352043],[-71.057778,42.352037],[-71.057777,42.352039],[-71.057734,42.352178]]]},"properties":{"id":670619,"height_m":30.3,"height_ft":99.42,"structure_type":"BLDG","land_use":"G"}},{"type":"Feature","geometry":{"type":"Polygon","coordinates":[[[-71.064172,42.352275],[-71.064178,42.352276],[-71.064449,42.352283],[-71.064484,42.352263],[-71.064506,42.352176],[-71.064616,42.351742],[-71.064531,42.351732],[-71.064465,42.351724],[-71.064293,42.351704],[-71.064288,42.351726],[-71.064287,42.351734],[-71.064296,42.351735],[-71.064285,42.351787],[-71.064212,42.352131],[-71.064203,42.35213],[-71.064172,42.352275]]]},"properties":{"id":670620,"height_m":39.65,"height_ft":130.09,"structure_type":"BLDG","land_use":"RC"}},{"type":"Feature","geometry":{"type":"Polygon","coordinates":[[[-71.062004,42.35221],[-71.062033,42.352378],[-71.062113,42.352372],[-71.062087,42.352204],[-71.062004,42.35221]]]},"properties":{"id":670636,"height_m":16.54,"height_ft":54.28,"structure_type":"BLDG","land_use":"A"}},{"type":"Feature","geometry":{"type":"Polygon","coordinates":[[[-71.061758,42.352399],[-71.061761,42.35241],[-71.061926,42.35239],[-71.061926,42.352388],[-71.061923,42.352361],[-71.061915,42.352362],[-71.061887,42.352201],[-71.061804,42.352207],[-71.061808,42.352225],[-71.061791,42.352226],[-71.061773,42.352227],[-71.061727,42.352231],[-71.061723,42.352231],[-71.061758,42.352399]]]},"properties":{"id":670648,"height_m":19.14,"height_ft":62.79,"structure_type":"BLDG","land_use":"A"}},{"type":"Feature","geometry":{"type":"Polygon","coordinates":[[[-71.061621,42.3523],[-71.061514,42.352311],[-71.061514,42.352312],[-71.06152,42.352345],[-71.061454,42.352351],[-71.061465,42.352415],[-71.061467,42.35243],[-71.061645,42.352413],[-71.061642,42.352398],[-71.061625,42.3523],[-71.061621,42.3523]]]},"properties":{"id":670649,"height_m":8.55,"height_ft":28.04,"structure_type":"BLDG","land_use":"C"}},{"type":"Feature","geometry":{"type":"Polygon","coordinates":[[[-71.059619,42.351805],[-71.059577,42.351808],[-71.059581,42.351832],[-71.059392,42.351848],[-71.059386,42.351848],[-71.059395,42.351911],[-71.059424,42.352103],[-71.059483,42.352098],[-71.05948,42.352081],[-71.059665,42.352066],[-71.059626,42.351804],[-71.059619,42.351805]]]},"properties":{"id":670654,"height_m":24.28,"height_ft":79.67,"structure_type":"BLDG","land_use":"I"}},{"type":"Feature","geometry":{"type":"Polygon","coordinates":[[[-71.059695,42.352262],[-71.059451,42.352282],[-71.059473,42.352426],[-71.059478,42.352461],[-71.059748,42.352478],[-71.05974,42.352423],[-71.059715,42.35226],[-71.059695,42.352262]]]},"properties":{"id":670655,"height_m":23.81,"height_ft":78.12,"structure_type":"BLDG","land_use":"I"}},{"type":"Feature","geometry":{"type":"Polygon","coordinates":[[[-71.05948,42.352081],[-71.059483,42.352098],[-71.059424,42.352103],[-71.059451,42.352282],[-71.059695,42.352262],[-71.059665,42.352066],[-71.05948,42.352081]]]},"properties":{"id":670656,"height_m":20.4,"height_ft":66.92,"structure_type":"BLDG","land_use":"I"}},{"type":"Feature","geometry":{"type":"Polygon","coordinates":[[[-71.065286,42.352891],[-71.065338,42.352902],[-71.065312,42.352972],[-71.065332,42.352976],[-71.065378,42.352986],[-71.065421,42.352871],[-71.06536,42.352858],[-71.065361,42.352856],[-71.065303,42.352844],[-71.065286,42.352891]]]},"properties":{"id":670706,"height_m":4.97,"height_ft":16.32,"structure_type":"BLDG","land_use":"XG"}},{"type":"Feature","geometry":{"type":"Polygon","coordinates":[[[-71.061534,42.353083],[-71.061521,42.353084],[-71.061522,42.353095],[-71.062391,42.353058],[-71.062426,42.353031],[-71.062426,42.353029],[-71.062433,42.352878],[-71.062435,42.352831],[-71.062436,42.352815],[-71.06243,42.352814],[-71.062433,42.352778],[-71.062434,42.352764],[-71.062436,42.352726],[-71.062441,42.352725],[-71.062451,42.352518],[-71.062452,42.352508],[-71.062412,42.352483],[-71.061487,42.352561],[-71.061488,42.352571],[-71.061499,42.35257],[-71.061534,42.353083]]]},"properties":{"id":670710,"height_m":30.31,"height_ft":99.45,"structure_type":"BLDG","land_use":"C"}},{"type":"Feature","geometry":{"type":"Polygon","coordinates":[[[-71.063834,42.353383],[-71.063826,42.353406],[-71.063796,42.353489],[-71.064036,42.35355],[-71.064052,42.353554],[-71.064083,42.353466],[-71.064094,42.353433],[-71.064097,42.353425],[-71.063837,42.353375],[-71.063834,42.353383]]]},"properties":{"id":670752,"height_m":15.02,"height_ft":49.26,"structure_type":"BLDG","land_use":"C"}},{"type":"Feature","geometry":{"type":"Polygon","coordinates":[[[-71.063187,42.353764],[-71.063522,42.353779],[-71.063523,42.353778],[-71.06355,42.353737],[-71.063655,42.353538],[-71.063669,42.353512],[-71.063673,42.353503],[-71.063699,42.353388],[-71.063651,42.353352],[-71.063594,42.35335],[-71.063514,42.353346],[-71.063501,42.353346],[-71.06342,42.353343],[-71.063407,42.353342],[-71.063328,42.353339],[-71.063315,42.353339],[-71.063214,42.353335],[-71.063204,42.353334],[-71.0632,42.353479],[-71.06325,42.353482],[-71.063314,42.353485],[-71.063313,42.35351],[-71.063312,42.35353],[-71.063307,42.353662],[-71.063196,42.35366],[-71.063187,42.353764]]]},"properties":{"id":670786,"height_m":34.88,"height_ft":114.43,"structure_type":"BLDG","land_use":"RC"}},{"type":"Feature","geometry":{"type":"Polygon","coordinates":[[[-71.058709,42.354058],[-71.058862,42.354173],[-71.058972,42.354071],[-71.058944,42.354054],[-71.05903,42.353974],[-71.058912,42.353904],[-71.058917,42.353899],[-71.058905,42.353892],[-71.058902,42.35389],[-71.058895,42.353885],[-71.058709,42.354058]]]},"properties":{"id":670863,"height_m":43.86,"height_ft":143.89,"structure_type":"BLDG","land_use":"C"}},{"type":"Feature","geometry":{"type":"Polygon","coordinates":[[[-71.059133,42.353667],[-71.059138,42.35367],[-71.05926,42.353743],[-71.059286,42.353759],[-71.059412,42.353834],[-71.059472,42.353778],[-71.059194,42.353612],[-71.059133,42.353667]]]},"properties":{"id":670864,"height_m":24.24,"height_ft":79.53,"structure_type":"BLDG","land_use":"C"}},{"type":"Feature","geometry":{"type":"Polygon","coordinates":[[[-71.058972,42.354071],[-71.058862,42.354173],[-71.058939,42.354231],[-71.058944,42.354227],[-71.059133,42.354047],[-71.059075,42.354013],[-71.059085,42.354003],[-71.05906,42.353989],[-71.058972,42.354071]]]},"properties":{"id":670865,"height_m":24.22,"height_ft":79.45,"structure_type":"BLDG","land_use":"C"}},{"type":"Feature","geometry":{"type":"Polygon","coordinates":[[[-71.059586,42.353668],[-71.059638,42.35362],[-71.059614,42.353606],[-71.059617,42.353604],[-71.059499,42.353534],[-71.059361,42.353452],[-71.059304,42.353504],[-71.05956,42.353657],[-71.059563,42.353654],[-71.059586,42.353668]]]},"properties":{"id":670866,"height_m":39.08,"height_ft":128.22,"structure_type":"BLDG","land_use":"E"}},{"type":"Feature","geometry":{"type":"Polygon","coordinates":[[[-71.05919,42.353609],[-71.059194,42.353612],[-71.059472,42.353778],[-71.059527,42.353727],[-71.059245,42.353558],[-71.05919,42.353609]]]},"properties":{"id":670867,"height_m":22.32,"height_ft":73.23,"structure_type":"BLDG","land_use":"C"}},{"type":"Feature","geometry":{"type":"Polygon","coordinates":[[[-71.059245,42.353558],[-71.059527,42.353727],[-71.059535,42.353719],[-71.05951,42.353704],[-71.05956,42.353657],[-71.059304,42.353504],[-71.059245,42.353558]]]},"properties":{"id":670868,"height_m":22.73,"height_ft":74.58,"structure_type":"BLDG","land_use":"RC"}},{"type":"Feature","geometry":{"type":"Polygon","coordinates":[[[-71.059229,42.353898],[-71.059269,42.35392],[-71.059321,42.353872],[-71.059331,42.353877],[-71.059338,42.353871],[-71.059085,42.353719],[-71.05902,42.353778],[-71.059024,42.35378],[-71.059229,42.353898]]]},"properties":{"id":670869,"height_m":21.14,"height_ft":69.35,"structure_type":"BLDG","land_use":"C"}},{"type":"Feature","geometry":{"type":"Polygon","coordinates":[[[-71.059085,42.353719],[-71.059338,42.353871],[-71.059359,42.353884],[-71.059412,42.353834],[-71.059286,42.353759],[-71.05926,42.353743],[-71.059138,42.35367],[-71.059085,42.353719]]]},"properties":{"id":670870,"height_m":24.24,"height_ft":79.53,"structure_type":"BLDG","land_use":"C"}},{"type":"Feature","geometry":{"type":"Polygon","coordinates":[[[-71.059499,42.353534],[-71.059537,42.353498],[-71.059585,42.353526],[-71.059592,42.35352],[-71.05941,42.353411],[-71.059368,42.353449],[-71.059365,42.353448],[-71.059361,42.353452],[-71.059499,42.353534]]]},"properties":{"id":670871,"height_m":39.08,"height_ft":128.22,"structure_type":"BLDG","land_use":"C"}},{"type":"Feature","geometry":{"type":"Polygon","coordinates":[[[-71.065494,42.3543],[-71.065487,42.354301],[-71.065481,42.354302],[-71.065474,42.354305],[-71.065469,42.354307],[-71.065463,42.35431],[-71.065458,42.354314],[-71.065454,42.354318],[-71.06545,42.354322],[-71.065447,42.354327],[-71.065445,42.354332],[-71.065444,42.354336],[-71.065443,42.354342],[-71.065443,42.354347],[-71.065443,42.354352],[-71.065445,42.354357],[-71.065447,42.354361],[-71.06545,42.354366],[-71.065454,42.35437],[-71.065458,42.354374],[-71.065463,42.354378],[-71.065468,42.354381],[-71.065474,42.354384],[-71.06548,42.354386],[-71.065487,42.354388],[-71.065493,42.354389],[-71.0655,42.35439],[-71.065507,42.35439],[-71.065514,42.35439],[-71.065521,42.354388],[-71.065527,42.354387],[-71.065534,42.354385],[-71.06554,42.354382],[-71.065545,42.354379],[-71.06555,42.354375],[-71.065554,42.354371],[-71.065558,42.354367],[-71.065561,42.354362],[-71.065563,42.354357],[-71.065564,42.354352],[-71.065565,42.354347],[-71.065565,42.354342],[-71.065564,42.354337],[-71.065563,42.354332],[-71.06556,42.354327],[-71.065557,42.354323],[-71.065554,42.354318],[-71.06555,42.354314],[-71.065545,42.354311],[-71.065539,42.354308],[-71.065534,42.354305],[-71.065528,42.354303],[-71.065521,42.354301],[-71.065514,42.3543],[-71.065508,42.354299],[-71.065501,42.354299],[-71.065494,42.3543]]]},"properties":{"id":670872,"height_m":8.97,"height_ft":29.42,"structure_type":"OUTBLDG","land_use":"G"}},{"type":"Feature","geometry":{"type":"Polygon","coordinates":[[[-71.056736,42.354113],[-71.056413,42.354145],[-71.056399,42.354161],[-71.056444,42.354409],[-71.056452,42.354414],[-71.056463,42.354421],[-71.056798,42.354388],[-71.056807,42.354379],[-71.056813,42.354373],[-71.056801,42.354305],[-71.05678,42.35419],[-71.056776,42.35417],[-71.056768,42.354123],[-71.056749,42.354112],[-71.056736,42.354113]]]},"properties":{"id":670873,"height_m":47.11,"height_ft":154.55,"structure_type":"BLDG","land_use":"C"}},{"type":"Feature","geometry":{"type":"Polygon","coordinates":[[[-71.063846,42.35486],[-71.063912,42.354877],[-71.063935,42.354829],[-71.063869,42.354811],[-71.063846,42.35486]]]},"properties":{"id":670940,"height_m":3.49,"height_ft":11.46,"structure_type":"OUTBLDG","land_use":"G"}},{"type":"Feature","geometry":{"type":"Polygon","coordinates":[[[-71.061214,42.354932],[-71.06106,42.355076],[-71.061331,42.355215],[-71.061373,42.355233],[-71.061545,42.355046],[-71.061514,42.35503],[-71.061426,42.354983],[-71.061328,42.354932],[-71.061254,42.354893],[-71.061214,42.354932]]]},"properties":{"id":670992,"height_m":25.2,"height_ft":82.67,"structure_type":"BLDG","land_use":"C"}},{"type":"Feature","geometry":{"type":"Polygon","coordinates":[[[-71.063869,42.352843],[-71.063861,42.352963],[-71.064257,42.352984],[-71.064266,42.352985],[-71.064309,42.35284],[-71.064239,42.352835],[-71.064238,42.352838],[-71.064009,42.352825],[-71.063971,42.352823],[-71.063906,42.352819],[-71.063869,42.352843]]]},"properties":{"id":671055,"height_m":38.84,"height_ft":127.44,"structure_type":"BLDG","land_use":"E"}},{"type":"Feature","geometry":{"type":"Polygon","coordinates":[[[-71.062487,42.354691],[-71.062655,42.354776],[-71.062955,42.354488],[-71.062858,42.354457],[-71.062756,42.354434],[-71.062487,42.354691]]]},"properties":{"id":671056,"height_m":22.99,"height_ft":75.43,"structure_type":"BLDG","land_use":"C"}},{"type":"Feature","geometry":{"type":"Polygon","coordinates":[[[-71.06209,42.354085],[-71.062488,42.354164],[-71.062563,42.35398],[-71.062227,42.353936],[-71.062227,42.353936],[-71.062226,42.353938],[-71.062176,42.353997],[-71.062176,42.353998],[-71.062174,42.353997],[-71.06209,42.354085]]]},"properties":{"id":671057,"height_m":19.35,"height_ft":63.48,"structure_type":"BLDG","land_use":"C"}},{"type":"Feature","geometry":{"type":"Polygon","coordinates":[[[-71.061945,42.354934],[-71.061928,42.354951],[-71.06186,42.35504],[-71.061926,42.355074],[-71.062045,42.355136],[-71.06221,42.35496],[-71.062159,42.354935],[-71.062017,42.354866],[-71.061945,42.354934]]]},"properties":{"id":671058,"height_m":20.91,"height_ft":68.6,"structure_type":"BLDG","land_use":"C"}},{"type":"Feature","geometry":{"type":"Polygon","coordinates":[[[-71.062455,42.354936],[-71.062414,42.354975],[-71.062357,42.355031],[-71.062438,42.355076],[-71.062469,42.355094],[-71.0625,42.355067],[-71.062636,42.354937],[-71.062662,42.35491],[-71.062552,42.354846],[-71.062455,42.354936]]]},"properties":{"id":671059,"height_m":20.06,"height_ft":65.83,"structure_type":"BLDG","land_use":"C"}},{"type":"Feature","geometry":{"type":"Polygon","coordinates":[[[-71.061841,42.354934],[-71.061779,42.354998],[-71.06186,42.35504],[-71.061928,42.354951],[-71.061945,42.354934],[-71.062017,42.354866],[-71.061941,42.354829],[-71.061841,42.354934]]]},"properties":{"id":671060,"height_m":20.91,"height_ft":68.6,"structure_type":"BLDG","land_use":"C"}},{"type":"Feature","geometry":{"type":"Polygon","coordinates":[[[-71.062662,42.35491],[-71.062636,42.354937],[-71.0625,42.355067],[-71.062526,42.355082],[-71.06259,42.355118],[-71.062751,42.354949],[-71.062729,42.354937],[-71.062668,42.354905],[-71.062662,42.35491]]]},"properties":{"id":671061,"height_m":28.77,"height_ft":94.38,"structure_type":"BLDG","land_use":"C"}},{"type":"Feature","geometry":{"type":"Polygon","coordinates":[[[-71.062159,42.354935],[-71.06221,42.35496],[-71.062351,42.355028],[-71.062357,42.355031],[-71.062414,42.354975],[-71.062337,42.354936],[-71.062217,42.354875],[-71.062204,42.354889],[-71.062136,42.354855],[-71.062134,42.354858],[-71.062062,42.354822],[-71.062017,42.354866],[-71.062159,42.354935]]]},"properties":{"id":671062,"height_m":5.26,"height_ft":17.27,"structure_type":"BLDG","land_use":"C"}},{"type":"Feature","geometry":{"type":"Polygon","coordinates":[[[-71.062217,42.354875],[-71.062337,42.354936],[-71.062414,42.354975],[-71.062455,42.354936],[-71.062552,42.354846],[-71.062555,42.354843],[-71.062343,42.354737],[-71.062217,42.354875]]]},"properties":{"id":671063,"height_m":20.06,"height_ft":65.83,"structure_type":"BLDG","land_use":"C"}},{"type":"Feature","geometry":{"type":"Polygon","coordinates":[[[-71.062448,42.348644],[-71.062456,42.348646],[-71.062514,42.348655],[-71.063332,42.348779],[-71.063365,42.348783],[-71.063369,42.34877],[-71.063385,42.348715],[-71.063419,42.3486],[-71.063402,42.348599],[-71.063402,42.348582],[-71.063421,42.348586],[-71.063476,42.348381],[-71.063238,42.348345],[-71.063236,42.348351],[-71.063189,42.348525],[-71.063183,42.348546],[-71.063177,42.348546],[-71.063037,42.348528],[-71.06304,42.348522],[-71.062924,42.348503],[-71.062922,42.34851],[-71.062768,42.348482],[-71.06282,42.348288],[-71.062822,42.348282],[-71.062604,42.34825],[-71.062588,42.34829],[-71.062448,42.348644]]]},"properties":{"id":671170,"height_m":19.98,"height_ft":65.56,"structure_type":"BLDG","land_use":"CM"}},{"type":"Feature","geometry":{"type":"Polygon","coordinates":[[[-71.062961,42.348952],[-71.062937,42.348997],[-71.062977,42.349008],[-71.062984,42.34901],[-71.063011,42.348955],[-71.063042,42.348892],[-71.062562,42.348758],[-71.062559,42.348762],[-71.062503,42.348877],[-71.062821,42.348965],[-71.062846,42.348921],[-71.062961,42.348952]]]},"properties":{"id":671171,"height_m":18.42,"height_ft":60.43,"structure_type":"BLDG","land_use":"E"}},{"type":"Feature","geometry":{"type":"Polygon","coordinates":[[[-71.062821,42.348965],[-71.062825,42.348966],[-71.062937,42.348997],[-71.062961,42.348952],[-71.062846,42.348921],[-71.062821,42.348965]]]},"properties":{"id":671172,"height_m":22.61,"height_ft":74.18,"structure_type":"BLDG","land_use":"E"}},{"type":"Feature","geometry":{"type":"Polygon","coordinates":[[[-71.063683,42.351403],[-71.06384,42.351432],[-71.063851,42.351401],[-71.063855,42.351401],[-71.063891,42.351281],[-71.063888,42.35128],[-71.063928,42.35115],[-71.063893,42.351145],[-71.063893,42.351145],[-71.063887,42.351142],[-71.063881,42.35114],[-71.063875,42.351138],[-71.063869,42.351138],[-71.063864,42.351138],[-71.063858,42.351139],[-71.063853,42.351141],[-71.063848,42.351143],[-71.063835,42.351141],[-71.063836,42.35114],[-71.063833,42.351138],[-71.063829,42.351135],[-71.063826,42.351133],[-71.063821,42.351132],[-71.063817,42.351131],[-71.063812,42.351131],[-71.063807,42.351131],[-71.063803,42.351132],[-71.063799,42.351133],[-71.063795,42.351135],[-71.063791,42.351138],[-71.06379,42.351137],[-71.063757,42.351133],[-71.06376,42.35112],[-71.063677,42.351111],[-71.063623,42.351394],[-71.063623,42.351394],[-71.063623,42.351396],[-71.063683,42.351403]]]},"properties":{"id":671173,"height_m":12.03,"height_ft":39.47,"structure_type":"BLDG","land_use":"C"}},{"type":"Feature","geometry":{"type":"Polygon","coordinates":[[[-71.063242,42.351313],[-71.063631,42.351352],[-71.063677,42.351111],[-71.06329,42.35107],[-71.063242,42.351313]]]},"properties":{"id":671174,"height_m":23.69,"height_ft":77.73,"structure_type":"BLDG","land_use":"C"}},{"type":"Feature","geometry":{"type":"Polygon","coordinates":[[[-71.062336,42.351301],[-71.062354,42.351299],[-71.06239,42.351298],[-71.062431,42.351313],[-71.062765,42.351379],[-71.062766,42.351375],[-71.062765,42.351375],[-71.062762,42.351375],[-71.062806,42.351228],[-71.062744,42.35122],[-71.062566,42.351146],[-71.06242,42.3511],[-71.062333,42.351281],[-71.062336,42.351301]]]},"properties":{"id":671175,"height_m":22.02,"height_ft":72.23,"structure_type":"BLDG","land_use":"RC"}},{"type":"Feature","geometry":{"type":"Polygon","coordinates":[[[-71.062448,42.349272],[-71.062451,42.349273],[-71.062538,42.349171],[-71.062517,42.349167],[-71.062539,42.349158],[-71.062594,42.349172],[-71.062586,42.349182],[-71.062616,42.349188],[-71.062641,42.349157],[-71.062461,42.349108],[-71.062443,42.349148],[-71.062419,42.349141],[-71.062404,42.349164],[-71.062357,42.349142],[-71.06237,42.349117],[-71.062318,42.349104],[-71.062333,42.349071],[-71.062296,42.349062],[-71.062293,42.349066],[-71.06227,42.349093],[-71.06227,42.349094],[-71.062254,42.349112],[-71.062259,42.349123],[-71.062252,42.349141],[-71.062239,42.349149],[-71.062234,42.34916],[-71.06224,42.349171],[-71.062237,42.349175],[-71.062236,42.349176],[-71.062368,42.349236],[-71.062372,42.349247],[-71.062386,42.349253],[-71.062402,42.349251],[-71.062448,42.349272]]]},"properties":{"id":671176,"height_m":18.69,"height_ft":61.32,"structure_type":"BLDG","land_use":"E"}},{"type":"Feature","geometry":{"type":"Polygon","coordinates":[[[-71.060977,42.350805],[-71.061055,42.350822],[-71.061112,42.350744],[-71.061125,42.350748],[-71.061338,42.35079],[-71.061345,42.350773],[-71.061357,42.350743],[-71.06136,42.350735],[-71.061034,42.350663],[-71.060977,42.350805]]]},"properties":{"id":671177,"height_m":13.1,"height_ft":42.97,"structure_type":"BLDG","land_use":"RC"}},{"type":"Feature","geometry":{"type":"Polygon","coordinates":[[[-71.057084,42.349781],[-71.057068,42.349818],[-71.057032,42.349898],[-71.057331,42.349963],[-71.057329,42.349974],[-71.057456,42.34999],[-71.057504,42.349752],[-71.057505,42.349748],[-71.057133,42.349667],[-71.057084,42.349781]]]},"properties":{"id":671180,"height_m":38.28,"height_ft":125.58,"structure_type":"BLDG","land_use":"RC"}},{"type":"Feature","geometry":{"type":"Polygon","coordinates":[[[-71.057298,42.350547],[-71.057303,42.350549],[-71.057308,42.35055],[-71.057314,42.35055],[-71.057319,42.35055],[-71.057325,42.350549],[-71.05733,42.350547],[-71.057334,42.350545],[-71.057338,42.350543],[-71.057342,42.35054],[-71.057345,42.350536],[-71.057347,42.350532],[-71.057348,42.350529],[-71.057349,42.350525],[-71.057395,42.350292],[-71.057407,42.350233],[-71.057413,42.350205],[-71.057456,42.34999],[-71.057329,42.349974],[-71.057331,42.349963],[-71.057032,42.349898],[-71.057016,42.349937],[-71.05695,42.350087],[-71.05699,42.350099],[-71.057031,42.350107],[-71.057057,42.350113],[-71.057287,42.350169],[-71.057318,42.350179],[-71.057316,42.350191],[-71.057347,42.350197],[-71.057294,42.350472],[-71.057293,42.350475],[-71.057292,42.350478],[-71.057289,42.350481],[-71.057287,42.350483],[-71.057284,42.350485],[-71.05728,42.350487],[-71.057276,42.350489],[-71.057272,42.35049],[-71.057268,42.35049],[-71.057263,42.35049],[-71.057259,42.35049],[-71.057255,42.350489],[-71.057001,42.350426],[-71.056998,42.350427],[-71.05699,42.35043],[-71.056982,42.350432],[-71.056974,42.350434],[-71.056965,42.350435],[-71.056956,42.350436],[-71.056946,42.350437],[-71.056937,42.350437],[-71.05692,42.350411],[-71.056885,42.350425],[-71.056882,42.350422],[-71.056873,42.350442],[-71.056873,42.350443],[-71.057298,42.350547]]]},"properties":{"id":671181,"height_m":23.84,"height_ft":78.21,"structure_type":"BLDG","land_use":"C"}},{"type":"Feature","geometry":{"type":"Polygon","coordinates":[[[-71.056132,42.351654],[-71.056125,42.351668],[-71.056115,42.351689],[-71.056111,42.351698],[-71.056101,42.351719],[-71.056097,42.351727],[-71.056087,42.351748],[-71.056079,42.351765],[-71.056102,42.351771],[-71.056145,42.351782],[-71.05616,42.351786],[-71.056201,42.351796],[-71.056217,42.351801],[-71.056257,42.351811],[-71.056274,42.351816],[-71.056314,42.351826],[-71.056388,42.351845],[-71.056417,42.351853],[-71.056503,42.351875],[-71.056552,42.351747],[-71.05656,42.351735],[-71.056389,42.351689],[-71.056524,42.351411],[-71.056512,42.351407],[-71.056478,42.351394],[-71.056465,42.35139],[-71.056424,42.351374],[-71.056409,42.351369],[-71.056373,42.351356],[-71.056365,42.351353],[-71.056357,42.35135],[-71.056319,42.351339],[-71.056294,42.351331],[-71.056285,42.351349],[-71.056275,42.351369],[-71.056271,42.351379],[-71.05626,42.351399],[-71.056256,42.351409],[-71.056246,42.351429],[-71.056236,42.351448],[-71.056238,42.351449],[-71.056225,42.351475],[-71.056215,42.351495],[-71.056197,42.351531],[-71.05618,42.351566],[-71.056161,42.351603],[-71.056151,42.351623],[-71.056145,42.351634],[-71.056138,42.351648],[-71.056135,42.351647],[-71.056132,42.351654]]]},"properties":{"id":671182,"height_m":38.23,"height_ft":125.43,"structure_type":"BLDG","land_use":"C"}},{"type":"Feature","geometry":{"type":"Polygon","coordinates":[[[-71.056427,42.351611],[-71.056606,42.351668],[-71.056722,42.351498],[-71.05672,42.351497],[-71.056681,42.35148],[-71.056645,42.351464],[-71.056638,42.351461],[-71.056604,42.351446],[-71.056603,42.351446],[-71.056527,42.351412],[-71.056525,42.351411],[-71.056524,42.351411],[-71.056427,42.351611]]]},"properties":{"id":671183,"height_m":38.23,"height_ft":125.43,"structure_type":"BLDG","land_use":"C"}},{"type":"Feature","geometry":{"type":"Polygon","coordinates":[[[-71.056937,42.350437],[-71.056946,42.350437],[-71.056956,42.350436],[-71.056965,42.350435],[-71.056974,42.350434],[-71.056982,42.350432],[-71.05699,42.35043],[-71.056998,42.350427],[-71.057006,42.350424],[-71.057014,42.35042],[-71.057021,42.350416],[-71.057027,42.350412],[-71.057034,42.350407],[-71.05704,42.350402],[-71.057045,42.350397],[-71.057049,42.350392],[-71.057052,42.350386],[-71.057055,42.350381],[-71.057057,42.350375],[-71.057059,42.350369],[-71.05706,42.350363],[-71.057061,42.350357],[-71.057061,42.350351],[-71.057061,42.350345],[-71.057059,42.350339],[-71.057058,42.350333],[-71.057056,42.350327],[-71.057053,42.350321],[-71.05705,42.350316],[-71.057046,42.35031],[-71.057042,42.350305],[-71.057037,42.3503],[-71.057032,42.350295],[-71.057026,42.350291],[-71.05702,42.350287],[-71.057014,42.350283],[-71.057007,42.35028],[-71.057,42.350276],[-71.056993,42.350274],[-71.056986,42.350271],[-71.056978,42.350269],[-71.05697,42.350268],[-71.056962,42.350267],[-71.056954,42.350266],[-71.056945,42.350266],[-71.056937,42.350266],[-71.056928,42.350267],[-71.05692,42.350269],[-71.056911,42.35027],[-71.056903,42.350272],[-71.056895,42.350275],[-71.056888,42.350278],[-71.05688,42.350281],[-71.056873,42.350285],[-71.056867,42.350289],[-71.056859,42.350295],[-71.056853,42.3503],[-71.056847,42.350306],[-71.056864,42.350331],[-71.056828,42.350343],[-71.056828,42.350351],[-71.056828,42.350358],[-71.05683,42.350365],[-71.056832,42.350372],[-71.056832,42.350372],[-71.056835,42.350379],[-71.056838,42.350385],[-71.056843,42.350392],[-71.056848,42.350398],[-71.056853,42.350403],[-71.056856,42.350405],[-71.05686,42.350409],[-71.056867,42.350414],[-71.056874,42.350418],[-71.056882,42.350422],[-71.056885,42.350425],[-71.05692,42.350411],[-71.056937,42.350437]]]},"properties":{"id":671184,"height_m":46.49,"height_ft":152.54,"structure_type":"BLDG","land_use":"C"}},{"type":"Feature","geometry":{"type":"Polygon","coordinates":[[[-71.057045,42.350113],[-71.057041,42.350114],[-71.057037,42.350115],[-71.057034,42.350117],[-71.057031,42.350119],[-71.057028,42.350121],[-71.057026,42.350123],[-71.056954,42.350266],[-71.056962,42.350267],[-71.05697,42.350268],[-71.056978,42.350269],[-71.056986,42.350271],[-71.056993,42.350274],[-71.057,42.350276],[-71.057007,42.35028],[-71.057014,42.350283],[-71.05702,42.350287],[-71.057026,42.350291],[-71.057032,42.350295],[-71.057037,42.3503],[-71.057042,42.350305],[-71.057046,42.35031],[-71.05705,42.350316],[-71.057053,42.350321],[-71.057056,42.350327],[-71.057058,42.350333],[-71.057059,42.350339],[-71.057061,42.350345],[-71.057061,42.350351],[-71.057061,42.350357],[-71.05706,42.350363],[-71.057059,42.350369],[-71.057057,42.350375],[-71.057055,42.350381],[-71.057052,42.350386],[-71.057049,42.350392],[-71.057045,42.350397],[-71.057091,42.350408],[-71.057211,42.350438],[-71.057219,42.350437],[-71.057228,42.350434],[-71.057233,42.350431],[-71.057236,42.350427],[-71.057238,42.350423],[-71.057256,42.350333],[-71.057287,42.350169],[-71.057057,42.350113],[-71.057053,42.350113],[-71.057049,42.350113],[-71.057045,42.350113]]]},"properties":{"id":671185,"height_m":44.31,"height_ft":145.37,"structure_type":"BLDG","land_use":"C"}},{"type":"Feature","geometry":{"type":"Polygon","coordinates":[[[-71.056197,42.350595],[-71.056213,42.350566],[-71.05625,42.350576],[-71.056268,42.350539],[-71.056231,42.350529],[-71.056251,42.35049],[-71.056282,42.350427],[-71.056291,42.350409],[-71.056188,42.35038],[-71.056184,42.350388],[-71.056083,42.350359],[-71.055991,42.350539],[-71.056197,42.350595]]]},"properties":{"id":671186,"height_m":25.08,"height_ft":82.27,"structure_type":"BLDG","land_use":"XG"}},{"type":"Feature","geometry":{"type":"Polygon","coordinates":[[[-71.061404,42.348367],[-71.061398,42.348382],[-71.061385,42.348414],[-71.061461,42.348431],[-71.061442,42.348485],[-71.061561,42.348512],[-71.061568,42.348496],[-71.061597,42.348425],[-71.061605,42.348407],[-71.061406,42.348364],[-71.061404,42.348367]]]},"properties":{"id":671187,"height_m":13.57,"height_ft":44.54,"structure_type":"BLDG","land_use":"RC"}},{"type":"Feature","geometry":{"type":"Polygon","coordinates":[[[-71.061433,42.348511],[-71.06142,42.348543],[-71.061538,42.34857],[-71.061543,42.348558],[-71.061554,42.34853],[-71.061561,42.348512],[-71.061442,42.348485],[-71.061433,42.348511]]]},"properties":{"id":671188,"height_m":13.66,"height_ft":44.82,"structure_type":"BLDG","land_use":"R4"}},{"type":"Feature","geometry":{"type":"Polygon","coordinates":[[[-71.061342,42.348577],[-71.061517,42.348619],[-71.061524,42.348603],[-71.061525,42.348601],[-71.061536,42.348575],[-71.061538,42.34857],[-71.06142,42.348543],[-71.061409,42.348569],[-71.061351,42.348556],[-71.061347,42.348567],[-71.061342,42.348577]]]},"properties":{"id":671189,"height_m":14.23,"height_ft":46.69,"structure_type":"BLDG","land_use":"RC"}},{"type":"Feature","geometry":{"type":"Polygon","coordinates":[[[-71.062346,42.349029],[-71.062427,42.34905],[-71.062447,42.349056],[-71.062469,42.349011],[-71.062452,42.349007],[-71.062448,42.349017],[-71.062379,42.348998],[-71.062402,42.348952],[-71.062459,42.348967],[-71.062503,42.348877],[-71.062559,42.348762],[-71.062425,42.348727],[-71.062418,42.348741],[-71.062414,42.348751],[-71.062412,42.34875],[-71.062409,42.348753],[-71.062394,42.348793],[-71.062437,42.348806],[-71.062414,42.348849],[-71.062434,42.348855],[-71.062346,42.349029]]]},"properties":{"id":671190,"height_m":19.72,"height_ft":64.69,"structure_type":"BLDG","land_use":"E"}},{"type":"Feature","geometry":{"type":"Polygon","coordinates":[[[-71.062289,42.349058],[-71.062296,42.349062],[-71.062333,42.349071],[-71.062407,42.349092],[-71.062427,42.34905],[-71.062346,42.349029],[-71.062434,42.348855],[-71.062414,42.348849],[-71.062437,42.348806],[-71.062394,42.348793],[-71.062289,42.349058]]]},"properties":{"id":671191,"height_m":19.6,"height_ft":64.31,"structure_type":"BLDG","land_use":"E"}},{"type":"Feature","geometry":{"type":"Polygon","coordinates":[[[-71.062459,42.348967],[-71.06247,42.34897],[-71.062725,42.349041],[-71.062778,42.349055],[-71.062825,42.348966],[-71.062821,42.348965],[-71.062503,42.348877],[-71.062459,42.348967]]]},"properties":{"id":671192,"height_m":6.47,"height_ft":21.22,"structure_type":"BLDG","land_use":"E"}},{"type":"Feature","geometry":{"type":"Polygon","coordinates":[[[-71.061924,42.349957],[-71.061927,42.349958],[-71.061929,42.349959],[-71.061945,42.349966],[-71.06196,42.349972],[-71.062065,42.350014],[-71.062007,42.350094],[-71.062206,42.350173],[-71.062248,42.350191],[-71.062502,42.350298],[-71.062606,42.350162],[-71.062631,42.350129],[-71.062636,42.350123],[-71.062571,42.350096],[-71.06256,42.350059],[-71.062146,42.349886],[-71.062095,42.349895],[-71.061969,42.349845],[-71.061954,42.349883],[-71.061924,42.349957]]]},"properties":{"id":671193,"height_m":39.09,"height_ft":128.25,"structure_type":"BLDG","land_use":"E"}},{"type":"Feature","geometry":{"type":"Polygon","coordinates":[[[-71.062047,42.350138],[-71.062031,42.350175],[-71.062174,42.350215],[-71.062194,42.350189],[-71.062206,42.350173],[-71.062007,42.350094],[-71.062065,42.350014],[-71.06196,42.349972],[-71.061899,42.350104],[-71.061896,42.350111],[-71.061915,42.350116],[-71.061962,42.350128],[-71.061982,42.350134],[-71.061993,42.350121],[-71.062047,42.350138]]]},"properties":{"id":671194,"height_m":39.09,"height_ft":128.25,"structure_type":"BLDG","land_use":"E"}},{"type":"Feature","geometry":{"type":"Polygon","coordinates":[[[-71.061695,42.351243],[-71.061692,42.351396],[-71.061736,42.351395],[-71.061889,42.35139],[-71.06211,42.351383],[-71.062088,42.351252],[-71.06209,42.351252],[-71.06209,42.351248],[-71.062088,42.351236],[-71.062074,42.351151],[-71.062073,42.351144],[-71.062072,42.351143],[-71.062061,42.351015],[-71.061801,42.350948],[-71.061695,42.351243]]]},"properties":{"id":671195,"height_m":23.55,"height_ft":77.26,"structure_type":"BLDG","land_use":"RC"}},{"type":"Feature","geometry":{"type":"Polygon","coordinates":[[[-71.061462,42.35114],[-71.061659,42.351168],[-71.061704,42.351173],[-71.061725,42.35111],[-71.061708,42.351107],[-71.061719,42.351074],[-71.061743,42.351078],[-71.061786,42.350946],[-71.061667,42.350924],[-71.061666,42.350922],[-71.06165,42.350918],[-71.06156,42.350899],[-71.061545,42.350895],[-71.06154,42.350894],[-71.061537,42.350903],[-71.061526,42.350931],[-71.061515,42.350962],[-71.061518,42.350963],[-71.061492,42.351027],[-71.061492,42.351028],[-71.061462,42.35114]]]},"properties":{"id":671196,"height_m":13.33,"height_ft":43.73,"structure_type":"BLDG","land_use":"RC"}},{"type":"Feature","geometry":{"type":"Polygon","coordinates":[[[-71.061419,42.351211],[-71.061352,42.351379],[-71.061377,42.351402],[-71.06138,42.351406],[-71.061403,42.351405],[-71.06166,42.351397],[-71.061692,42.351396],[-71.061695,42.351243],[-71.061659,42.351241],[-71.061659,42.351168],[-71.061462,42.35114],[-71.061448,42.351138],[-71.061419,42.351211]]]},"properties":{"id":671197,"height_m":38.4,"height_ft":126,"structure_type":"BLDG","land_use":"RC"}},{"type":"Feature","geometry":{"type":"Polygon","coordinates":[[[-71.061192,42.350822],[-71.061312,42.35085],[-71.061321,42.350852],[-71.061321,42.350852],[-71.061323,42.350848],[-71.061346,42.350791],[-71.061346,42.350791],[-71.061338,42.35079],[-71.061213,42.350765],[-71.061192,42.350822]]]},"properties":{"id":671198,"height_m":13.24,"height_ft":43.44,"structure_type":"BLDG","land_use":"RC"}},{"type":"Feature","geometry":{"type":"Polygon","coordinates":[[[-71.060304,42.350737],[-71.06034,42.350745],[-71.060635,42.35081],[-71.060679,42.350701],[-71.060448,42.35065],[-71.060426,42.350702],[-71.060327,42.35068],[-71.060304,42.350737]]]},"properties":{"id":671199,"height_m":9.25,"height_ft":30.33,"structure_type":"BLDG","land_use":"RC"}},{"type":"Feature","geometry":{"type":"Polygon","coordinates":[[[-71.057806,42.350816],[-71.057751,42.350803],[-71.057709,42.350793],[-71.057558,42.350757],[-71.057527,42.350772],[-71.057476,42.351034],[-71.057746,42.351066],[-71.057756,42.351022],[-71.057806,42.350816]]]},"properties":{"id":671200,"height_m":23.86,"height_ft":78.27,"structure_type":"BLDG","land_use":"C"}},{"type":"Feature","geometry":{"type":"Polygon","coordinates":[[[-71.060112,42.351485],[-71.060076,42.351494],[-71.060091,42.351595],[-71.060133,42.351591],[-71.060132,42.351582],[-71.060177,42.351576],[-71.060159,42.351517],[-71.060283,42.351496],[-71.060267,42.351445],[-71.060265,42.351441],[-71.060256,42.351413],[-71.060255,42.35141],[-71.060248,42.351387],[-71.060247,42.351384],[-71.060247,42.351383],[-71.060245,42.351379],[-71.060245,42.351379],[-71.060242,42.351375],[-71.060238,42.351372],[-71.060234,42.351369],[-71.060229,42.351367],[-71.060225,42.351365],[-71.060224,42.351365],[-71.06022,42.351364],[-71.060193,42.351358],[-71.060117,42.351342],[-71.060079,42.351435],[-71.060091,42.351475],[-71.060109,42.351472],[-71.060112,42.351485]]]},"properties":{"id":671201,"height_m":4.7,"height_ft":15.41,"structure_type":"BLDG","land_use":"RC"}},{"type":"Feature","geometry":{"type":"Polygon","coordinates":[[[-71.062613,42.349348],[-71.062635,42.349358],[-71.062692,42.349384],[-71.062732,42.349335],[-71.062765,42.34935],[-71.062776,42.349336],[-71.062745,42.349322],[-71.062821,42.349229],[-71.062678,42.349167],[-71.062552,42.34932],[-71.062613,42.349348]]]},"properties":{"id":671202,"height_m":13.03,"height_ft":42.74,"structure_type":"BLDG","land_use":"E"}},{"type":"Feature","geometry":{"type":"Polygon","coordinates":[[[-71.062776,42.349336],[-71.062765,42.34935],[-71.062725,42.349398],[-71.062938,42.349495],[-71.062966,42.349461],[-71.063064,42.349342],[-71.063011,42.349318],[-71.062863,42.349248],[-71.062852,42.349243],[-71.062776,42.349336]]]},"properties":{"id":671203,"height_m":18.61,"height_ft":61.06,"structure_type":"BLDG","land_use":"E"}},{"type":"Feature","geometry":{"type":"Polygon","coordinates":[[[-71.061789,42.349665],[-71.061795,42.34965],[-71.061812,42.349653],[-71.061856,42.349544],[-71.061843,42.349541],[-71.061896,42.349408],[-71.061917,42.349413],[-71.061975,42.34927],[-71.061967,42.349268],[-71.061871,42.349247],[-71.061867,42.349256],[-71.061805,42.349243],[-71.061708,42.349216],[-71.061695,42.349213],[-71.06156,42.349583],[-71.061595,42.349594],[-71.061621,42.349603],[-71.06162,42.349604],[-71.061622,42.349605],[-71.061711,42.349642],[-71.061716,42.34963],[-71.061734,42.349634],[-71.06173,42.349644],[-71.061789,42.349665]]]},"properties":{"id":671204,"height_m":50.36,"height_ft":165.23,"structure_type":"BLDG","land_use":"E"}},{"type":"Feature","geometry":{"type":"Polygon","coordinates":[[[-71.061708,42.349216],[-71.061805,42.349243],[-71.061816,42.349217],[-71.061839,42.34916],[-71.061833,42.349158],[-71.061745,42.349139],[-71.06174,42.349138],[-71.061708,42.349216]]]},"properties":{"id":671205,"height_m":4.28,"height_ft":14.04,"structure_type":"BLDG","land_use":"E"}},{"type":"Feature","geometry":{"type":"Polygon","coordinates":[[[-71.061304,42.349576],[-71.061293,42.349604],[-71.061249,42.34972],[-71.061241,42.34974],[-71.061196,42.349845],[-71.061218,42.349854],[-71.061373,42.349917],[-71.061438,42.349944],[-71.061666,42.350038],[-71.061778,42.349762],[-71.061542,42.349664],[-71.061516,42.349654],[-71.061307,42.349568],[-71.061304,42.349576]]]},"properties":{"id":671206,"height_m":34.1,"height_ft":111.87,"structure_type":"BLDG","land_use":"E"}},{"type":"Feature","geometry":{"type":"Polygon","coordinates":[[[-71.061001,42.350379],[-71.061234,42.350432],[-71.061232,42.350437],[-71.061484,42.350494],[-71.061577,42.350269],[-71.061581,42.35027],[-71.061671,42.35004],[-71.061666,42.350038],[-71.061438,42.349944],[-71.061418,42.349993],[-71.061327,42.350214],[-71.06109,42.35016],[-71.061089,42.350161],[-71.061074,42.350198],[-71.061076,42.350199],[-71.061001,42.350379]]]},"properties":{"id":671207,"height_m":30.28,"height_ft":99.33,"structure_type":"BLDG","land_use":"E"}},{"type":"Feature","geometry":{"type":"Polygon","coordinates":[[[-71.058248,42.350777],[-71.058459,42.35083],[-71.058486,42.350762],[-71.058276,42.350715],[-71.058248,42.350777]]]},"properties":{"id":671208,"height_m":10.5,"height_ft":34.44,"structure_type":"BLDG","land_use":"C"}},{"type":"Feature","geometry":{"type":"Polygon","coordinates":[[[-71.057668,42.350021],[-71.057668,42.350023],[-71.057869,42.35005],[-71.057879,42.350006],[-71.057948,42.350015],[-71.058006,42.349861],[-71.057874,42.34983],[-71.057859,42.34986],[-71.057827,42.349853],[-71.057801,42.34992],[-71.057832,42.349928],[-71.057822,42.349948],[-71.057688,42.349927],[-71.057668,42.350021]]]},"properties":{"id":671209,"height_m":22.62,"height_ft":74.2,"structure_type":"BLDG","land_use":"C"}},{"type":"Feature","geometry":{"type":"Polygon","coordinates":[[[-71.057605,42.350329],[-71.057604,42.350332],[-71.057597,42.350363],[-71.057546,42.350612],[-71.057696,42.350648],[-71.057738,42.350426],[-71.057867,42.35044],[-71.05791,42.350263],[-71.057831,42.350251],[-71.057808,42.350361],[-71.057605,42.350329]]]},"properties":{"id":671210,"height_m":29.73,"height_ft":97.56,"structure_type":"BLDG","land_use":"RC"}},{"type":"Feature","geometry":{"type":"Polygon","coordinates":[[[-71.058011,42.350048],[-71.058245,42.350086],[-71.058249,42.350073],[-71.058244,42.350072],[-71.058286,42.349933],[-71.058289,42.349924],[-71.05823,42.349911],[-71.058227,42.349917],[-71.058078,42.349882],[-71.058011,42.350048]]]},"properties":{"id":671211,"height_m":5.88,"height_ft":19.31,"structure_type":"BLDG","land_use":"C"}},{"type":"Feature","geometry":{"type":"Polygon","coordinates":[[[-71.057869,42.35005],[-71.057893,42.350053],[-71.057901,42.35003],[-71.058011,42.350048],[-71.058078,42.349882],[-71.05808,42.349878],[-71.058006,42.349861],[-71.057948,42.350015],[-71.057879,42.350006],[-71.057869,42.35005]]]},"properties":{"id":671212,"height_m":12.73,"height_ft":41.78,"structure_type":"BLDG","land_use":"C"}},{"type":"Feature","geometry":{"type":"Polygon","coordinates":[[[-71.057696,42.350648],[-71.058064,42.350738],[-71.058065,42.350735],[-71.058121,42.350539],[-71.058127,42.350518],[-71.058188,42.350307],[-71.05791,42.350263],[-71.057867,42.35044],[-71.057738,42.350426],[-71.057696,42.350648]]]},"properties":{"id":671213,"height_m":21.66,"height_ft":71.05,"structure_type":"BLDG","land_use":"RC"}},{"type":"Feature","geometry":{"type":"Polygon","coordinates":[[[-71.05765,42.350107],[-71.057867,42.350139],[-71.057857,42.350178],[-71.0582,42.350232],[-71.058245,42.350086],[-71.058011,42.350048],[-71.057901,42.35003],[-71.057893,42.350053],[-71.057869,42.35005],[-71.057668,42.350023],[-71.05765,42.350107]]]},"properties":{"id":671214,"height_m":21.97,"height_ft":72.09,"structure_type":"BLDG","land_use":"C"}},{"type":"Feature","geometry":{"type":"Polygon","coordinates":[[[-71.058142,42.350751],[-71.058248,42.350777],[-71.058276,42.350715],[-71.05816,42.350689],[-71.058142,42.350751]]]},"properties":{"id":671215,"height_m":17.38,"height_ft":57.01,"structure_type":"BLDG","land_use":"C"}},{"type":"Feature","geometry":{"type":"Polygon","coordinates":[[[-71.05787,42.349554],[-71.057869,42.349555],[-71.057854,42.349595],[-71.057853,42.349597],[-71.057943,42.349617],[-71.057962,42.349568],[-71.057872,42.349548],[-71.05787,42.349554]]]},"properties":{"id":671216,"height_m":4.41,"height_ft":14.47,"structure_type":"BLDG","land_use":"I"}},{"type":"Feature","geometry":{"type":"Polygon","coordinates":[[[-71.058054,42.349342],[-71.058407,42.349419],[-71.058424,42.349376],[-71.058404,42.349372],[-71.058072,42.349298],[-71.058054,42.349342]]]},"properties":{"id":671217,"height_m":9.17,"height_ft":30.07,"structure_type":"BLDG","land_use":"I"}},{"type":"Feature","geometry":{"type":"Polygon","coordinates":[[[-71.057859,42.349433],[-71.057861,42.349433],[-71.057864,42.349434],[-71.058004,42.349465],[-71.058072,42.349298],[-71.057926,42.349266],[-71.057859,42.349433]]]},"properties":{"id":671218,"height_m":9.17,"height_ft":30.07,"structure_type":"BLDG","land_use":"I"}},{"type":"Feature","geometry":{"type":"Polygon","coordinates":[[[-71.057943,42.349617],[-71.058297,42.349696],[-71.058313,42.349655],[-71.057959,42.349577],[-71.057943,42.349617]]]},"properties":{"id":671219,"height_m":25.39,"height_ft":83.28,"structure_type":"BLDG","land_use":"I"}},{"type":"Feature","geometry":{"type":"Polygon","coordinates":[[[-71.062407,42.349092],[-71.062461,42.349108],[-71.062641,42.349157],[-71.062645,42.349152],[-71.062714,42.349068],[-71.062719,42.349058],[-71.06273,42.349061],[-71.062735,42.349051],[-71.062724,42.349048],[-71.062725,42.349041],[-71.06247,42.34897],[-71.062452,42.349007],[-71.062469,42.349011],[-71.062447,42.349056],[-71.062427,42.34905],[-71.062407,42.349092]]]},"properties":{"id":671220,"height_m":16.27,"height_ft":53.37,"structure_type":"BLDG","land_use":"E"}},{"type":"Feature","geometry":{"type":"Polygon","coordinates":[[[-71.062645,42.349152],[-71.062678,42.349167],[-71.062821,42.349229],[-71.062841,42.349206],[-71.06292,42.349121],[-71.062932,42.349097],[-71.062838,42.34907],[-71.062828,42.349091],[-71.062837,42.349126],[-71.062714,42.349068],[-71.062645,42.349152]]]},"properties":{"id":671221,"height_m":15.32,"height_ft":50.25,"structure_type":"BLDG","land_use":"E"}},{"type":"Feature","geometry":{"type":"Polygon","coordinates":[[[-71.062778,42.349055],[-71.062838,42.34907],[-71.062932,42.349097],[-71.062977,42.349008],[-71.062937,42.348997],[-71.062825,42.348966],[-71.062778,42.349055]]]},"properties":{"id":671222,"height_m":12.52,"height_ft":41.07,"structure_type":"BLDG","land_use":"E"}},{"type":"Feature","geometry":{"type":"Polygon","coordinates":[[[-71.055161,42.352308],[-71.055216,42.352296],[-71.055283,42.35228],[-71.055338,42.352268],[-71.055328,42.352244],[-71.055343,42.352238],[-71.055357,42.352232],[-71.055372,42.352225],[-71.055385,42.352218],[-71.055399,42.35221],[-71.055412,42.352202],[-71.055418,42.352207],[-71.055458,42.352178],[-71.055451,42.352173],[-71.055464,42.352162],[-71.055476,42.352151],[-71.055487,42.35214],[-71.055498,42.352129],[-71.055508,42.352117],[-71.055517,42.352105],[-71.055526,42.352092],[-71.055534,42.352079],[-71.055541,42.352066],[-71.055549,42.352069],[-71.05562,42.351928],[-71.055615,42.351926],[-71.055768,42.35162],[-71.055711,42.351604],[-71.055688,42.351598],[-71.055498,42.351545],[-71.055477,42.351583],[-71.055492,42.351587],[-71.055361,42.351851],[-71.055372,42.351852],[-71.055315,42.351966],[-71.054902,42.352062],[-71.054836,42.352028],[-71.054845,42.35202],[-71.054822,42.352009],[-71.054846,42.351984],[-71.054479,42.351779],[-71.054478,42.35178],[-71.054345,42.351916],[-71.054313,42.351949],[-71.054307,42.351954],[-71.054359,42.351982],[-71.054364,42.351976],[-71.054672,42.352141],[-71.054667,42.352145],[-71.054833,42.352232],[-71.054839,42.352227],[-71.054857,42.352235],[-71.054875,42.352243],[-71.054894,42.35225],[-71.054913,42.352257],[-71.054933,42.352263],[-71.054953,42.352268],[-71.054973,42.352273],[-71.054994,42.352278],[-71.054993,42.352283],[-71.055048,42.352291],[-71.05505,42.352285],[-71.055069,42.352286],[-71.055089,42.352286],[-71.055109,42.352286],[-71.055129,42.352285],[-71.055148,42.352284],[-71.055161,42.352308]]]},"properties":{"id":671223,"height_m":28.65,"height_ft":94,"structure_type":"BLDG","land_use":"XG"}},{"type":"Feature","geometry":{"type":"Polygon","coordinates":[[[-71.063744,42.351947],[-71.063816,42.351952],[-71.063816,42.35196],[-71.063854,42.351962],[-71.063856,42.351956],[-71.063865,42.351914],[-71.063876,42.351916],[-71.063883,42.351802],[-71.063873,42.351801],[-71.063791,42.351792],[-71.063787,42.351842],[-71.063585,42.351838],[-71.063575,42.351904],[-71.063584,42.351904],[-71.063744,42.351908],[-71.063744,42.351947]]]},"properties":{"id":671231,"height_m":7.81,"height_ft":25.63,"structure_type":"BLDG","land_use":"E"}},{"type":"Feature","geometry":{"type":"Polygon","coordinates":[[[-71.063743,42.352071],[-71.063977,42.352078],[-71.063975,42.352108],[-71.063965,42.352261],[-71.064109,42.352263],[-71.064168,42.351982],[-71.064153,42.35198],[-71.064004,42.351968],[-71.063854,42.351962],[-71.063816,42.35196],[-71.063816,42.351952],[-71.063744,42.351947],[-71.063743,42.352071]]]},"properties":{"id":671232,"height_m":22.59,"height_ft":74.13,"structure_type":"BLDG","land_use":"E"}},{"type":"Feature","geometry":{"type":"Polygon","coordinates":[[[-71.063551,42.352103],[-71.063724,42.35211],[-71.063726,42.352071],[-71.063743,42.352071],[-71.063744,42.351908],[-71.063584,42.351904],[-71.063573,42.351984],[-71.06356,42.351983],[-71.063551,42.352103]]]},"properties":{"id":671233,"height_m":23.84,"height_ft":78.22,"structure_type":"BLDG","land_use":"E"}},{"type":"Feature","geometry":{"type":"Polygon","coordinates":[[[-71.063585,42.351628],[-71.063579,42.351629],[-71.063579,42.35163],[-71.063579,42.351631],[-71.063554,42.351766],[-71.063596,42.35177],[-71.063791,42.351792],[-71.063873,42.351801],[-71.063902,42.351667],[-71.063902,42.351665],[-71.063587,42.351628],[-71.063585,42.351628]]]},"properties":{"id":671234,"height_m":5.9,"height_ft":19.37,"structure_type":"BLDG","land_use":"E"}},{"type":"Feature","geometry":{"type":"Polygon","coordinates":[[[-71.060075,42.351985],[-71.060159,42.351969],[-71.060158,42.351984],[-71.060253,42.351977],[-71.060245,42.351953],[-71.06043,42.35192],[-71.060397,42.351813],[-71.060221,42.351846],[-71.060212,42.351846],[-71.060213,42.351849],[-71.060056,42.351864],[-71.060075,42.351985]]]},"properties":{"id":671235,"height_m":18.69,"height_ft":61.32,"structure_type":"BLDG","land_use":"C"}},{"type":"Feature","geometry":{"type":"Polygon","coordinates":[[[-71.060253,42.351977],[-71.060265,42.35201],[-71.060448,42.351979],[-71.06043,42.35192],[-71.060245,42.351953],[-71.060253,42.351977]]]},"properties":{"id":671236,"height_m":13.56,"height_ft":44.48,"structure_type":"BLDG","land_use":"RC"}},{"type":"Feature","geometry":{"type":"Polygon","coordinates":[[[-71.060177,42.351575],[-71.060259,42.351839],[-71.060397,42.351813],[-71.060384,42.351805],[-71.060303,42.351554],[-71.060177,42.351575]]]},"properties":{"id":671237,"height_m":13.36,"height_ft":43.83,"structure_type":"BLDG","land_use":"RC"}},{"type":"Feature","geometry":{"type":"Polygon","coordinates":[[[-71.065758,42.350337],[-71.065756,42.350338],[-71.065759,42.350361],[-71.06576,42.35037],[-71.065932,42.350361],[-71.06593,42.350327],[-71.065758,42.350337]]]},"properties":{"id":671299,"height_m":7.31,"height_ft":23.98,"structure_type":"BLDG","land_use":"C"}},{"type":"Feature","geometry":{"type":"Polygon","coordinates":[[[-71.065601,42.350393],[-71.065605,42.350393],[-71.065608,42.350393],[-71.065611,42.350393],[-71.065615,42.350393],[-71.065618,42.350393],[-71.065621,42.350393],[-71.065625,42.350393],[-71.065628,42.350394],[-71.065631,42.350394],[-71.065635,42.350394],[-71.065638,42.350394],[-71.065641,42.350394],[-71.065645,42.350395],[-71.065648,42.350395],[-71.065651,42.350395],[-71.065654,42.350395],[-71.065658,42.350396],[-71.065661,42.350396],[-71.065664,42.350396],[-71.065667,42.350397],[-71.06567,42.350397],[-71.065673,42.350397],[-71.065676,42.350398],[-71.065679,42.350398],[-71.065682,42.350399],[-71.065685,42.350399],[-71.065688,42.3504],[-71.065691,42.3504],[-71.065694,42.350401],[-71.065696,42.350401],[-71.065699,42.350402],[-71.065702,42.350402],[-71.065705,42.350403],[-71.065707,42.350403],[-71.06571,42.350404],[-71.065712,42.350404],[-71.065715,42.350405],[-71.065717,42.350406],[-71.065719,42.350406],[-71.065722,42.350407],[-71.065724,42.350407],[-71.065726,42.350408],[-71.065728,42.350409],[-71.06573,42.350409],[-71.065732,42.35041],[-71.065734,42.350411],[-71.065736,42.350411],[-71.065738,42.350412],[-71.06574,42.350413],[-71.065741,42.350414],[-71.065743,42.350414],[-71.065745,42.350415],[-71.065746,42.350416],[-71.065748,42.350417],[-71.065749,42.350417],[-71.065746,42.350385],[-71.065762,42.350384],[-71.06576,42.35037],[-71.065759,42.350361],[-71.065528,42.350376],[-71.065523,42.350396],[-71.065531,42.350396],[-71.065539,42.350396],[-71.065547,42.350395],[-71.065555,42.350395],[-71.065563,42.350395],[-71.065571,42.350394],[-71.065579,42.350394],[-71.065587,42.350393],[-71.065595,42.350393],[-71.065598,42.350393],[-71.065601,42.350393]]]},"properties":{"id":671300,"height_m":5.19,"height_ft":17.02,"structure_type":"BLDG","land_use":"C"}},{"type":"Feature","geometry":{"type":"Polygon","coordinates":[[[-71.065439,42.35046],[-71.065439,42.350466],[-71.065439,42.350472],[-71.065439,42.350477],[-71.06544,42.350483],[-71.06544,42.350488],[-71.06544,42.350494],[-71.065441,42.350499],[-71.065441,42.350505],[-71.065442,42.35051],[-71.065443,42.350516],[-71.065443,42.350522],[-71.065444,42.350527],[-71.065445,42.350533],[-71.065446,42.350538],[-71.065447,42.350544],[-71.065448,42.350549],[-71.065435,42.35055],[-71.065417,42.350617],[-71.065544,42.350637],[-71.065556,42.350619],[-71.065571,42.350619],[-71.065569,42.350605],[-71.065611,42.350603],[-71.065617,42.350603],[-71.065622,42.350602],[-71.065627,42.350602],[-71.065631,42.350601],[-71.065636,42.3506],[-71.065641,42.3506],[-71.065646,42.350599],[-71.065651,42.350598],[-71.065656,42.350597],[-71.065661,42.350596],[-71.065666,42.350596],[-71.065671,42.350595],[-71.065676,42.350593],[-71.065681,42.350592],[-71.065685,42.350591],[-71.06569,42.35059],[-71.065695,42.350589],[-71.0657,42.350587],[-71.065704,42.350586],[-71.065709,42.350585],[-71.065714,42.350583],[-71.065718,42.350582],[-71.065723,42.35058],[-71.065727,42.350578],[-71.065761,42.350565],[-71.065761,42.350558],[-71.065774,42.35055],[-71.065764,42.35043],[-71.06575,42.350423],[-71.065749,42.350417],[-71.065748,42.350417],[-71.065746,42.350416],[-71.065745,42.350415],[-71.065743,42.350414],[-71.065741,42.350414],[-71.06574,42.350413],[-71.065738,42.350412],[-71.065736,42.350411],[-71.065734,42.350411],[-71.065732,42.35041],[-71.06573,42.350409],[-71.065728,42.350409],[-71.065726,42.350408],[-71.065724,42.350407],[-71.065722,42.350407],[-71.065719,42.350406],[-71.065717,42.350406],[-71.065715,42.350405],[-71.065712,42.350404],[-71.06571,42.350404],[-71.065707,42.350403],[-71.065705,42.350403],[-71.065702,42.350402],[-71.065699,42.350402],[-71.065696,42.350401],[-71.065694,42.350401],[-71.065691,42.3504],[-71.065688,42.3504],[-71.065685,42.350399],[-71.065682,42.350399],[-71.065679,42.350398],[-71.065676,42.350398],[-71.065673,42.350397],[-71.06567,42.350397],[-71.065667,42.350397],[-71.065664,42.350396],[-71.065661,42.350396],[-71.065658,42.350396],[-71.065654,42.350395],[-71.065651,42.350395],[-71.065648,42.350395],[-71.065645,42.350395],[-71.065641,42.350394],[-71.065638,42.350394],[-71.065635,42.350394],[-71.065631,42.350394],[-71.065628,42.350394],[-71.065625,42.350393],[-71.065621,42.350393],[-71.065618,42.350393],[-71.065615,42.350393],[-71.065611,42.350393],[-71.065608,42.350393],[-71.065605,42.350393],[-71.065601,42.350393],[-71.065598,42.350393],[-71.065595,42.350393],[-71.065587,42.350393],[-71.065579,42.350394],[-71.065571,42.350394],[-71.065563,42.350395],[-71.065555,42.350395],[-71.065547,42.350395],[-71.065539,42.350396],[-71.065531,42.350396],[-71.065523,42.350396],[-71.065528,42.350376],[-71.065537,42.350338],[-71.065537,42.350337],[-71.065473,42.350327],[-71.065439,42.35046]]]},"properties":{"id":671301,"height_m":17.63,"height_ft":57.86,"structure_type":"BLDG","land_use":"C"}},{"type":"Feature","geometry":{"type":"Polygon","coordinates":[[[-71.06569,42.35059],[-71.065685,42.350591],[-71.065681,42.350592],[-71.065676,42.350593],[-71.065671,42.350595],[-71.065666,42.350596],[-71.065661,42.350596],[-71.065656,42.350597],[-71.065651,42.350598],[-71.065646,42.350599],[-71.065641,42.3506],[-71.065636,42.3506],[-71.065631,42.350601],[-71.065627,42.350602],[-71.065622,42.350602],[-71.065617,42.350603],[-71.065611,42.350603],[-71.065569,42.350605],[-71.065571,42.350619],[-71.065556,42.350619],[-71.065544,42.350637],[-71.065674,42.350657],[-71.065673,42.35064],[-71.065672,42.350627],[-71.065794,42.350622],[-71.065953,42.350615],[-71.06595,42.350581],[-71.065764,42.35059],[-71.065761,42.350565],[-71.065727,42.350578],[-71.065723,42.35058],[-71.065718,42.350582],[-71.065714,42.350583],[-71.065709,42.350585],[-71.065704,42.350586],[-71.0657,42.350587],[-71.065695,42.350589],[-71.06569,42.35059]]]},"properties":{"id":671302,"height_m":6.13,"height_ft":20.11,"structure_type":"BLDG","land_use":"C"}},{"type":"Feature","geometry":{"type":"Polygon","coordinates":[[[-71.065413,42.3505],[-71.065375,42.350611],[-71.065417,42.350617],[-71.065435,42.35055],[-71.065448,42.350549],[-71.065447,42.350544],[-71.065446,42.350538],[-71.065445,42.350533],[-71.065444,42.350527],[-71.065443,42.350522],[-71.065443,42.350516],[-71.065442,42.35051],[-71.065441,42.350505],[-71.065441,42.350499],[-71.065413,42.3505]]]},"properties":{"id":671303,"height_m":13.64,"height_ft":44.73,"structure_type":"BLDG","land_use":"C"}},{"type":"Feature","geometry":{"type":"Polygon","coordinates":[[[-71.065308,42.350308],[-71.065281,42.350401],[-71.06528,42.350406],[-71.065447,42.350431],[-71.065473,42.350327],[-71.06531,42.3503],[-71.065308,42.350308]]]},"properties":{"id":671304,"height_m":9.87,"height_ft":32.38,"structure_type":"BLDG","land_use":"C"}},{"type":"Feature","geometry":{"type":"Polygon","coordinates":[[[-71.065227,42.350588],[-71.065287,42.350597],[-71.065339,42.350605],[-71.065375,42.350611],[-71.065413,42.3505],[-71.065402,42.350499],[-71.065412,42.350456],[-71.065439,42.35046],[-71.065447,42.350431],[-71.06528,42.350406],[-71.065279,42.350409],[-71.065227,42.350588]]]},"properties":{"id":671305,"height_m":7.46,"height_ft":24.47,"structure_type":"BLDG","land_use":"C"}},{"type":"Feature","geometry":{"type":"Polygon","coordinates":[[[-71.06576,42.35037],[-71.065762,42.350384],[-71.065746,42.350385],[-71.065749,42.350417],[-71.06575,42.350423],[-71.065764,42.35043],[-71.065774,42.35055],[-71.065761,42.350558],[-71.065761,42.350565],[-71.065764,42.35059],[-71.06595,42.350581],[-71.065932,42.350361],[-71.06576,42.35037]]]},"properties":{"id":671306,"height_m":24.73,"height_ft":81.13,"structure_type":"BLDG","land_use":"C"}},{"type":"Feature","geometry":{"type":"Polygon","coordinates":[[[-71.065992,42.349644],[-71.066007,42.34967],[-71.066009,42.349673],[-71.066095,42.349646],[-71.066094,42.349644],[-71.066057,42.349579],[-71.066045,42.349582],[-71.066036,42.349567],[-71.066048,42.349563],[-71.066006,42.349489],[-71.065943,42.349482],[-71.065931,42.349536],[-71.065992,42.349644]]]},"properties":{"id":671307,"height_m":11.35,"height_ft":37.24,"structure_type":"BLDG","land_use":"C"}},{"type":"Feature","geometry":{"type":"Polygon","coordinates":[[[-71.065714,42.349541],[-71.065729,42.349543],[-71.065734,42.349544],[-71.065783,42.349549],[-71.065792,42.349508],[-71.065827,42.349512],[-71.065836,42.34947],[-71.065813,42.349467],[-71.06581,42.349467],[-71.065731,42.349458],[-71.065714,42.349541]]]},"properties":{"id":671308,"height_m":21.6,"height_ft":70.87,"structure_type":"BLDG","land_use":"C"}},{"type":"Feature","geometry":{"type":"Polygon","coordinates":[[[-71.065783,42.349549],[-71.065806,42.349552],[-71.065813,42.349553],[-71.065817,42.349553],[-71.065867,42.34964],[-71.065868,42.349642],[-71.065903,42.349703],[-71.065904,42.349705],[-71.065981,42.349681],[-71.065981,42.349679],[-71.065974,42.34965],[-71.065992,42.349644],[-71.065931,42.349536],[-71.065943,42.349482],[-71.065836,42.34947],[-71.065827,42.349512],[-71.065792,42.349508],[-71.065783,42.349549]]]},"properties":{"id":671309,"height_m":16.39,"height_ft":53.77,"structure_type":"BLDG","land_use":"C"}},{"type":"Feature","geometry":{"type":"Polygon","coordinates":[[[-71.06566,42.349801],[-71.065586,42.349822],[-71.065585,42.34983],[-71.065519,42.349852],[-71.065552,42.349897],[-71.065692,42.349918],[-71.065709,42.34988],[-71.065731,42.349865],[-71.065672,42.349798],[-71.06566,42.349801]]]},"properties":{"id":671310,"height_m":55.26,"height_ft":181.3,"structure_type":"BLDG","land_use":"C"}},{"type":"Feature","geometry":{"type":"Polygon","coordinates":[[[-71.065686,42.349976],[-71.065698,42.350083],[-71.065714,42.350233],[-71.065916,42.350219],[-71.065902,42.350086],[-71.065896,42.350027],[-71.065881,42.34989],[-71.065879,42.349887],[-71.065833,42.349834],[-71.065776,42.349769],[-71.065672,42.349798],[-71.065731,42.349865],[-71.065709,42.34988],[-71.065692,42.349918],[-71.065552,42.349897],[-71.065519,42.349852],[-71.065431,42.349881],[-71.06543,42.349885],[-71.065395,42.350008],[-71.065394,42.350014],[-71.06538,42.350061],[-71.065378,42.350067],[-71.065343,42.350191],[-71.065341,42.3502],[-71.065528,42.350227],[-71.065571,42.350081],[-71.065605,42.349965],[-71.065686,42.349976]]]},"properties":{"id":671311,"height_m":47.92,"height_ft":157.23,"structure_type":"BLDG","land_use":"C"}},{"type":"Feature","geometry":{"type":"Polygon","coordinates":[[[-71.065571,42.350081],[-71.065698,42.350083],[-71.065686,42.349976],[-71.065605,42.349965],[-71.065571,42.350081]]]},"properties":{"id":671312,"height_m":22.68,"height_ft":74.41,"structure_type":"BLDG","land_use":"C"}},{"type":"Feature","geometry":{"type":"Polygon","coordinates":[[[-71.065431,42.349881],[-71.065519,42.349852],[-71.065585,42.34983],[-71.065586,42.349822],[-71.06566,42.349801],[-71.065691,42.349651],[-71.065714,42.349541],[-71.065731,42.349458],[-71.06573,42.349457],[-71.065726,42.349457],[-71.06562,42.349445],[-71.065614,42.349472],[-71.065563,42.349466],[-71.065556,42.349465],[-71.065521,42.349461],[-71.065521,42.349461],[-71.065452,42.349796],[-71.065435,42.349875],[-71.065435,42.349877],[-71.065432,42.349877],[-71.065431,42.349881]]]},"properties":{"id":671313,"height_m":20.98,"height_ft":68.84,"structure_type":"BLDG","land_use":"C"}},{"type":"Feature","geometry":{"type":"Polygon","coordinates":[[[-71.065901,42.34853],[-71.065928,42.348534],[-71.065917,42.348586],[-71.066037,42.3486],[-71.066041,42.3486],[-71.066067,42.348603],[-71.06607,42.348604],[-71.066306,42.348631],[-71.066311,42.348632],[-71.066336,42.348635],[-71.066342,42.348635],[-71.066455,42.348649],[-71.066458,42.348649],[-71.066483,42.348529],[-71.066481,42.348529],[-71.066365,42.348516],[-71.066362,42.348515],[-71.066336,42.348512],[-71.066331,42.348512],[-71.066216,42.348498],[-71.066211,42.348498],[-71.066095,42.348484],[-71.066091,42.348484],[-71.066064,42.34848],[-71.06606,42.34848],[-71.065946,42.348467],[-71.065925,42.348464],[-71.06591,42.348462],[-71.065901,42.34853]]]},"properties":{"id":671314,"height_m":27.91,"height_ft":91.56,"structure_type":"BLDG","land_use":"RC"}},{"type":"Feature","geometry":{"type":"Polygon","coordinates":[[[-71.065804,42.348522],[-71.065878,42.348531],[-71.0659,42.348533],[-71.065901,42.34853],[-71.06591,42.348462],[-71.065819,42.348453],[-71.065804,42.348522]]]},"properties":{"id":671315,"height_m":38.46,"height_ft":126.2,"structure_type":"BLDG","land_use":"RC"}},{"type":"Feature","geometry":{"type":"Polygon","coordinates":[[[-71.064576,42.348261],[-71.064571,42.348279],[-71.064561,42.348316],[-71.064644,42.348329],[-71.064655,42.348291],[-71.064661,42.34827],[-71.064585,42.348258],[-71.064577,42.348257],[-71.064576,42.348261]]]},"properties":{"id":671316,"height_m":43.03,"height_ft":141.17,"structure_type":"BLDG","land_use":"A"}},{"type":"Feature","geometry":{"type":"Polygon","coordinates":[[[-71.06444,42.348386],[-71.064805,42.348442],[-71.064806,42.348442],[-71.064807,42.348438],[-71.064816,42.348407],[-71.064823,42.348381],[-71.064844,42.348384],[-71.06486,42.348323],[-71.064876,42.348261],[-71.064864,42.348259],[-71.064866,42.348251],[-71.064882,42.348195],[-71.064721,42.34817],[-71.06471,42.348209],[-71.064702,42.348236],[-71.06468,42.348232],[-71.064672,42.348231],[-71.064671,42.348232],[-71.064661,42.34827],[-71.064655,42.348291],[-71.064747,42.348305],[-71.06473,42.348368],[-71.064637,42.348354],[-71.064644,42.348329],[-71.064561,42.348316],[-71.064571,42.348279],[-71.064559,42.348277],[-71.064544,42.348275],[-71.064533,42.348273],[-71.064497,42.348267],[-71.064489,42.348296],[-71.064466,42.348292],[-71.06444,42.348386]]]},"properties":{"id":671317,"height_m":43.54,"height_ft":142.85,"structure_type":"BLDG","land_use":"A"}},{"type":"Feature","geometry":{"type":"Polygon","coordinates":[[[-71.065118,42.348463],[-71.065126,42.348471],[-71.065129,42.348475],[-71.065279,42.3484],[-71.065307,42.348404],[-71.065297,42.348392],[-71.065299,42.348391],[-71.065352,42.348365],[-71.065353,42.348365],[-71.065381,42.348396],[-71.065402,42.34842],[-71.065423,42.34841],[-71.065427,42.34839],[-71.065361,42.348315],[-71.065328,42.348279],[-71.065313,42.348292],[-71.065328,42.348309],[-71.065253,42.348344],[-71.065118,42.348463]]]},"properties":{"id":671318,"height_m":4.62,"height_ft":15.16,"structure_type":"BLDG","land_use":"E"}},{"type":"Feature","geometry":{"type":"Polygon","coordinates":[[[-71.06468,42.34902],[-71.064801,42.348963],[-71.064815,42.348979],[-71.06493,42.349112],[-71.064862,42.349144],[-71.064864,42.349147],[-71.064869,42.349151],[-71.06492,42.349208],[-71.06498,42.34918],[-71.065051,42.349147],[-71.06514,42.349105],[-71.065182,42.349085],[-71.064954,42.34882],[-71.064654,42.348965],[-71.064521,42.348942],[-71.064518,42.348969],[-71.064509,42.348969],[-71.064474,42.349049],[-71.064498,42.349077],[-71.064662,42.348999],[-71.06468,42.34902]]]},"properties":{"id":671320,"height_m":27.01,"height_ft":88.6,"structure_type":"BLDG","land_use":"CM"}},{"type":"Feature","geometry":{"type":"Polygon","coordinates":[[[-71.064634,42.348962],[-71.064654,42.348965],[-71.064921,42.348836],[-71.064898,42.348807],[-71.064724,42.348875],[-71.06466,42.348867],[-71.064634,42.348962]]]},"properties":{"id":671321,"height_m":23.28,"height_ft":76.39,"structure_type":"BLDG","land_use":"CM"}},{"type":"Feature","geometry":{"type":"Polygon","coordinates":[[[-71.065182,42.349085],[-71.065221,42.349066],[-71.065279,42.349075],[-71.065314,42.348948],[-71.065309,42.348948],[-71.065315,42.348927],[-71.065319,42.348928],[-71.06533,42.348887],[-71.065301,42.348883],[-71.065314,42.348836],[-71.065322,42.348809],[-71.065323,42.348802],[-71.065272,42.348795],[-71.065279,42.348767],[-71.065286,42.348743],[-71.065287,42.348739],[-71.065277,42.348738],[-71.065254,42.348734],[-71.065264,42.348698],[-71.065275,42.3487],[-71.065279,42.348688],[-71.065188,42.348674],[-71.06517,42.348671],[-71.065164,42.348692],[-71.065108,42.348683],[-71.065101,42.348682],[-71.065058,42.348676],[-71.065061,42.348665],[-71.065051,42.348664],[-71.064981,42.348653],[-71.064992,42.348617],[-71.064844,42.348594],[-71.064841,42.348605],[-71.064837,42.34862],[-71.064745,42.348606],[-71.064341,42.348545],[-71.064334,42.348568],[-71.064395,42.348579],[-71.064959,42.348666],[-71.064926,42.348787],[-71.064914,42.348785],[-71.064911,42.348803],[-71.064898,42.348807],[-71.064921,42.348836],[-71.064954,42.34882],[-71.065182,42.349085]]]},"properties":{"id":671322,"height_m":6.65,"height_ft":21.82,"structure_type":"BLDG","land_use":"CM"}},{"type":"Feature","geometry":{"type":"Polygon","coordinates":[[[-71.064127,42.348996],[-71.064129,42.348997],[-71.064275,42.349019],[-71.064319,42.349026],[-71.064408,42.349039],[-71.064474,42.349049],[-71.064509,42.348969],[-71.064518,42.348969],[-71.064521,42.348942],[-71.064634,42.348962],[-71.06466,42.348867],[-71.06454,42.348847],[-71.064533,42.348867],[-71.064292,42.348832],[-71.064299,42.348802],[-71.064338,42.348809],[-71.064397,42.348601],[-71.06439,42.348601],[-71.064395,42.348579],[-71.064334,42.348568],[-71.064311,42.348564],[-71.064308,42.348564],[-71.064305,42.348577],[-71.064286,42.348574],[-71.064283,42.348583],[-71.064275,42.348582],[-71.064275,42.348584],[-71.064218,42.348789],[-71.064211,42.348815],[-71.064187,42.348811],[-71.064158,42.348915],[-71.064148,42.348951],[-71.064147,42.348958],[-71.064138,42.348956],[-71.064127,42.348996]]]},"properties":{"id":671323,"height_m":7.98,"height_ft":26.18,"structure_type":"BLDG","land_use":"CM"}},{"type":"Feature","geometry":{"type":"Polygon","coordinates":[[[-71.064213,42.35162],[-71.064211,42.351626],[-71.064624,42.351674],[-71.064631,42.351675],[-71.064664,42.351553],[-71.064659,42.351553],[-71.064416,42.351527],[-71.064412,42.351547],[-71.064384,42.351544],[-71.064388,42.351523],[-71.064364,42.35152],[-71.064332,42.351517],[-71.064315,42.351514],[-71.06428,42.35151],[-71.064242,42.351506],[-71.064236,42.351532],[-71.064231,42.351532],[-71.064229,42.351543],[-71.064213,42.35162]]]},"properties":{"id":671380,"height_m":34.06,"height_ft":111.73,"structure_type":"BLDG","land_use":"E"}},{"type":"Feature","geometry":{"type":"Polygon","coordinates":[[[-71.064402,42.35145],[-71.064415,42.351452],[-71.064412,42.351466],[-71.064671,42.351497],[-71.064692,42.351419],[-71.064694,42.35142],[-71.064717,42.351336],[-71.064711,42.351335],[-71.064712,42.351329],[-71.064726,42.351278],[-71.064727,42.351276],[-71.064729,42.351277],[-71.064729,42.351274],[-71.064745,42.351218],[-71.064729,42.351217],[-71.064728,42.351219],[-71.064722,42.351218],[-71.064591,42.351205],[-71.064591,42.351203],[-71.064518,42.351194],[-71.064502,42.351183],[-71.064481,42.35119],[-71.064478,42.351206],[-71.064441,42.351361],[-71.064464,42.351364],[-71.064463,42.351368],[-71.06445,42.351366],[-71.064441,42.351411],[-71.064426,42.35141],[-71.064421,42.351429],[-71.064407,42.351428],[-71.064402,42.35145]]]},"properties":{"id":671381,"height_m":14.4,"height_ft":47.24,"structure_type":"BLDG","land_use":"C"}},{"type":"Feature","geometry":{"type":"Polygon","coordinates":[[[-71.064352,42.351312],[-71.064346,42.351341],[-71.064355,42.351342],[-71.06442,42.351351],[-71.064438,42.351288],[-71.064435,42.351287],[-71.064456,42.351203],[-71.06446,42.35119],[-71.064438,42.351187],[-71.06414,42.351156],[-71.0641,42.351297],[-71.064277,42.351321],[-71.064282,42.351304],[-71.064352,42.351312]]]},"properties":{"id":671382,"height_m":12.07,"height_ft":39.6,"structure_type":"BLDG","land_use":"C"}},{"type":"Feature","geometry":{"type":"Polygon","coordinates":[[[-71.063855,42.348085],[-71.063868,42.348087],[-71.063864,42.3481],[-71.063863,42.348106],[-71.06388,42.348109],[-71.063916,42.348114],[-71.063898,42.348177],[-71.064017,42.348194],[-71.064037,42.348112],[-71.06392,42.348094],[-71.063947,42.347999],[-71.064065,42.348018],[-71.064072,42.347997],[-71.064087,42.347943],[-71.064088,42.347938],[-71.063968,42.347919],[-71.063952,42.347979],[-71.063903,42.347971],[-71.063897,42.347991],[-71.063883,42.347989],[-71.063855,42.348085]]]},"properties":{"id":671387,"height_m":29.07,"height_ft":95.38,"structure_type":"BLDG","land_use":"RC"}},{"type":"Feature","geometry":{"type":"Polygon","coordinates":[[[-71.064513,42.348159],[-71.064539,42.348189],[-71.064623,42.348148],[-71.064596,42.348118],[-71.064513,42.348159]]]},"properties":{"id":671390,"height_m":16.96,"height_ft":55.65,"structure_type":"BLDG","land_use":"E"}},{"type":"Feature","geometry":{"type":"Polygon","coordinates":[[[-71.06518,42.348106],[-71.065126,42.348152],[-71.064946,42.348305],[-71.065033,42.348405],[-71.065048,42.348421],[-71.065094,42.348475],[-71.065096,42.348474],[-71.065118,42.348463],[-71.065253,42.348344],[-71.065328,42.348309],[-71.065313,42.348292],[-71.065328,42.348279],[-71.065385,42.348231],[-71.065388,42.348229],[-71.065381,42.348221],[-71.065382,42.34822],[-71.065453,42.348186],[-71.065457,42.348184],[-71.065475,42.348175],[-71.065478,42.348152],[-71.065467,42.348139],[-71.065484,42.348131],[-71.065464,42.348109],[-71.065463,42.348107],[-71.065475,42.348101],[-71.065472,42.348099],[-71.065448,42.348071],[-71.065412,42.34803],[-71.065401,42.348017],[-71.065391,42.348022],[-71.06538,42.34801],[-71.06518,42.348106]]]},"properties":{"id":671391,"height_m":3.75,"height_ft":12.3,"structure_type":"BLDG","land_use":"E"}},{"type":"Feature","geometry":{"type":"Polygon","coordinates":[[[-71.06471,42.348144],[-71.064721,42.34817],[-71.064882,42.348195],[-71.064866,42.348251],[-71.064893,42.348253],[-71.064912,42.348275],[-71.064906,42.3483],[-71.064907,42.348301],[-71.064928,42.348322],[-71.064946,42.348305],[-71.065126,42.348152],[-71.06518,42.348106],[-71.06538,42.34801],[-71.065391,42.348022],[-71.065401,42.348017],[-71.065415,42.34801],[-71.065404,42.347997],[-71.06551,42.347947],[-71.06552,42.347941],[-71.065529,42.347903],[-71.065512,42.347883],[-71.065471,42.347837],[-71.065491,42.347827],[-71.065483,42.347819],[-71.065406,42.347807],[-71.065392,42.347805],[-71.06471,42.348144]]]},"properties":{"id":671392,"height_m":5.38,"height_ft":17.64,"structure_type":"BLDG","land_use":"E"}},{"type":"Feature","geometry":{"type":"Polygon","coordinates":[[[-71.064072,42.347997],[-71.064099,42.348001],[-71.064113,42.347947],[-71.064087,42.347943],[-71.064072,42.347997]]]},"properties":{"id":671393,"height_m":3.9,"height_ft":12.8,"structure_type":"BLDG","land_use":"RC"}},{"type":"Feature","geometry":{"type":"Polygon","coordinates":[[[-71.06392,42.348094],[-71.064037,42.348112],[-71.064067,42.348117],[-71.064093,42.348022],[-71.064065,42.348018],[-71.063947,42.347999],[-71.06392,42.348094]]]},"properties":{"id":671394,"height_m":33.47,"height_ft":109.79,"structure_type":"BLDG","land_use":"RC"}},{"type":"Feature","geometry":{"type":"Polygon","coordinates":[[[-71.064684,42.348162],[-71.064713,42.348169],[-71.064721,42.34817],[-71.06471,42.348144],[-71.065392,42.347805],[-71.065371,42.347781],[-71.0653,42.347814],[-71.065274,42.347785],[-71.065254,42.347795],[-71.065253,42.347799],[-71.065244,42.347838],[-71.065251,42.347844],[-71.065159,42.347887],[-71.065152,42.347881],[-71.064975,42.347854],[-71.064968,42.347879],[-71.064921,42.347901],[-71.064906,42.347956],[-71.064798,42.34794],[-71.06476,42.348073],[-71.064768,42.348079],[-71.064678,42.348123],[-71.064675,42.348118],[-71.064615,42.348109],[-71.064596,42.348118],[-71.064623,42.348148],[-71.064624,42.348148],[-71.064684,42.348162]]]},"properties":{"id":671400,"height_m":5.25,"height_ft":17.21,"structure_type":"BLDG","land_use":"E"}},{"type":"Feature","geometry":{"type":"Polygon","coordinates":[[[-71.064019,42.348187],[-71.064017,42.348194],[-71.063898,42.348177],[-71.063896,42.348177],[-71.063885,42.348181],[-71.06386,42.348177],[-71.063835,42.348173],[-71.063842,42.348147],[-71.063739,42.348131],[-71.063703,42.348126],[-71.063602,42.34811],[-71.063594,42.348138],[-71.063562,42.348133],[-71.063545,42.348131],[-71.063535,42.348118],[-71.063391,42.348097],[-71.063365,42.348193],[-71.063395,42.348197],[-71.063543,42.34822],[-71.063581,42.348225],[-71.063799,42.348258],[-71.063872,42.348269],[-71.063986,42.348286],[-71.06402,42.348291],[-71.064047,42.348191],[-71.064019,42.348187]]]},"properties":{"id":671411,"height_m":12.11,"height_ft":39.75,"structure_type":"BLDG","land_use":"RC"}},{"type":"Feature","geometry":{"type":"Polygon","coordinates":[[[-71.063829,42.348081],[-71.063855,42.348085],[-71.063883,42.347989],[-71.063856,42.347985],[-71.063829,42.348081]]]},"properties":{"id":671413,"height_m":23.27,"height_ft":76.33,"structure_type":"BLDG","land_use":"RC"}},{"type":"Feature","geometry":{"type":"Polygon","coordinates":[[[-71.063391,42.348097],[-71.063535,42.348118],[-71.063606,42.347866],[-71.06346,42.347843],[-71.063391,42.348097]]]},"properties":{"id":671415,"height_m":9.66,"height_ft":31.68,"structure_type":"BLDG","land_use":"RC"}},{"type":"Feature","geometry":{"type":"Polygon","coordinates":[[[-71.056633,42.34926],[-71.056469,42.349583],[-71.056573,42.349612],[-71.056599,42.349564],[-71.056761,42.34923],[-71.056633,42.34926]]]},"properties":{"id":671416,"height_m":23.94,"height_ft":78.54,"structure_type":"BLDG","land_use":"XG"}},{"type":"Feature","geometry":{"type":"Polygon","coordinates":[[[-71.063953,42.352267],[-71.063954,42.352261],[-71.063965,42.352261],[-71.063975,42.352108],[-71.06392,42.352107],[-71.06392,42.352111],[-71.063789,42.352108],[-71.06379,42.352102],[-71.063742,42.3521],[-71.063741,42.352111],[-71.063724,42.35211],[-71.06368,42.352108],[-71.063678,42.352129],[-71.063631,42.352127],[-71.063631,42.352137],[-71.063549,42.352134],[-71.063544,42.352215],[-71.063546,42.352215],[-71.063544,42.352244],[-71.063567,42.352245],[-71.063567,42.352256],[-71.063953,42.352267]]]},"properties":{"id":671417,"height_m":20.95,"height_ft":68.73,"structure_type":"BLDG","land_use":"RC"}},{"type":"Feature","geometry":{"type":"Polygon","coordinates":[[[-71.057962,42.349568],[-71.057959,42.349577],[-71.058313,42.349655],[-71.058407,42.349419],[-71.058054,42.349342],[-71.058004,42.349465],[-71.057962,42.349568]],[[-71.058242,42.34948],[-71.058246,42.34948],[-71.058249,42.349481],[-71.058253,42.349481],[-71.058256,42.349482],[-71.058259,42.349483],[-71.058262,42.349485],[-71.058265,42.349486],[-71.058268,42.349488],[-71.05827,42.34949],[-71.058272,42.349492],[-71.058274,42.349494],[-71.058276,42.349496],[-71.058277,42.349498],[-71.058278,42.349501],[-71.058279,42.349503],[-71.05828,42.349506],[-71.058281,42.349508],[-71.058281,42.349511],[-71.058281,42.349513],[-71.05828,42.349516],[-71.058279,42.349519],[-71.058278,42.349521],[-71.058277,42.349523],[-71.058275,42.349526],[-71.058274,42.349528],[-71.058271,42.34953],[-71.058269,42.349532],[-71.058267,42.349534],[-71.058264,42.349536],[-71.058261,42.349537],[-71.058258,42.349538],[-71.058255,42.349539],[-71.058251,42.34954],[-71.058248,42.349541],[-71.058245,42.349541],[-71.058241,42.349542],[-71.058238,42.349542],[-71.058234,42.349542],[-71.058231,42.349541],[-71.058227,42.349541],[-71.058224,42.34954],[-71.058221,42.349539],[-71.058217,42.349537],[-71.058215,42.349536],[-71.058212,42.349534],[-71.058209,42.349533],[-71.058207,42.349531],[-71.058205,42.349529],[-71.058203,42.349526],[-71.058201,42.349524],[-71.0582,42.349522],[-71.058199,42.349519],[-71.058198,42.349517],[-71.058197,42.349514],[-71.058197,42.349512],[-71.058197,42.349509],[-71.058197,42.349506],[-71.058198,42.349504],[-71.058199,42.349501],[-71.0582,42.349499],[-71.058202,42.349496],[-71.058203,42.349494],[-71.058205,42.349492],[-71.058208,42.34949],[-71.05821,42.349488],[-71.058213,42.349486],[-71.058216,42.349485],[-71.058219,42.349484],[-71.058222,42.349482],[-71.058225,42.349481],[-71.058228,42.349481],[-71.058232,42.34948],[-71.058235,42.34948],[-71.058239,42.34948],[-71.058242,42.34948]],[[-71.058146,42.349481],[-71.058146,42.349484],[-71.058146,42.349486],[-71.058145,42.349489],[-71.058145,42.349492],[-71.058143,42.349494],[-71.058142,42.349496],[-71.05814,42.349499],[-71.058139,42.349501],[-71.058136,42.349503],[-71.058134,42.349505],[-71.058131,42.349507],[-71.058129,42.349508],[-71.058126,42.34951],[-71.058123,42.349511],[-71.058119,42.349512],[-71.058116,42.349513],[-71.058113,42.349513],[-71.058109,42.349514],[-71.058106,42.349514],[-71.058102,42.349514],[-71.058099,42.349514],[-71.058095,42.349513],[-71.058092,42.349513],[-71.058088,42.349512],[-71.058085,42.349511],[-71.058082,42.349509],[-71.058079,42.349508],[-71.058077,42.349506],[-71.058074,42.349504],[-71.058072,42.349502],[-71.05807,42.3495],[-71.058068,42.349498],[-71.058066,42.349496],[-71.058065,42.349493],[-71.058064,42.349491],[-71.058063,42.349488],[-71.058063,42.349486],[-71.058063,42.349483],[-71.058063,42.349481],[-71.058063,42.349478],[-71.058064,42.349475],[-71.058065,42.349473],[-71.058066,42.34947],[-71.058068,42.349468],[-71.05807,42.349466],[-71.058072,42.349464],[-71.058074,42.349462],[-71.058076,42.34946],[-71.058079,42.349458],[-71.058082,42.349457],[-71.058085,42.349456],[-71.058088,42.349454],[-71.058092,42.349454],[-71.058095,42.349453],[-71.058098,42.349452],[-71.058102,42.349452],[-71.058105,42.349452],[-71.058109,42.349452],[-71.058112,42.349453],[-71.058116,42.349453],[-71.058119,42.349454],[-71.058122,42.349455],[-71.058125,42.349456],[-71.058128,42.349458],[-71.058131,42.349459],[-71.058134,42.349461],[-71.058136,42.349463],[-71.058138,42.349464],[-71.05814,42.349466],[-71.058141,42.349469],[-71.058143,42.349471],[-71.058144,42.349474],[-71.058145,42.349476],[-71.058146,42.349479],[-71.058146,42.349481]]]},"properties":{"id":671422,"height_m":37.35,"height_ft":122.55,"structure_type":"BLDG","land_use":"I"}},{"type":"Feature","geometry":{"type":"Polygon","coordinates":[[[-71.064065,42.348018],[-71.064093,42.348022],[-71.064099,42.348001],[-71.064072,42.347997],[-71.064065,42.348018]]]},"properties":{"id":671448,"height_m":23.39,"height_ft":76.74,"structure_type":"BLDG","land_use":"RC"}},{"type":"Feature","geometry":{"type":"Polygon","coordinates":[[[-71.057003,42.350113],[-71.057002,42.350114],[-71.057001,42.350115],[-71.057,42.350116],[-71.056999,42.350117],[-71.056917,42.350269],[-71.05692,42.350269],[-71.056928,42.350267],[-71.056937,42.350266],[-71.056945,42.350266],[-71.056954,42.350266],[-71.057026,42.350123],[-71.057028,42.350121],[-71.057031,42.350119],[-71.057034,42.350117],[-71.057037,42.350115],[-71.057041,42.350114],[-71.057045,42.350113],[-71.057049,42.350113],[-71.057053,42.350113],[-71.057057,42.350113],[-71.057031,42.350107],[-71.057027,42.350107],[-71.057026,42.350107],[-71.057024,42.350107],[-71.057023,42.350107],[-71.057021,42.350107],[-71.05702,42.350107],[-71.057018,42.350108],[-71.057017,42.350108],[-71.057015,42.350108],[-71.057014,42.350108],[-71.057012,42.350109],[-71.057011,42.350109],[-71.057009,42.35011],[-71.057008,42.35011],[-71.057007,42.350111],[-71.057005,42.350112],[-71.057004,42.350112],[-71.057003,42.350113]]]},"properties":{"id":671449,"height_m":39.1,"height_ft":128.28,"structure_type":"BLDG","land_use":"C"}},{"type":"Feature","geometry":{"type":"Polygon","coordinates":[[[-71.05692,42.350098],[-71.056914,42.350109],[-71.056885,42.350167],[-71.056797,42.350339],[-71.0568,42.350339],[-71.056828,42.350343],[-71.056864,42.350331],[-71.056847,42.350306],[-71.056853,42.3503],[-71.056859,42.350295],[-71.056867,42.350289],[-71.056957,42.35011],[-71.056958,42.350109],[-71.056958,42.350108],[-71.056959,42.350107],[-71.05696,42.350106],[-71.05696,42.350105],[-71.056961,42.350104],[-71.056962,42.350104],[-71.056963,42.350103],[-71.056964,42.350102],[-71.056965,42.350101],[-71.056966,42.350101],[-71.056967,42.3501],[-71.056969,42.3501],[-71.05697,42.350099],[-71.056971,42.350099],[-71.056972,42.350098],[-71.056974,42.350098],[-71.056975,42.350098],[-71.056976,42.350098],[-71.056978,42.350097],[-71.056979,42.350097],[-71.056981,42.350097],[-71.056982,42.350097],[-71.056983,42.350097],[-71.056985,42.350097],[-71.056986,42.350098],[-71.056988,42.350098],[-71.056989,42.350098],[-71.05699,42.350099],[-71.05695,42.350087],[-71.056945,42.350086],[-71.056944,42.350087],[-71.05694,42.350087],[-71.056935,42.350088],[-71.05693,42.35009],[-71.056926,42.350092],[-71.056922,42.350095],[-71.05692,42.350098]]]},"properties":{"id":671450,"height_m":27.66,"height_ft":90.75,"structure_type":"BLDG","land_use":"C"}},{"type":"Feature","geometry":{"type":"Polygon","coordinates":[[[-71.057255,42.350489],[-71.057259,42.35049],[-71.057263,42.35049],[-71.057268,42.35049],[-71.057272,42.35049],[-71.057276,42.350489],[-71.05728,42.350487],[-71.057284,42.350485],[-71.057287,42.350483],[-71.057289,42.350481],[-71.057292,42.350478],[-71.057293,42.350475],[-71.057294,42.350472],[-71.057347,42.350197],[-71.057316,42.350191],[-71.057266,42.350445],[-71.057265,42.350448],[-71.057264,42.350451],[-71.057262,42.350454],[-71.057259,42.350456],[-71.057256,42.350459],[-71.057253,42.350461],[-71.057249,42.350462],[-71.057245,42.350464],[-71.057241,42.350464],[-71.057237,42.350465],[-71.057232,42.350465],[-71.057228,42.350464],[-71.057027,42.350412],[-71.057021,42.350416],[-71.057014,42.35042],[-71.057006,42.350424],[-71.057001,42.350426],[-71.057255,42.350489]]]},"properties":{"id":671451,"height_m":35.35,"height_ft":115.99,"structure_type":"BLDG","land_use":"C"}},{"type":"Feature","geometry":{"type":"Polygon","coordinates":[[[-71.056959,42.350107],[-71.056958,42.350108],[-71.056958,42.350109],[-71.056957,42.35011],[-71.056867,42.350289],[-71.056873,42.350285],[-71.05688,42.350281],[-71.056888,42.350278],[-71.056895,42.350275],[-71.056903,42.350272],[-71.056911,42.35027],[-71.056917,42.350269],[-71.056999,42.350117],[-71.057,42.350116],[-71.057001,42.350115],[-71.057002,42.350114],[-71.057003,42.350113],[-71.057004,42.350112],[-71.057005,42.350112],[-71.057007,42.350111],[-71.057008,42.35011],[-71.057009,42.35011],[-71.057011,42.350109],[-71.057012,42.350109],[-71.057014,42.350108],[-71.057015,42.350108],[-71.057017,42.350108],[-71.057018,42.350108],[-71.05702,42.350107],[-71.057021,42.350107],[-71.057023,42.350107],[-71.057024,42.350107],[-71.057026,42.350107],[-71.057027,42.350107],[-71.057031,42.350107],[-71.05699,42.350099],[-71.056989,42.350098],[-71.056988,42.350098],[-71.056986,42.350098],[-71.056985,42.350097],[-71.056983,42.350097],[-71.056982,42.350097],[-71.056981,42.350097],[-71.056979,42.350097],[-71.056978,42.350097],[-71.056976,42.350098],[-71.056975,42.350098],[-71.056974,42.350098],[-71.056972,42.350098],[-71.056971,42.350099],[-71.05697,42.350099],[-71.056969,42.3501],[-71.056967,42.3501],[-71.056966,42.350101],[-71.056965,42.350101],[-71.056964,42.350102],[-71.056963,42.350103],[-71.056962,42.350104],[-71.056961,42.350104],[-71.05696,42.350105],[-71.05696,42.350106],[-71.056959,42.350107]]]},"properties":{"id":671452,"height_m":35.35,"height_ft":115.99,"structure_type":"BLDG","land_use":"C"}},{"type":"Feature","geometry":{"type":"Polygon","coordinates":[[[-71.055342,42.350622],[-71.055354,42.35063],[-71.055358,42.350633],[-71.055367,42.350639],[-71.055379,42.350645],[-71.055381,42.350646],[-71.055387,42.35065],[-71.055395,42.350654],[-71.055409,42.35066],[-71.055415,42.350663],[-71.055424,42.350667],[-71.055428,42.350668],[-71.055439,42.350673],[-71.055451,42.350677],[-71.055454,42.350678],[-71.05547,42.350683],[-71.055486,42.350687],[-71.055502,42.350691],[-71.055505,42.350692],[-71.055519,42.350695],[-71.055529,42.350696],[-71.055535,42.350697],[-71.055546,42.350699],[-71.055552,42.3507],[-71.055567,42.350701],[-71.055569,42.350701],[-71.055586,42.350703],[-71.055591,42.350703],[-71.055603,42.350703],[-71.055615,42.350703],[-71.05562,42.350703],[-71.055637,42.350703],[-71.055654,42.350702],[-71.055671,42.350701],[-71.055678,42.3507],[-71.055687,42.350699],[-71.055704,42.350696],[-71.055708,42.350695],[-71.055721,42.350693],[-71.055724,42.350692],[-71.055737,42.350689],[-71.055747,42.350686],[-71.055753,42.350685],[-71.055769,42.35068],[-71.055782,42.350676],[-71.055784,42.350675],[-71.055799,42.350669],[-71.055814,42.350663],[-71.055815,42.350663],[-71.055828,42.350657],[-71.055842,42.35065],[-71.055856,42.350642],[-71.055869,42.350634],[-71.055882,42.350626],[-71.055894,42.350617],[-71.055899,42.350618],[-71.05592,42.350624],[-71.055934,42.350628],[-71.055957,42.350634],[-71.055978,42.35064],[-71.055997,42.350645],[-71.056125,42.350681],[-71.056154,42.350689],[-71.056171,42.350654],[-71.056238,42.350673],[-71.056263,42.350622],[-71.056194,42.350602],[-71.056197,42.350595],[-71.055991,42.350539],[-71.056083,42.350359],[-71.056128,42.350265],[-71.05623,42.350293],[-71.056188,42.35038],[-71.056291,42.350409],[-71.056296,42.3504],[-71.056305,42.350382],[-71.05632,42.350351],[-71.056339,42.350313],[-71.056408,42.350332],[-71.056434,42.350281],[-71.056367,42.350262],[-71.056381,42.350234],[-71.056405,42.350241],[-71.056407,42.350237],[-71.056635,42.349782],[-71.056609,42.349775],[-71.056615,42.349765],[-71.056626,42.349743],[-71.056654,42.349693],[-71.056662,42.349678],[-71.056617,42.349665],[-71.056662,42.349583],[-71.056657,42.349581],[-71.056653,42.34958],[-71.056607,42.349566],[-71.056601,42.349564],[-71.056599,42.349564],[-71.056573,42.349612],[-71.056469,42.349583],[-71.056633,42.34926],[-71.056761,42.34923],[-71.056775,42.349199],[-71.056765,42.349197],[-71.056759,42.349195],[-71.056685,42.349174],[-71.056676,42.349171],[-71.056617,42.349155],[-71.056607,42.349152],[-71.056596,42.349149],[-71.056529,42.349281],[-71.056473,42.349294],[-71.05645,42.349299],[-71.056422,42.349306],[-71.056393,42.349313],[-71.056376,42.349317],[-71.056298,42.349335],[-71.056273,42.349341],[-71.056247,42.349347],[-71.056224,42.349353],[-71.056196,42.349359],[-71.056174,42.349364],[-71.056096,42.349383],[-71.056071,42.349389],[-71.056047,42.349394],[-71.056024,42.3494],[-71.055998,42.349406],[-71.055973,42.349412],[-71.055894,42.349431],[-71.055861,42.349438],[-71.055795,42.349454],[-71.05577,42.34946],[-71.055694,42.349478],[-71.055671,42.349483],[-71.055605,42.349499],[-71.055596,42.349496],[-71.05557,42.349489],[-71.055563,42.349487],[-71.055493,42.349468],[-71.055487,42.349466],[-71.055393,42.349652],[-71.055387,42.349663],[-71.055305,42.349825],[-71.055025,42.350377],[-71.055043,42.350382],[-71.055071,42.35039],[-71.055114,42.350402],[-71.055256,42.350121],[-71.055311,42.350145],[-71.055172,42.350418],[-71.055173,42.350418],[-71.055195,42.350425],[-71.05522,42.350431],[-71.055223,42.350432],[-71.055224,42.350445],[-71.055227,42.350457],[-71.05523,42.35047],[-71.055233,42.350482],[-71.055238,42.350494],[-71.055243,42.350506],[-71.055243,42.350507],[-71.055248,42.350518],[-71.055255,42.350529],[-71.055256,42.350532],[-71.055262,42.350541],[-71.055269,42.350551],[-71.05527,42.350552],[-71.055278,42.350563],[-71.055282,42.350567],[-71.055287,42.350574],[-71.055296,42.350582],[-71.055297,42.350584],[-71.055307,42.350594],[-71.055313,42.350599],[-71.055318,42.350604],[-71.05533,42.350613],[-71.055342,42.350622]],[[-71.055937,42.35031],[-71.055887,42.350409],[-71.055847,42.350489],[-71.055797,42.35059],[-71.055711,42.350566],[-71.055761,42.350466],[-71.055801,42.350385],[-71.055851,42.350286],[-71.055937,42.35031]],[[-71.055359,42.350049],[-71.055309,42.350035],[-71.055303,42.350027],[-71.055505,42.349622],[-71.055563,42.349638],[-71.055359,42.350049]],[[-71.055626,42.350459],[-71.055624,42.350459],[-71.055621,42.350459],[-71.055618,42.350459],[-71.055616,42.350459],[-71.055613,42.350458],[-71.05561,42.350458],[-71.055607,42.350457],[-71.055605,42.350457],[-71.055602,42.350456],[-71.0556,42.350456],[-71.055597,42.350455],[-71.055594,42.350455],[-71.055592,42.350454],[-71.055589,42.350453],[-71.055587,42.350452],[-71.055584,42.350451],[-71.055582,42.35045],[-71.055579,42.350449],[-71.055577,42.350448],[-71.055575,42.350447],[-71.055572,42.350446],[-71.05557,42.350445],[-71.055568,42.350444],[-71.055566,42.350443],[-71.055564,42.350441],[-71.055562,42.35044],[-71.05556,42.350439],[-71.055558,42.350437],[-71.055556,42.350436],[-71.055554,42.350434],[-71.055552,42.350433],[-71.05555,42.350431],[-71.055549,42.35043],[-71.055547,42.350428],[-71.055546,42.350426],[-71.055544,42.350425],[-71.055543,42.350423],[-71.055541,42.350421],[-71.05554,42.350419],[-71.055539,42.350418],[-71.055537,42.350416],[-71.055536,42.350414],[-71.055535,42.350412],[-71.055534,42.35041],[-71.055533,42.350408],[-71.055533,42.350406],[-71.055532,42.350404],[-71.055531,42.350402],[-71.055531,42.3504],[-71.05553,42.350398],[-71.055529,42.350396],[-71.055529,42.350394],[-71.055529,42.350392],[-71.055529,42.35039],[-71.055528,42.350388],[-71.055528,42.350386],[-71.055528,42.350384],[-71.055528,42.350382],[-71.055528,42.35038],[-71.055529,42.350378],[-71.055529,42.350376],[-71.055529,42.350374],[-71.05553,42.350372],[-71.05553,42.35037],[-71.055531,42.350368],[-71.055531,42.350366],[-71.055532,42.350364],[-71.055533,42.350362],[-71.055534,42.35036],[-71.055534,42.350358],[-71.055535,42.350357],[-71.055536,42.350355],[-71.055538,42.350353],[-71.055539,42.350351],[-71.05554,42.350349],[-71.055541,42.350347],[-71.055543,42.350346],[-71.055544,42.350344],[-71.055546,42.350342],[-71.055547,42.350341],[-71.055549,42.350339],[-71.055551,42.350337],[-71.055552,42.350336],[-71.055554,42.350334],[-71.055556,42.350333],[-71.055558,42.350331],[-71.05556,42.35033],[-71.055562,42.350329],[-71.055564,42.350327],[-71.055566,42.350326],[-71.055568,42.350325],[-71.05557,42.350323],[-71.055573,42.350322],[-71.055575,42.350321],[-71.055577,42.35032],[-71.05558,42.350319],[-71.055582,42.350318],[-71.055585,42.350317],[-71.055587,42.350316],[-71.05559,42.350316],[-71.055592,42.350315],[-71.055595,42.350314],[-71.055597,42.350313],[-71.0556,42.350313],[-71.055602,42.350312],[-71.055605,42.350312],[-71.055608,42.350311],[-71.05561,42.350311],[-71.055613,42.350311],[-71.055616,42.35031],[-71.055619,42.35031],[-71.055621,42.35031],[-71.055624,42.35031],[-71.055627,42.35031],[-71.05563,42.35031],[-71.055632,42.35031],[-71.055635,42.35031],[-71.055638,42.35031],[-71.05564,42.35031],[-71.055643,42.35031],[-71.055646,42.350311],[-71.055649,42.350311],[-71.055651,42.350311],[-71.055654,42.350312],[-71.055657,42.350312],[-71.055659,42.350313],[-71.055662,42.350314],[-71.055664,42.350314],[-71.055667,42.350315],[-71.055669,42.350316],[-71.055672,42.350317],[-71.055674,42.350318],[-71.055677,42.350319],[-71.055679,42.350319],[-71.055682,42.350321],[-71.055684,42.350322],[-71.055686,42.350323],[-71.055688,42.350324],[-71.055691,42.350325],[-71.055693,42.350326],[-71.055695,42.350328],[-71.055697,42.350329],[-71.055699,42.35033],[-71.055701,42.350332],[-71.055703,42.350333],[-71.055705,42.350335],[-71.055707,42.350336],[-71.055708,42.350338],[-71.05571,42.350339],[-71.055712,42.350341],[-71.055713,42.350343],[-71.055715,42.350344],[-71.055716,42.350346],[-71.055718,42.350348],[-71.055719,42.35035],[-71.05572,42.350351],[-71.055721,42.350353],[-71.055722,42.350355],[-71.055723,42.350357],[-71.055724,42.350359],[-71.055725,42.350361],[-71.055726,42.350363],[-71.055727,42.350365],[-71.055728,42.350367],[-71.055728,42.350369],[-71.055729,42.350371],[-71.055729,42.350373],[-71.05573,42.350375],[-71.05573,42.350377],[-71.05573,42.350379],[-71.055731,42.350381],[-71.055731,42.350383],[-71.055731,42.350385],[-71.055731,42.350387],[-71.055731,42.350389],[-71.05573,42.350391],[-71.05573,42.350393],[-71.05573,42.350395],[-71.055729,42.350397],[-71.055729,42.350399],[-71.055728,42.350401],[-71.055728,42.350403],[-71.055727,42.350405],[-71.055726,42.350407],[-71.055725,42.350409],[-71.055724,42.350411],[-71.055723,42.350412],[-71.055722,42.350414],[-71.055721,42.350416],[-71.05572,42.350418],[-71.055719,42.35042],[-71.055718,42.350422],[-71.055716,42.350423],[-71.055715,42.350425],[-71.055713,42.350427],[-71.055712,42.350428],[-71.05571,42.35043],[-71.055708,42.350432],[-71.055707,42.350433],[-71.055705,42.350435],[-71.055703,42.350436],[-71.055701,42.350438],[-71.055699,42.350439],[-71.055697,42.350441],[-71.055695,42.350442],[-71.055693,42.350443],[-71.055691,42.350444],[-71.055688,42.350446],[-71.055686,42.350447],[-71.055684,42.350448],[-71.055681,42.350449],[-71.055679,42.35045],[-71.055677,42.350451],[-71.055674,42.350452],[-71.055672,42.350453],[-71.055669,42.350453],[-71.055667,42.350454],[-71.055664,42.350455],[-71.055662,42.350456],[-71.055659,42.350456],[-71.055656,42.350457],[-71.055654,42.350457],[-71.055651,42.350458],[-71.055648,42.350458],[-71.055646,42.350458],[-71.055643,42.350459],[-71.05564,42.350459],[-71.055637,42.350459],[-71.055635,42.350459],[-71.055632,42.350459],[-71.055629,42.350459],[-71.055626,42.350459]],[[-71.055934,42.349592],[-71.05595,42.349559],[-71.056261,42.349488],[-71.056215,42.349578],[-71.056114,42.3496],[-71.056098,42.349637],[-71.055934,42.349592]],[[-71.056344,42.349835],[-71.056435,42.349652],[-71.056536,42.34968],[-71.056445,42.349863],[-71.056344,42.349835]],[[-71.056222,42.350068],[-71.056313,42.349896],[-71.056413,42.349924],[-71.056358,42.350029],[-71.056222,42.350068]],[[-71.055408,42.350482],[-71.055319,42.350458],[-71.05537,42.350358],[-71.055458,42.350383],[-71.055408,42.350482]],[[-71.055499,42.350302],[-71.055412,42.350278],[-71.055462,42.350178],[-71.055549,42.350202],[-71.055499,42.350302]],[[-71.056368,42.350229],[-71.056337,42.35029],[-71.056246,42.350265],[-71.056276,42.350204],[-71.056368,42.350229]],[[-71.056281,42.350193],[-71.056283,42.350189],[-71.056406,42.35015],[-71.056372,42.350218],[-71.056281,42.350193]],[[-71.05652,42.349859],[-71.056548,42.349867],[-71.056508,42.34995],[-71.056479,42.349942],[-71.05652,42.349859]],[[-71.056389,42.350123],[-71.05643,42.35004],[-71.056457,42.350048],[-71.056417,42.35013],[-71.056389,42.350123]],[[-71.056434,42.350032],[-71.056475,42.34995],[-71.056502,42.349957],[-71.056461,42.350039],[-71.056434,42.350032]],[[-71.056525,42.349852],[-71.056564,42.349774],[-71.056591,42.349781],[-71.056551,42.34986],[-71.056525,42.349852]],[[-71.056574,42.349753],[-71.056599,42.349698],[-71.056627,42.349705],[-71.056602,42.34976],[-71.056574,42.349753]],[[-71.056408,42.350136],[-71.056378,42.350145],[-71.056386,42.35013],[-71.056408,42.350136]],[[-71.056609,42.349682],[-71.056612,42.349677],[-71.05664,42.349684],[-71.056637,42.349689],[-71.056609,42.349682]]]},"properties":{"id":671453,"height_m":18.66,"height_ft":61.22,"structure_type":"BLDG","land_use":"XG"}},{"type":"Feature","geometry":{"type":"Polygon","coordinates":[[[-71.055114,42.350402],[-71.05512,42.350403],[-71.055141,42.350409],[-71.055155,42.350413],[-71.055172,42.350418],[-71.055311,42.350145],[-71.055256,42.350121],[-71.055114,42.350402]]]},"properties":{"id":671454,"height_m":29.79,"height_ft":97.75,"structure_type":"BLDG","land_use":"XG"}},{"type":"Feature","geometry":{"type":"Polygon","coordinates":[[[-71.06434,42.34822],[-71.064365,42.348224],[-71.064376,42.348226],[-71.064513,42.348159],[-71.064596,42.348118],[-71.064615,42.348109],[-71.064525,42.348094],[-71.064545,42.348026],[-71.064693,42.34805],[-71.06469,42.348062],[-71.06476,42.348073],[-71.064798,42.34794],[-71.064906,42.347956],[-71.064921,42.347901],[-71.064968,42.347879],[-71.064975,42.347854],[-71.065152,42.347881],[-71.065169,42.347829],[-71.065146,42.347825],[-71.065177,42.347725],[-71.065271,42.347741],[-71.065254,42.347795],[-71.065274,42.347785],[-71.065318,42.347764],[-71.0653,42.347744],[-71.065318,42.347679],[-71.065319,42.347677],[-71.06525,42.347666],[-71.065257,42.347643],[-71.064894,42.347587],[-71.064878,42.347643],[-71.06484,42.347779],[-71.064735,42.347763],[-71.06472,42.347816],[-71.064503,42.347783],[-71.064503,42.347783],[-71.064429,42.348049],[-71.064407,42.348045],[-71.06439,42.348043],[-71.064389,42.348045],[-71.06434,42.34822]],[[-71.064513,42.348121],[-71.064432,42.348107],[-71.064448,42.348053],[-71.064513,42.348121]]]},"properties":{"id":671467,"height_m":14.11,"height_ft":46.28,"structure_type":"BLDG","land_use":"E"}},{"type":"Feature","geometry":{"type":"Polygon","coordinates":[[[-71.065752,42.348444],[-71.065752,42.348445],[-71.065775,42.348448],[-71.065819,42.348453],[-71.06591,42.348462],[-71.065995,42.348064],[-71.065995,42.348062],[-71.065837,42.348044],[-71.065836,42.348049],[-71.065752,42.348444]],[[-71.065917,42.348258],[-71.065899,42.34835],[-71.06581,42.34834],[-71.065828,42.348248],[-71.065917,42.348258]]]},"properties":{"id":671468,"height_m":35.94,"height_ft":117.9,"structure_type":"BLDG","land_use":"RC"}},{"type":"Feature","geometry":{"type":"Polygon","coordinates":[[[-71.065402,42.350499],[-71.065413,42.3505],[-71.065441,42.350499],[-71.06544,42.350494],[-71.06544,42.350488],[-71.06544,42.350483],[-71.065439,42.350477],[-71.065439,42.350472],[-71.065439,42.350466],[-71.065439,42.35046],[-71.065412,42.350456],[-71.065402,42.350499]]]},"properties":{"id":671469,"height_m":17.41,"height_ft":57.12,"structure_type":"BLDG","land_use":"C"}},{"type":"Feature","geometry":{"type":"Polygon","coordinates":[[[-71.062841,42.349206],[-71.062882,42.349224],[-71.062863,42.349248],[-71.063004,42.349315],[-71.063027,42.349288],[-71.063,42.349276],[-71.063021,42.349251],[-71.062975,42.34923],[-71.062989,42.349214],[-71.06297,42.349177],[-71.062958,42.349171],[-71.062966,42.349161],[-71.062979,42.349145],[-71.06292,42.349121],[-71.062841,42.349206]]]},"properties":{"id":671470,"height_m":14.78,"height_ft":48.48,"structure_type":"BLDG","land_use":"E"}},{"type":"Feature","geometry":{"type":"Polygon","coordinates":[[[-71.056552,42.351747],[-71.056503,42.351875],[-71.057078,42.352025],[-71.057132,42.351739],[-71.057141,42.351687],[-71.057059,42.351648],[-71.057053,42.351656],[-71.056722,42.351498],[-71.056552,42.351747]]]},"properties":{"id":671477,"height_m":50.02,"height_ft":164.1,"structure_type":"BLDG","land_use":"C"}},{"type":"Feature","geometry":{"type":"Polygon","coordinates":[[[-71.057699,42.354619],[-71.057697,42.354622],[-71.057707,42.354625],[-71.057739,42.354635],[-71.057909,42.354363],[-71.057728,42.354303],[-71.057711,42.35433],[-71.05772,42.354333],[-71.057615,42.354496],[-71.057602,42.354492],[-71.057546,42.354581],[-71.057669,42.354619],[-71.057673,42.354611],[-71.057699,42.354619]]]},"properties":{"id":671478,"height_m":23.36,"height_ft":76.66,"structure_type":"BLDG","land_use":"C"}},{"type":"Feature","geometry":{"type":"Polygon","coordinates":[[[-71.063939,42.352429],[-71.06392,42.352627],[-71.063925,42.352627],[-71.063924,42.352637],[-71.064344,42.352661],[-71.064345,42.352657],[-71.064345,42.352657],[-71.064345,42.352657],[-71.064353,42.352644],[-71.064373,42.352435],[-71.064339,42.352409],[-71.063942,42.352395],[-71.063939,42.352429]]]},"properties":{"id":671479,"height_m":38.51,"height_ft":126.36,"structure_type":"BLDG","land_use":"E"}},{"type":"Feature","geometry":{"type":"Polygon","coordinates":[[[-71.063909,42.352792],[-71.063971,42.352795],[-71.064012,42.352797],[-71.064309,42.352812],[-71.064309,42.352812],[-71.064344,42.352661],[-71.063924,42.352637],[-71.063909,42.352792]]]},"properties":{"id":671480,"height_m":47.88,"height_ft":157.08,"structure_type":"BLDG","land_use":"E"}},{"type":"Feature","geometry":{"type":"Polygon","coordinates":[[[-71.060327,42.352375],[-71.060308,42.352378],[-71.060339,42.352504],[-71.060548,42.352506],[-71.060606,42.352497],[-71.0605,42.352135],[-71.060316,42.352167],[-71.060327,42.352204],[-71.060327,42.352204],[-71.060332,42.352219],[-71.060373,42.352211],[-71.060395,42.352333],[-71.060369,42.352328],[-71.060327,42.352375]]]},"properties":{"id":671481,"height_m":30.48,"height_ft":100,"structure_type":"BLDG","land_use":"I"}},{"type":"Feature","geometry":{"type":"Polygon","coordinates":[[[-71.060161,42.352505],[-71.060211,42.352505],[-71.060337,42.352504],[-71.060339,42.352504],[-71.060308,42.352378],[-71.060276,42.352208],[-71.060118,42.352221],[-71.060161,42.352505]]]},"properties":{"id":671482,"height_m":30.79,"height_ft":101.02,"structure_type":"BLDG","land_use":"C"}},{"type":"Feature","geometry":{"type":"Polygon","coordinates":[[[-71.05782,42.354656],[-71.057816,42.354662],[-71.057938,42.3547],[-71.057948,42.35469],[-71.058017,42.354621],[-71.058011,42.354617],[-71.058159,42.35447],[-71.05817,42.354476],[-71.058173,42.354473],[-71.058171,42.354471],[-71.058243,42.3544],[-71.058247,42.354396],[-71.058249,42.354397],[-71.058251,42.354395],[-71.058143,42.354336],[-71.058139,42.35434],[-71.058088,42.35431],[-71.058095,42.354303],[-71.058056,42.354281],[-71.058048,42.354289],[-71.058038,42.354283],[-71.058033,42.354288],[-71.058025,42.354285],[-71.058032,42.354277],[-71.058008,42.354268],[-71.058004,42.354273],[-71.05798,42.354261],[-71.057909,42.354363],[-71.057739,42.354635],[-71.057783,42.354649],[-71.057794,42.354652],[-71.057796,42.354648],[-71.05782,42.354656]]]},"properties":{"id":671483,"height_m":23.61,"height_ft":77.46,"structure_type":"BLDG","land_use":"C"}},{"type":"Feature","geometry":{"type":"Polygon","coordinates":[[[-71.057856,42.354091],[-71.057976,42.354134],[-71.058134,42.353886],[-71.05806,42.353838],[-71.058057,42.353841],[-71.058044,42.353831],[-71.058014,42.353836],[-71.057856,42.354091]]]},"properties":{"id":671484,"height_m":24.12,"height_ft":79.13,"structure_type":"BLDG","land_use":"C"}},{"type":"Feature","geometry":{"type":"Polygon","coordinates":[[[-71.059104,42.353521],[-71.059116,42.35351],[-71.059213,42.35342],[-71.05922,42.353403],[-71.059207,42.353385],[-71.059185,42.353377],[-71.058861,42.353373],[-71.059104,42.353521]]]},"properties":{"id":671485,"height_m":11.59,"height_ft":38.03,"structure_type":"BLDG","land_use":"C"}},{"type":"Feature","geometry":{"type":"Polygon","coordinates":[[[-71.058243,42.354151],[-71.058141,42.354297],[-71.058242,42.354355],[-71.05824,42.354357],[-71.05827,42.354374],[-71.058272,42.354373],[-71.05852,42.354135],[-71.05837,42.354038],[-71.058243,42.354151]]]},"properties":{"id":671486,"height_m":23.04,"height_ft":75.58,"structure_type":"BLDG","land_use":"RC"}},{"type":"Feature","geometry":{"type":"Polygon","coordinates":[[[-71.058068,42.354169],[-71.058195,42.354219],[-71.058243,42.354151],[-71.05837,42.354038],[-71.058367,42.354037],[-71.058222,42.353943],[-71.058221,42.353942],[-71.058068,42.354169]]]},"properties":{"id":671487,"height_m":21.72,"height_ft":71.26,"structure_type":"BLDG","land_use":"C"}},{"type":"Feature","geometry":{"type":"Polygon","coordinates":[[[-71.058144,42.353678],[-71.058264,42.353363],[-71.05823,42.353365],[-71.058229,42.353363],[-71.058208,42.353364],[-71.058208,42.353367],[-71.0582,42.353367],[-71.058199,42.353364],[-71.058175,42.353365],[-71.058176,42.353369],[-71.058162,42.353369],[-71.058161,42.353366],[-71.058122,42.353368],[-71.058123,42.353371],[-71.058106,42.353372],[-71.058106,42.35337],[-71.058083,42.353371],[-71.058083,42.353373],[-71.058078,42.353374],[-71.058078,42.35337],[-71.058054,42.353371],[-71.058054,42.353376],[-71.058021,42.353377],[-71.058016,42.353373],[-71.057985,42.353392],[-71.05798,42.35339],[-71.057961,42.353442],[-71.057955,42.35346],[-71.057953,42.353466],[-71.057949,42.353477],[-71.057938,42.353506],[-71.057933,42.353509],[-71.057947,42.353542],[-71.057951,42.353542],[-71.058144,42.353678]]]},"properties":{"id":671488,"height_m":22.24,"height_ft":72.98,"structure_type":"BLDG","land_use":"C"}},{"type":"Feature","geometry":{"type":"Polygon","coordinates":[[[-71.057976,42.354134],[-71.058068,42.354169],[-71.058221,42.353942],[-71.058142,42.353891],[-71.058134,42.353886],[-71.057976,42.354134]]]},"properties":{"id":671489,"height_m":22.72,"height_ft":74.54,"structure_type":"BLDG","land_use":"C"}},{"type":"Feature","geometry":{"type":"Polygon","coordinates":[[[-71.058035,42.354248],[-71.058085,42.354175],[-71.058068,42.354169],[-71.057976,42.354134],[-71.057856,42.354091],[-71.057809,42.354167],[-71.058,42.354238],[-71.058004,42.35424],[-71.058009,42.354235],[-71.058035,42.354248]]]},"properties":{"id":671490,"height_m":21.93,"height_ft":71.96,"structure_type":"BLDG","land_use":"RC"}},{"type":"Feature","geometry":{"type":"Polygon","coordinates":[[[-71.057726,42.354302],[-71.057728,42.354303],[-71.057909,42.354363],[-71.05798,42.354261],[-71.058,42.354238],[-71.057809,42.354167],[-71.057792,42.354194],[-71.057798,42.354196],[-71.05775,42.354275],[-71.057745,42.354273],[-71.057726,42.354302]]]},"properties":{"id":671491,"height_m":23.07,"height_ft":75.68,"structure_type":"BLDG","land_use":"C"}},{"type":"Feature","geometry":{"type":"Polygon","coordinates":[[[-71.058318,42.353791],[-71.058313,42.353795],[-71.05861,42.353988],[-71.058846,42.353765],[-71.058847,42.353764],[-71.058697,42.353676],[-71.058683,42.353689],[-71.058519,42.353592],[-71.058498,42.353614],[-71.058388,42.353552],[-71.058447,42.353361],[-71.058263,42.353356],[-71.058264,42.353363],[-71.058144,42.353678],[-71.058142,42.35368],[-71.058228,42.353739],[-71.058232,42.353736],[-71.058318,42.353791]]]},"properties":{"id":671492,"height_m":22.46,"height_ft":73.68,"structure_type":"BLDG","land_use":"C"}},{"type":"Feature","geometry":{"type":"Polygon","coordinates":[[[-71.058878,42.353731],[-71.058881,42.353729],[-71.058958,42.353657],[-71.059004,42.353614],[-71.059104,42.353521],[-71.058861,42.353373],[-71.058857,42.353371],[-71.058817,42.353371],[-71.058813,42.353369],[-71.058706,42.353366],[-71.058707,42.353349],[-71.058601,42.353346],[-71.0586,42.353363],[-71.058573,42.353362],[-71.058572,42.353365],[-71.058447,42.353361],[-71.058388,42.353552],[-71.058498,42.353614],[-71.058519,42.353592],[-71.058532,42.35358],[-71.058555,42.353594],[-71.05859,42.353561],[-71.058878,42.353731]]]},"properties":{"id":671493,"height_m":79.77,"height_ft":261.71,"structure_type":"BLDG","land_use":"C"}},{"type":"Feature","geometry":{"type":"Polygon","coordinates":[[[-71.056898,42.35408],[-71.056989,42.35411],[-71.057153,42.354166],[-71.057206,42.354184],[-71.05721,42.354185],[-71.057241,42.354196],[-71.057485,42.354278],[-71.057494,42.354281],[-71.057499,42.354273],[-71.057519,42.354242],[-71.057276,42.354162],[-71.057334,42.354063],[-71.057003,42.353951],[-71.056991,42.353971],[-71.056975,42.353966],[-71.05697,42.353964],[-71.056898,42.35408]]]},"properties":{"id":671494,"height_m":11.01,"height_ft":36.11,"structure_type":"BLDG","land_use":"C"}},{"type":"Feature","geometry":{"type":"Polygon","coordinates":[[[-71.055923,42.352162],[-71.055846,42.352326],[-71.055909,42.352342],[-71.05644,42.352475],[-71.056722,42.35237],[-71.056798,42.352204],[-71.056212,42.352057],[-71.055923,42.352162]]]},"properties":{"id":671495,"height_m":179.92,"height_ft":590.29,"structure_type":"BLDG","land_use":"C"}},{"type":"Feature","geometry":{"type":"Polygon","coordinates":[[[-71.055876,42.352367],[-71.056034,42.352612],[-71.056061,42.352617],[-71.056166,42.352579],[-71.056383,42.3525],[-71.05639,42.352493],[-71.056391,42.35248],[-71.056387,42.352475],[-71.056374,42.352473],[-71.056379,42.35246],[-71.055909,42.352342],[-71.055904,42.352353],[-71.055895,42.352352],[-71.055876,42.352367]]]},"properties":{"id":671496,"height_m":27.36,"height_ft":89.75,"structure_type":"BLDG","land_use":"C"}},{"type":"Feature","geometry":{"type":"Polygon","coordinates":[[[-71.05713,42.352969],[-71.057128,42.352971],[-71.057126,42.352973],[-71.057124,42.352975],[-71.057122,42.352977],[-71.05712,42.352979],[-71.057119,42.352982],[-71.057117,42.352984],[-71.057116,42.352986],[-71.057114,42.352988],[-71.057113,42.352991],[-71.057111,42.352993],[-71.05711,42.352995],[-71.057109,42.352998],[-71.057108,42.353],[-71.057107,42.353003],[-71.057106,42.353005],[-71.057105,42.353007],[-71.057104,42.35301],[-71.057103,42.353012],[-71.057102,42.353015],[-71.057102,42.353017],[-71.057101,42.35302],[-71.057101,42.353022],[-71.0571,42.353025],[-71.0571,42.353027],[-71.0571,42.35303],[-71.057099,42.353032],[-71.057099,42.353035],[-71.057099,42.353038],[-71.057099,42.35304],[-71.057099,42.353043],[-71.0571,42.353045],[-71.0571,42.353048],[-71.0571,42.35305],[-71.057101,42.353053],[-71.057101,42.353055],[-71.057102,42.353058],[-71.057102,42.35306],[-71.057103,42.353063],[-71.057104,42.353065],[-71.057104,42.353068],[-71.057105,42.35307],[-71.057106,42.353073],[-71.057107,42.353075],[-71.057109,42.353077],[-71.05711,42.35308],[-71.057111,42.353082],[-71.057112,42.353085],[-71.057114,42.353087],[-71.057115,42.353089],[-71.057117,42.353091],[-71.057118,42.353094],[-71.05712,42.353096],[-71.057122,42.353098],[-71.057123,42.3531],[-71.057125,42.353102],[-71.057127,42.353105],[-71.057129,42.353107],[-71.057131,42.353109],[-71.057133,42.353111],[-71.057135,42.353113],[-71.057138,42.353115],[-71.05714,42.353117],[-71.057142,42.353118],[-71.057145,42.35312],[-71.057147,42.353122],[-71.057149,42.353124],[-71.057152,42.353126],[-71.057155,42.353127],[-71.057157,42.353129],[-71.05716,42.35313],[-71.057163,42.353132],[-71.057165,42.353133],[-71.057168,42.353135],[-71.057171,42.353136],[-71.057174,42.353138],[-71.057177,42.353139],[-71.05718,42.35314],[-71.057183,42.353142],[-71.057186,42.353143],[-71.057189,42.353144],[-71.057192,42.353145],[-71.057195,42.353146],[-71.057198,42.353147],[-71.057201,42.353148],[-71.057205,42.353149],[-71.057208,42.35315],[-71.057211,42.35315],[-71.057214,42.353151],[-71.057218,42.353152],[-71.057221,42.353152],[-71.057224,42.353153],[-71.057228,42.353153],[-71.057226,42.353162],[-71.057263,42.353165],[-71.057259,42.353188],[-71.057266,42.353188],[-71.057276,42.353127],[-71.057191,42.353119],[-71.057195,42.353096],[-71.057179,42.353095],[-71.057181,42.353087],[-71.057172,42.353072],[-71.057167,42.353051],[-71.057168,42.353024],[-71.057177,42.353003],[-71.057188,42.352988],[-71.057201,42.352975],[-71.057203,42.352968],[-71.057217,42.352969],[-71.05722,42.352946],[-71.057307,42.352954],[-71.057316,42.352897],[-71.057309,42.352896],[-71.057307,42.352903],[-71.057307,42.352903],[-71.057304,42.352917],[-71.057267,42.352913],[-71.057266,42.35292],[-71.057263,42.35292],[-71.057259,42.35292],[-71.057256,42.35292],[-71.057252,42.35292],[-71.057249,42.35292],[-71.057246,42.35292],[-71.057242,42.352921],[-71.057239,42.352921],[-71.057235,42.352921],[-71.057232,42.352922],[-71.057229,42.352922],[-71.057225,42.352923],[-71.057222,42.352923],[-71.057219,42.352924],[-71.057215,42.352924],[-71.057212,42.352925],[-71.057209,42.352926],[-71.057206,42.352927],[-71.057202,42.352928],[-71.057199,42.352929],[-71.057196,42.35293],[-71.057193,42.352931],[-71.05719,42.352932],[-71.057187,42.352933],[-71.057184,42.352934],[-71.057181,42.352935],[-71.057178,42.352936],[-71.057175,42.352938],[-71.057172,42.352939],[-71.057169,42.35294],[-71.057166,42.352942],[-71.057163,42.352943],[-71.057161,42.352945],[-71.057158,42.352947],[-71.057155,42.352948],[-71.057153,42.35295],[-71.05715,42.352952],[-71.057148,42.352953],[-71.057145,42.352955],[-71.057143,42.352957],[-71.05714,42.352959],[-71.057138,42.352961],[-71.057136,42.352963],[-71.057134,42.352965],[-71.057132,42.352967],[-71.05713,42.352969]]]},"properties":{"id":671497,"height_m":76.93,"height_ft":252.39,"structure_type":"BLDG","land_use":"C"}},{"type":"Feature","geometry":{"type":"Polygon","coordinates":[[[-71.055628,42.354474],[-71.055641,42.354487],[-71.055671,42.354591],[-71.056231,42.354504],[-71.056174,42.354302],[-71.056126,42.354308],[-71.056124,42.354313],[-71.056034,42.354324],[-71.056043,42.354337],[-71.055919,42.354368],[-71.05576,42.354407],[-71.055745,42.354392],[-71.055628,42.354474]]]},"properties":{"id":671498,"height_m":35,"height_ft":114.82,"structure_type":"BLDG","land_use":"C"}},{"type":"Feature","geometry":{"type":"Polygon","coordinates":[[[-71.05556,42.353827],[-71.055578,42.353819],[-71.055585,42.353816],[-71.055626,42.353798],[-71.055637,42.353812],[-71.055823,42.353729],[-71.055799,42.353703],[-71.055622,42.353518],[-71.055614,42.353523],[-71.055589,42.353497],[-71.055586,42.353499],[-71.055421,42.353589],[-71.055419,42.353591],[-71.055434,42.353606],[-71.055404,42.353623],[-71.055399,42.353625],[-71.055376,42.353638],[-71.05556,42.353827]]]},"properties":{"id":671499,"height_m":44.33,"height_ft":145.45,"structure_type":"BLDG","land_use":"E"}},{"type":"Feature","geometry":{"type":"Polygon","coordinates":[[[-71.055258,42.35365],[-71.055158,42.353704],[-71.05502,42.35378],[-71.054915,42.353838],[-71.054928,42.35385],[-71.055156,42.35408],[-71.055162,42.354085],[-71.055228,42.354018],[-71.055375,42.353911],[-71.055468,42.353874],[-71.055484,42.353868],[-71.055258,42.35365]]]},"properties":{"id":671500,"height_m":21.16,"height_ft":69.43,"structure_type":"BLDG","land_use":"I"}},{"type":"Feature","geometry":{"type":"Polygon","coordinates":[[[-71.055872,42.353669],[-71.055799,42.353703],[-71.055823,42.353729],[-71.055915,42.353689],[-71.055913,42.353686],[-71.05596,42.353665],[-71.055962,42.353667],[-71.056064,42.353622],[-71.056023,42.353542],[-71.05602,42.353543],[-71.055965,42.353436],[-71.055937,42.353383],[-71.055942,42.353381],[-71.055939,42.353377],[-71.055936,42.35337],[-71.055919,42.353337],[-71.055897,42.353294],[-71.055849,42.353321],[-71.055813,42.353341],[-71.055804,42.353345],[-71.055799,42.353348],[-71.0558,42.353349],[-71.055736,42.353385],[-71.055727,42.353389],[-71.055715,42.353396],[-71.055706,42.353401],[-71.055663,42.353425],[-71.05566,42.353422],[-71.055647,42.353429],[-71.055638,42.353434],[-71.055582,42.353464],[-71.055573,42.353469],[-71.055584,42.35348],[-71.055622,42.353518],[-71.055691,42.353481],[-71.055872,42.353669]]]},"properties":{"id":671501,"height_m":27.24,"height_ft":89.38,"structure_type":"BLDG","land_use":"C"}},{"type":"Feature","geometry":{"type":"Polygon","coordinates":[[[-71.055622,42.353518],[-71.055799,42.353703],[-71.055872,42.353669],[-71.055691,42.353481],[-71.055622,42.353518]]]},"properties":{"id":671502,"height_m":27.24,"height_ft":89.38,"structure_type":"BLDG","land_use":"C"}},{"type":"Feature","geometry":{"type":"Polygon","coordinates":[[[-71.056787,42.353755],[-71.056675,42.353796],[-71.056712,42.353856],[-71.056977,42.35377],[-71.056982,42.353769],[-71.056981,42.353743],[-71.056974,42.353639],[-71.056831,42.35369],[-71.056774,42.353606],[-71.056966,42.353521],[-71.056964,42.353493],[-71.056971,42.353492],[-71.056956,42.35343],[-71.056948,42.353395],[-71.056941,42.353395],[-71.05692,42.353398],[-71.056898,42.353402],[-71.056877,42.353407],[-71.056856,42.353413],[-71.056836,42.353419],[-71.056816,42.353425],[-71.056796,42.353433],[-71.056776,42.353441],[-71.056757,42.353449],[-71.056521,42.353559],[-71.05653,42.35357],[-71.056569,42.353632],[-71.056682,42.353584],[-71.056787,42.353755]]]},"properties":{"id":671503,"height_m":38.61,"height_ft":126.67,"structure_type":"BLDG","land_use":"C"}},{"type":"Feature","geometry":{"type":"Polygon","coordinates":[[[-71.056391,42.35248],[-71.05639,42.352493],[-71.056383,42.3525],[-71.056166,42.352579],[-71.056147,42.352607],[-71.056276,42.352641],[-71.056859,42.352484],[-71.056874,42.352465],[-71.056889,42.352445],[-71.056903,42.352425],[-71.056916,42.352405],[-71.056928,42.352384],[-71.05694,42.352364],[-71.056951,42.352343],[-71.056962,42.352321],[-71.056971,42.3523],[-71.05698,42.352279],[-71.056988,42.352257],[-71.057,42.352232],[-71.05699,42.352229],[-71.056333,42.352064],[-71.056249,42.352043],[-71.056202,42.352031],[-71.056166,42.352044],[-71.056134,42.352056],[-71.05594,42.352127],[-71.055923,42.352162],[-71.056212,42.352057],[-71.056798,42.352204],[-71.056722,42.35237],[-71.05644,42.352475],[-71.056379,42.35246],[-71.056374,42.352473],[-71.056387,42.352475],[-71.056391,42.35248]]]},"properties":{"id":671504,"height_m":52.27,"height_ft":171.48,"structure_type":"BLDG","land_use":"C"}},{"type":"Feature","geometry":{"type":"Polygon","coordinates":[[[-71.059283,42.352791],[-71.059285,42.352799],[-71.05931,42.352801],[-71.059338,42.353013],[-71.05937,42.35301],[-71.05936,42.352946],[-71.059352,42.352894],[-71.05935,42.352878],[-71.059341,42.352821],[-71.059339,42.352807],[-71.059345,42.352807],[-71.059337,42.352738],[-71.059341,42.352738],[-71.059318,42.352574],[-71.058902,42.352524],[-71.058901,42.352532],[-71.058885,42.35253],[-71.058874,42.352583],[-71.058873,42.352588],[-71.058176,42.352542],[-71.058151,42.352558],[-71.058142,42.35255],[-71.058071,42.352594],[-71.058079,42.352601],[-71.058055,42.352616],[-71.058017,42.35285],[-71.058011,42.352884],[-71.058004,42.352927],[-71.058089,42.352931],[-71.058094,42.352898],[-71.058139,42.352902],[-71.05814,42.352897],[-71.058145,42.352862],[-71.058092,42.352859],[-71.058097,42.352814],[-71.058042,42.352811],[-71.058045,42.352784],[-71.058065,42.352629],[-71.058126,42.352633],[-71.058131,42.352588],[-71.058177,42.352591],[-71.058182,42.352549],[-71.058754,42.352587],[-71.058749,42.352628],[-71.058802,42.352632],[-71.058798,42.352668],[-71.058851,42.352671],[-71.058838,42.352776],[-71.058889,42.352777],[-71.058889,42.352769],[-71.059283,42.352791]],[[-71.059322,42.352726],[-71.059257,42.352732],[-71.059175,42.352728],[-71.059175,42.352712],[-71.059058,42.3527],[-71.059055,42.352723],[-71.058991,42.352719],[-71.058996,42.352693],[-71.058888,42.352681],[-71.05889,42.352662],[-71.058886,42.352662],[-71.058897,42.352545],[-71.059303,42.352593],[-71.059309,42.352644],[-71.059296,42.352646],[-71.059301,42.352676],[-71.059312,42.352675],[-71.059322,42.352726]]]},"properties":{"id":671505,"height_m":119.12,"height_ft":390.81,"structure_type":"BLDG","land_use":"C"}},{"type":"Feature","geometry":{"type":"Polygon","coordinates":[[[-71.059659,42.353965],[-71.059745,42.354017],[-71.059769,42.353996],[-71.059795,42.353973],[-71.059707,42.353921],[-71.059659,42.353965]]]},"properties":{"id":671506,"height_m":8.98,"height_ft":29.46,"structure_type":"BLDG","land_use":"C"}},{"type":"Feature","geometry":{"type":"Polygon","coordinates":[[[-71.059577,42.353511],[-71.059592,42.35352],[-71.059633,42.353544],[-71.059636,42.353547],[-71.059638,42.353551],[-71.059639,42.353554],[-71.059639,42.353558],[-71.059638,42.353562],[-71.059619,42.353579],[-71.059664,42.353606],[-71.059789,42.35348],[-71.059662,42.353426],[-71.059658,42.353425],[-71.059577,42.353511]]]},"properties":{"id":671507,"height_m":8.9,"height_ft":29.2,"structure_type":"BLDG","land_use":"C"}},{"type":"Feature","geometry":{"type":"Polygon","coordinates":[[[-71.05988,42.353282],[-71.059895,42.35329],[-71.060009,42.353168],[-71.060084,42.353206],[-71.060198,42.353083],[-71.060183,42.353075],[-71.060129,42.353047],[-71.060156,42.353018],[-71.060152,42.353015],[-71.060028,42.352952],[-71.059736,42.352806],[-71.059657,42.352762],[-71.059553,42.352772],[-71.059559,42.352814],[-71.059606,42.353106],[-71.059612,42.353145],[-71.05988,42.353282]]]},"properties":{"id":671508,"height_m":31.74,"height_ft":104.14,"structure_type":"BLDG","land_use":"I"}},{"type":"Feature","geometry":{"type":"Polygon","coordinates":[[[-71.059531,42.352816],[-71.059577,42.353108],[-71.059606,42.353106],[-71.059559,42.352814],[-71.059531,42.352816]]]},"properties":{"id":671509,"height_m":10.74,"height_ft":35.22,"structure_type":"BLDG","land_use":"I"}},{"type":"Feature","geometry":{"type":"Polygon","coordinates":[[[-71.060084,42.353206],[-71.060096,42.353212],[-71.060099,42.353214],[-71.060176,42.353253],[-71.06021,42.353271],[-71.060325,42.353148],[-71.060289,42.353129],[-71.060214,42.353091],[-71.060198,42.353083],[-71.060084,42.353206]]]},"properties":{"id":671510,"height_m":23.88,"height_ft":78.34,"structure_type":"BLDG","land_use":"I"}},{"type":"Feature","geometry":{"type":"Polygon","coordinates":[[[-71.061277,42.35336],[-71.061284,42.353363],[-71.061342,42.353234],[-71.06136,42.353145],[-71.061317,42.353123],[-71.061278,42.353165],[-71.061211,42.353132],[-71.061159,42.35319],[-71.061073,42.353148],[-71.061125,42.35309],[-71.061054,42.353055],[-71.061094,42.35301],[-71.060971,42.35295],[-71.060815,42.353125],[-71.06081,42.353131],[-71.061277,42.35336]]]},"properties":{"id":671511,"height_m":38.71,"height_ft":127.01,"structure_type":"BLDG","land_use":"C"}},{"type":"Feature","geometry":{"type":"Polygon","coordinates":[[[-71.061211,42.353132],[-71.061278,42.353165],[-71.061317,42.353123],[-71.06136,42.353145],[-71.06134,42.352871],[-71.061255,42.35288],[-71.06112,42.352809],[-71.061104,42.352801],[-71.061103,42.352802],[-71.060971,42.35295],[-71.061094,42.35301],[-71.061054,42.353055],[-71.061125,42.35309],[-71.061211,42.353132]]]},"properties":{"id":671512,"height_m":38.71,"height_ft":127.01,"structure_type":"BLDG","land_use":"C"}},{"type":"Feature","geometry":{"type":"Polygon","coordinates":[[[-71.061255,42.35288],[-71.06134,42.352871],[-71.061339,42.35287],[-71.061347,42.35287],[-71.061336,42.35258],[-71.061194,42.352592],[-71.061142,42.352783],[-71.061141,42.352785],[-71.06112,42.352809],[-71.061255,42.35288]]]},"properties":{"id":671513,"height_m":38.37,"height_ft":125.87,"structure_type":"BLDG","land_use":"RC"}},{"type":"Feature","geometry":{"type":"Polygon","coordinates":[[[-71.060197,42.35274],[-71.060326,42.352759],[-71.060353,42.352761],[-71.060338,42.35264],[-71.060329,42.35264],[-71.060263,42.35264],[-71.060264,42.352647],[-71.060188,42.352643],[-71.060188,42.352646],[-71.060197,42.35274]]]},"properties":{"id":671514,"height_m":8.06,"height_ft":26.45,"structure_type":"BLDG","land_use":"C"}},{"type":"Feature","geometry":{"type":"Polygon","coordinates":[[[-71.061315,42.351674],[-71.061326,42.351726],[-71.061352,42.351859],[-71.061624,42.351848],[-71.061641,42.351847],[-71.06164,42.351832],[-71.061607,42.35166],[-71.061532,42.351664],[-71.061514,42.351538],[-71.061513,42.351535],[-71.061289,42.351543],[-71.061315,42.351674]]]},"properties":{"id":671515,"height_m":32.02,"height_ft":105.04,"structure_type":"BLDG","land_use":"C"}},{"type":"Feature","geometry":{"type":"Polygon","coordinates":[[[-71.061627,42.351891],[-71.061638,42.352035],[-71.061638,42.352037],[-71.061697,42.352035],[-71.06169,42.351899],[-71.062111,42.351866],[-71.062113,42.351886],[-71.062148,42.351881],[-71.06213,42.351739],[-71.062193,42.351747],[-71.062187,42.351691],[-71.062209,42.351553],[-71.06213,42.351536],[-71.062023,42.351525],[-71.061514,42.351538],[-71.061532,42.351664],[-71.061607,42.35166],[-71.06164,42.351832],[-71.061649,42.351832],[-71.061649,42.351829],[-71.061671,42.351828],[-71.061671,42.35183],[-71.061681,42.35183],[-71.061681,42.351828],[-71.061732,42.351826],[-71.061732,42.351827],[-71.061744,42.351826],[-71.061744,42.351822],[-71.061817,42.351819],[-71.061817,42.351822],[-71.061832,42.351821],[-71.061831,42.351819],[-71.061878,42.351817],[-71.061878,42.351819],[-71.061892,42.351818],[-71.061892,42.351816],[-71.061937,42.351815],[-71.061938,42.35182],[-71.061947,42.35182],[-71.061947,42.351818],[-71.062029,42.351814],[-71.062029,42.351817],[-71.062042,42.351816],[-71.062043,42.351818],[-71.062047,42.351818],[-71.062048,42.351832],[-71.061684,42.351847],[-71.061685,42.351851],[-71.061625,42.351853],[-71.061627,42.351891]]]},"properties":{"id":671516,"height_m":29.1,"height_ft":95.46,"structure_type":"BLDG","land_use":"C"}},{"type":"Feature","geometry":{"type":"Polygon","coordinates":[[[-71.062205,42.352366],[-71.062206,42.352372],[-71.062361,42.35236],[-71.062481,42.35235],[-71.062499,42.352341],[-71.062515,42.352288],[-71.062533,42.35223],[-71.062568,42.352116],[-71.06257,42.352112],[-71.062561,42.352111],[-71.062249,42.352081],[-71.06223,42.352201],[-71.062186,42.352194],[-71.062205,42.352366]]]},"properties":{"id":671517,"height_m":21.9,"height_ft":71.86,"structure_type":"BLDG","land_use":"C"}},{"type":"Feature","geometry":{"type":"Polygon","coordinates":[[[-71.060709,42.352497],[-71.061084,42.352464],[-71.061117,42.352277],[-71.061041,42.352292],[-71.061028,42.352262],[-71.060841,42.352292],[-71.060776,42.352083],[-71.060742,42.351969],[-71.060551,42.351995],[-71.060709,42.352497]]]},"properties":{"id":671518,"height_m":39.93,"height_ft":131,"structure_type":"BLDG","land_use":"I"}},{"type":"Feature","geometry":{"type":"Polygon","coordinates":[[[-71.060841,42.352292],[-71.061028,42.352262],[-71.061041,42.352292],[-71.061117,42.352277],[-71.061116,42.352254],[-71.061125,42.352254],[-71.061106,42.352027],[-71.060795,42.352076],[-71.060795,42.352078],[-71.060776,42.352083],[-71.060841,42.352292]]]},"properties":{"id":671519,"height_m":12.44,"height_ft":40.81,"structure_type":"BLDG","land_use":"I"}},{"type":"Feature","geometry":{"type":"Polygon","coordinates":[[[-71.060551,42.351994],[-71.060551,42.351994],[-71.060551,42.351995],[-71.060742,42.351969],[-71.06074,42.351962],[-71.060737,42.351962],[-71.060656,42.351696],[-71.060526,42.351718],[-71.06047,42.351727],[-71.060551,42.351994]]]},"properties":{"id":671520,"height_m":19.98,"height_ft":65.56,"structure_type":"BLDG","land_use":"A"}},{"type":"Feature","geometry":{"type":"Polygon","coordinates":[[[-71.056112,42.354258],[-71.055996,42.354274],[-71.056034,42.354324],[-71.056124,42.354313],[-71.056126,42.354308],[-71.056174,42.354302],[-71.05619,42.3543],[-71.056092,42.353765],[-71.055891,42.353852],[-71.055898,42.353909],[-71.056036,42.353849],[-71.056112,42.354258]]]},"properties":{"id":671524,"height_m":39.56,"height_ft":129.81,"structure_type":"BLDG","land_use":"C"}},{"type":"Feature","geometry":{"type":"Polygon","coordinates":[[[-71.056345,42.353902],[-71.056347,42.353906],[-71.05635,42.353911],[-71.056353,42.353915],[-71.056357,42.353918],[-71.056362,42.353922],[-71.056367,42.353925],[-71.056372,42.353927],[-71.056378,42.353929],[-71.056385,42.35393],[-71.056391,42.35393],[-71.056397,42.35393],[-71.056471,42.353921],[-71.056459,42.353885],[-71.056394,42.353895],[-71.056358,42.353685],[-71.056414,42.353656],[-71.056391,42.353626],[-71.05634,42.35365],[-71.056334,42.353653],[-71.056328,42.353657],[-71.056324,42.35366],[-71.056319,42.353664],[-71.056316,42.353669],[-71.056313,42.353674],[-71.056311,42.353679],[-71.05631,42.353684],[-71.056309,42.353689],[-71.05631,42.353694],[-71.056345,42.353902]]]},"properties":{"id":671525,"height_m":59.31,"height_ft":194.58,"structure_type":"BLDG","land_use":"C"}},{"type":"Feature","geometry":{"type":"Polygon","coordinates":[[[-71.05762,42.353144],[-71.057671,42.353149],[-71.057665,42.353189],[-71.057731,42.353195],[-71.057796,42.352781],[-71.057775,42.352779],[-71.057776,42.35277],[-71.057748,42.352767],[-71.057749,42.352759],[-71.057742,42.352759],[-71.057742,42.352755],[-71.057723,42.352747],[-71.057703,42.352739],[-71.057688,42.352735],[-71.057668,42.352733],[-71.057647,42.352734],[-71.05762,42.352738],[-71.057597,42.352742],[-71.057597,42.352746],[-71.057586,42.352745],[-71.057585,42.35275],[-71.05756,42.352748],[-71.057559,42.352759],[-71.057549,42.352758],[-71.057548,42.352762],[-71.057532,42.352761],[-71.057529,42.352778],[-71.057509,42.352907],[-71.057393,42.352897],[-71.057392,42.3529],[-71.057341,42.352896],[-71.057342,42.352891],[-71.05731,42.352888],[-71.057309,42.352896],[-71.057316,42.352897],[-71.057415,42.352905],[-71.057409,42.35294],[-71.057604,42.352958],[-71.057609,42.352923],[-71.057708,42.352932],[-71.057696,42.353006],[-71.057643,42.353001],[-71.05762,42.353144]]]},"properties":{"id":671526,"height_m":77.02,"height_ft":252.68,"structure_type":"BLDG","land_use":"C"}},{"type":"Feature","geometry":{"type":"Polygon","coordinates":[[[-71.06599,42.352165],[-71.06608,42.35217],[-71.066082,42.352156],[-71.06627,42.352169],[-71.066279,42.352029],[-71.066286,42.352029],[-71.066295,42.351885],[-71.066029,42.351867],[-71.066028,42.351867],[-71.066019,42.351935],[-71.066023,42.351936],[-71.066022,42.351939],[-71.066013,42.352005],[-71.066012,42.352014],[-71.066009,42.352034],[-71.066008,42.352038],[-71.066005,42.352059],[-71.066004,42.352064],[-71.066001,42.352085],[-71.065996,42.352125],[-71.065993,42.352144],[-71.06599,42.352165]],[[-71.066082,42.351947],[-71.066081,42.351951],[-71.066274,42.351965],[-71.066267,42.352018],[-71.066027,42.352],[-71.066034,42.351948],[-71.066049,42.351949],[-71.06605,42.351945],[-71.066082,42.351947]]]},"properties":{"id":671573,"height_m":13.51,"height_ft":44.33,"structure_type":"BLDG","land_use":"C"}},{"type":"Feature","geometry":{"type":"Polygon","coordinates":[[[-71.066051,42.352386],[-71.066051,42.352391],[-71.066063,42.352392],[-71.06608,42.35217],[-71.06599,42.352165],[-71.065987,42.352165],[-71.065985,42.352191],[-71.065984,42.352213],[-71.065983,42.352218],[-71.065967,42.352225],[-71.065966,42.35224],[-71.065977,42.35225],[-71.065976,42.352258],[-71.065964,42.352267],[-71.065963,42.352281],[-71.065975,42.352291],[-71.065975,42.352299],[-71.06596,42.352308],[-71.065959,42.352322],[-71.065971,42.352331],[-71.065967,42.352387],[-71.065981,42.352388],[-71.065981,42.352383],[-71.066051,42.352386]]]},"properties":{"id":671577,"height_m":25.17,"height_ft":82.59,"structure_type":"BLDG","land_use":"CM"}},{"type":"Feature","geometry":{"type":"Polygon","coordinates":[[[-71.060646,42.352822],[-71.0607,42.35283],[-71.060851,42.352905],[-71.060873,42.35288],[-71.060905,42.352844],[-71.060951,42.352792],[-71.060956,42.352786],[-71.060958,42.352784],[-71.060963,42.352778],[-71.060967,42.352771],[-71.060971,42.352765],[-71.060973,42.352762],[-71.060976,42.352756],[-71.060981,42.352746],[-71.060985,42.352736],[-71.060988,42.352727],[-71.06099,42.35272],[-71.060992,42.35271],[-71.060994,42.3527],[-71.060995,42.352689],[-71.060995,42.352679],[-71.060994,42.352666],[-71.060993,42.352658],[-71.060985,42.352601],[-71.060954,42.352604],[-71.060554,42.352642],[-71.060476,42.352641],[-71.060475,42.352641],[-71.060497,42.352778],[-71.060639,42.352766],[-71.060646,42.352822]]]},"properties":{"id":671578,"height_m":30.6,"height_ft":100.4,"structure_type":"BLDG","land_use":"C"}},{"type":"Feature","geometry":{"type":"Polygon","coordinates":[[[-71.059053,42.353268],[-71.059165,42.353272],[-71.059165,42.35327],[-71.05925,42.353267],[-71.05925,42.35327],[-71.059264,42.353266],[-71.059276,42.353263],[-71.059287,42.353259],[-71.059298,42.353255],[-71.059309,42.35325],[-71.059319,42.353244],[-71.059329,42.353238],[-71.059338,42.353232],[-71.059347,42.353225],[-71.059355,42.353218],[-71.059363,42.35321],[-71.059369,42.353202],[-71.059375,42.353194],[-71.059381,42.353185],[-71.059385,42.353177],[-71.059389,42.353168],[-71.059392,42.353157],[-71.059388,42.353157],[-71.059385,42.353095],[-71.05939,42.353095],[-71.059376,42.35301],[-71.05937,42.35301],[-71.059338,42.353013],[-71.05931,42.352801],[-71.059285,42.352799],[-71.059283,42.352791],[-71.058889,42.352769],[-71.058889,42.352777],[-71.058838,42.352776],[-71.058831,42.352837],[-71.058829,42.35285],[-71.058828,42.352861],[-71.058775,42.352858],[-71.058769,42.352904],[-71.058716,42.3529],[-71.058712,42.352935],[-71.058705,42.352935],[-71.058679,42.352933],[-71.05814,42.352897],[-71.058139,42.352902],[-71.058517,42.352933],[-71.058516,42.352945],[-71.058289,42.352927],[-71.058285,42.352952],[-71.058151,42.352941],[-71.058152,42.352937],[-71.058089,42.352931],[-71.058004,42.352927],[-71.057997,42.352927],[-71.057947,42.353231],[-71.05799,42.353263],[-71.058104,42.353257],[-71.058104,42.353251],[-71.058332,42.353239],[-71.058333,42.353246],[-71.058472,42.353238],[-71.058486,42.353238],[-71.058509,42.352998],[-71.058543,42.353001],[-71.058515,42.353228],[-71.058607,42.353238],[-71.05873,42.353252],[-71.058731,42.353245],[-71.059053,42.353259],[-71.059053,42.353268]],[[-71.059179,42.35318],[-71.058984,42.353166],[-71.059001,42.353029],[-71.059038,42.353032],[-71.059061,42.352848],[-71.059216,42.352859],[-71.059196,42.353015],[-71.059239,42.353018],[-71.059224,42.353136],[-71.059185,42.353133],[-71.059179,42.35318]],[[-71.058968,42.35305],[-71.058955,42.353161],[-71.058778,42.353149],[-71.058791,42.353038],[-71.058968,42.35305]]]},"properties":{"id":671580,"height_m":30.36,"height_ft":99.59,"structure_type":"BLDG","land_use":"C"}},{"type":"Feature","geometry":{"type":"Polygon","coordinates":[[[-71.05717,42.353637],[-71.057168,42.35364],[-71.057139,42.353688],[-71.056984,42.35394],[-71.056989,42.353942],[-71.057242,42.354027],[-71.057259,42.353999],[-71.057173,42.35397],[-71.057385,42.353625],[-71.057474,42.353653],[-71.057549,42.353532],[-71.057554,42.353522],[-71.057546,42.353519],[-71.057544,42.353519],[-71.057473,42.353495],[-71.057466,42.353492],[-71.057389,42.353466],[-71.057382,42.353464],[-71.057312,42.35344],[-71.057295,42.353434],[-71.057287,42.353446],[-71.057263,42.353486],[-71.057261,42.353488],[-71.057232,42.353536],[-71.057229,42.35354],[-71.057202,42.353585],[-71.057199,42.353589],[-71.05717,42.353637]]]},"properties":{"id":671581,"height_m":106.28,"height_ft":348.7,"structure_type":"BLDG","land_use":"C"}},{"type":"Feature","geometry":{"type":"Polygon","coordinates":[[[-71.057535,42.354247],[-71.057624,42.354102],[-71.057633,42.354088],[-71.057637,42.354081],[-71.057644,42.35407],[-71.057657,42.354049],[-71.057659,42.354045],[-71.057688,42.353998],[-71.05769,42.353995],[-71.057719,42.353948],[-71.057721,42.353944],[-71.057749,42.353899],[-71.057751,42.353895],[-71.05778,42.353849],[-71.057782,42.353845],[-71.05781,42.353799],[-71.057813,42.353795],[-71.057838,42.353754],[-71.057846,42.353741],[-71.057835,42.353737],[-71.057764,42.353713],[-71.057759,42.353712],[-71.057679,42.353685],[-71.057673,42.353682],[-71.057606,42.35366],[-71.0576,42.353658],[-71.057588,42.353654],[-71.057568,42.353685],[-71.057744,42.353748],[-71.057533,42.354095],[-71.057353,42.354031],[-71.057334,42.354063],[-71.057276,42.354162],[-71.057519,42.354242],[-71.057519,42.354242],[-71.057535,42.354247]]]},"properties":{"id":671582,"height_m":106.28,"height_ft":348.7,"structure_type":"BLDG","land_use":"C"}},{"type":"Feature","geometry":{"type":"Polygon","coordinates":[[[-71.059395,42.354312],[-71.059549,42.354171],[-71.059556,42.354175],[-71.059608,42.354127],[-71.059612,42.354124],[-71.059414,42.353996],[-71.059406,42.354004],[-71.059394,42.354083],[-71.059133,42.354047],[-71.058944,42.354227],[-71.059005,42.354271],[-71.059011,42.354265],[-71.059395,42.354312]]]},"properties":{"id":671584,"height_m":43.86,"height_ft":143.89,"structure_type":"BLDG","land_use":"C"}},{"type":"Feature","geometry":{"type":"Polygon","coordinates":[[[-71.059682,42.353588],[-71.059998,42.35377],[-71.060133,42.353635],[-71.059811,42.353458],[-71.059789,42.35348],[-71.059682,42.353588]]]},"properties":{"id":671585,"height_m":39.08,"height_ft":128.22,"structure_type":"BLDG","land_use":"A"}},{"type":"Feature","geometry":{"type":"Polygon","coordinates":[[[-71.059561,42.353734],[-71.05975,42.353848],[-71.059795,42.353807],[-71.059603,42.353695],[-71.059561,42.353734]]]},"properties":{"id":671586,"height_m":39.08,"height_ft":128.22,"structure_type":"BLDG","land_use":"C"}},{"type":"Feature","geometry":{"type":"Polygon","coordinates":[[[-71.05941,42.353411],[-71.059577,42.353511],[-71.059658,42.353425],[-71.059597,42.353398],[-71.059596,42.353398],[-71.059532,42.353395],[-71.059496,42.353393],[-71.059432,42.35339],[-71.05941,42.353411]]]},"properties":{"id":671587,"height_m":39.08,"height_ft":128.22,"structure_type":"BLDG","land_use":"RC"}},{"type":"Feature","geometry":{"type":"Polygon","coordinates":[[[-71.060273,42.352855],[-71.06027,42.35286],[-71.060268,42.352864],[-71.06039,42.352924],[-71.060458,42.352958],[-71.060699,42.353076],[-71.060851,42.352905],[-71.0607,42.35283],[-71.060646,42.352822],[-71.060639,42.352766],[-71.060497,42.352778],[-71.060475,42.352641],[-71.060338,42.35264],[-71.060353,42.352761],[-71.060326,42.352759],[-71.060273,42.352855]]]},"properties":{"id":671588,"height_m":21.7,"height_ft":71.18,"structure_type":"BLDG","land_use":"E"}},{"type":"Feature","geometry":{"type":"Polygon","coordinates":[[[-71.056369,42.353472],[-71.056404,42.353486],[-71.05666,42.353366],[-71.05665,42.353319],[-71.056638,42.353263],[-71.056438,42.35318],[-71.056426,42.353175],[-71.056348,42.353143],[-71.056338,42.353139],[-71.056251,42.353103],[-71.056242,42.353099],[-71.056237,42.353097],[-71.055998,42.353225],[-71.055999,42.353228],[-71.056001,42.353237],[-71.05602,42.353309],[-71.056026,42.35333],[-71.056369,42.353472]],[[-71.056502,42.353324],[-71.056387,42.353377],[-71.056136,42.353274],[-71.056241,42.353215],[-71.056502,42.353324]]]},"properties":{"id":671589,"height_m":65.72,"height_ft":215.61,"structure_type":"BLDG","land_use":"C"}},{"type":"Feature","geometry":{"type":"Polygon","coordinates":[[[-71.054392,42.354238],[-71.054403,42.354242],[-71.054409,42.354249],[-71.054413,42.354259],[-71.054422,42.354269],[-71.054433,42.354273],[-71.054439,42.35428],[-71.054441,42.354289],[-71.05445,42.354297],[-71.054461,42.354303],[-71.054467,42.354309],[-71.05447,42.354319],[-71.05448,42.354329],[-71.05449,42.354334],[-71.054496,42.35434],[-71.0545,42.35435],[-71.054508,42.354359],[-71.054519,42.354363],[-71.054525,42.35437],[-71.054527,42.354379],[-71.054536,42.354388],[-71.054549,42.354394],[-71.054554,42.3544],[-71.054558,42.35441],[-71.054567,42.354419],[-71.054577,42.354423],[-71.054583,42.35443],[-71.054586,42.35444],[-71.054595,42.354449],[-71.054606,42.354454],[-71.054613,42.354461],[-71.054619,42.354471],[-71.054632,42.354477],[-71.054647,42.354478],[-71.054657,42.35448],[-71.054669,42.354485],[-71.054686,42.354485],[-71.0547,42.354479],[-71.05471,42.354477],[-71.054722,42.354475],[-71.054736,42.354469],[-71.054742,42.354458],[-71.054749,42.354453],[-71.05476,42.354448],[-71.054774,42.354437],[-71.054778,42.354427],[-71.054784,42.354421],[-71.054796,42.354417],[-71.05481,42.354403],[-71.054814,42.354394],[-71.054821,42.354389],[-71.054832,42.354384],[-71.054846,42.354372],[-71.05485,42.354363],[-71.054856,42.354356],[-71.054867,42.354352],[-71.054881,42.35434],[-71.054885,42.354331],[-71.054892,42.354324],[-71.054904,42.35432],[-71.054917,42.354308],[-71.054921,42.354298],[-71.054927,42.354292],[-71.05494,42.354288],[-71.054954,42.354275],[-71.054957,42.354266],[-71.054964,42.354261],[-71.054974,42.354255],[-71.054988,42.354244],[-71.054992,42.354234],[-71.054998,42.354229],[-71.055011,42.354223],[-71.055023,42.354212],[-71.055027,42.354202],[-71.055034,42.354196],[-71.055049,42.354192],[-71.055061,42.354179],[-71.055063,42.354167],[-71.055068,42.35416],[-71.055079,42.354153],[-71.055081,42.354146],[-71.055083,42.354139],[-71.055077,42.354128],[-71.055076,42.354119],[-71.05508,42.35411],[-71.055073,42.354096],[-71.055057,42.354087],[-71.055053,42.35408],[-71.055051,42.354072],[-71.055043,42.354063],[-71.055031,42.354058],[-71.055025,42.354052],[-71.055022,42.354042],[-71.055015,42.354034],[-71.055003,42.354028],[-71.054997,42.354021],[-71.054995,42.354012],[-71.054986,42.354003],[-71.054974,42.353998],[-71.054973,42.353998],[-71.054968,42.353991],[-71.054965,42.353982],[-71.054956,42.353972],[-71.054945,42.353967],[-71.054939,42.353961],[-71.054937,42.353951],[-71.05493,42.353943],[-71.054916,42.353937],[-71.054911,42.353932],[-71.054903,42.35392],[-71.054889,42.353912],[-71.05487,42.353909],[-71.054861,42.353906],[-71.054851,42.353901],[-71.054834,42.353899],[-71.054818,42.353903],[-71.054809,42.353904],[-71.054793,42.353902],[-71.054776,42.353908],[-71.054768,42.353918],[-71.054759,42.353922],[-71.054747,42.353923],[-71.05473,42.353932],[-71.054724,42.353941],[-71.054715,42.353946],[-71.054702,42.353947],[-71.054686,42.353956],[-71.054677,42.353964],[-71.05467,42.353968],[-71.054656,42.353971],[-71.054642,42.353979],[-71.054635,42.353987],[-71.054627,42.353992],[-71.054614,42.353994],[-71.054597,42.354002],[-71.05459,42.35401],[-71.054585,42.354013],[-71.054584,42.354014],[-71.05457,42.354017],[-71.054569,42.354017],[-71.054553,42.354026],[-71.054552,42.354027],[-71.054546,42.354033],[-71.054538,42.354038],[-71.05453,42.354039],[-71.054529,42.354039],[-71.054525,42.35404],[-71.054509,42.354048],[-71.054503,42.354057],[-71.054492,42.354062],[-71.054482,42.354064],[-71.054466,42.354072],[-71.054458,42.354081],[-71.05445,42.354085],[-71.054437,42.354087],[-71.054421,42.354095],[-71.054414,42.354103],[-71.054406,42.354107],[-71.054391,42.354111],[-71.054378,42.354122],[-71.054374,42.354133],[-71.05437,42.35414],[-71.054359,42.354149],[-71.054355,42.354162],[-71.054361,42.354174],[-71.054361,42.354182],[-71.054358,42.354189],[-71.054364,42.354206],[-71.054375,42.354213],[-71.054381,42.35422],[-71.054384,42.354229],[-71.054392,42.354238]],[[-71.054929,42.3541],[-71.054882,42.354125],[-71.054899,42.354143],[-71.054734,42.35423],[-71.054666,42.35416],[-71.054703,42.354141],[-71.054677,42.354113],[-71.054804,42.354045],[-71.05483,42.354072],[-71.054878,42.354047],[-71.054929,42.3541]]]},"properties":{"id":671591,"height_m":121.2,"height_ft":397.64,"structure_type":"BLDG","land_use":"C"}},{"type":"Feature","geometry":{"type":"Polygon","coordinates":[[[-71.056471,42.353921],[-71.056586,42.353906],[-71.056696,42.353867],[-71.056693,42.353862],[-71.056712,42.353856],[-71.056675,42.353796],[-71.056787,42.353755],[-71.056682,42.353584],[-71.056569,42.353632],[-71.05653,42.35357],[-71.056511,42.353578],[-71.056506,42.353573],[-71.056391,42.353626],[-71.056414,42.353656],[-71.056358,42.353685],[-71.056394,42.353895],[-71.056459,42.353885],[-71.056471,42.353921]],[[-71.056665,42.353786],[-71.056564,42.353819],[-71.056498,42.353714],[-71.056597,42.353679],[-71.056665,42.353786]]]},"properties":{"id":671592,"height_m":64.48,"height_ft":211.54,"structure_type":"BLDG","land_use":"C"}},{"type":"Feature","geometry":{"type":"Polygon","coordinates":[[[-71.062199,42.352076],[-71.062249,42.352081],[-71.062561,42.352111],[-71.062586,42.352021],[-71.062653,42.35178],[-71.062653,42.351778],[-71.062645,42.351777],[-71.062678,42.351664],[-71.062585,42.35165],[-71.062591,42.351633],[-71.062212,42.351555],[-71.062209,42.351553],[-71.062187,42.351691],[-71.062193,42.351747],[-71.06213,42.351739],[-71.062148,42.351881],[-71.062166,42.351879],[-71.062247,42.351901],[-71.062297,42.351722],[-71.062312,42.351725],[-71.062319,42.351688],[-71.062467,42.351715],[-71.062454,42.351755],[-71.062581,42.351766],[-71.062548,42.351874],[-71.062563,42.351875],[-71.062547,42.35194],[-71.062534,42.351938],[-71.0625,42.352045],[-71.06238,42.352026],[-71.06237,42.352065],[-71.062221,42.352037],[-71.062199,42.352035],[-71.062199,42.352076]]]},"properties":{"id":671593,"height_m":93.43,"height_ft":306.53,"structure_type":"BLDG","land_use":"RC"}},{"type":"Feature","geometry":{"type":"Polygon","coordinates":[[[-71.061721,42.35212],[-71.061722,42.352133],[-71.061723,42.352155],[-71.061723,42.35216],[-71.061773,42.352158],[-71.061881,42.352153],[-71.06191,42.352152],[-71.061994,42.352149],[-71.062172,42.352141],[-71.062173,42.352139],[-71.062168,42.352073],[-71.062199,42.352076],[-71.062199,42.352035],[-71.06213,42.352029],[-71.062128,42.35204],[-71.06179,42.352051],[-71.061785,42.352035],[-71.061697,42.352035],[-71.061699,42.352053],[-71.061721,42.35212]]]},"properties":{"id":671594,"height_m":93.43,"height_ft":306.53,"structure_type":"BLDG","land_use":"RC"}},{"type":"Feature","geometry":{"type":"Polygon","coordinates":[[[-71.057173,42.35397],[-71.057259,42.353999],[-71.057353,42.354031],[-71.057533,42.354095],[-71.057744,42.353748],[-71.057568,42.353685],[-71.057562,42.353683],[-71.057474,42.353653],[-71.057385,42.353625],[-71.057173,42.35397]]]},"properties":{"id":671595,"height_m":128.05,"height_ft":420.12,"structure_type":"BLDG","land_use":"C"}},{"type":"Feature","geometry":{"type":"Polygon","coordinates":[[[-71.054673,42.34932],[-71.054581,42.349459],[-71.055026,42.349621],[-71.055243,42.349297],[-71.055315,42.349324],[-71.055334,42.349294],[-71.055174,42.349235],[-71.055389,42.348911],[-71.055063,42.348791],[-71.054792,42.349194],[-71.05475,42.349178],[-71.054693,42.349265],[-71.054626,42.349239],[-71.054593,42.349289],[-71.054673,42.34932]]]},"properties":{"id":671596,"height_m":24.45,"height_ft":80.22,"structure_type":"BLDG","land_use":"XG"}},{"type":"Feature","geometry":{"type":"Polygon","coordinates":[[[-71.053546,42.350751],[-71.053536,42.350766],[-71.053515,42.350797],[-71.053477,42.350853],[-71.053909,42.351013],[-71.054058,42.351068],[-71.054304,42.350693],[-71.054341,42.350706],[-71.05439,42.350632],[-71.054356,42.35062],[-71.05455,42.350325],[-71.054589,42.350338],[-71.054637,42.350265],[-71.054603,42.350253],[-71.054797,42.349957],[-71.054834,42.34997],[-71.054881,42.349898],[-71.054849,42.349886],[-71.055026,42.349621],[-71.054581,42.349459],[-71.054519,42.349437],[-71.054447,42.34941],[-71.054346,42.349559],[-71.053915,42.350202],[-71.053776,42.350409],[-71.053774,42.350412],[-71.053771,42.350416],[-71.053546,42.350751]]]},"properties":{"id":671613,"height_m":30.19,"height_ft":99.05,"structure_type":"BLDG","land_use":"XG"}},{"type":"Feature","geometry":{"type":"Polygon","coordinates":[[[-71.055026,42.349621],[-71.055234,42.349697],[-71.055302,42.349595],[-71.05537,42.34956],[-71.055343,42.34953],[-71.055464,42.349351],[-71.055533,42.349319],[-71.055507,42.349289],[-71.055628,42.349108],[-71.055697,42.349076],[-71.055669,42.349045],[-71.055794,42.34886],[-71.055863,42.348826],[-71.055837,42.348797],[-71.055958,42.348616],[-71.056027,42.348582],[-71.055999,42.348554],[-71.056121,42.348373],[-71.05619,42.348339],[-71.056163,42.34831],[-71.056288,42.348124],[-71.056357,42.34809],[-71.05633,42.34806],[-71.056451,42.34788],[-71.056521,42.347846],[-71.056492,42.347817],[-71.056613,42.347637],[-71.056683,42.347603],[-71.056653,42.347574],[-71.056671,42.347546],[-71.056673,42.347544],[-71.05667,42.347543],[-71.056012,42.347301],[-71.055952,42.347278],[-71.055908,42.347262],[-71.055467,42.347919],[-71.055446,42.34795],[-71.055048,42.348542],[-71.055028,42.348571],[-71.054533,42.349309],[-71.054589,42.349329],[-71.054519,42.349437],[-71.054581,42.349459],[-71.054673,42.34932],[-71.054593,42.349289],[-71.054626,42.349239],[-71.054693,42.349265],[-71.05475,42.349178],[-71.054792,42.349194],[-71.055063,42.348791],[-71.055389,42.348911],[-71.055174,42.349235],[-71.055334,42.349294],[-71.055315,42.349324],[-71.055243,42.349297],[-71.055026,42.349621]]]},"properties":{"id":671614,"height_m":17.79,"height_ft":58.36,"structure_type":"BLDG","land_use":"XG"}},{"type":"Feature","geometry":{"type":"Polygon","coordinates":[[[-71.063624,42.348823],[-71.063713,42.348837],[-71.063707,42.348861],[-71.063751,42.348868],[-71.063758,42.34884],[-71.063751,42.348839],[-71.063853,42.348473],[-71.063727,42.348454],[-71.063624,42.348823]]]},"properties":{"id":671615,"height_m":43.07,"height_ft":141.3,"structure_type":"BLDG","land_use":"E"}},{"type":"Feature","geometry":{"type":"Polygon","coordinates":[[[-71.062445,42.350745],[-71.062474,42.350753],[-71.062487,42.350756],[-71.062483,42.350761],[-71.062508,42.350769],[-71.062517,42.350756],[-71.062506,42.350752],[-71.062523,42.350729],[-71.062587,42.350643],[-71.062626,42.35066],[-71.062652,42.350568],[-71.062689,42.350571],[-71.062714,42.350474],[-71.06266,42.350451],[-71.062559,42.350408],[-71.062526,42.350394],[-71.062375,42.35059],[-71.062362,42.350607],[-71.062285,42.350707],[-71.062302,42.350713],[-71.062303,42.350709],[-71.062445,42.350745]]]},"properties":{"id":671616,"height_m":49.42,"height_ft":162.12,"structure_type":"BLDG","land_use":"C"}},{"type":"Feature","geometry":{"type":"Polygon","coordinates":[[[-71.065076,42.349651],[-71.065157,42.349664],[-71.065169,42.349617],[-71.065089,42.349605],[-71.065076,42.349651]]]},"properties":{"id":671617,"height_m":34.28,"height_ft":112.47,"structure_type":"BLDG","land_use":"E"}},{"type":"Feature","geometry":{"type":"Polygon","coordinates":[[[-71.064283,42.349971],[-71.064364,42.349983],[-71.064382,42.349921],[-71.064301,42.349908],[-71.064283,42.349971]]]},"properties":{"id":671618,"height_m":37.35,"height_ft":122.55,"structure_type":"BLDG","land_use":"E"}},{"type":"Feature","geometry":{"type":"Polygon","coordinates":[[[-71.064301,42.349908],[-71.064382,42.349921],[-71.064364,42.349983],[-71.06486,42.350062],[-71.065038,42.350089],[-71.065043,42.35009],[-71.065125,42.349781],[-71.065131,42.349758],[-71.065151,42.349685],[-71.065156,42.349665],[-71.065157,42.349664],[-71.065076,42.349651],[-71.065089,42.349605],[-71.064416,42.349501],[-71.064412,42.349515],[-71.064397,42.349572],[-71.064395,42.349572],[-71.064301,42.349908]]]},"properties":{"id":671619,"height_m":26.53,"height_ft":87.03,"structure_type":"BLDG","land_use":"E"}},{"type":"Feature","geometry":{"type":"Polygon","coordinates":[[[-71.064136,42.349752],[-71.064136,42.349752],[-71.064137,42.349757],[-71.064138,42.349762],[-71.064139,42.349767],[-71.06414,42.349772],[-71.06414,42.349777],[-71.064141,42.349782],[-71.064142,42.349786],[-71.064142,42.349791],[-71.064142,42.349796],[-71.064143,42.349801],[-71.064143,42.349806],[-71.064143,42.349811],[-71.064143,42.349816],[-71.064143,42.349821],[-71.064143,42.349826],[-71.064143,42.349831],[-71.064143,42.349835],[-71.064142,42.34984],[-71.064142,42.349845],[-71.064141,42.34985],[-71.064141,42.349855],[-71.06414,42.34986],[-71.064139,42.349865],[-71.064139,42.34987],[-71.064138,42.349875],[-71.064137,42.349879],[-71.064136,42.349884],[-71.064132,42.349893],[-71.064203,42.349907],[-71.064205,42.349903],[-71.064206,42.349899],[-71.064207,42.349895],[-71.064209,42.34989],[-71.06421,42.349886],[-71.064211,42.349882],[-71.064212,42.349877],[-71.064213,42.349873],[-71.064214,42.349869],[-71.064214,42.349864],[-71.064215,42.34986],[-71.064216,42.349856],[-71.064216,42.349851],[-71.064217,42.349847],[-71.064217,42.349843],[-71.064218,42.349838],[-71.064218,42.349834],[-71.064218,42.349829],[-71.064218,42.349825],[-71.064218,42.349821],[-71.064218,42.349816],[-71.064218,42.349812],[-71.064218,42.349808],[-71.064218,42.349803],[-71.064217,42.349799],[-71.064217,42.349794],[-71.064217,42.34979],[-71.064216,42.349786],[-71.064215,42.349781],[-71.064215,42.349777],[-71.064214,42.349773],[-71.064213,42.349768],[-71.064212,42.349764],[-71.064211,42.34976],[-71.06421,42.349755],[-71.06421,42.349751],[-71.064208,42.349746],[-71.064207,42.34974],[-71.064136,42.349752]]]},"properties":{"id":671620,"height_m":37.08,"height_ft":121.65,"structure_type":"BLDG","land_use":"E"}},{"type":"Feature","geometry":{"type":"Polygon","coordinates":[[[-71.063907,42.3495],[-71.063912,42.349501],[-71.063918,42.349502],[-71.063923,42.349504],[-71.063929,42.349505],[-71.063934,42.349507],[-71.06394,42.349508],[-71.063945,42.34951],[-71.06395,42.349512],[-71.063956,42.349513],[-71.063961,42.349515],[-71.063966,42.349517],[-71.063971,42.349519],[-71.063977,42.349521],[-71.063982,42.349523],[-71.063987,42.349525],[-71.063992,42.349527],[-71.063997,42.349529],[-71.064002,42.349531],[-71.064007,42.349533],[-71.064012,42.349536],[-71.064017,42.349538],[-71.064022,42.34954],[-71.064027,42.349543],[-71.064032,42.349545],[-71.064036,42.349548],[-71.064041,42.34955],[-71.064046,42.349553],[-71.06405,42.349555],[-71.064055,42.349558],[-71.064059,42.349561],[-71.064064,42.349563],[-71.064068,42.349566],[-71.064073,42.349569],[-71.064077,42.349572],[-71.064081,42.349575],[-71.064086,42.349578],[-71.06409,42.349581],[-71.064094,42.349584],[-71.064098,42.349587],[-71.064102,42.34959],[-71.064106,42.349593],[-71.06411,42.349596],[-71.064114,42.3496],[-71.064118,42.349603],[-71.064121,42.349606],[-71.064125,42.34961],[-71.064129,42.349613],[-71.064132,42.349616],[-71.064136,42.34962],[-71.064139,42.349623],[-71.064143,42.349627],[-71.064146,42.34963],[-71.064149,42.349634],[-71.064152,42.349637],[-71.064156,42.349641],[-71.064159,42.349645],[-71.064162,42.349648],[-71.064165,42.349652],[-71.064168,42.349656],[-71.06417,42.34966],[-71.064173,42.349663],[-71.064176,42.349667],[-71.064178,42.349671],[-71.064181,42.349675],[-71.064184,42.349679],[-71.064186,42.349683],[-71.064188,42.349687],[-71.064191,42.349691],[-71.064193,42.349695],[-71.064195,42.349699],[-71.064197,42.349703],[-71.064199,42.349707],[-71.064201,42.349711],[-71.064202,42.349714],[-71.064204,42.349717],[-71.064205,42.349721],[-71.064206,42.349724],[-71.064208,42.349727],[-71.064209,42.349731],[-71.06421,42.349734],[-71.064211,42.349737],[-71.064212,42.349741],[-71.064213,42.349744],[-71.064214,42.349747],[-71.064215,42.349751],[-71.064216,42.349754],[-71.064217,42.349758],[-71.064218,42.349761],[-71.064218,42.349764],[-71.064219,42.349768],[-71.06422,42.349771],[-71.06422,42.349775],[-71.064221,42.349778],[-71.064222,42.349782],[-71.064222,42.349785],[-71.064223,42.349789],[-71.064223,42.349792],[-71.064223,42.349796],[-71.064224,42.349799],[-71.064224,42.349802],[-71.064224,42.349806],[-71.064224,42.349809],[-71.064225,42.349813],[-71.064225,42.349816],[-71.064225,42.34982],[-71.064225,42.349823],[-71.064225,42.349826],[-71.064225,42.34983],[-71.064225,42.349833],[-71.064224,42.349837],[-71.064224,42.34984],[-71.064224,42.349843],[-71.064224,42.349847],[-71.064223,42.34985],[-71.064223,42.349853],[-71.064223,42.349856],[-71.064222,42.34986],[-71.064222,42.349863],[-71.064221,42.349866],[-71.06422,42.349869],[-71.06422,42.349873],[-71.064219,42.349876],[-71.064218,42.349879],[-71.064218,42.349882],[-71.064217,42.349885],[-71.064216,42.349888],[-71.064215,42.349891],[-71.064214,42.349894],[-71.064213,42.349897],[-71.064212,42.3499],[-71.064211,42.349903],[-71.06421,42.349906],[-71.064209,42.349909],[-71.064208,42.349912],[-71.064206,42.349915],[-71.064205,42.349917],[-71.064204,42.34992],[-71.064202,42.349923],[-71.064201,42.349925],[-71.0642,42.349928],[-71.064198,42.349931],[-71.064197,42.349933],[-71.064195,42.349936],[-71.064193,42.349938],[-71.064192,42.349941],[-71.06419,42.349943],[-71.064189,42.349946],[-71.064187,42.349948],[-71.064185,42.34995],[-71.064183,42.349952],[-71.064181,42.349955],[-71.06418,42.349957],[-71.064178,42.349959],[-71.064176,42.349961],[-71.064174,42.349963],[-71.064172,42.349965],[-71.064281,42.349978],[-71.064283,42.349971],[-71.064301,42.349908],[-71.064395,42.349572],[-71.064343,42.349564],[-71.063925,42.3495],[-71.063815,42.349483],[-71.063791,42.34948],[-71.063736,42.349471],[-71.063907,42.3495]]]},"properties":{"id":671621,"height_m":28.51,"height_ft":93.53,"structure_type":"BLDG","land_use":"E"}},{"type":"Feature","geometry":{"type":"Polygon","coordinates":[[[-71.064314,42.35002],[-71.064221,42.35017],[-71.06469,42.350337],[-71.064691,42.350335],[-71.064699,42.350337],[-71.064713,42.350315],[-71.064656,42.350297],[-71.064737,42.350164],[-71.064332,42.350026],[-71.064314,42.35002]]]},"properties":{"id":671622,"height_m":19.16,"height_ft":62.86,"structure_type":"BLDG","land_use":"E"}},{"type":"Feature","geometry":{"type":"Polygon","coordinates":[[[-71.064517,42.350517],[-71.064541,42.350491],[-71.064624,42.350358],[-71.064668,42.350372],[-71.06469,42.350337],[-71.064221,42.35017],[-71.064181,42.350235],[-71.06415,42.350286],[-71.06399,42.350542],[-71.064037,42.350558],[-71.064369,42.350668],[-71.064511,42.350524],[-71.064517,42.350517]]]},"properties":{"id":671623,"height_m":28.06,"height_ft":92.06,"structure_type":"BLDG","land_use":"E"}},{"type":"Feature","geometry":{"type":"Polygon","coordinates":[[[-71.064625,42.350535],[-71.06461,42.350585],[-71.064888,42.350626],[-71.0649,42.350628],[-71.064921,42.350547],[-71.065001,42.350248],[-71.064992,42.350245],[-71.064826,42.350187],[-71.064794,42.350177],[-71.064741,42.350158],[-71.064737,42.350164],[-71.064656,42.350297],[-71.064713,42.350315],[-71.064789,42.350341],[-71.064772,42.350401],[-71.06475,42.350398],[-71.064746,42.350411],[-71.064708,42.350405],[-71.064696,42.350446],[-71.064652,42.350439],[-71.064625,42.350535]]]},"properties":{"id":671624,"height_m":47.81,"height_ft":156.86,"structure_type":"BLDG","land_use":"C"}},{"type":"Feature","geometry":{"type":"Polygon","coordinates":[[[-71.063937,42.350718],[-71.064338,42.350854],[-71.064341,42.350847],[-71.064419,42.350685],[-71.064369,42.350668],[-71.064037,42.350558],[-71.063937,42.350718]]]},"properties":{"id":671625,"height_m":32.47,"height_ft":106.52,"structure_type":"BLDG","land_use":"E"}},{"type":"Feature","geometry":{"type":"Polygon","coordinates":[[[-71.054058,42.351068],[-71.054337,42.351171],[-71.054619,42.350752],[-71.054606,42.350748],[-71.054625,42.35072],[-71.054636,42.350724],[-71.054863,42.350386],[-71.054851,42.350382],[-71.054872,42.350351],[-71.054883,42.350355],[-71.05511,42.350017],[-71.055098,42.350012],[-71.055117,42.349984],[-71.055129,42.349989],[-71.055307,42.349724],[-71.055234,42.349697],[-71.055026,42.349621],[-71.054849,42.349886],[-71.054881,42.349898],[-71.054834,42.34997],[-71.054797,42.349957],[-71.054603,42.350253],[-71.054637,42.350265],[-71.054589,42.350338],[-71.05455,42.350325],[-71.054356,42.35062],[-71.05439,42.350632],[-71.054341,42.350706],[-71.054304,42.350693],[-71.054058,42.351068]]]},"properties":{"id":671629,"height_m":8.02,"height_ft":26.31,"structure_type":"BLDG","land_use":"XG"}},{"type":"Feature","geometry":{"type":"Polygon","coordinates":[[[-71.05595,42.349559],[-71.055934,42.349592],[-71.056098,42.349637],[-71.056114,42.3496],[-71.056215,42.349578],[-71.056261,42.349488],[-71.05595,42.349559]]]},"properties":{"id":671630,"height_m":23.81,"height_ft":78.13,"structure_type":"BLDG","land_use":"XG"}},{"type":"Feature","geometry":{"type":"Polygon","coordinates":[[[-71.055761,42.350466],[-71.055847,42.350489],[-71.055887,42.350409],[-71.055801,42.350385],[-71.055761,42.350466]]]},"properties":{"id":671631,"height_m":23.67,"height_ft":77.67,"structure_type":"BLDG","land_use":"XG"}},{"type":"Feature","geometry":{"type":"Polygon","coordinates":[[[-71.055627,42.35031],[-71.055624,42.35031],[-71.055621,42.35031],[-71.055619,42.35031],[-71.055616,42.35031],[-71.055613,42.350311],[-71.05561,42.350311],[-71.055608,42.350311],[-71.055605,42.350312],[-71.055602,42.350312],[-71.0556,42.350313],[-71.055597,42.350313],[-71.055595,42.350314],[-71.055592,42.350315],[-71.05559,42.350316],[-71.055587,42.350316],[-71.055585,42.350317],[-71.055582,42.350318],[-71.05558,42.350319],[-71.055577,42.35032],[-71.055575,42.350321],[-71.055573,42.350322],[-71.05557,42.350323],[-71.055568,42.350325],[-71.055566,42.350326],[-71.055564,42.350327],[-71.055562,42.350329],[-71.05556,42.35033],[-71.055558,42.350331],[-71.055556,42.350333],[-71.055554,42.350334],[-71.055552,42.350336],[-71.055551,42.350337],[-71.055549,42.350339],[-71.055547,42.350341],[-71.055546,42.350342],[-71.055544,42.350344],[-71.055543,42.350346],[-71.055541,42.350347],[-71.05554,42.350349],[-71.055539,42.350351],[-71.055538,42.350353],[-71.055536,42.350355],[-71.055535,42.350357],[-71.055534,42.350358],[-71.055534,42.35036],[-71.055533,42.350362],[-71.055532,42.350364],[-71.055531,42.350366],[-71.055531,42.350368],[-71.05553,42.35037],[-71.05553,42.350372],[-71.055529,42.350374],[-71.055529,42.350376],[-71.055529,42.350378],[-71.055528,42.35038],[-71.055528,42.350382],[-71.055528,42.350384],[-71.055528,42.350386],[-71.055528,42.350388],[-71.055529,42.35039],[-71.055529,42.350392],[-71.055529,42.350394],[-71.055529,42.350396],[-71.05553,42.350398],[-71.055531,42.3504],[-71.055531,42.350402],[-71.055532,42.350404],[-71.055533,42.350406],[-71.055533,42.350408],[-71.055534,42.35041],[-71.055535,42.350412],[-71.055536,42.350414],[-71.055537,42.350416],[-71.055539,42.350418],[-71.05554,42.350419],[-71.055541,42.350421],[-71.055543,42.350423],[-71.055544,42.350425],[-71.055546,42.350426],[-71.055547,42.350428],[-71.055549,42.35043],[-71.05555,42.350431],[-71.055552,42.350433],[-71.055554,42.350434],[-71.055556,42.350436],[-71.055558,42.350437],[-71.05556,42.350439],[-71.055562,42.35044],[-71.055564,42.350441],[-71.055566,42.350443],[-71.055568,42.350444],[-71.05557,42.350445],[-71.055572,42.350446],[-71.055575,42.350447],[-71.055577,42.350448],[-71.055579,42.350449],[-71.055582,42.35045],[-71.055584,42.350451],[-71.055587,42.350452],[-71.055589,42.350453],[-71.055592,42.350454],[-71.055594,42.350455],[-71.055597,42.350455],[-71.0556,42.350456],[-71.055602,42.350456],[-71.055605,42.350457],[-71.055607,42.350457],[-71.05561,42.350458],[-71.055613,42.350458],[-71.055616,42.350459],[-71.055618,42.350459],[-71.055621,42.350459],[-71.055624,42.350459],[-71.055626,42.350459],[-71.055629,42.350459],[-71.055632,42.350459],[-71.055635,42.350459],[-71.055637,42.350459],[-71.05564,42.350459],[-71.055643,42.350459],[-71.055646,42.350458],[-71.055648,42.350458],[-71.055651,42.350458],[-71.055654,42.350457],[-71.055656,42.350457],[-71.055659,42.350456],[-71.055662,42.350456],[-71.055664,42.350455],[-71.055667,42.350454],[-71.055669,42.350453],[-71.055672,42.350453],[-71.055674,42.350452],[-71.055677,42.350451],[-71.055679,42.35045],[-71.055681,42.350449],[-71.055684,42.350448],[-71.055686,42.350447],[-71.055688,42.350446],[-71.055691,42.350444],[-71.055693,42.350443],[-71.055695,42.350442],[-71.055697,42.350441],[-71.055699,42.350439],[-71.055701,42.350438],[-71.055703,42.350436],[-71.055705,42.350435],[-71.055707,42.350433],[-71.055708,42.350432],[-71.05571,42.35043],[-71.055712,42.350428],[-71.055713,42.350427],[-71.055715,42.350425],[-71.055716,42.350423],[-71.055718,42.350422],[-71.055719,42.35042],[-71.05572,42.350418],[-71.055721,42.350416],[-71.055722,42.350414],[-71.055723,42.350412],[-71.055724,42.350411],[-71.055725,42.350409],[-71.055726,42.350407],[-71.055727,42.350405],[-71.055728,42.350403],[-71.055728,42.350401],[-71.055729,42.350399],[-71.055729,42.350397],[-71.05573,42.350395],[-71.05573,42.350393],[-71.05573,42.350391],[-71.055731,42.350389],[-71.055731,42.350387],[-71.055731,42.350385],[-71.055731,42.350383],[-71.055731,42.350381],[-71.05573,42.350379],[-71.05573,42.350377],[-71.05573,42.350375],[-71.055729,42.350373],[-71.055729,42.350371],[-71.055728,42.350369],[-71.055728,42.350367],[-71.055727,42.350365],[-71.055726,42.350363],[-71.055725,42.350361],[-71.055724,42.350359],[-71.055723,42.350357],[-71.055722,42.350355],[-71.055721,42.350353],[-71.05572,42.350351],[-71.055719,42.35035],[-71.055718,42.350348],[-71.055716,42.350346],[-71.055715,42.350344],[-71.055713,42.350343],[-71.055712,42.350341],[-71.05571,42.350339],[-71.055708,42.350338],[-71.055707,42.350336],[-71.055705,42.350335],[-71.055703,42.350333],[-71.055701,42.350332],[-71.055699,42.35033],[-71.055697,42.350329],[-71.055695,42.350328],[-71.055693,42.350326],[-71.055691,42.350325],[-71.055688,42.350324],[-71.055686,42.350323],[-71.055684,42.350322],[-71.055682,42.350321],[-71.055679,42.350319],[-71.055677,42.350319],[-71.055674,42.350318],[-71.055672,42.350317],[-71.055669,42.350316],[-71.055667,42.350315],[-71.055664,42.350314],[-71.055662,42.350314],[-71.055659,42.350313],[-71.055657,42.350312],[-71.055654,42.350312],[-71.055651,42.350311],[-71.055649,42.350311],[-71.055646,42.350311],[-71.055643,42.35031],[-71.05564,42.35031],[-71.055638,42.35031],[-71.055635,42.35031],[-71.055632,42.35031],[-71.05563,42.35031],[-71.055627,42.35031]]]},"properties":{"id":671632,"height_m":24.45,"height_ft":80.2,"structure_type":"BLDG","land_use":"XG"}},{"type":"Feature","geometry":{"type":"Polygon","coordinates":[[[-71.063408,42.350576],[-71.063427,42.350808],[-71.063649,42.350841],[-71.063683,42.350788],[-71.06378,42.35063],[-71.06376,42.350394],[-71.063539,42.350364],[-71.063408,42.350576]]]},"properties":{"id":671633,"height_m":62.12,"height_ft":203.8,"structure_type":"BLDG","land_use":"E"}},{"type":"Feature","geometry":{"type":"Polygon","coordinates":[[[-71.06378,42.35063],[-71.063865,42.350497],[-71.063915,42.350416],[-71.063858,42.350408],[-71.063856,42.350407],[-71.06376,42.350394],[-71.06378,42.35063]]]},"properties":{"id":671634,"height_m":14.64,"height_ft":48.03,"structure_type":"BLDG","land_use":"E"}},{"type":"Feature","geometry":{"type":"Polygon","coordinates":[[[-71.063683,42.350788],[-71.063712,42.350793],[-71.063793,42.350805],[-71.06378,42.35063],[-71.063683,42.350788]]]},"properties":{"id":671635,"height_m":14.64,"height_ft":48.03,"structure_type":"BLDG","land_use":"E"}},{"type":"Feature","geometry":{"type":"Polygon","coordinates":[[[-71.063937,42.350869],[-71.064327,42.350909],[-71.064353,42.35085],[-71.064341,42.350847],[-71.064338,42.350854],[-71.063937,42.350718],[-71.064037,42.350558],[-71.06399,42.350542],[-71.063897,42.350509],[-71.063865,42.350497],[-71.06378,42.35063],[-71.063793,42.350805],[-71.063798,42.350805],[-71.063834,42.350808],[-71.063863,42.35081],[-71.063944,42.350816],[-71.063937,42.350869]]]},"properties":{"id":671636,"height_m":14.66,"height_ft":48.1,"structure_type":"BLDG","land_use":"E"}},{"type":"Feature","geometry":{"type":"Polygon","coordinates":[[[-71.06215,42.349827],[-71.06226,42.349873],[-71.062261,42.349871],[-71.062287,42.349833],[-71.062257,42.349822],[-71.062262,42.349814],[-71.062343,42.349845],[-71.062348,42.349847],[-71.062364,42.349822],[-71.062277,42.34979],[-71.062281,42.349784],[-71.062254,42.349774],[-71.062258,42.349767],[-71.062358,42.349804],[-71.062438,42.349805],[-71.062523,42.349771],[-71.062571,42.349693],[-71.062585,42.349699],[-71.062608,42.34967],[-71.062619,42.349656],[-71.062599,42.349647],[-71.062505,42.349603],[-71.062521,42.349582],[-71.062476,42.349559],[-71.062368,42.349508],[-71.062359,42.349511],[-71.062279,42.349534],[-71.06215,42.349827]]]},"properties":{"id":671637,"height_m":5.29,"height_ft":17.35,"structure_type":"BLDG","land_use":"E"}},{"type":"Feature","geometry":{"type":"Polygon","coordinates":[[[-71.061999,42.349764],[-71.06215,42.349827],[-71.062279,42.349534],[-71.062234,42.349448],[-71.062207,42.349438],[-71.062167,42.349358],[-71.061999,42.349764]]]},"properties":{"id":671638,"height_m":24.2,"height_ft":79.4,"structure_type":"BLDG","land_use":"E"}},{"type":"Feature","geometry":{"type":"Polygon","coordinates":[[[-71.058102,42.349452],[-71.058098,42.349452],[-71.058095,42.349453],[-71.058092,42.349454],[-71.058088,42.349454],[-71.058085,42.349456],[-71.058082,42.349457],[-71.058079,42.349458],[-71.058076,42.34946],[-71.058074,42.349462],[-71.058072,42.349464],[-71.05807,42.349466],[-71.058068,42.349468],[-71.058066,42.34947],[-71.058065,42.349473],[-71.058064,42.349475],[-71.058063,42.349478],[-71.058063,42.349481],[-71.058063,42.349483],[-71.058063,42.349486],[-71.058063,42.349488],[-71.058064,42.349491],[-71.058065,42.349493],[-71.058066,42.349496],[-71.058068,42.349498],[-71.05807,42.3495],[-71.058072,42.349502],[-71.058074,42.349504],[-71.058077,42.349506],[-71.058079,42.349508],[-71.058082,42.349509],[-71.058085,42.349511],[-71.058088,42.349512],[-71.058092,42.349513],[-71.058095,42.349513],[-71.058099,42.349514],[-71.058102,42.349514],[-71.058106,42.349514],[-71.058109,42.349514],[-71.058113,42.349513],[-71.058116,42.349513],[-71.058119,42.349512],[-71.058123,42.349511],[-71.058126,42.34951],[-71.058129,42.349508],[-71.058131,42.349507],[-71.058134,42.349505],[-71.058136,42.349503],[-71.058139,42.349501],[-71.05814,42.349499],[-71.058142,42.349496],[-71.058143,42.349494],[-71.058145,42.349492],[-71.058145,42.349489],[-71.058146,42.349486],[-71.058146,42.349484],[-71.058146,42.349481],[-71.058146,42.349479],[-71.058145,42.349476],[-71.058144,42.349474],[-71.058143,42.349471],[-71.058141,42.349469],[-71.05814,42.349466],[-71.058138,42.349464],[-71.058136,42.349463],[-71.058134,42.349461],[-71.058131,42.349459],[-71.058128,42.349458],[-71.058125,42.349456],[-71.058122,42.349455],[-71.058119,42.349454],[-71.058116,42.349453],[-71.058112,42.349453],[-71.058109,42.349452],[-71.058105,42.349452],[-71.058102,42.349452]]]},"properties":{"id":671639,"height_m":69.82,"height_ft":229.06,"structure_type":"BLDG","land_use":"I"}},{"type":"Feature","geometry":{"type":"Polygon","coordinates":[[[-71.058235,42.34948],[-71.058232,42.34948],[-71.058228,42.349481],[-71.058225,42.349481],[-71.058222,42.349482],[-71.058219,42.349484],[-71.058216,42.349485],[-71.058213,42.349486],[-71.05821,42.349488],[-71.058208,42.34949],[-71.058205,42.349492],[-71.058203,42.349494],[-71.058202,42.349496],[-71.0582,42.349499],[-71.058199,42.349501],[-71.058198,42.349504],[-71.058197,42.349506],[-71.058197,42.349509],[-71.058197,42.349512],[-71.058197,42.349514],[-71.058198,42.349517],[-71.058199,42.349519],[-71.0582,42.349522],[-71.058201,42.349524],[-71.058203,42.349526],[-71.058205,42.349529],[-71.058207,42.349531],[-71.058209,42.349533],[-71.058212,42.349534],[-71.058215,42.349536],[-71.058217,42.349537],[-71.058221,42.349539],[-71.058224,42.34954],[-71.058227,42.349541],[-71.058231,42.349541],[-71.058234,42.349542],[-71.058238,42.349542],[-71.058241,42.349542],[-71.058245,42.349541],[-71.058248,42.349541],[-71.058251,42.34954],[-71.058255,42.349539],[-71.058258,42.349538],[-71.058261,42.349537],[-71.058264,42.349536],[-71.058267,42.349534],[-71.058269,42.349532],[-71.058271,42.34953],[-71.058274,42.349528],[-71.058275,42.349526],[-71.058277,42.349523],[-71.058278,42.349521],[-71.058279,42.349519],[-71.05828,42.349516],[-71.058281,42.349513],[-71.058281,42.349511],[-71.058281,42.349508],[-71.05828,42.349506],[-71.058279,42.349503],[-71.058278,42.349501],[-71.058277,42.349498],[-71.058276,42.349496],[-71.058274,42.349494],[-71.058272,42.349492],[-71.05827,42.34949],[-71.058268,42.349488],[-71.058265,42.349486],[-71.058262,42.349485],[-71.058259,42.349483],[-71.058256,42.349482],[-71.058253,42.349481],[-71.058249,42.349481],[-71.058246,42.34948],[-71.058242,42.34948],[-71.058239,42.34948],[-71.058235,42.34948]]]},"properties":{"id":671640,"height_m":76.08,"height_ft":249.59,"structure_type":"BLDG","land_use":"I"}},{"type":"Feature","geometry":{"type":"Polygon","coordinates":[[[-71.062521,42.349582],[-71.062505,42.349603],[-71.062599,42.349647],[-71.062615,42.349627],[-71.062623,42.349617],[-71.062528,42.349572],[-71.062521,42.349582]]]},"properties":{"id":671641,"height_m":35.38,"height_ft":116.06,"structure_type":"BLDG","land_use":"E"}},{"type":"Feature","geometry":{"type":"Polygon","coordinates":[[[-71.062368,42.349508],[-71.062476,42.349559],[-71.062476,42.349557],[-71.062476,42.349555],[-71.062476,42.349553],[-71.062476,42.349551],[-71.062477,42.349549],[-71.062477,42.349547],[-71.062477,42.349545],[-71.062478,42.349543],[-71.062478,42.349541],[-71.062479,42.349539],[-71.06248,42.349537],[-71.062481,42.349535],[-71.062482,42.349533],[-71.062483,42.349531],[-71.062484,42.349529],[-71.062485,42.349527],[-71.062486,42.349525],[-71.062487,42.349523],[-71.062488,42.349521],[-71.06249,42.349519],[-71.062491,42.349518],[-71.062493,42.349516],[-71.062494,42.349514],[-71.062496,42.349513],[-71.062498,42.349511],[-71.062499,42.349509],[-71.062501,42.349508],[-71.062503,42.349506],[-71.062505,42.349505],[-71.062507,42.349503],[-71.062509,42.349502],[-71.062511,42.3495],[-71.062513,42.349499],[-71.062515,42.349498],[-71.062518,42.349497],[-71.06252,42.349495],[-71.062522,42.349494],[-71.062525,42.349493],[-71.062527,42.349492],[-71.06253,42.349491],[-71.062532,42.34949],[-71.062535,42.349489],[-71.062547,42.349495],[-71.06258,42.349458],[-71.062287,42.349326],[-71.062327,42.349405],[-71.06232,42.349423],[-71.062315,42.349425],[-71.062359,42.349511],[-71.062368,42.349508]]]},"properties":{"id":671642,"height_m":23.83,"height_ft":78.17,"structure_type":"BLDG","land_use":"E"}},{"type":"Feature","geometry":{"type":"Polygon","coordinates":[[[-71.062315,42.349425],[-71.06232,42.349423],[-71.062327,42.349405],[-71.062287,42.349326],[-71.062275,42.349306],[-71.062271,42.349304],[-71.062233,42.349284],[-71.062169,42.349306],[-71.062155,42.349337],[-71.062156,42.349339],[-71.062167,42.349358],[-71.062207,42.349438],[-71.062234,42.349448],[-71.062315,42.349425]]]},"properties":{"id":671643,"height_m":27.97,"height_ft":91.78,"structure_type":"BLDG","land_use":"E"}},{"type":"Feature","geometry":{"type":"Polygon","coordinates":[[[-71.062234,42.349448],[-71.062279,42.349534],[-71.062359,42.349511],[-71.062315,42.349425],[-71.062234,42.349448]]]},"properties":{"id":671644,"height_m":27.97,"height_ft":91.78,"structure_type":"BLDG","land_use":"E"}},{"type":"Feature","geometry":{"type":"Polygon","coordinates":[[[-71.062962,42.349783],[-71.062949,42.349824],[-71.06264,42.349684],[-71.062525,42.34984],[-71.062593,42.34987],[-71.062673,42.349765],[-71.062751,42.349798],[-71.062642,42.349942],[-71.062495,42.349881],[-71.062445,42.349947],[-71.062444,42.349949],[-71.062759,42.350083],[-71.062815,42.350107],[-71.062828,42.350107],[-71.062836,42.350076],[-71.06287,42.350082],[-71.062881,42.350049],[-71.062917,42.350056],[-71.062988,42.349795],[-71.062962,42.349783]],[[-71.062941,42.349878],[-71.062909,42.34992],[-71.062757,42.349857],[-71.06279,42.349814],[-71.062941,42.349878]]]},"properties":{"id":671645,"height_m":27.7,"height_ft":90.89,"structure_type":"BLDG","land_use":"E"}},{"type":"Feature","geometry":{"type":"Polygon","coordinates":[[[-71.062495,42.349881],[-71.062642,42.349942],[-71.062751,42.349798],[-71.062673,42.349765],[-71.062593,42.34987],[-71.062525,42.34984],[-71.062521,42.349845],[-71.062495,42.349881]]]},"properties":{"id":671646,"height_m":32.03,"height_ft":105.08,"structure_type":"BLDG","land_use":"E"}},{"type":"Feature","geometry":{"type":"Polygon","coordinates":[[[-71.062757,42.349857],[-71.062909,42.34992],[-71.062941,42.349878],[-71.06279,42.349814],[-71.062757,42.349857]]]},"properties":{"id":671647,"height_m":32.03,"height_ft":105.08,"structure_type":"BLDG","land_use":"E"}},{"type":"Feature","geometry":{"type":"Polygon","coordinates":[[[-71.06327,42.349986],[-71.063359,42.35],[-71.063373,42.350002],[-71.063374,42.35],[-71.063382,42.349972],[-71.063279,42.349956],[-71.06327,42.349986]]]},"properties":{"id":671648,"height_m":36.5,"height_ft":119.75,"structure_type":"BLDG","land_use":"E"}},{"type":"Feature","geometry":{"type":"Polygon","coordinates":[[[-71.063347,42.349703],[-71.063453,42.349722],[-71.063457,42.349709],[-71.063458,42.349703],[-71.063462,42.349688],[-71.063355,42.349672],[-71.063347,42.349703]]]},"properties":{"id":671649,"height_m":35.39,"height_ft":116.1,"structure_type":"BLDG","land_use":"E"}},{"type":"Feature","geometry":{"type":"Polygon","coordinates":[[[-71.063125,42.350163],[-71.063269,42.350186],[-71.063279,42.350187],[-71.063311,42.350071],[-71.063332,42.349996],[-71.06327,42.349986],[-71.063279,42.349956],[-71.063382,42.349972],[-71.063453,42.349722],[-71.063347,42.349703],[-71.063355,42.349672],[-71.063346,42.349671],[-71.063265,42.34966],[-71.063125,42.350163]]]},"properties":{"id":671650,"height_m":33.62,"height_ft":110.29,"structure_type":"BLDG","land_use":"E"}},{"type":"Feature","geometry":{"type":"Polygon","coordinates":[[[-71.063311,42.350071],[-71.063338,42.350075],[-71.063359,42.35],[-71.063332,42.349996],[-71.063311,42.350071]]]},"properties":{"id":671651,"height_m":29.63,"height_ft":97.2,"structure_type":"BLDG","land_use":"E"}},{"type":"Feature","geometry":{"type":"Polygon","coordinates":[[[-71.063921,42.349683],[-71.063901,42.349754],[-71.064085,42.349784],[-71.064066,42.349849],[-71.064124,42.349913],[-71.064136,42.349884],[-71.064137,42.349879],[-71.064138,42.349875],[-71.064139,42.34987],[-71.064139,42.349865],[-71.06414,42.34986],[-71.064141,42.349855],[-71.064141,42.34985],[-71.064142,42.349845],[-71.064142,42.34984],[-71.064143,42.349835],[-71.064143,42.349831],[-71.064143,42.349826],[-71.064143,42.349821],[-71.064143,42.349816],[-71.064143,42.349811],[-71.064143,42.349806],[-71.064143,42.349801],[-71.064142,42.349796],[-71.064142,42.349791],[-71.064142,42.349786],[-71.064141,42.349782],[-71.06414,42.349777],[-71.06414,42.349772],[-71.064139,42.349767],[-71.064138,42.349762],[-71.064137,42.349757],[-71.064136,42.349752],[-71.064135,42.349748],[-71.064133,42.349744],[-71.064132,42.349741],[-71.06413,42.349737],[-71.064129,42.349733],[-71.064127,42.349729],[-71.064125,42.349725],[-71.064123,42.349721],[-71.064121,42.349717],[-71.064119,42.349714],[-71.064117,42.34971],[-71.064115,42.349706],[-71.064112,42.349702],[-71.06411,42.349699],[-71.064107,42.349695],[-71.064105,42.349691],[-71.064102,42.349688],[-71.0641,42.349684],[-71.064097,42.349681],[-71.064094,42.349677],[-71.064091,42.349673],[-71.064089,42.34967],[-71.064086,42.349667],[-71.064083,42.349663],[-71.064079,42.34966],[-71.064076,42.349657],[-71.064073,42.349653],[-71.06407,42.34965],[-71.064066,42.349647],[-71.064063,42.349644],[-71.064059,42.349641],[-71.064056,42.349638],[-71.064052,42.349635],[-71.064048,42.349632],[-71.064045,42.349629],[-71.064041,42.349626],[-71.064037,42.349623],[-71.064033,42.34962],[-71.064029,42.349617],[-71.064025,42.349615],[-71.064021,42.349612],[-71.064017,42.349609],[-71.064013,42.349607],[-71.064009,42.349604],[-71.064004,42.349602],[-71.064,42.349599],[-71.063996,42.349597],[-71.063991,42.349594],[-71.063987,42.349592],[-71.063983,42.34959],[-71.063978,42.349587],[-71.063973,42.349585],[-71.063969,42.349583],[-71.063964,42.349581],[-71.06396,42.349579],[-71.063955,42.349577],[-71.06395,42.349575],[-71.063945,42.349573],[-71.063941,42.349571],[-71.063936,42.349569],[-71.063931,42.349567],[-71.063926,42.349566],[-71.063921,42.349564],[-71.063916,42.349562],[-71.063911,42.349561],[-71.063906,42.349559],[-71.063901,42.349558],[-71.063896,42.349556],[-71.063891,42.349555],[-71.063885,42.349554],[-71.06388,42.349553],[-71.063875,42.349551],[-71.06387,42.34955],[-71.063865,42.349549],[-71.063859,42.349548],[-71.063854,42.349547],[-71.063796,42.349539],[-71.063921,42.349683]]]},"properties":{"id":671652,"height_m":37.88,"height_ft":124.26,"structure_type":"BLDG","land_use":"E"}},{"type":"Feature","geometry":{"type":"Polygon","coordinates":[[[-71.064127,42.350208],[-71.064204,42.350169],[-71.064182,42.350144],[-71.064224,42.350123],[-71.06422,42.350118],[-71.064228,42.350114],[-71.064231,42.350115],[-71.064235,42.350114],[-71.064238,42.350113],[-71.064241,42.350111],[-71.064243,42.350109],[-71.064244,42.350107],[-71.064245,42.350104],[-71.064245,42.350101],[-71.064244,42.350099],[-71.064242,42.350097],[-71.064239,42.350095],[-71.064236,42.350094],[-71.064233,42.350094],[-71.064229,42.350089],[-71.064237,42.350085],[-71.064233,42.35008],[-71.064238,42.350078],[-71.064242,42.350077],[-71.064247,42.350076],[-71.06425,42.350074],[-71.064253,42.350071],[-71.064255,42.350069],[-71.064255,42.350066],[-71.064255,42.350064],[-71.064254,42.350062],[-71.064252,42.35006],[-71.06425,42.350058],[-71.064247,42.350057],[-71.064244,42.350056],[-71.06424,42.350051],[-71.064247,42.350048],[-71.064172,42.349965],[-71.064066,42.349849],[-71.064085,42.349784],[-71.064001,42.34977],[-71.063875,42.349832],[-71.063901,42.349754],[-71.063921,42.349683],[-71.063736,42.349471],[-71.063698,42.349427],[-71.063689,42.349416],[-71.063651,42.349374],[-71.063594,42.349316],[-71.06357,42.349327],[-71.063465,42.349378],[-71.06349,42.349403],[-71.063441,42.349426],[-71.063419,42.349422],[-71.063687,42.349729],[-71.063691,42.34973],[-71.063763,42.349811],[-71.063812,42.349868],[-71.063921,42.349991],[-71.063925,42.349995],[-71.06395,42.350025],[-71.063986,42.350065],[-71.064091,42.350184],[-71.064094,42.350187],[-71.064102,42.350183],[-71.064127,42.350208]]]},"properties":{"id":671653,"height_m":41.66,"height_ft":136.7,"structure_type":"BLDG","land_use":"E"}},{"type":"Feature","geometry":{"type":"Polygon","coordinates":[[[-71.063875,42.349832],[-71.064001,42.34977],[-71.063901,42.349754],[-71.063875,42.349832]]]},"properties":{"id":671654,"height_m":46.76,"height_ft":153.42,"structure_type":"BLDG","land_use":"E"}},{"type":"Feature","geometry":{"type":"Polygon","coordinates":[[[-71.063425,42.349376],[-71.063437,42.34939],[-71.063419,42.349422],[-71.063441,42.349426],[-71.06349,42.349403],[-71.063465,42.349378],[-71.06357,42.349327],[-71.063445,42.349309],[-71.063425,42.349376]]]},"properties":{"id":671655,"height_m":41.82,"height_ft":137.21,"structure_type":"BLDG","land_use":"E"}},{"type":"Feature","geometry":{"type":"Polygon","coordinates":[[[-71.06354,42.349708],[-71.063554,42.34971],[-71.063664,42.349726],[-71.063687,42.349729],[-71.063419,42.349422],[-71.063412,42.349431],[-71.063346,42.349671],[-71.063355,42.349672],[-71.063462,42.349688],[-71.063458,42.349703],[-71.063513,42.34971],[-71.063515,42.349704],[-71.06354,42.349708]]]},"properties":{"id":671656,"height_m":28.94,"height_ft":94.96,"structure_type":"BLDG","land_use":"E"}},{"type":"Feature","geometry":{"type":"Polygon","coordinates":[[[-71.063034,42.349456],[-71.063028,42.349462],[-71.063022,42.349468],[-71.063017,42.349475],[-71.063012,42.349482],[-71.063008,42.349489],[-71.063005,42.349496],[-71.063003,42.349503],[-71.063001,42.349511],[-71.063,42.349518],[-71.063,42.349526],[-71.063,42.349534],[-71.063002,42.349541],[-71.063002,42.349543],[-71.063004,42.349549],[-71.063006,42.349556],[-71.06301,42.349563],[-71.063014,42.34957],[-71.063019,42.349577],[-71.063024,42.349583],[-71.06303,42.34959],[-71.063037,42.349595],[-71.063044,42.349601],[-71.063052,42.349606],[-71.063052,42.349606],[-71.063074,42.349586],[-71.063054,42.349563],[-71.063053,42.349562],[-71.063051,42.34956],[-71.06305,42.349558],[-71.063049,42.349556],[-71.063048,42.349554],[-71.063047,42.349552],[-71.063046,42.34955],[-71.063045,42.349548],[-71.063045,42.349546],[-71.063044,42.349544],[-71.063043,42.349542],[-71.063043,42.34954],[-71.063043,42.349538],[-71.063042,42.349536],[-71.063042,42.349534],[-71.063042,42.349532],[-71.063041,42.34953],[-71.063041,42.349528],[-71.063041,42.349526],[-71.063041,42.349524],[-71.063042,42.349522],[-71.063042,42.34952],[-71.063042,42.349518],[-71.063043,42.349516],[-71.063043,42.349514],[-71.063043,42.349512],[-71.063044,42.34951],[-71.063045,42.349508],[-71.063045,42.349506],[-71.063046,42.349504],[-71.063047,42.349502],[-71.063048,42.3495],[-71.063049,42.349498],[-71.06305,42.349496],[-71.063051,42.349494],[-71.063053,42.349493],[-71.063054,42.349491],[-71.063055,42.349489],[-71.063057,42.349487],[-71.063058,42.349486],[-71.06306,42.349484],[-71.063061,42.349482],[-71.063063,42.349481],[-71.063065,42.349479],[-71.063067,42.349477],[-71.063068,42.349476],[-71.06307,42.349474],[-71.063072,42.349473],[-71.063074,42.349472],[-71.063076,42.34947],[-71.063078,42.349469],[-71.063081,42.349468],[-71.063083,42.349466],[-71.063085,42.349465],[-71.063087,42.349464],[-71.06309,42.349463],[-71.063092,42.349462],[-71.063094,42.349461],[-71.063097,42.34946],[-71.063099,42.349459],[-71.063102,42.349458],[-71.063104,42.349457],[-71.063107,42.349457],[-71.063109,42.349456],[-71.063112,42.349455],[-71.063115,42.349455],[-71.063117,42.349454],[-71.06312,42.349454],[-71.063123,42.349453],[-71.063125,42.349453],[-71.063128,42.349452],[-71.063131,42.349452],[-71.063134,42.349452],[-71.063136,42.349452],[-71.063139,42.349452],[-71.063142,42.349452],[-71.063145,42.349452],[-71.063147,42.349452],[-71.06315,42.349452],[-71.063153,42.349452],[-71.063156,42.349452],[-71.063192,42.349457],[-71.063209,42.349435],[-71.063211,42.349432],[-71.063202,42.349429],[-71.063193,42.349426],[-71.063183,42.349423],[-71.063173,42.349421],[-71.063163,42.34942],[-71.063153,42.349419],[-71.063142,42.349419],[-71.063132,42.349419],[-71.063122,42.34942],[-71.063112,42.349421],[-71.063102,42.349423],[-71.063096,42.349425],[-71.063092,42.349426],[-71.063083,42.349429],[-71.063074,42.349432],[-71.063065,42.349436],[-71.063056,42.34944],[-71.063048,42.349445],[-71.063041,42.34945],[-71.063034,42.349456]]]},"properties":{"id":671657,"height_m":11.61,"height_ft":38.09,"structure_type":"BLDG","land_use":"E"}},{"type":"Feature","geometry":{"type":"Polygon","coordinates":[[[-71.063074,42.349586],[-71.06309,42.349571],[-71.063091,42.349572],[-71.063093,42.349573],[-71.063095,42.349574],[-71.063097,42.349575],[-71.063099,42.349576],[-71.063101,42.349577],[-71.063103,42.349577],[-71.063105,42.349578],[-71.063107,42.349579],[-71.063109,42.349579],[-71.063111,42.34958],[-71.063113,42.34958],[-71.063115,42.349581],[-71.063117,42.349581],[-71.06312,42.349582],[-71.063122,42.349582],[-71.063124,42.349582],[-71.063126,42.349582],[-71.063129,42.349582],[-71.063131,42.349582],[-71.063133,42.349583],[-71.063136,42.349583],[-71.063138,42.349582],[-71.06314,42.349582],[-71.063143,42.349582],[-71.063145,42.349582],[-71.063147,42.349582],[-71.06315,42.349581],[-71.063152,42.349581],[-71.063154,42.349581],[-71.063157,42.34958],[-71.063159,42.34958],[-71.063161,42.349579],[-71.063164,42.349578],[-71.063166,42.349578],[-71.063168,42.349577],[-71.06317,42.349576],[-71.063172,42.349575],[-71.063175,42.349575],[-71.063177,42.349574],[-71.063179,42.349573],[-71.063181,42.349572],[-71.063183,42.349571],[-71.063185,42.34957],[-71.063187,42.349569],[-71.063189,42.349567],[-71.063191,42.349566],[-71.063192,42.349565],[-71.063194,42.349564],[-71.063196,42.349563],[-71.063197,42.349561],[-71.063199,42.34956],[-71.063201,42.349559],[-71.063202,42.349557],[-71.063204,42.349556],[-71.063205,42.349554],[-71.063206,42.349553],[-71.063208,42.349551],[-71.063209,42.34955],[-71.06321,42.349548],[-71.063211,42.349547],[-71.063212,42.349545],[-71.063213,42.349543],[-71.063214,42.349542],[-71.063215,42.34954],[-71.063215,42.349539],[-71.063216,42.349537],[-71.063216,42.349535],[-71.063217,42.349534],[-71.063217,42.349532],[-71.063217,42.34953],[-71.063218,42.349529],[-71.063218,42.349527],[-71.063218,42.349525],[-71.063218,42.349523],[-71.063218,42.349522],[-71.063218,42.34952],[-71.063218,42.349518],[-71.063217,42.349517],[-71.063217,42.349515],[-71.063217,42.349513],[-71.063216,42.349512],[-71.063216,42.34951],[-71.063215,42.349508],[-71.063215,42.349507],[-71.063214,42.349505],[-71.063213,42.349504],[-71.063213,42.349502],[-71.063212,42.3495],[-71.063211,42.349499],[-71.06321,42.349497],[-71.063209,42.349496],[-71.063208,42.349494],[-71.063207,42.349493],[-71.063206,42.349492],[-71.063204,42.34949],[-71.063203,42.349489],[-71.063202,42.349488],[-71.063201,42.349486],[-71.063199,42.349485],[-71.063198,42.349484],[-71.063196,42.349483],[-71.063195,42.349482],[-71.063193,42.349481],[-71.063192,42.34948],[-71.06319,42.349479],[-71.063188,42.349478],[-71.063187,42.349477],[-71.063185,42.349476],[-71.063183,42.349476],[-71.063181,42.349475],[-71.06318,42.349474],[-71.063192,42.349457],[-71.063156,42.349452],[-71.063153,42.349452],[-71.06315,42.349452],[-71.063147,42.349452],[-71.063145,42.349452],[-71.063142,42.349452],[-71.063139,42.349452],[-71.063136,42.349452],[-71.063134,42.349452],[-71.063131,42.349452],[-71.063128,42.349452],[-71.063125,42.349453],[-71.063123,42.349453],[-71.06312,42.349454],[-71.063117,42.349454],[-71.063115,42.349455],[-71.063112,42.349455],[-71.063109,42.349456],[-71.063107,42.349457],[-71.063104,42.349457],[-71.063102,42.349458],[-71.063099,42.349459],[-71.063097,42.34946],[-71.063094,42.349461],[-71.063092,42.349462],[-71.06309,42.349463],[-71.063087,42.349464],[-71.063085,42.349465],[-71.063083,42.349466],[-71.063081,42.349468],[-71.063078,42.349469],[-71.063076,42.34947],[-71.063074,42.349472],[-71.063072,42.349473],[-71.06307,42.349474],[-71.063068,42.349476],[-71.063067,42.349477],[-71.063065,42.349479],[-71.063063,42.349481],[-71.063061,42.349482],[-71.06306,42.349484],[-71.063058,42.349486],[-71.063057,42.349487],[-71.063055,42.349489],[-71.063054,42.349491],[-71.063053,42.349493],[-71.063051,42.349494],[-71.06305,42.349496],[-71.063049,42.349498],[-71.063048,42.3495],[-71.063047,42.349502],[-71.063046,42.349504],[-71.063045,42.349506],[-71.063045,42.349508],[-71.063044,42.34951],[-71.063043,42.349512],[-71.063043,42.349514],[-71.063043,42.349516],[-71.063042,42.349518],[-71.063042,42.34952],[-71.063042,42.349522],[-71.063041,42.349524],[-71.063041,42.349526],[-71.063041,42.349528],[-71.063041,42.34953],[-71.063042,42.349532],[-71.063042,42.349534],[-71.063042,42.349536],[-71.063043,42.349538],[-71.063043,42.34954],[-71.063043,42.349542],[-71.063044,42.349544],[-71.063045,42.349546],[-71.063045,42.349548],[-71.063046,42.34955],[-71.063047,42.349552],[-71.063048,42.349554],[-71.063049,42.349556],[-71.06305,42.349558],[-71.063051,42.34956],[-71.063053,42.349562],[-71.063054,42.349563],[-71.063074,42.349586]]]},"properties":{"id":671658,"height_m":15.99,"height_ft":52.45,"structure_type":"BLDG","land_use":"E"}},{"type":"Feature","geometry":{"type":"Polygon","coordinates":[[[-71.063473,42.349304],[-71.063473,42.349306],[-71.063548,42.349317],[-71.063557,42.349285],[-71.063511,42.349279],[-71.063481,42.349274],[-71.063473,42.349304]]]},"properties":{"id":671659,"height_m":55.41,"height_ft":181.78,"structure_type":"BLDG","land_use":"E"}},{"type":"Feature","geometry":{"type":"Polygon","coordinates":[[[-71.063447,42.3493],[-71.063473,42.349304],[-71.063481,42.349274],[-71.063511,42.349279],[-71.063523,42.349233],[-71.063467,42.349225],[-71.063447,42.3493]]]},"properties":{"id":671660,"height_m":51.11,"height_ft":167.69,"structure_type":"BLDG","land_use":"E"}},{"type":"Feature","geometry":{"type":"Polygon","coordinates":[[[-71.063856,42.353031],[-71.064238,42.353054],[-71.064239,42.353045],[-71.064243,42.353031],[-71.064251,42.353005],[-71.064257,42.352984],[-71.063861,42.352963],[-71.063856,42.353031]]]},"properties":{"id":671661,"height_m":23.22,"height_ft":76.17,"structure_type":"BLDG","land_use":"C"}},{"type":"Feature","geometry":{"type":"Polygon","coordinates":[[[-71.063892,42.353833],[-71.063897,42.353824],[-71.06391,42.353801],[-71.063915,42.353802],[-71.063916,42.353799],[-71.06392,42.353793],[-71.063934,42.353767],[-71.063946,42.353745],[-71.063956,42.353727],[-71.063972,42.353699],[-71.063985,42.353676],[-71.063987,42.35367],[-71.063989,42.353668],[-71.06398,42.353665],[-71.063994,42.353641],[-71.063998,42.353634],[-71.063991,42.353632],[-71.063986,42.35363],[-71.063985,42.35363],[-71.063955,42.353621],[-71.063953,42.35362],[-71.06394,42.353616],[-71.063924,42.353611],[-71.063915,42.353608],[-71.063913,42.353608],[-71.063852,42.353589],[-71.063843,42.353587],[-71.063827,42.353582],[-71.063816,42.353578],[-71.063781,42.353568],[-71.063768,42.353564],[-71.063766,42.353567],[-71.063762,42.353572],[-71.063747,42.353598],[-71.063723,42.353635],[-71.06369,42.353688],[-71.063666,42.353727],[-71.06365,42.353752],[-71.063645,42.35376],[-71.063892,42.353833]]]},"properties":{"id":671662,"height_m":50.99,"height_ft":167.28,"structure_type":"BLDG","land_use":"RC"}},{"type":"Feature","geometry":{"type":"Polygon","coordinates":[[[-71.063748,42.354096],[-71.063771,42.354055],[-71.063788,42.35406],[-71.063852,42.353943],[-71.063838,42.353939],[-71.063853,42.353912],[-71.063862,42.353896],[-71.063858,42.353895],[-71.063609,42.353818],[-71.063488,42.354013],[-71.063484,42.354018],[-71.063748,42.354096]]]},"properties":{"id":671663,"height_m":50.12,"height_ft":164.45,"structure_type":"BLDG","land_use":"RC"}},{"type":"Feature","geometry":{"type":"Polygon","coordinates":[[[-71.063515,42.352659],[-71.063516,42.352675],[-71.063529,42.352676],[-71.063532,42.35261],[-71.06354,42.35261],[-71.063543,42.352569],[-71.063695,42.352563],[-71.063705,42.352384],[-71.06353,42.352383],[-71.063388,42.352382],[-71.063363,42.352382],[-71.06336,42.352448],[-71.063367,42.352448],[-71.06338,42.352569],[-71.063395,42.352591],[-71.063515,42.352659]]]},"properties":{"id":671664,"height_m":38.34,"height_ft":125.79,"structure_type":"BLDG","land_use":"E"}},{"type":"Feature","geometry":{"type":"Polygon","coordinates":[[[-71.062522,42.353635],[-71.062557,42.353657],[-71.063043,42.353655],[-71.063082,42.353402],[-71.06272,42.353391],[-71.06271,42.353448],[-71.062682,42.353436],[-71.062522,42.353635]]]},"properties":{"id":671665,"height_m":123.66,"height_ft":405.7,"structure_type":"BLDG","land_use":"RC"}},{"type":"Feature","geometry":{"type":"Polygon","coordinates":[[[-71.059175,42.352712],[-71.059175,42.352728],[-71.059257,42.352732],[-71.059322,42.352726],[-71.059312,42.352675],[-71.059301,42.352676],[-71.059296,42.352646],[-71.059309,42.352644],[-71.059303,42.352593],[-71.058897,42.352545],[-71.058886,42.352662],[-71.05889,42.352662],[-71.058888,42.352681],[-71.058996,42.352693],[-71.058991,42.352719],[-71.059055,42.352723],[-71.059058,42.3527],[-71.059175,42.352712]]]},"properties":{"id":671666,"height_m":32.4,"height_ft":106.3,"structure_type":"BLDG","land_use":"CM"}},{"type":"Feature","geometry":{"type":"Polygon","coordinates":[[[-71.058045,42.352784],[-71.058042,42.352811],[-71.058097,42.352814],[-71.058126,42.352633],[-71.058065,42.352629],[-71.058045,42.352784]]]},"properties":{"id":671670,"height_m":24.85,"height_ft":81.52,"structure_type":"BLDG","land_use":"C"}},{"type":"Feature","geometry":{"type":"Polygon","coordinates":[[[-71.058778,42.353149],[-71.058955,42.353161],[-71.058968,42.35305],[-71.058791,42.353038],[-71.058778,42.353149]]]},"properties":{"id":671671,"height_m":34.36,"height_ft":112.72,"structure_type":"BLDG","land_use":"C"}},{"type":"Feature","geometry":{"type":"Polygon","coordinates":[[[-71.058984,42.353166],[-71.059179,42.35318],[-71.059185,42.353133],[-71.059224,42.353136],[-71.059239,42.353018],[-71.059196,42.353015],[-71.059216,42.352859],[-71.059061,42.352848],[-71.059038,42.353032],[-71.059001,42.353029],[-71.058984,42.353166]]]},"properties":{"id":671672,"height_m":35.59,"height_ft":116.77,"structure_type":"BLDG","land_use":"C"}},{"type":"Feature","geometry":{"type":"Polygon","coordinates":[[[-71.057361,42.353133],[-71.057587,42.353153],[-71.057615,42.352985],[-71.057388,42.352965],[-71.057361,42.353133]]]},"properties":{"id":671673,"height_m":88.49,"height_ft":290.31,"structure_type":"BLDG","land_use":"C"}},{"type":"Feature","geometry":{"type":"Polygon","coordinates":[[[-71.057571,42.35316],[-71.057597,42.353162],[-71.0576,42.353143],[-71.057623,42.352999],[-71.057626,42.352978],[-71.057601,42.352976],[-71.057406,42.352959],[-71.057379,42.352956],[-71.057376,42.352976],[-71.057353,42.35312],[-71.05735,42.35314],[-71.057374,42.353142],[-71.057571,42.35316]],[[-71.057615,42.352985],[-71.057587,42.353153],[-71.057361,42.353133],[-71.057388,42.352965],[-71.057615,42.352985]]]},"properties":{"id":671674,"height_m":88.49,"height_ft":290.31,"structure_type":"BLDG","land_use":"C"}},{"type":"Feature","geometry":{"type":"Polygon","coordinates":[[[-71.057305,42.35297],[-71.057376,42.352976],[-71.057379,42.352956],[-71.057406,42.352959],[-71.057409,42.35294],[-71.057415,42.352905],[-71.057316,42.352897],[-71.057307,42.352954],[-71.057305,42.35297]]]},"properties":{"id":671675,"height_m":89.54,"height_ft":293.76,"structure_type":"BLDG","land_use":"C"}},{"type":"Feature","geometry":{"type":"Polygon","coordinates":[[[-71.057276,42.353127],[-71.057266,42.353188],[-71.057365,42.353197],[-71.057371,42.353159],[-71.057374,42.353142],[-71.05735,42.35314],[-71.057353,42.35312],[-71.057278,42.353113],[-71.057276,42.353127]]]},"properties":{"id":671676,"height_m":89.18,"height_ft":292.58,"structure_type":"BLDG","land_use":"C"}},{"type":"Feature","geometry":{"type":"Polygon","coordinates":[[[-71.057568,42.353174],[-71.057562,42.353215],[-71.057659,42.353224],[-71.057671,42.353149],[-71.05762,42.353144],[-71.0576,42.353143],[-71.057597,42.353162],[-71.057571,42.35316],[-71.057568,42.353174]]]},"properties":{"id":671677,"height_m":88.89,"height_ft":291.64,"structure_type":"BLDG","land_use":"C"}},{"type":"Feature","geometry":{"type":"Polygon","coordinates":[[[-71.057604,42.352958],[-71.057601,42.352976],[-71.057626,42.352978],[-71.057623,42.352999],[-71.057643,42.353001],[-71.057696,42.353006],[-71.057708,42.352932],[-71.057609,42.352923],[-71.057604,42.352958]]]},"properties":{"id":671678,"height_m":89.41,"height_ft":293.33,"structure_type":"BLDG","land_use":"C"}},{"type":"Feature","geometry":{"type":"Polygon","coordinates":[[[-71.057191,42.353119],[-71.057276,42.353127],[-71.057278,42.353113],[-71.057353,42.35312],[-71.057376,42.352976],[-71.057305,42.35297],[-71.057307,42.352954],[-71.05722,42.352946],[-71.057217,42.352969],[-71.057203,42.352968],[-71.057201,42.352975],[-71.057188,42.352988],[-71.057177,42.353003],[-71.057168,42.353024],[-71.057167,42.353051],[-71.057172,42.353072],[-71.057181,42.353087],[-71.057179,42.353095],[-71.057195,42.353096],[-71.057191,42.353119]]]},"properties":{"id":671679,"height_m":84.21,"height_ft":276.27,"structure_type":"BLDG","land_use":"C"}},{"type":"Feature","geometry":{"type":"Polygon","coordinates":[[[-71.057406,42.352959],[-71.057601,42.352976],[-71.057604,42.352958],[-71.057409,42.35294],[-71.057406,42.352959]]]},"properties":{"id":671680,"height_m":89.6,"height_ft":293.95,"structure_type":"BLDG","land_use":"C"}},{"type":"Feature","geometry":{"type":"Polygon","coordinates":[[[-71.0576,42.353143],[-71.05762,42.353144],[-71.057643,42.353001],[-71.057623,42.352999],[-71.0576,42.353143]]]},"properties":{"id":671681,"height_m":88.97,"height_ft":291.91,"structure_type":"BLDG","land_use":"C"}},{"type":"Feature","geometry":{"type":"Polygon","coordinates":[[[-71.058256,42.352808],[-71.05861,42.352832],[-71.058629,42.352678],[-71.058275,42.352653],[-71.058256,42.352808]]]},"properties":{"id":671682,"height_m":149.38,"height_ft":490.1,"structure_type":"BLDG","land_use":"C"}},{"type":"Feature","geometry":{"type":"Polygon","coordinates":[[[-71.055487,42.354168],[-71.055414,42.354211],[-71.0554,42.35422],[-71.055474,42.354285],[-71.055591,42.35439],[-71.055631,42.354426],[-71.055602,42.354453],[-71.055621,42.354481],[-71.055628,42.354474],[-71.055745,42.354392],[-71.055503,42.354159],[-71.055487,42.354168]]]},"properties":{"id":671683,"height_m":18.29,"height_ft":59.99,"structure_type":"BLDG","land_use":"C"}},{"type":"Feature","geometry":{"type":"Polygon","coordinates":[[[-71.059228,42.355368],[-71.059302,42.355299],[-71.059293,42.355293],[-71.05931,42.355276],[-71.05932,42.355282],[-71.059485,42.355127],[-71.059476,42.355121],[-71.059494,42.355105],[-71.059503,42.355111],[-71.059549,42.355069],[-71.059594,42.355028],[-71.059598,42.355024],[-71.059632,42.354993],[-71.059638,42.354988],[-71.059615,42.354971],[-71.05962,42.354967],[-71.059565,42.354925],[-71.059557,42.354919],[-71.059553,42.354922],[-71.059489,42.354874],[-71.059494,42.354871],[-71.059491,42.354869],[-71.059453,42.354841],[-71.059451,42.354839],[-71.059447,42.354842],[-71.059383,42.354795],[-71.059388,42.354791],[-71.059327,42.354744],[-71.059322,42.354748],[-71.0593,42.354731],[-71.059303,42.354729],[-71.05925,42.354689],[-71.059219,42.354665],[-71.059161,42.354622],[-71.059151,42.354632],[-71.058996,42.354777],[-71.059025,42.354795],[-71.059091,42.354833],[-71.059055,42.354867],[-71.058992,42.354831],[-71.058997,42.354826],[-71.058994,42.354824],[-71.058866,42.354747],[-71.058863,42.354745],[-71.058721,42.354875],[-71.058787,42.354919],[-71.058784,42.354922],[-71.058737,42.354966],[-71.058666,42.354924],[-71.058575,42.35501],[-71.058538,42.355044],[-71.058538,42.355044],[-71.058542,42.35507],[-71.058815,42.355188],[-71.058839,42.355162],[-71.058857,42.355172],[-71.058863,42.355166],[-71.058944,42.355092],[-71.058935,42.355085],[-71.059143,42.354891],[-71.059153,42.354897],[-71.05924,42.35482],[-71.059309,42.354874],[-71.059322,42.354864],[-71.059478,42.354986],[-71.05947,42.354995],[-71.059538,42.355048],[-71.059465,42.355118],[-71.059475,42.355126],[-71.059312,42.355275],[-71.059303,42.35527],[-71.059229,42.35534],[-71.059138,42.3553],[-71.05913,42.355309],[-71.059123,42.355315],[-71.059228,42.355368]]]},"properties":{"id":671684,"height_m":22.51,"height_ft":73.85,"structure_type":"BLDG","land_use":"C"}},{"type":"Feature","geometry":{"type":"Polygon","coordinates":[[[-71.059033,42.354595],[-71.058875,42.354739],[-71.059002,42.354817],[-71.059025,42.354795],[-71.058996,42.354777],[-71.059151,42.354632],[-71.059081,42.35459],[-71.059033,42.354595]]]},"properties":{"id":671685,"height_m":9.56,"height_ft":31.37,"structure_type":"BLDG","land_use":"C"}},{"type":"Feature","geometry":{"type":"Polygon","coordinates":[[[-71.059229,42.35534],[-71.059303,42.35527],[-71.059312,42.355275],[-71.059475,42.355126],[-71.059465,42.355118],[-71.059538,42.355048],[-71.05947,42.354995],[-71.059478,42.354986],[-71.059322,42.354864],[-71.059309,42.354874],[-71.05924,42.35482],[-71.059153,42.354897],[-71.059143,42.354891],[-71.058935,42.355085],[-71.058944,42.355092],[-71.058863,42.355166],[-71.058945,42.355214],[-71.058937,42.355221],[-71.059013,42.35524],[-71.059063,42.355269],[-71.05913,42.355309],[-71.059138,42.3553],[-71.059229,42.35534]]]},"properties":{"id":671686,"height_m":81.93,"height_ft":268.81,"structure_type":"BLDG","land_use":"C"}},{"type":"Feature","geometry":{"type":"Polygon","coordinates":[[[-71.057948,42.354989],[-71.058073,42.354993],[-71.058153,42.355002],[-71.058175,42.35495],[-71.058232,42.35489],[-71.058044,42.354785],[-71.057908,42.354919],[-71.05787,42.354957],[-71.057875,42.354959],[-71.057867,42.35498],[-71.057914,42.354998],[-71.057933,42.354983],[-71.057948,42.354989]]]},"properties":{"id":671687,"height_m":25.42,"height_ft":83.39,"structure_type":"BLDG","land_use":"C"}},{"type":"Feature","geometry":{"type":"Polygon","coordinates":[[[-71.058718,42.354284],[-71.058627,42.354217],[-71.058554,42.354286],[-71.058464,42.354371],[-71.058391,42.354438],[-71.058397,42.35444],[-71.058489,42.354492],[-71.058512,42.35447],[-71.058718,42.354284]]]},"properties":{"id":671688,"height_m":19.81,"height_ft":65.01,"structure_type":"BLDG","land_use":"C"}},{"type":"Feature","geometry":{"type":"Polygon","coordinates":[[[-71.058153,42.355002],[-71.05828,42.355017],[-71.058317,42.354981],[-71.058343,42.354995],[-71.058419,42.354921],[-71.058429,42.354911],[-71.058101,42.35473],[-71.05807,42.35476],[-71.058052,42.354778],[-71.058044,42.354785],[-71.058232,42.35489],[-71.058175,42.35495],[-71.058153,42.355002]]]},"properties":{"id":671689,"height_m":41.07,"height_ft":134.74,"structure_type":"BLDG","land_use":"E"}},{"type":"Feature","geometry":{"type":"Polygon","coordinates":[[[-71.058368,42.354602],[-71.058512,42.354681],[-71.058595,42.3546],[-71.058565,42.354582],[-71.058586,42.354561],[-71.058473,42.354497],[-71.058368,42.354602]]]},"properties":{"id":671690,"height_m":9.93,"height_ft":32.58,"structure_type":"BLDG","land_use":"E"}},{"type":"Feature","geometry":{"type":"Polygon","coordinates":[[[-71.058276,42.354689],[-71.058419,42.354769],[-71.058332,42.354857],[-71.058429,42.354911],[-71.058447,42.354921],[-71.058451,42.354923],[-71.058453,42.354921],[-71.058546,42.354834],[-71.058633,42.354753],[-71.058718,42.354674],[-71.058709,42.354669],[-71.058595,42.3546],[-71.058512,42.354681],[-71.058368,42.354602],[-71.058276,42.354689]]]},"properties":{"id":671691,"height_m":24.19,"height_ft":79.38,"structure_type":"BLDG","land_use":"E"}},{"type":"Feature","geometry":{"type":"Polygon","coordinates":[[[-71.058356,42.35448],[-71.058339,42.354497],[-71.058276,42.354558],[-71.058202,42.354631],[-71.058101,42.35473],[-71.058185,42.354776],[-71.058276,42.354689],[-71.058368,42.354602],[-71.058473,42.354497],[-71.058387,42.354449],[-71.058356,42.35448]]]},"properties":{"id":671692,"height_m":24.19,"height_ft":79.38,"structure_type":"BLDG","land_use":"E"}},{"type":"Feature","geometry":{"type":"Polygon","coordinates":[[[-71.058185,42.354776],[-71.058332,42.354857],[-71.058419,42.354769],[-71.058276,42.354689],[-71.058185,42.354776]]]},"properties":{"id":671693,"height_m":10.35,"height_ft":33.95,"structure_type":"BLDG","land_use":"E"}},{"type":"Feature","geometry":{"type":"Polygon","coordinates":[[[-71.060547,42.354432],[-71.06057,42.35445],[-71.060883,42.354663],[-71.061111,42.354803],[-71.061132,42.354783],[-71.061287,42.354642],[-71.061292,42.354638],[-71.061516,42.354425],[-71.06165,42.354298],[-71.061687,42.354262],[-71.061745,42.354204],[-71.0618,42.354152],[-71.061961,42.353992],[-71.062033,42.353919],[-71.061992,42.3539],[-71.061658,42.353737],[-71.061507,42.353663],[-71.061484,42.353652],[-71.061478,42.35366],[-71.061413,42.353628],[-71.06133,42.353587],[-71.061316,42.353581],[-71.061283,42.353618],[-71.061052,42.35387],[-71.061056,42.353871],[-71.06106,42.353871],[-71.061064,42.353872],[-71.061068,42.353873],[-71.061071,42.353874],[-71.061075,42.353875],[-71.061079,42.353876],[-71.061082,42.353877],[-71.061086,42.353878],[-71.06109,42.353879],[-71.061093,42.35388],[-71.061097,42.353882],[-71.0611,42.353883],[-71.061104,42.353884],[-71.061107,42.353886],[-71.061111,42.353887],[-71.061114,42.353889],[-71.061117,42.35389],[-71.061121,42.353892],[-71.061124,42.353894],[-71.061127,42.353895],[-71.06113,42.353897],[-71.061133,42.353899],[-71.061136,42.353901],[-71.061139,42.353902],[-71.061142,42.353904],[-71.061145,42.353906],[-71.061148,42.353908],[-71.061151,42.35391],[-71.061154,42.353912],[-71.061156,42.353914],[-71.061159,42.353917],[-71.061162,42.353919],[-71.061164,42.353921],[-71.061167,42.353923],[-71.061169,42.353926],[-71.061172,42.353928],[-71.061174,42.35393],[-71.061176,42.353933],[-71.061178,42.353935],[-71.061181,42.353937],[-71.061183,42.35394],[-71.061185,42.353942],[-71.061187,42.353945],[-71.061188,42.353947],[-71.06119,42.35395],[-71.061192,42.353953],[-71.061194,42.353955],[-71.061195,42.353958],[-71.061197,42.353961],[-71.061198,42.353963],[-71.0612,42.353966],[-71.061201,42.353969],[-71.061202,42.353972],[-71.061204,42.353974],[-71.061205,42.353977],[-71.061206,42.35398],[-71.061207,42.353983],[-71.061208,42.353986],[-71.061209,42.353988],[-71.061209,42.353991],[-71.06121,42.353994],[-71.061211,42.353997],[-71.061211,42.354],[-71.061212,42.354003],[-71.061212,42.354006],[-71.061213,42.354009],[-71.061213,42.354012],[-71.061213,42.354014],[-71.061213,42.354017],[-71.061213,42.35402],[-71.061213,42.354023],[-71.061213,42.354026],[-71.061213,42.354029],[-71.061213,42.354032],[-71.061212,42.354035],[-71.061212,42.354038],[-71.061211,42.354041],[-71.061211,42.354043],[-71.06121,42.354046],[-71.061209,42.354049],[-71.061209,42.354052],[-71.061208,42.354055],[-71.061207,42.354058],[-71.061206,42.354061],[-71.061205,42.354063],[-71.061204,42.354066],[-71.061203,42.354069],[-71.061201,42.354072],[-71.0612,42.354074],[-71.061199,42.354077],[-71.061197,42.35408],[-71.061196,42.354083],[-71.061194,42.354085],[-71.061192,42.354088],[-71.061191,42.35409],[-71.061189,42.354093],[-71.061187,42.354096],[-71.061185,42.354098],[-71.061183,42.354101],[-71.061181,42.354103],[-71.061179,42.354106],[-71.061177,42.354108],[-71.061174,42.35411],[-71.061172,42.354113],[-71.06117,42.354115],[-71.061167,42.354117],[-71.061165,42.35412],[-71.061162,42.354122],[-71.06116,42.354124],[-71.061157,42.354126],[-71.061154,42.354128],[-71.061151,42.35413],[-71.061149,42.354132],[-71.061146,42.354134],[-71.061143,42.354136],[-71.06114,42.354138],[-71.061137,42.35414],[-71.061134,42.354142],[-71.061131,42.354144],[-71.061128,42.354145],[-71.061124,42.354147],[-71.061121,42.354149],[-71.061118,42.35415],[-71.061115,42.354152],[-71.061111,42.354154],[-71.061108,42.354155],[-71.061104,42.354156],[-71.061101,42.354158],[-71.061097,42.354159],[-71.061094,42.35416],[-71.06109,42.354162],[-71.061087,42.354163],[-71.061083,42.354164],[-71.061079,42.354165],[-71.061076,42.354166],[-71.061072,42.354167],[-71.061068,42.354168],[-71.061065,42.354169],[-71.061061,42.35417],[-71.061057,42.35417],[-71.061053,42.354171],[-71.061049,42.354172],[-71.061045,42.354172],[-71.061042,42.354173],[-71.061038,42.354173],[-71.061034,42.354174],[-71.06103,42.354174],[-71.061026,42.354174],[-71.061022,42.354175],[-71.061018,42.354175],[-71.061014,42.354175],[-71.06101,42.354175],[-71.061006,42.354175],[-71.061003,42.354175],[-71.060999,42.354175],[-71.060995,42.354175],[-71.060991,42.354175],[-71.060987,42.354175],[-71.060983,42.354174],[-71.060979,42.354174],[-71.060975,42.354174],[-71.060971,42.354173],[-71.060967,42.354173],[-71.060964,42.354172],[-71.06096,42.354172],[-71.060956,42.354171],[-71.060953,42.354175],[-71.060949,42.354174],[-71.060945,42.354173],[-71.060941,42.354172],[-71.060937,42.354171],[-71.060934,42.35417],[-71.06093,42.354169],[-71.060926,42.354168],[-71.060922,42.354167],[-71.060918,42.354166],[-71.060914,42.354164],[-71.060911,42.354163],[-71.060907,42.354161],[-71.060903,42.35416],[-71.0609,42.354158],[-71.060896,42.354157],[-71.060892,42.354155],[-71.060889,42.354154],[-71.060886,42.354152],[-71.060882,42.35415],[-71.060879,42.354148],[-71.060875,42.354146],[-71.060872,42.354145],[-71.060869,42.354143],[-71.060866,42.354141],[-71.060862,42.354139],[-71.060859,42.354137],[-71.060856,42.354134],[-71.060853,42.354132],[-71.06085,42.35413],[-71.060847,42.354128],[-71.060845,42.354126],[-71.060842,42.354123],[-71.060839,42.354121],[-71.060836,42.354119],[-71.060834,42.354116],[-71.060831,42.354114],[-71.060547,42.354432]]]},"properties":{"id":671698,"height_m":29.03,"height_ft":95.23,"structure_type":"BLDG","land_use":"C"}},{"type":"Feature","geometry":{"type":"Polygon","coordinates":[[[-71.06007,42.353948],[-71.05997,42.354032],[-71.059969,42.354033],[-71.060153,42.35416],[-71.060193,42.354116],[-71.060347,42.353939],[-71.060343,42.353937],[-71.060304,42.353784],[-71.060341,42.353745],[-71.060285,42.353714],[-71.06007,42.353948]]]},"properties":{"id":671699,"height_m":16.61,"height_ft":54.49,"structure_type":"BLDG","land_use":"C"}},{"type":"Feature","geometry":{"type":"Polygon","coordinates":[[[-71.060193,42.354116],[-71.060632,42.354337],[-71.060762,42.354191],[-71.060663,42.354142],[-71.060727,42.354075],[-71.060614,42.354019],[-71.06079,42.353821],[-71.060885,42.353865],[-71.060896,42.35387],[-71.060899,42.353866],[-71.060957,42.353801],[-71.060963,42.353794],[-71.060919,42.353772],[-71.061126,42.353541],[-71.061156,42.353507],[-71.061158,42.353505],[-71.060686,42.353582],[-71.060361,42.353946],[-71.060347,42.353939],[-71.060193,42.354116]]]},"properties":{"id":671700,"height_m":21.41,"height_ft":70.24,"structure_type":"BLDG","land_use":"C"}},{"type":"Feature","geometry":{"type":"Polygon","coordinates":[[[-71.060919,42.353772],[-71.060963,42.353794],[-71.060957,42.353801],[-71.061066,42.353855],[-71.061283,42.353618],[-71.061276,42.353614],[-71.061181,42.353568],[-71.061179,42.353567],[-71.061172,42.353563],[-71.06117,42.353562],[-71.061126,42.353541],[-71.060919,42.353772]]]},"properties":{"id":671701,"height_m":21.41,"height_ft":70.24,"structure_type":"BLDG","land_use":"C"}},{"type":"Feature","geometry":{"type":"Polygon","coordinates":[[[-71.060153,42.35416],[-71.060547,42.354432],[-71.060632,42.354337],[-71.060193,42.354116],[-71.060153,42.35416]]]},"properties":{"id":671702,"height_m":15.73,"height_ft":51.61,"structure_type":"BLDG","land_use":"C"}},{"type":"Feature","geometry":{"type":"Polygon","coordinates":[[[-71.059499,42.354532],[-71.0595,42.354533],[-71.059501,42.354535],[-71.059502,42.354536],[-71.059503,42.354537],[-71.059504,42.354538],[-71.059505,42.354539],[-71.059506,42.35454],[-71.059507,42.354542],[-71.059507,42.354543],[-71.059508,42.354544],[-71.059508,42.354545],[-71.059509,42.354547],[-71.059509,42.354548],[-71.059509,42.354549],[-71.05951,42.354551],[-71.05951,42.354552],[-71.05951,42.354554],[-71.05951,42.354555],[-71.05951,42.354556],[-71.05951,42.354558],[-71.059509,42.354559],[-71.059509,42.35456],[-71.059509,42.354562],[-71.059508,42.354563],[-71.059508,42.354564],[-71.059507,42.354566],[-71.059507,42.354567],[-71.059506,42.354568],[-71.059505,42.354569],[-71.059504,42.35457],[-71.059503,42.354572],[-71.059502,42.354573],[-71.059501,42.354574],[-71.060212,42.35511],[-71.060389,42.354982],[-71.060132,42.35478],[-71.060537,42.354475],[-71.059994,42.354094],[-71.059943,42.354143],[-71.059934,42.35414],[-71.059499,42.354532]]]},"properties":{"id":671703,"height_m":40.05,"height_ft":131.41,"structure_type":"BLDG","land_use":"C"}},{"type":"Feature","geometry":{"type":"Polygon","coordinates":[[[-71.060481,42.355389],[-71.060482,42.355389],[-71.060483,42.355389],[-71.060484,42.355389],[-71.060485,42.355389],[-71.060486,42.355389],[-71.060487,42.355389],[-71.060489,42.355389],[-71.06049,42.355389],[-71.060491,42.355389],[-71.060492,42.355388],[-71.060493,42.355388],[-71.060494,42.355388],[-71.060495,42.355387],[-71.060496,42.355387],[-71.060496,42.355386],[-71.060497,42.355386],[-71.060562,42.355313],[-71.060574,42.355319],[-71.060685,42.355214],[-71.060389,42.354982],[-71.060212,42.35511],[-71.060152,42.355154],[-71.060481,42.355389]]]},"properties":{"id":671704,"height_m":12.61,"height_ft":41.38,"structure_type":"BLDG","land_use":"C"}},{"type":"Feature","geometry":{"type":"Polygon","coordinates":[[[-71.060345,42.353649],[-71.060336,42.353659],[-71.06029,42.353709],[-71.060285,42.353714],[-71.060341,42.353745],[-71.060304,42.353784],[-71.060343,42.353937],[-71.060361,42.353946],[-71.060686,42.353582],[-71.061158,42.353505],[-71.061164,42.353498],[-71.061166,42.353496],[-71.061155,42.35349],[-71.060933,42.353382],[-71.060906,42.353406],[-71.060904,42.353407],[-71.060902,42.353408],[-71.0609,42.353409],[-71.060898,42.35341],[-71.060896,42.353411],[-71.060893,42.353412],[-71.060891,42.353413],[-71.060889,42.353414],[-71.060886,42.353415],[-71.060884,42.353416],[-71.060881,42.353417],[-71.060879,42.353418],[-71.060876,42.353418],[-71.060874,42.353419],[-71.060871,42.35342],[-71.060869,42.35342],[-71.060866,42.353421],[-71.060863,42.353421],[-71.060861,42.353421],[-71.060858,42.353422],[-71.060855,42.353422],[-71.060853,42.353422],[-71.06085,42.353422],[-71.060847,42.353422],[-71.060845,42.353422],[-71.060842,42.353422],[-71.060839,42.353422],[-71.060836,42.353422],[-71.060834,42.353422],[-71.060831,42.353422],[-71.060828,42.353422],[-71.060826,42.353421],[-71.060823,42.353421],[-71.060821,42.35342],[-71.060818,42.35342],[-71.060815,42.353419],[-71.060813,42.353419],[-71.06081,42.353418],[-71.060808,42.353417],[-71.060805,42.353417],[-71.060803,42.353416],[-71.0608,42.353415],[-71.060798,42.353414],[-71.060796,42.353413],[-71.060793,42.353412],[-71.060791,42.353411],[-71.060789,42.35341],[-71.060787,42.353409],[-71.060784,42.353408],[-71.060782,42.353406],[-71.06078,42.353405],[-71.060778,42.353404],[-71.060776,42.353402],[-71.060774,42.353401],[-71.060772,42.353399],[-71.060771,42.353398],[-71.060769,42.353396],[-71.060767,42.353395],[-71.060766,42.353393],[-71.060764,42.353392],[-71.060762,42.35339],[-71.060761,42.353388],[-71.06076,42.353387],[-71.060758,42.353385],[-71.060757,42.353383],[-71.060756,42.353381],[-71.060755,42.35338],[-71.060754,42.353378],[-71.060753,42.353376],[-71.060752,42.353374],[-71.060751,42.353372],[-71.06075,42.35337],[-71.060749,42.353368],[-71.060749,42.353366],[-71.060748,42.353364],[-71.060748,42.353362],[-71.060747,42.35336],[-71.060747,42.353358],[-71.060747,42.353356],[-71.060746,42.353354],[-71.060746,42.353353],[-71.060746,42.353351],[-71.060746,42.353349],[-71.060746,42.353347],[-71.060746,42.353345],[-71.060747,42.353343],[-71.060747,42.353341],[-71.060747,42.353339],[-71.060748,42.353337],[-71.060748,42.353335],[-71.060749,42.353333],[-71.06075,42.353331],[-71.06075,42.353329],[-71.060751,42.353327],[-71.060752,42.353325],[-71.060753,42.353323],[-71.060754,42.353321],[-71.060755,42.35332],[-71.060756,42.353318],[-71.060758,42.353316],[-71.060768,42.353302],[-71.06071,42.353273],[-71.060709,42.353273],[-71.060708,42.353273],[-71.060707,42.353272],[-71.060705,42.353272],[-71.060704,42.353272],[-71.060703,42.353272],[-71.060701,42.353272],[-71.0607,42.353272],[-71.060698,42.353272],[-71.060697,42.353272],[-71.060696,42.353272],[-71.060695,42.353272],[-71.060693,42.353273],[-71.060692,42.353273],[-71.060691,42.353273],[-71.060685,42.35328],[-71.060482,42.353501],[-71.060502,42.353514],[-71.060504,42.353516],[-71.060506,42.353517],[-71.060508,42.353519],[-71.06051,42.353521],[-71.060512,42.353522],[-71.060513,42.353524],[-71.060515,42.353525],[-71.060517,42.353527],[-71.060518,42.353529],[-71.06052,42.353531],[-71.060521,42.353533],[-71.060522,42.353534],[-71.060524,42.353536],[-71.060525,42.353538],[-71.060526,42.35354],[-71.060527,42.353542],[-71.060528,42.353544],[-71.060529,42.353546],[-71.06053,42.353548],[-71.06053,42.35355],[-71.060531,42.353552],[-71.060532,42.353554],[-71.060532,42.353556],[-71.060533,42.353558],[-71.060533,42.35356],[-71.060534,42.353562],[-71.060534,42.353564],[-71.060534,42.353566],[-71.060534,42.353568],[-71.060534,42.35357],[-71.060534,42.353572],[-71.060534,42.353575],[-71.060534,42.353577],[-71.060534,42.353579],[-71.060533,42.353581],[-71.060533,42.353583],[-71.060532,42.353585],[-71.060532,42.353587],[-71.060531,42.353589],[-71.06053,42.353591],[-71.06053,42.353593],[-71.060529,42.353595],[-71.060528,42.353597],[-71.060527,42.353599],[-71.060526,42.353601],[-71.060525,42.353603],[-71.060523,42.353605],[-71.060522,42.353606],[-71.060521,42.353608],[-71.060519,42.35361],[-71.060518,42.353612],[-71.060516,42.353614],[-71.060515,42.353615],[-71.060513,42.353617],[-71.060512,42.353619],[-71.06051,42.35362],[-71.060508,42.353622],[-71.060506,42.353623],[-71.060504,42.353625],[-71.060502,42.353626],[-71.0605,42.353628],[-71.060498,42.353629],[-71.060496,42.353631],[-71.060494,42.353632],[-71.060491,42.353633],[-71.060489,42.353634],[-71.060487,42.353636],[-71.060484,42.353637],[-71.060482,42.353638],[-71.06048,42.353639],[-71.060477,42.35364],[-71.060475,42.353641],[-71.060472,42.353642],[-71.060469,42.353642],[-71.060467,42.353643],[-71.060464,42.353644],[-71.060462,42.353645],[-71.060459,42.353645],[-71.060456,42.353646],[-71.060453,42.353646],[-71.060451,42.353647],[-71.060448,42.353647],[-71.060445,42.353647],[-71.060442,42.353648],[-71.06044,42.353648],[-71.060437,42.353648],[-71.060434,42.353648],[-71.060431,42.353648],[-71.060428,42.353648],[-71.060426,42.353648],[-71.060423,42.353648],[-71.06042,42.353648],[-71.060417,42.353648],[-71.060414,42.353648],[-71.060412,42.353647],[-71.060409,42.353647],[-71.060406,42.353647],[-71.060403,42.353646],[-71.060401,42.353645],[-71.060398,42.353645],[-71.060395,42.353644],[-71.060393,42.353644],[-71.06039,42.353643],[-71.060387,42.353642],[-71.060385,42.353641],[-71.06036,42.353632],[-71.060345,42.353649]]]},"properties":{"id":671705,"height_m":72.47,"height_ft":237.77,"structure_type":"BLDG","land_use":"C"}},{"type":"Feature","geometry":{"type":"Polygon","coordinates":[[[-71.060378,42.353613],[-71.06036,42.353632],[-71.060385,42.353641],[-71.060387,42.353642],[-71.06039,42.353643],[-71.060393,42.353644],[-71.060395,42.353644],[-71.060398,42.353645],[-71.060401,42.353645],[-71.060403,42.353646],[-71.060406,42.353647],[-71.060409,42.353647],[-71.060412,42.353647],[-71.060414,42.353648],[-71.060417,42.353648],[-71.06042,42.353648],[-71.060423,42.353648],[-71.060426,42.353648],[-71.060428,42.353648],[-71.060431,42.353648],[-71.060434,42.353648],[-71.060437,42.353648],[-71.06044,42.353648],[-71.060442,42.353648],[-71.060445,42.353647],[-71.060448,42.353647],[-71.060451,42.353647],[-71.060453,42.353646],[-71.060456,42.353646],[-71.060459,42.353645],[-71.060462,42.353645],[-71.060464,42.353644],[-71.060467,42.353643],[-71.060469,42.353642],[-71.060472,42.353642],[-71.060475,42.353641],[-71.060477,42.35364],[-71.06048,42.353639],[-71.060482,42.353638],[-71.060484,42.353637],[-71.060487,42.353636],[-71.060489,42.353634],[-71.060491,42.353633],[-71.060494,42.353632],[-71.060496,42.353631],[-71.060498,42.353629],[-71.0605,42.353628],[-71.060502,42.353626],[-71.060504,42.353625],[-71.060506,42.353623],[-71.060508,42.353622],[-71.06051,42.35362],[-71.060512,42.353619],[-71.060513,42.353617],[-71.060515,42.353615],[-71.060516,42.353614],[-71.060518,42.353612],[-71.060519,42.35361],[-71.060521,42.353608],[-71.060522,42.353606],[-71.060523,42.353605],[-71.060525,42.353603],[-71.060526,42.353601],[-71.060527,42.353599],[-71.060528,42.353597],[-71.060529,42.353595],[-71.06053,42.353593],[-71.06053,42.353591],[-71.060531,42.353589],[-71.060532,42.353587],[-71.060532,42.353585],[-71.060533,42.353583],[-71.060533,42.353581],[-71.060534,42.353579],[-71.060534,42.353577],[-71.060534,42.353575],[-71.060534,42.353572],[-71.060534,42.35357],[-71.060534,42.353568],[-71.060534,42.353566],[-71.060534,42.353564],[-71.060534,42.353562],[-71.060533,42.35356],[-71.060533,42.353558],[-71.060532,42.353556],[-71.060532,42.353554],[-71.060531,42.353552],[-71.06053,42.35355],[-71.06053,42.353548],[-71.060529,42.353546],[-71.060528,42.353544],[-71.060527,42.353542],[-71.060526,42.35354],[-71.060525,42.353538],[-71.060524,42.353536],[-71.060522,42.353534],[-71.060521,42.353533],[-71.06052,42.353531],[-71.060518,42.353529],[-71.060517,42.353527],[-71.060515,42.353525],[-71.060513,42.353524],[-71.060512,42.353522],[-71.06051,42.353521],[-71.060508,42.353519],[-71.060506,42.353517],[-71.060504,42.353516],[-71.060502,42.353514],[-71.060482,42.353501],[-71.060378,42.353613]]]},"properties":{"id":671706,"height_m":79.62,"height_ft":261.22,"structure_type":"BLDG","land_use":"C"}},{"type":"Feature","geometry":{"type":"Polygon","coordinates":[[[-71.060758,42.353316],[-71.060756,42.353318],[-71.060755,42.35332],[-71.060754,42.353321],[-71.060753,42.353323],[-71.060752,42.353325],[-71.060751,42.353327],[-71.06075,42.353329],[-71.06075,42.353331],[-71.060749,42.353333],[-71.060748,42.353335],[-71.060748,42.353337],[-71.060747,42.353339],[-71.060747,42.353341],[-71.060747,42.353343],[-71.060746,42.353345],[-71.060746,42.353347],[-71.060746,42.353349],[-71.060746,42.353351],[-71.060746,42.353353],[-71.060746,42.353354],[-71.060747,42.353356],[-71.060747,42.353358],[-71.060747,42.35336],[-71.060748,42.353362],[-71.060748,42.353364],[-71.060749,42.353366],[-71.060749,42.353368],[-71.06075,42.35337],[-71.060751,42.353372],[-71.060752,42.353374],[-71.060753,42.353376],[-71.060754,42.353378],[-71.060755,42.35338],[-71.060756,42.353381],[-71.060757,42.353383],[-71.060758,42.353385],[-71.06076,42.353387],[-71.060761,42.353388],[-71.060762,42.35339],[-71.060764,42.353392],[-71.060766,42.353393],[-71.060767,42.353395],[-71.060769,42.353396],[-71.060771,42.353398],[-71.060772,42.353399],[-71.060774,42.353401],[-71.060776,42.353402],[-71.060778,42.353404],[-71.06078,42.353405],[-71.060782,42.353406],[-71.060784,42.353408],[-71.060787,42.353409],[-71.060789,42.35341],[-71.060791,42.353411],[-71.060793,42.353412],[-71.060796,42.353413],[-71.060798,42.353414],[-71.0608,42.353415],[-71.060803,42.353416],[-71.060805,42.353417],[-71.060808,42.353417],[-71.06081,42.353418],[-71.060813,42.353419],[-71.060815,42.353419],[-71.060818,42.35342],[-71.060821,42.35342],[-71.060823,42.353421],[-71.060826,42.353421],[-71.060828,42.353422],[-71.060831,42.353422],[-71.060834,42.353422],[-71.060836,42.353422],[-71.060839,42.353422],[-71.060842,42.353422],[-71.060845,42.353422],[-71.060847,42.353422],[-71.06085,42.353422],[-71.060853,42.353422],[-71.060855,42.353422],[-71.060858,42.353422],[-71.060861,42.353421],[-71.060863,42.353421],[-71.060866,42.353421],[-71.060869,42.35342],[-71.060871,42.35342],[-71.060874,42.353419],[-71.060876,42.353418],[-71.060879,42.353418],[-71.060881,42.353417],[-71.060884,42.353416],[-71.060886,42.353415],[-71.060889,42.353414],[-71.060891,42.353413],[-71.060893,42.353412],[-71.060896,42.353411],[-71.060898,42.35341],[-71.0609,42.353409],[-71.060902,42.353408],[-71.060904,42.353407],[-71.060906,42.353406],[-71.060933,42.353382],[-71.060921,42.353376],[-71.060768,42.353302],[-71.060758,42.353316]]]},"properties":{"id":671707,"height_m":79.07,"height_ft":259.41,"structure_type":"BLDG","land_use":"C"}},{"type":"Feature","geometry":{"type":"Polygon","coordinates":[[[-71.060899,42.353866],[-71.060907,42.35387],[-71.060879,42.353903],[-71.060932,42.35393],[-71.0609,42.353964],[-71.060955,42.35399],[-71.060924,42.354024],[-71.06098,42.354052],[-71.06095,42.354088],[-71.061005,42.354115],[-71.060956,42.354171],[-71.06096,42.354172],[-71.060964,42.354172],[-71.060967,42.354173],[-71.060971,42.354173],[-71.060975,42.354174],[-71.060979,42.354174],[-71.060983,42.354174],[-71.060987,42.354175],[-71.060991,42.354175],[-71.060995,42.354175],[-71.060999,42.354175],[-71.061003,42.354175],[-71.061006,42.354175],[-71.06101,42.354175],[-71.061014,42.354175],[-71.061018,42.354175],[-71.061022,42.354175],[-71.061026,42.354174],[-71.06103,42.354174],[-71.061034,42.354174],[-71.061038,42.354173],[-71.061042,42.354173],[-71.061045,42.354172],[-71.061049,42.354172],[-71.061053,42.354171],[-71.061057,42.35417],[-71.061061,42.35417],[-71.061065,42.354169],[-71.061068,42.354168],[-71.061072,42.354167],[-71.061076,42.354166],[-71.061079,42.354165],[-71.061083,42.354164],[-71.061087,42.354163],[-71.06109,42.354162],[-71.061094,42.35416],[-71.061097,42.354159],[-71.061101,42.354158],[-71.061104,42.354156],[-71.061108,42.354155],[-71.061111,42.354154],[-71.061115,42.354152],[-71.061118,42.35415],[-71.061121,42.354149],[-71.061124,42.354147],[-71.061128,42.354145],[-71.061131,42.354144],[-71.061134,42.354142],[-71.061137,42.35414],[-71.06114,42.354138],[-71.061143,42.354136],[-71.061146,42.354134],[-71.061149,42.354132],[-71.061151,42.35413],[-71.061154,42.354128],[-71.061157,42.354126],[-71.06116,42.354124],[-71.061162,42.354122],[-71.061165,42.35412],[-71.061167,42.354117],[-71.06117,42.354115],[-71.061172,42.354113],[-71.061174,42.35411],[-71.061177,42.354108],[-71.061179,42.354106],[-71.061181,42.354103],[-71.061183,42.354101],[-71.061185,42.354098],[-71.061187,42.354096],[-71.061189,42.354093],[-71.061191,42.35409],[-71.061192,42.354088],[-71.061194,42.354085],[-71.061196,42.354083],[-71.061197,42.35408],[-71.061199,42.354077],[-71.0612,42.354074],[-71.061201,42.354072],[-71.061203,42.354069],[-71.061204,42.354066],[-71.061205,42.354063],[-71.061206,42.354061],[-71.061207,42.354058],[-71.061208,42.354055],[-71.061209,42.354052],[-71.061209,42.354049],[-71.06121,42.354046],[-71.061211,42.354043],[-71.061211,42.354041],[-71.061212,42.354038],[-71.061212,42.354035],[-71.061213,42.354032],[-71.061213,42.354029],[-71.061213,42.354026],[-71.061213,42.354023],[-71.061213,42.35402],[-71.061213,42.354017],[-71.061213,42.354014],[-71.061213,42.354012],[-71.061213,42.354009],[-71.061212,42.354006],[-71.061212,42.354003],[-71.061211,42.354],[-71.061211,42.353997],[-71.06121,42.353994],[-71.061209,42.353991],[-71.061209,42.353988],[-71.061208,42.353986],[-71.061207,42.353983],[-71.061206,42.35398],[-71.061205,42.353977],[-71.061204,42.353974],[-71.061202,42.353972],[-71.061201,42.353969],[-71.0612,42.353966],[-71.061198,42.353963],[-71.061197,42.353961],[-71.061195,42.353958],[-71.061194,42.353955],[-71.061192,42.353953],[-71.06119,42.35395],[-71.061188,42.353947],[-71.061187,42.353945],[-71.061185,42.353942],[-71.061183,42.35394],[-71.061181,42.353937],[-71.061178,42.353935],[-71.061176,42.353933],[-71.061174,42.35393],[-71.061172,42.353928],[-71.061169,42.353926],[-71.061167,42.353923],[-71.061164,42.353921],[-71.061162,42.353919],[-71.061159,42.353917],[-71.061156,42.353914],[-71.061154,42.353912],[-71.061151,42.35391],[-71.061148,42.353908],[-71.061145,42.353906],[-71.061142,42.353904],[-71.061139,42.353902],[-71.061136,42.353901],[-71.061133,42.353899],[-71.06113,42.353897],[-71.061127,42.353895],[-71.061124,42.353894],[-71.061121,42.353892],[-71.061117,42.35389],[-71.061114,42.353889],[-71.061111,42.353887],[-71.061107,42.353886],[-71.061104,42.353884],[-71.0611,42.353883],[-71.061097,42.353882],[-71.061093,42.35388],[-71.06109,42.353879],[-71.061086,42.353878],[-71.061082,42.353877],[-71.061079,42.353876],[-71.061075,42.353875],[-71.061071,42.353874],[-71.061068,42.353873],[-71.061064,42.353872],[-71.06106,42.353871],[-71.061056,42.353871],[-71.061052,42.35387],[-71.061066,42.353855],[-71.060957,42.353801],[-71.060899,42.353866]]]},"properties":{"id":671708,"height_m":6.81,"height_ft":22.33,"structure_type":"BLDG","land_use":"C"}},{"type":"Feature","geometry":{"type":"Polygon","coordinates":[[[-71.061941,42.354829],[-71.062017,42.354866],[-71.062062,42.354822],[-71.062087,42.354799],[-71.062093,42.354803],[-71.062123,42.354769],[-71.062045,42.35473],[-71.061996,42.354785],[-71.061941,42.354829]]]},"properties":{"id":671709,"height_m":5.26,"height_ft":17.27,"structure_type":"BLDG","land_use":"C"}},{"type":"Feature","geometry":{"type":"Polygon","coordinates":[[[-71.061534,42.354631],[-71.061804,42.354763],[-71.061845,42.354707],[-71.061588,42.354581],[-71.061534,42.354631]]]},"properties":{"id":671710,"height_m":38.07,"height_ft":124.9,"structure_type":"BLDG","land_use":"C"}},{"type":"Feature","geometry":{"type":"Polygon","coordinates":[[[-71.061369,42.354786],[-71.061645,42.354929],[-71.061804,42.354763],[-71.061534,42.354631],[-71.061369,42.354786]]]},"properties":{"id":671711,"height_m":38.07,"height_ft":124.9,"structure_type":"BLDG","land_use":"C"}},{"type":"Feature","geometry":{"type":"Polygon","coordinates":[[[-71.061924,42.35475],[-71.061996,42.354785],[-71.062045,42.35473],[-71.062123,42.354769],[-71.062206,42.354677],[-71.062209,42.354674],[-71.062128,42.354634],[-71.062058,42.3546],[-71.061924,42.35475]]]},"properties":{"id":671712,"height_m":11.51,"height_ft":37.76,"structure_type":"BLDG","land_use":"C"}},{"type":"Feature","geometry":{"type":"Polygon","coordinates":[[[-71.06173,42.354438],[-71.061581,42.354577],[-71.061588,42.354581],[-71.061845,42.354707],[-71.061986,42.354554],[-71.061745,42.354425],[-71.06173,42.354438]]]},"properties":{"id":671713,"height_m":21.31,"height_ft":69.92,"structure_type":"BLDG","land_use":"C"}},{"type":"Feature","geometry":{"type":"Polygon","coordinates":[[[-71.062805,42.354432],[-71.062919,42.354109],[-71.062917,42.354076],[-71.062677,42.354023],[-71.062534,42.354051],[-71.062488,42.354164],[-71.062482,42.35419],[-71.062424,42.354355],[-71.062498,42.354373],[-71.062608,42.354399],[-71.062615,42.354383],[-71.062805,42.354432]]]},"properties":{"id":671714,"height_m":30.5,"height_ft":100.07,"structure_type":"BLDG","land_use":"C"}},{"type":"Feature","geometry":{"type":"Polygon","coordinates":[[[-71.062227,42.353936],[-71.062352,42.353953],[-71.062367,42.353816],[-71.062883,42.353837],[-71.062881,42.353865],[-71.062895,42.353869],[-71.062884,42.353967],[-71.063026,42.353972],[-71.06304,42.353799],[-71.063065,42.353801],[-71.063074,42.353718],[-71.063042,42.353716],[-71.063043,42.353655],[-71.062557,42.353657],[-71.062491,42.353619],[-71.062341,42.353809],[-71.06234,42.35381],[-71.062336,42.353808],[-71.062227,42.353936]]]},"properties":{"id":671715,"height_m":19.35,"height_ft":63.48,"structure_type":"BLDG","land_use":"RC"}},{"type":"Feature","geometry":{"type":"Polygon","coordinates":[[[-71.062805,42.354432],[-71.062847,42.354443],[-71.062865,42.354426],[-71.062914,42.354404],[-71.062944,42.354409],[-71.063038,42.354129],[-71.062966,42.354115],[-71.062918,42.354097],[-71.062919,42.354109],[-71.062805,42.354432]]]},"properties":{"id":671716,"height_m":25.35,"height_ft":83.15,"structure_type":"BLDG","land_use":"C"}},{"type":"Feature","geometry":{"type":"Polygon","coordinates":[[[-71.062288,42.35459],[-71.062278,42.3546],[-71.062479,42.354698],[-71.062487,42.354691],[-71.062623,42.354561],[-71.062496,42.35451],[-71.062555,42.354429],[-71.062532,42.354417],[-71.062514,42.354435],[-71.062463,42.354408],[-71.062288,42.35459]]]},"properties":{"id":671717,"height_m":21.67,"height_ft":71.1,"structure_type":"BLDG","land_use":"C"}},{"type":"Feature","geometry":{"type":"Polygon","coordinates":[[[-71.062944,42.354409],[-71.063052,42.354429],[-71.063083,42.354435],[-71.063087,42.354435],[-71.063144,42.354373],[-71.06322,42.354163],[-71.063038,42.354129],[-71.062944,42.354409]]]},"properties":{"id":671718,"height_m":28.76,"height_ft":94.37,"structure_type":"BLDG","land_use":"C"}},{"type":"Feature","geometry":{"type":"Polygon","coordinates":[[[-71.062917,42.354076],[-71.062918,42.354097],[-71.062966,42.354115],[-71.06322,42.354163],[-71.063144,42.354373],[-71.06323,42.35428],[-71.063299,42.354179],[-71.063339,42.354118],[-71.063351,42.354035],[-71.062563,42.35398],[-71.062534,42.354051],[-71.062677,42.354023],[-71.062917,42.354076]]]},"properties":{"id":671719,"height_m":13.86,"height_ft":45.47,"structure_type":"BLDG","land_use":"C"}},{"type":"Feature","geometry":{"type":"Polygon","coordinates":[[[-71.061926,42.354255],[-71.061882,42.3543],[-71.062158,42.354406],[-71.062256,42.354247],[-71.062343,42.354274],[-71.062324,42.35431],[-71.062429,42.354338],[-71.062482,42.35419],[-71.062067,42.354108],[-71.061926,42.354255]]]},"properties":{"id":671720,"height_m":31.69,"height_ft":103.97,"structure_type":"BLDG","land_use":"RC"}},{"type":"Feature","geometry":{"type":"Polygon","coordinates":[[[-71.062288,42.35459],[-71.062463,42.354408],[-71.062293,42.354325],[-71.062229,42.354433],[-71.061882,42.3543],[-71.061873,42.354296],[-71.061806,42.354365],[-71.062288,42.35459]]]},"properties":{"id":671721,"height_m":34.84,"height_ft":114.31,"structure_type":"BLDG","land_use":"RC"}},{"type":"Feature","geometry":{"type":"Polygon","coordinates":[[[-71.063336,42.354808],[-71.063355,42.354774],[-71.063339,42.35477],[-71.063372,42.354709],[-71.063157,42.354645],[-71.063124,42.354707],[-71.063112,42.354703],[-71.063093,42.354737],[-71.063119,42.354745],[-71.063116,42.35475],[-71.063305,42.354806],[-71.063309,42.3548],[-71.063336,42.354808]]]},"properties":{"id":671722,"height_m":72.52,"height_ft":237.91,"structure_type":"BLDG","land_use":"RC"}},{"type":"Feature","geometry":{"type":"Polygon","coordinates":[[[-71.063664,42.354173],[-71.063671,42.35416],[-71.063686,42.354164],[-71.063705,42.354129],[-71.063678,42.354121],[-71.06368,42.354117],[-71.063489,42.35406],[-71.063487,42.354064],[-71.06346,42.354056],[-71.063439,42.354087],[-71.063456,42.354092],[-71.063447,42.354109],[-71.063664,42.354173]]]},"properties":{"id":671723,"height_m":72.52,"height_ft":237.91,"structure_type":"BLDG","land_use":"RC"}},{"type":"Feature","geometry":{"type":"Polygon","coordinates":[[[-71.063075,42.354942],[-71.063048,42.354973],[-71.063056,42.354977],[-71.063211,42.355053],[-71.063255,42.355044],[-71.063311,42.35494],[-71.063373,42.354826],[-71.063745,42.354139],[-71.063788,42.35406],[-71.063771,42.354055],[-71.063748,42.354096],[-71.063484,42.354018],[-71.063466,42.354047],[-71.06346,42.354056],[-71.063487,42.354064],[-71.063489,42.35406],[-71.06368,42.354117],[-71.063678,42.354121],[-71.063705,42.354129],[-71.063686,42.354164],[-71.063671,42.35416],[-71.063664,42.354173],[-71.063679,42.354178],[-71.06339,42.354714],[-71.063372,42.354709],[-71.063339,42.35477],[-71.063355,42.354774],[-71.063336,42.354808],[-71.063309,42.3548],[-71.063305,42.354806],[-71.063116,42.35475],[-71.063119,42.354745],[-71.063093,42.354737],[-71.063105,42.354716],[-71.062945,42.354638],[-71.062746,42.354823],[-71.062912,42.354905],[-71.062938,42.354875],[-71.063075,42.354942]]]},"properties":{"id":671724,"height_m":38.17,"height_ft":125.23,"structure_type":"BLDG","land_use":"RC"}},{"type":"Feature","geometry":{"type":"Polygon","coordinates":[[[-71.063105,42.354716],[-71.063112,42.354703],[-71.063124,42.354707],[-71.063157,42.354645],[-71.063149,42.354643],[-71.063438,42.354106],[-71.063447,42.354109],[-71.063456,42.354092],[-71.063439,42.354087],[-71.063295,42.3543],[-71.062945,42.354638],[-71.063105,42.354716]]]},"properties":{"id":671725,"height_m":16.54,"height_ft":54.25,"structure_type":"BLDG","land_use":"RC"}},{"type":"Feature","geometry":{"type":"Polygon","coordinates":[[[-71.062968,42.352929],[-71.063069,42.352994],[-71.063173,42.353025],[-71.063227,42.352928],[-71.063153,42.352643],[-71.063134,42.352643],[-71.063141,42.352529],[-71.062997,42.352519],[-71.062968,42.352929]]]},"properties":{"id":671726,"height_m":134.53,"height_ft":441.36,"structure_type":"BLDG","land_use":"RC"}},{"type":"Feature","geometry":{"type":"Polygon","coordinates":[[[-71.062851,42.352841],[-71.062781,42.352843],[-71.062773,42.352952],[-71.06284,42.352961],[-71.062852,42.35299],[-71.063069,42.352994],[-71.062968,42.352929],[-71.062975,42.352832],[-71.062866,42.35283],[-71.062851,42.352841]]]},"properties":{"id":671727,"height_m":123.43,"height_ft":404.97,"structure_type":"BLDG","land_use":"RC"}},{"type":"Feature","geometry":{"type":"Polygon","coordinates":[[[-71.063227,42.352928],[-71.063245,42.352617],[-71.063159,42.35253],[-71.063141,42.352529],[-71.063134,42.352643],[-71.063153,42.352643],[-71.063227,42.352928]]]},"properties":{"id":671728,"height_m":123.65,"height_ft":405.67,"structure_type":"BLDG","land_use":"RC"}},{"type":"Feature","geometry":{"type":"Polygon","coordinates":[[[-71.063227,42.352928],[-71.063212,42.352955],[-71.063823,42.352976],[-71.063862,42.352491],[-71.063861,42.352488],[-71.063869,42.352406],[-71.06387,42.352406],[-71.063872,42.352394],[-71.063823,42.352393],[-71.063722,42.35239],[-71.063714,42.35239],[-71.063705,42.352384],[-71.063705,42.352384],[-71.063695,42.352563],[-71.063693,42.352709],[-71.063503,42.352703],[-71.063326,42.352606],[-71.063322,42.352535],[-71.063159,42.35253],[-71.063245,42.352617],[-71.063227,42.352928]]]},"properties":{"id":671729,"height_m":31.16,"height_ft":102.23,"structure_type":"BLDG","land_use":"RC"}},{"type":"Feature","geometry":{"type":"Polygon","coordinates":[[[-71.0641,42.353286],[-71.064146,42.353296],[-71.064207,42.35314],[-71.064165,42.353137],[-71.06414,42.35322],[-71.063885,42.353173],[-71.063887,42.353168],[-71.062964,42.353131],[-71.062966,42.353062],[-71.062969,42.353021],[-71.062747,42.353013],[-71.062759,42.352827],[-71.062724,42.352488],[-71.062679,42.352486],[-71.062678,42.352486],[-71.062656,42.35293],[-71.062693,42.352931],[-71.062693,42.352995],[-71.062665,42.35299],[-71.062647,42.353118],[-71.062652,42.353126],[-71.062657,42.353133],[-71.062663,42.35314],[-71.06267,42.353146],[-71.062677,42.353152],[-71.062685,42.353158],[-71.062693,42.353163],[-71.062701,42.353168],[-71.062711,42.353173],[-71.06272,42.353176],[-71.06273,42.35318],[-71.06274,42.353183],[-71.06275,42.353185],[-71.062761,42.353187],[-71.062772,42.353188],[-71.062782,42.353188],[-71.062793,42.353188],[-71.062804,42.353188],[-71.062814,42.353187],[-71.062825,42.353185],[-71.062835,42.353183],[-71.062845,42.35318],[-71.062855,42.353176],[-71.062854,42.353188],[-71.062887,42.35319],[-71.063287,42.353204],[-71.063782,42.353221],[-71.063782,42.353227],[-71.063944,42.35326],[-71.064097,42.353288],[-71.064098,42.353286],[-71.0641,42.353286]]]},"properties":{"id":671730,"height_m":26.6,"height_ft":87.26,"structure_type":"BLDG","land_use":"RC"}},{"type":"Feature","geometry":{"type":"Polygon","coordinates":[[[-71.063141,42.352529],[-71.063159,42.35253],[-71.063322,42.352535],[-71.063313,42.35239],[-71.062918,42.352434],[-71.062918,42.352433],[-71.062909,42.352521],[-71.062997,42.352519],[-71.063141,42.352529]]]},"properties":{"id":671731,"height_m":27.99,"height_ft":91.85,"structure_type":"BLDG","land_use":"RC"}},{"type":"Feature","geometry":{"type":"Polygon","coordinates":[[[-71.062969,42.353021],[-71.062966,42.353062],[-71.062964,42.353131],[-71.063887,42.353168],[-71.063885,42.353173],[-71.06414,42.35322],[-71.064165,42.353137],[-71.064207,42.35314],[-71.064208,42.353137],[-71.064215,42.353118],[-71.064218,42.353108],[-71.064234,42.353066],[-71.064238,42.353054],[-71.063856,42.353031],[-71.063818,42.35303],[-71.063823,42.352976],[-71.063212,42.352955],[-71.063173,42.353025],[-71.062969,42.353021]]]},"properties":{"id":671732,"height_m":42.92,"height_ft":140.82,"structure_type":"BLDG","land_use":"RC"}},{"type":"Feature","geometry":{"type":"Polygon","coordinates":[[[-71.056136,42.353274],[-71.056387,42.353377],[-71.056502,42.353324],[-71.056241,42.353215],[-71.056136,42.353274]]]},"properties":{"id":671733,"height_m":72.23,"height_ft":236.98,"structure_type":"BLDG","land_use":"C"}},{"type":"Feature","geometry":{"type":"Polygon","coordinates":[[[-71.056566,42.355133],[-71.056583,42.355131],[-71.056643,42.355127],[-71.056642,42.35512],[-71.056696,42.355116],[-71.056697,42.355123],[-71.056826,42.355114],[-71.056825,42.355106],[-71.05685,42.355104],[-71.05684,42.355056],[-71.057059,42.355038],[-71.057068,42.355087],[-71.057092,42.355086],[-71.057093,42.355092],[-71.057342,42.355074],[-71.057349,42.355074],[-71.05733,42.354934],[-71.057329,42.354923],[-71.057255,42.354928],[-71.057256,42.354938],[-71.0572,42.354942],[-71.057199,42.354934],[-71.057072,42.354943],[-71.057073,42.354953],[-71.057017,42.354957],[-71.057019,42.35495],[-71.056907,42.354959],[-71.056902,42.354915],[-71.0569,42.354903],[-71.056911,42.354902],[-71.05689,42.354747],[-71.056819,42.354753],[-71.05682,42.354763],[-71.056762,42.354768],[-71.056761,42.354759],[-71.056633,42.354769],[-71.056635,42.354779],[-71.056579,42.354783],[-71.056578,42.35477],[-71.056502,42.354776],[-71.056527,42.354914],[-71.056566,42.355133]]]},"properties":{"id":671736,"height_m":110.52,"height_ft":362.61,"structure_type":"BLDG","land_use":"C"}},{"type":"Feature","geometry":{"type":"Polygon","coordinates":[[[-71.055051,42.35444],[-71.05507,42.354457],[-71.055344,42.354293],[-71.055316,42.354268],[-71.055051,42.35444]]]},"properties":{"id":671737,"height_m":97.7,"height_ft":320.54,"structure_type":"BLDG","land_use":"C"}},{"type":"Feature","geometry":{"type":"Polygon","coordinates":[[[-71.05528,42.354646],[-71.055307,42.35467],[-71.055576,42.354506],[-71.055551,42.354484],[-71.05528,42.354646]]]},"properties":{"id":671738,"height_m":98.28,"height_ft":322.44,"structure_type":"BLDG","land_use":"C"}},{"type":"Feature","geometry":{"type":"Polygon","coordinates":[[[-71.05544,42.354307],[-71.055554,42.354412],[-71.055591,42.35439],[-71.055474,42.354285],[-71.05544,42.354307]]]},"properties":{"id":671739,"height_m":97.31,"height_ft":319.27,"structure_type":"BLDG","land_use":"C"}},{"type":"Feature","geometry":{"type":"Polygon","coordinates":[[[-71.055745,42.354392],[-71.05576,42.354407],[-71.055919,42.354368],[-71.055896,42.354316],[-71.055785,42.354344],[-71.055511,42.354087],[-71.05564,42.354021],[-71.055589,42.353983],[-71.055567,42.353993],[-71.055543,42.354005],[-71.055519,42.354016],[-71.055497,42.354029],[-71.055474,42.354042],[-71.055453,42.354056],[-71.055431,42.35407],[-71.055411,42.354084],[-71.055503,42.354159],[-71.055745,42.354392]]]},"properties":{"id":671740,"height_m":39.06,"height_ft":128.16,"structure_type":"BLDG","land_use":"C"}},{"type":"Feature","geometry":{"type":"Polygon","coordinates":[[[-71.056498,42.353714],[-71.056564,42.353819],[-71.056665,42.353786],[-71.056597,42.353679],[-71.056498,42.353714]]]},"properties":{"id":671741,"height_m":61.22,"height_ft":200.85,"structure_type":"BLDG","land_use":"C"}},{"type":"Feature","geometry":{"type":"Polygon","coordinates":[[[-71.057371,42.353159],[-71.057568,42.353174],[-71.057571,42.35316],[-71.057374,42.353142],[-71.057371,42.353159]]]},"properties":{"id":671742,"height_m":88.77,"height_ft":291.23,"structure_type":"BLDG","land_use":"C"}},{"type":"Feature","geometry":{"type":"Polygon","coordinates":[[[-71.064637,42.348354],[-71.06473,42.348368],[-71.064747,42.348305],[-71.064655,42.348291],[-71.064637,42.348354]]]},"properties":{"id":671766,"height_m":48.81,"height_ft":160.14,"structure_type":"BLDG","land_use":"A"}},{"type":"Feature","geometry":{"type":"Polygon","coordinates":[[[-71.064948,42.351304],[-71.064945,42.351317],[-71.064928,42.351382],[-71.064923,42.351401],[-71.064915,42.351432],[-71.065029,42.351444],[-71.065074,42.351265],[-71.065151,42.351272],[-71.065195,42.351242],[-71.065045,42.351234],[-71.06502,42.351232],[-71.064967,42.35123],[-71.064965,42.35124],[-71.064948,42.351304]]]},"properties":{"id":671820,"height_m":27.94,"height_ft":91.68,"structure_type":"BLDG","land_use":"XG"}},{"type":"Feature","geometry":{"type":"Polygon","coordinates":[[[-71.065209,42.351376],[-71.065861,42.351407],[-71.065864,42.351354],[-71.065214,42.35132],[-71.065209,42.351376]]]},"properties":{"id":671821,"height_m":42.16,"height_ft":138.32,"structure_type":"BLDG","land_use":"XG"}},{"type":"Feature","geometry":{"type":"Polygon","coordinates":[[[-71.065186,42.351462],[-71.065392,42.351486],[-71.065728,42.351524],[-71.06572,42.351597],[-71.06584,42.351606],[-71.065861,42.351407],[-71.065209,42.351376],[-71.065186,42.351462]]]},"properties":{"id":671822,"height_m":42.16,"height_ft":138.32,"structure_type":"BLDG","land_use":"XG"}},{"type":"Feature","geometry":{"type":"Polygon","coordinates":[[[-71.065029,42.351444],[-71.065139,42.351457],[-71.065179,42.351297],[-71.065257,42.351303],[-71.065295,42.351277],[-71.065472,42.351286],[-71.065508,42.351259],[-71.065398,42.351254],[-71.065195,42.351242],[-71.065151,42.351272],[-71.065074,42.351265],[-71.065029,42.351444]]]},"properties":{"id":671823,"height_m":32.05,"height_ft":105.16,"structure_type":"BLDG","land_use":"XG"}},{"type":"Feature","geometry":{"type":"Polygon","coordinates":[[[-71.065506,42.352227],[-71.065492,42.352302],[-71.065508,42.352304],[-71.0655,42.352359],[-71.065687,42.352373],[-71.065688,42.352367],[-71.065722,42.352155],[-71.065765,42.352161],[-71.065761,42.352147],[-71.065767,42.352108],[-71.065757,42.352107],[-71.065759,42.352082],[-71.0659,42.352091],[-71.065919,42.351952],[-71.065911,42.351951],[-71.065941,42.351728],[-71.065932,42.351727],[-71.065717,42.351715],[-71.065719,42.35175],[-71.065739,42.351749],[-71.065744,42.351814],[-71.065636,42.351818],[-71.065634,42.351799],[-71.065595,42.3518],[-71.065576,42.351798],[-71.065557,42.351907],[-71.065368,42.351897],[-71.065399,42.351922],[-71.065395,42.351959],[-71.065354,42.351982],[-71.065544,42.351994],[-71.065516,42.352148],[-71.065506,42.352227]],[[-71.06574,42.352015],[-71.065733,42.352065],[-71.065739,42.352065],[-71.065738,42.352076],[-71.065644,42.352069],[-71.065652,42.352009],[-71.06574,42.352015]]]},"properties":{"id":671827,"height_m":26.05,"height_ft":85.46,"structure_type":"BLDG","land_use":"E"}},{"type":"Feature","geometry":{"type":"Polygon","coordinates":[[[-71.065636,42.351818],[-71.065744,42.351814],[-71.065739,42.351749],[-71.065719,42.35175],[-71.065717,42.351715],[-71.06572,42.351597],[-71.065728,42.351524],[-71.065392,42.351486],[-71.065355,42.351694],[-71.065589,42.351716],[-71.065595,42.3518],[-71.065634,42.351799],[-71.065636,42.351818]]]},"properties":{"id":671828,"height_m":47.69,"height_ft":156.47,"structure_type":"BLDG","land_use":"XG"}},{"type":"Feature","geometry":{"type":"Polygon","coordinates":[[[-71.065644,42.352069],[-71.065738,42.352076],[-71.065739,42.352065],[-71.065733,42.352065],[-71.06574,42.352015],[-71.065652,42.352009],[-71.065644,42.352069]]]},"properties":{"id":671829,"height_m":25.41,"height_ft":83.38,"structure_type":"BLDG","land_use":"E"}},{"type":"Feature","geometry":{"type":"Polygon","coordinates":[[[-71.065093,42.352227],[-71.065082,42.352335],[-71.065081,42.352341],[-71.065116,42.352343],[-71.065499,42.352363],[-71.0655,42.352359],[-71.065508,42.352304],[-71.065492,42.352302],[-71.065506,42.352227],[-71.065344,42.352219],[-71.065355,42.352139],[-71.065516,42.352148],[-71.065544,42.351994],[-71.065354,42.351982],[-71.065395,42.351959],[-71.065399,42.351922],[-71.065368,42.351897],[-71.065557,42.351907],[-71.065576,42.351798],[-71.065578,42.351784],[-71.065198,42.351749],[-71.065166,42.351884],[-71.06518,42.351885],[-71.065255,42.351891],[-71.065251,42.351914],[-71.06521,42.35191],[-71.0652,42.351977],[-71.065207,42.351977],[-71.065173,42.352206],[-71.065134,42.352203],[-71.065096,42.3522],[-71.065096,42.352203],[-71.065093,42.352227]]]},"properties":{"id":671830,"height_m":39.75,"height_ft":130.41,"structure_type":"BLDG","land_use":"E"}},{"type":"Feature","geometry":{"type":"Polygon","coordinates":[[[-71.065688,42.352367],[-71.065885,42.352382],[-71.065895,42.352318],[-71.065899,42.352318],[-71.065932,42.352094],[-71.0659,42.352091],[-71.065759,42.352082],[-71.065757,42.352107],[-71.065767,42.352108],[-71.065761,42.352147],[-71.065765,42.352161],[-71.065722,42.352155],[-71.065688,42.352367]]]},"properties":{"id":671831,"height_m":38.43,"height_ft":126.08,"structure_type":"BLDG","land_use":"E"}},{"type":"Feature","geometry":{"type":"Polygon","coordinates":[[[-71.064683,42.352315],[-71.064865,42.352324],[-71.065082,42.352335],[-71.065093,42.352227],[-71.065014,42.352216],[-71.065022,42.352181],[-71.065048,42.352185],[-71.06509,42.352029],[-71.065136,42.351833],[-71.065155,42.351835],[-71.065175,42.351747],[-71.065173,42.351747],[-71.064842,42.351707],[-71.064817,42.351808],[-71.064919,42.351823],[-71.064922,42.351812],[-71.06496,42.351817],[-71.064972,42.351828],[-71.064959,42.351889],[-71.064942,42.351897],[-71.064906,42.351892],[-71.064908,42.351882],[-71.064802,42.351867],[-71.064776,42.351968],[-71.06488,42.351983],[-71.064883,42.351972],[-71.06492,42.351977],[-71.064933,42.351991],[-71.064918,42.352053],[-71.064901,42.352061],[-71.064863,42.352056],[-71.064866,42.352046],[-71.06476,42.35203],[-71.064734,42.35213],[-71.06484,42.352146],[-71.064844,42.352134],[-71.064879,42.352139],[-71.064895,42.352153],[-71.06488,42.352213],[-71.064858,42.352222],[-71.064823,42.352216],[-71.064826,42.352207],[-71.064718,42.352191],[-71.064683,42.352315]]]},"properties":{"id":671832,"height_m":38.66,"height_ft":126.83,"structure_type":"BLDG","land_use":"E"}},{"type":"Feature","geometry":{"type":"Polygon","coordinates":[[[-71.065344,42.352219],[-71.065506,42.352227],[-71.065516,42.352148],[-71.065355,42.352139],[-71.065344,42.352219]]]},"properties":{"id":671833,"height_m":7.75,"height_ft":25.44,"structure_type":"BLDG","land_use":"E"}},{"type":"Feature","geometry":{"type":"Polygon","coordinates":[[[-71.06487,42.351567],[-71.06486,42.351605],[-71.064851,42.351641],[-71.064867,42.35165],[-71.065351,42.351695],[-71.065355,42.351695],[-71.065355,42.351694],[-71.065392,42.351486],[-71.065186,42.351462],[-71.065139,42.351457],[-71.065029,42.351444],[-71.064915,42.351432],[-71.064905,42.351431],[-71.06487,42.351567]]]},"properties":{"id":671834,"height_m":25.83,"height_ft":84.76,"structure_type":"BLDG","land_use":"E"}},{"type":"Feature","geometry":{"type":"Polygon","coordinates":[[[-71.062882,42.350769],[-71.062877,42.350788],[-71.062951,42.350799],[-71.063019,42.350558],[-71.063048,42.350453],[-71.063071,42.350456],[-71.063087,42.350398],[-71.063093,42.350378],[-71.063101,42.350346],[-71.063109,42.35032],[-71.063123,42.350269],[-71.063128,42.350252],[-71.063104,42.350248],[-71.063114,42.350212],[-71.063115,42.350206],[-71.063074,42.3502],[-71.06308,42.350177],[-71.063093,42.35013],[-71.062952,42.350109],[-71.062943,42.35015],[-71.062807,42.350133],[-71.0628,42.35016],[-71.062768,42.350155],[-71.062766,42.35016],[-71.062747,42.350157],[-71.062741,42.350177],[-71.062761,42.35018],[-71.062754,42.350204],[-71.062734,42.350201],[-71.062729,42.350219],[-71.062737,42.35022],[-71.062735,42.350228],[-71.062727,42.350227],[-71.062722,42.350245],[-71.062742,42.350248],[-71.062734,42.350273],[-71.062715,42.35027],[-71.06271,42.350288],[-71.062717,42.350289],[-71.062715,42.350296],[-71.062708,42.350295],[-71.062703,42.350313],[-71.062722,42.350316],[-71.062715,42.350342],[-71.062696,42.350339],[-71.062691,42.350356],[-71.062698,42.350357],[-71.062696,42.350365],[-71.062689,42.350364],[-71.062684,42.350382],[-71.062703,42.350385],[-71.062698,42.350403],[-71.062696,42.350409],[-71.062677,42.350406],[-71.062671,42.350426],[-71.062691,42.350429],[-71.062689,42.350435],[-71.062688,42.350437],[-71.062703,42.35044],[-71.062699,42.350454],[-71.062696,42.350463],[-71.062716,42.350466],[-71.062714,42.350474],[-71.062689,42.350571],[-71.062652,42.350568],[-71.062626,42.35066],[-71.062603,42.350742],[-71.062601,42.350749],[-71.062837,42.350786],[-71.062844,42.350763],[-71.062882,42.350769]]]},"properties":{"id":671837,"height_m":67.99,"height_ft":223.06,"structure_type":"BLDG","land_use":"E"}},{"type":"Feature","geometry":{"type":"Polygon","coordinates":[[[-71.063445,42.349309],[-71.06357,42.349327],[-71.063594,42.349316],[-71.063651,42.349374],[-71.063662,42.349337],[-71.063696,42.349342],[-71.063719,42.349262],[-71.063707,42.34926],[-71.063713,42.349241],[-71.063714,42.349236],[-71.063727,42.349238],[-71.063736,42.349229],[-71.06374,42.349224],[-71.063746,42.349213],[-71.063748,42.349202],[-71.063748,42.34919],[-71.063743,42.349179],[-71.063731,42.349177],[-71.063733,42.34917],[-71.063738,42.349151],[-71.063749,42.349153],[-71.063772,42.349073],[-71.063736,42.349068],[-71.063562,42.349043],[-71.063317,42.349003],[-71.063189,42.348982],[-71.063133,42.348973],[-71.063132,42.348976],[-71.063074,42.348966],[-71.063051,42.349043],[-71.063032,42.34904],[-71.063026,42.349058],[-71.063003,42.349137],[-71.062999,42.349151],[-71.063023,42.349155],[-71.063019,42.349168],[-71.063,42.349233],[-71.063057,42.349242],[-71.06306,42.349233],[-71.063056,42.349232],[-71.06306,42.349221],[-71.063417,42.349279],[-71.063445,42.349309]],[[-71.063548,42.349317],[-71.063473,42.349306],[-71.063473,42.349304],[-71.063447,42.3493],[-71.063467,42.349225],[-71.063523,42.349233],[-71.063511,42.349279],[-71.063557,42.349285],[-71.063548,42.349317]]]},"properties":{"id":671838,"height_m":45.4,"height_ft":148.94,"structure_type":"BLDG","land_use":"E"}},{"type":"Feature","geometry":{"type":"Polygon","coordinates":[[[-71.058177,42.352591],[-71.058749,42.352628],[-71.058754,42.352587],[-71.058182,42.352549],[-71.058177,42.352591]]]},"properties":{"id":671840,"height_m":119.12,"height_ft":390.81,"structure_type":"BLDG","land_use":"C"}},{"type":"Feature","geometry":{"type":"Polygon","coordinates":[[[-71.058126,42.352633],[-71.058097,42.352814],[-71.058092,42.352859],[-71.058145,42.352862],[-71.058177,42.352591],[-71.058131,42.352588],[-71.058126,42.352633]]]},"properties":{"id":671841,"height_m":119.12,"height_ft":390.81,"structure_type":"BLDG","land_use":"C"}},{"type":"Feature","geometry":{"type":"Polygon","coordinates":[[[-71.058716,42.3529],[-71.058769,42.352904],[-71.058775,42.352858],[-71.058828,42.352861],[-71.058829,42.35285],[-71.058831,42.352837],[-71.058851,42.352671],[-71.058798,42.352668],[-71.058802,42.352632],[-71.058749,42.352628],[-71.058716,42.3529]]]},"properties":{"id":671842,"height_m":119.12,"height_ft":390.81,"structure_type":"BLDG","land_use":"C"}},{"type":"Feature","geometry":{"type":"Polygon","coordinates":[[[-71.05814,42.352897],[-71.058679,42.352933],[-71.058705,42.352935],[-71.058712,42.352935],[-71.058716,42.3529],[-71.058145,42.352862],[-71.05814,42.352897]]]},"properties":{"id":671843,"height_m":119.12,"height_ft":390.81,"structure_type":"BLDG","land_use":"C"}},{"type":"Feature","geometry":{"type":"Polygon","coordinates":[[[-71.058145,42.352862],[-71.058716,42.3529],[-71.058749,42.352628],[-71.058177,42.352591],[-71.058145,42.352862]],[[-71.058683,42.352648],[-71.058661,42.352863],[-71.058201,42.352837],[-71.058223,42.352621],[-71.058683,42.352648]]]},"properties":{"id":671844,"height_m":142.36,"height_ft":467.05,"structure_type":"BLDG","land_use":"C"}},{"type":"Feature","geometry":{"type":"Polygon","coordinates":[[[-71.058201,42.352837],[-71.058661,42.352863],[-71.058683,42.352648],[-71.058223,42.352621],[-71.058201,42.352837]],[[-71.058629,42.352678],[-71.05861,42.352832],[-71.058256,42.352808],[-71.058275,42.352653],[-71.058629,42.352678]]]},"properties":{"id":671845,"height_m":148.35,"height_ft":486.71,"structure_type":"BLDG","land_use":"C"}},{"type":"Feature","geometry":{"type":"Polygon","coordinates":[[[-71.055803,42.355484],[-71.056258,42.35544],[-71.056255,42.355423],[-71.056364,42.355412],[-71.056274,42.354913],[-71.056229,42.354666],[-71.056131,42.354675],[-71.05612,42.354676],[-71.056113,42.354635],[-71.0561,42.354636],[-71.056094,42.354605],[-71.055954,42.354627],[-71.055958,42.35465],[-71.055658,42.35468],[-71.055666,42.354721],[-71.055554,42.354733],[-71.055558,42.354754],[-71.055561,42.354774],[-71.05557,42.354822],[-71.055582,42.354888],[-71.055586,42.35491],[-71.05559,42.354932],[-71.055594,42.354956],[-71.055602,42.355],[-71.055639,42.355209],[-71.055646,42.355247],[-71.055655,42.355295],[-71.055661,42.355329],[-71.055669,42.355375],[-71.055688,42.355479],[-71.055718,42.355476],[-71.0558,42.355468],[-71.055803,42.355484]],[[-71.056153,42.35485],[-71.056222,42.355248],[-71.056237,42.355336],[-71.055785,42.35538],[-71.05577,42.355294],[-71.055696,42.354895],[-71.055679,42.354802],[-71.056136,42.354757],[-71.056153,42.35485]]]},"properties":{"id":671847,"height_m":71,"height_ft":232.95,"structure_type":"BLDG","land_use":"C"}},{"type":"Feature","geometry":{"type":"Polygon","coordinates":[[[-71.060614,42.354019],[-71.060727,42.354075],[-71.060663,42.354142],[-71.060762,42.354191],[-71.06083,42.354115],[-71.06083,42.354115],[-71.060827,42.354112],[-71.060825,42.35411],[-71.060823,42.354107],[-71.060821,42.354105],[-71.060818,42.354102],[-71.060816,42.3541],[-71.060814,42.354097],[-71.060813,42.354095],[-71.060811,42.354092],[-71.060809,42.354089],[-71.060807,42.354087],[-71.060806,42.354084],[-71.060804,42.354081],[-71.060802,42.354078],[-71.060801,42.354076],[-71.0608,42.354073],[-71.060798,42.35407],[-71.060797,42.354067],[-71.060796,42.354064],[-71.060795,42.354061],[-71.060794,42.354059],[-71.060793,42.354056],[-71.060792,42.354053],[-71.060791,42.35405],[-71.060791,42.354047],[-71.06079,42.354044],[-71.060789,42.354041],[-71.060789,42.354038],[-71.060789,42.354035],[-71.060788,42.354032],[-71.060788,42.354029],[-71.060788,42.354026],[-71.060788,42.354023],[-71.060788,42.35402],[-71.060788,42.354017],[-71.060788,42.354014],[-71.060788,42.354011],[-71.060788,42.354008],[-71.060789,42.354005],[-71.060789,42.354002],[-71.06079,42.353999],[-71.06079,42.353996],[-71.060791,42.353994],[-71.060791,42.353991],[-71.060792,42.353988],[-71.060793,42.353985],[-71.060794,42.353982],[-71.060795,42.353979],[-71.060796,42.353976],[-71.060797,42.353973],[-71.060798,42.35397],[-71.0608,42.353968],[-71.060801,42.353965],[-71.060803,42.353962],[-71.060804,42.353959],[-71.060806,42.353957],[-71.060807,42.353954],[-71.060809,42.353951],[-71.060811,42.353948],[-71.060813,42.353946],[-71.060815,42.353943],[-71.060817,42.353941],[-71.060819,42.353938],[-71.060885,42.353865],[-71.06079,42.353821],[-71.060614,42.354019]]]},"properties":{"id":671848,"height_m":16.27,"height_ft":53.37,"structure_type":"BLDG","land_use":"C"}},{"type":"Feature","geometry":{"type":"Polygon","coordinates":[[[-71.060834,42.354116],[-71.060836,42.354119],[-71.060839,42.354121],[-71.060842,42.354123],[-71.060845,42.354126],[-71.060847,42.354128],[-71.06085,42.35413],[-71.060853,42.354132],[-71.060856,42.354134],[-71.060859,42.354137],[-71.060862,42.354139],[-71.060866,42.354141],[-71.060869,42.354143],[-71.060872,42.354145],[-71.060875,42.354146],[-71.060879,42.354148],[-71.060882,42.35415],[-71.060886,42.354152],[-71.060889,42.354154],[-71.060892,42.354155],[-71.060896,42.354157],[-71.0609,42.354158],[-71.060903,42.35416],[-71.060907,42.354161],[-71.060911,42.354163],[-71.060914,42.354164],[-71.060918,42.354166],[-71.060922,42.354167],[-71.060926,42.354168],[-71.06093,42.354169],[-71.060934,42.35417],[-71.060937,42.354171],[-71.060941,42.354172],[-71.060945,42.354173],[-71.060949,42.354174],[-71.060953,42.354175],[-71.060956,42.354171],[-71.061005,42.354115],[-71.06095,42.354088],[-71.06098,42.354052],[-71.060924,42.354024],[-71.060955,42.35399],[-71.0609,42.353964],[-71.060932,42.35393],[-71.060879,42.353903],[-71.060907,42.35387],[-71.060899,42.353866],[-71.060896,42.35387],[-71.060885,42.353865],[-71.060819,42.353938],[-71.060817,42.353941],[-71.060815,42.353943],[-71.060813,42.353946],[-71.060811,42.353948],[-71.060809,42.353951],[-71.060807,42.353954],[-71.060806,42.353957],[-71.060804,42.353959],[-71.060803,42.353962],[-71.060801,42.353965],[-71.0608,42.353968],[-71.060798,42.35397],[-71.060797,42.353973],[-71.060796,42.353976],[-71.060795,42.353979],[-71.060794,42.353982],[-71.060793,42.353985],[-71.060792,42.353988],[-71.060791,42.353991],[-71.060791,42.353994],[-71.06079,42.353996],[-71.06079,42.353999],[-71.060789,42.354002],[-71.060789,42.354005],[-71.060788,42.354008],[-71.060788,42.354011],[-71.060788,42.354014],[-71.060788,42.354017],[-71.060788,42.35402],[-71.060788,42.354023],[-71.060788,42.354026],[-71.060788,42.354029],[-71.060788,42.354032],[-71.060789,42.354035],[-71.060789,42.354038],[-71.060789,42.354041],[-71.06079,42.354044],[-71.060791,42.354047],[-71.060791,42.35405],[-71.060792,42.354053],[-71.060793,42.354056],[-71.060794,42.354059],[-71.060795,42.354061],[-71.060796,42.354064],[-71.060797,42.354067],[-71.060798,42.35407],[-71.0608,42.354073],[-71.060801,42.354076],[-71.060802,42.354078],[-71.060804,42.354081],[-71.060806,42.354084],[-71.060807,42.354087],[-71.060809,42.354089],[-71.060811,42.354092],[-71.060813,42.354095],[-71.060814,42.354097],[-71.060816,42.3541],[-71.060818,42.354102],[-71.060821,42.354105],[-71.060823,42.354107],[-71.060825,42.35411],[-71.060827,42.354112],[-71.06083,42.354115],[-71.06083,42.354115],[-71.060831,42.354114],[-71.060834,42.354116]]]},"properties":{"id":671849,"height_m":16.27,"height_ft":53.37,"structure_type":"BLDG","land_use":"C"}},{"type":"Feature","geometry":{"type":"Polygon","coordinates":[[[-71.061804,42.354763],[-71.061941,42.354829],[-71.061996,42.354785],[-71.061924,42.35475],[-71.061915,42.354744],[-71.061913,42.354746],[-71.061845,42.354707],[-71.061804,42.354763]]]},"properties":{"id":671850,"height_m":19.49,"height_ft":63.94,"structure_type":"BLDG","land_use":"RC"}},{"type":"Feature","geometry":{"type":"Polygon","coordinates":[[[-71.061645,42.354929],[-71.061654,42.354933],[-71.061779,42.354998],[-71.061841,42.354934],[-71.061941,42.354829],[-71.061804,42.354763],[-71.061645,42.354929]]]},"properties":{"id":671851,"height_m":19.49,"height_ft":63.94,"structure_type":"BLDG","land_use":"RC"}},{"type":"Feature","geometry":{"type":"Polygon","coordinates":[[[-71.066847,42.351871],[-71.06703,42.351826],[-71.066981,42.351727],[-71.067007,42.351692],[-71.066982,42.351636],[-71.066807,42.35124],[-71.066797,42.351217],[-71.066791,42.351205],[-71.066763,42.351142],[-71.066747,42.351106],[-71.066732,42.35111],[-71.066648,42.351131],[-71.066632,42.351135],[-71.066601,42.351142],[-71.066596,42.351152],[-71.066591,42.351161],[-71.066584,42.351174],[-71.066561,42.35118],[-71.066558,42.35118],[-71.066541,42.351184],[-71.066507,42.351193],[-71.066221,42.351266],[-71.066201,42.35127],[-71.06618,42.351274],[-71.066159,42.351277],[-71.066138,42.35128],[-71.066116,42.351282],[-71.066095,42.351284],[-71.066074,42.351286],[-71.066052,42.351287],[-71.066031,42.351288],[-71.06601,42.351288],[-71.065988,42.351288],[-71.065967,42.351287],[-71.065945,42.351286],[-71.065588,42.351263],[-71.065508,42.351259],[-71.065472,42.351286],[-71.065295,42.351277],[-71.065257,42.351303],[-71.065179,42.351297],[-71.065139,42.351457],[-71.065186,42.351462],[-71.065209,42.351376],[-71.065214,42.35132],[-71.065864,42.351354],[-71.065861,42.351407],[-71.06584,42.351606],[-71.06572,42.351597],[-71.065717,42.351715],[-71.065932,42.351727],[-71.065958,42.351508],[-71.065975,42.351509],[-71.065993,42.351509],[-71.066011,42.351509],[-71.066029,42.351509],[-71.066047,42.351509],[-71.066065,42.351509],[-71.066084,42.351508],[-71.066102,42.351507],[-71.06612,42.351505],[-71.066139,42.351504],[-71.066157,42.351502],[-71.066175,42.3515],[-71.066193,42.351498],[-71.066212,42.351495],[-71.06623,42.351493],[-71.066247,42.35149],[-71.066265,42.351487],[-71.066283,42.351483],[-71.0663,42.35148],[-71.066317,42.351476],[-71.066334,42.351472],[-71.066483,42.351797],[-71.066611,42.351847],[-71.066813,42.351797],[-71.066847,42.351871]],[[-71.066798,42.351718],[-71.066579,42.351771],[-71.066408,42.351383],[-71.066621,42.351331],[-71.066704,42.351518],[-71.066602,42.351543],[-71.066653,42.351658],[-71.06676,42.351632],[-71.066798,42.351718]]]},"properties":{"id":671852,"height_m":36.78,"height_ft":120.66,"structure_type":"BLDG","land_use":"XG"}},{"type":"Feature","geometry":{"type":"Polygon","coordinates":[[[-71.063093,42.35013],[-71.06308,42.350177],[-71.063119,42.350183],[-71.063125,42.350163],[-71.063265,42.34966],[-71.063127,42.349638],[-71.063121,42.349667],[-71.063074,42.34966],[-71.06307,42.349659],[-71.06306,42.349706],[-71.063014,42.349699],[-71.062917,42.350056],[-71.062881,42.350049],[-71.06287,42.350082],[-71.062836,42.350076],[-71.062828,42.350107],[-71.062815,42.350107],[-71.062808,42.350131],[-71.062807,42.350133],[-71.062943,42.35015],[-71.062952,42.350109],[-71.063093,42.35013]]]},"properties":{"id":671857,"height_m":44.04,"height_ft":144.49,"structure_type":"BLDG","land_use":"E"}},{"type":"Feature","geometry":{"type":"Polygon","coordinates":[[[-71.056344,42.349835],[-71.056445,42.349863],[-71.056536,42.34968],[-71.056435,42.349652],[-71.056344,42.349835]]]},"properties":{"id":671858,"height_m":23.71,"height_ft":77.79,"structure_type":"BLDG","land_use":"XG"}},{"type":"Feature","geometry":{"type":"Polygon","coordinates":[[[-71.056222,42.350068],[-71.056358,42.350029],[-71.056413,42.349924],[-71.056313,42.349896],[-71.056222,42.350068]]]},"properties":{"id":671859,"height_m":23.71,"height_ft":77.79,"structure_type":"BLDG","land_use":"XG"}},{"type":"Feature","geometry":{"type":"Polygon","coordinates":[[[-71.056083,42.350359],[-71.056184,42.350388],[-71.056188,42.35038],[-71.05623,42.350293],[-71.056128,42.350265],[-71.056083,42.350359]]]},"properties":{"id":671860,"height_m":18.66,"height_ft":61.22,"structure_type":"BLDG","land_use":"XG"}},{"type":"Feature","geometry":{"type":"Polygon","coordinates":[[[-71.055412,42.350278],[-71.055499,42.350302],[-71.055549,42.350202],[-71.055462,42.350178],[-71.055412,42.350278]]]},"properties":{"id":671861,"height_m":27.08,"height_ft":88.85,"structure_type":"BLDG","land_use":"XG"}},{"type":"Feature","geometry":{"type":"Polygon","coordinates":[[[-71.055319,42.350458],[-71.055408,42.350482],[-71.055458,42.350383],[-71.05537,42.350358],[-71.055319,42.350458]]]},"properties":{"id":671862,"height_m":27.08,"height_ft":88.85,"structure_type":"BLDG","land_use":"XG"}},{"type":"Feature","geometry":{"type":"Polygon","coordinates":[[[-71.055801,42.350385],[-71.055887,42.350409],[-71.055937,42.35031],[-71.055851,42.350286],[-71.055801,42.350385]]]},"properties":{"id":671863,"height_m":27.18,"height_ft":89.17,"structure_type":"BLDG","land_use":"XG"}},{"type":"Feature","geometry":{"type":"Polygon","coordinates":[[[-71.055711,42.350566],[-71.055797,42.35059],[-71.055847,42.350489],[-71.055761,42.350466],[-71.055711,42.350566]]]},"properties":{"id":671864,"height_m":27.18,"height_ft":89.17,"structure_type":"BLDG","land_use":"XG"}},{"type":"Feature","geometry":{"type":"Polygon","coordinates":[[[-71.055303,42.350027],[-71.055309,42.350035],[-71.055359,42.350049],[-71.055563,42.349638],[-71.055505,42.349622],[-71.055303,42.350027]]]},"properties":{"id":671865,"height_m":29.79,"height_ft":97.75,"structure_type":"BLDG","land_use":"XG"}},{"type":"Feature","geometry":{"type":"Polygon","coordinates":[[[-71.064124,42.349913],[-71.064172,42.349965],[-71.064174,42.349963],[-71.064176,42.349961],[-71.064178,42.349959],[-71.06418,42.349957],[-71.064181,42.349955],[-71.064183,42.349952],[-71.064185,42.34995],[-71.064187,42.349948],[-71.064189,42.349946],[-71.06419,42.349943],[-71.064192,42.349941],[-71.064193,42.349938],[-71.064195,42.349936],[-71.064197,42.349933],[-71.064198,42.349931],[-71.0642,42.349928],[-71.064201,42.349925],[-71.064202,42.349923],[-71.064204,42.34992],[-71.064205,42.349917],[-71.064206,42.349915],[-71.064208,42.349912],[-71.064209,42.349909],[-71.06421,42.349906],[-71.064211,42.349903],[-71.064212,42.3499],[-71.064213,42.349897],[-71.064214,42.349894],[-71.064215,42.349891],[-71.064216,42.349888],[-71.064217,42.349885],[-71.064218,42.349882],[-71.064218,42.349879],[-71.064219,42.349876],[-71.06422,42.349873],[-71.06422,42.349869],[-71.064221,42.349866],[-71.064222,42.349863],[-71.064222,42.34986],[-71.064223,42.349856],[-71.064223,42.349853],[-71.064223,42.34985],[-71.064224,42.349847],[-71.064224,42.349843],[-71.064224,42.34984],[-71.064224,42.349837],[-71.064225,42.349833],[-71.064225,42.34983],[-71.064225,42.349826],[-71.064225,42.349823],[-71.064225,42.34982],[-71.064225,42.349816],[-71.064225,42.349813],[-71.064224,42.349809],[-71.064224,42.349806],[-71.064224,42.349802],[-71.064224,42.349799],[-71.064223,42.349796],[-71.064223,42.349792],[-71.064223,42.349789],[-71.064222,42.349785],[-71.064222,42.349782],[-71.064221,42.349778],[-71.06422,42.349775],[-71.06422,42.349771],[-71.064219,42.349768],[-71.064218,42.349764],[-71.064218,42.349761],[-71.064217,42.349758],[-71.064216,42.349754],[-71.064215,42.349751],[-71.064214,42.349747],[-71.064213,42.349744],[-71.064212,42.349741],[-71.064211,42.349737],[-71.06421,42.349734],[-71.064209,42.349731],[-71.064208,42.349727],[-71.064206,42.349724],[-71.064205,42.349721],[-71.064204,42.349717],[-71.064202,42.349714],[-71.064201,42.349711],[-71.064199,42.349707],[-71.064197,42.349703],[-71.064195,42.349699],[-71.064193,42.349695],[-71.064191,42.349691],[-71.064188,42.349687],[-71.064186,42.349683],[-71.064184,42.349679],[-71.064181,42.349675],[-71.064178,42.349671],[-71.064176,42.349667],[-71.064173,42.349663],[-71.06417,42.34966],[-71.064168,42.349656],[-71.064165,42.349652],[-71.064162,42.349648],[-71.064159,42.349645],[-71.064156,42.349641],[-71.064152,42.349637],[-71.064149,42.349634],[-71.064146,42.34963],[-71.064143,42.349627],[-71.064139,42.349623],[-71.064136,42.34962],[-71.064132,42.349616],[-71.064129,42.349613],[-71.064125,42.34961],[-71.064121,42.349606],[-71.064118,42.349603],[-71.064114,42.3496],[-71.06411,42.349596],[-71.064106,42.349593],[-71.064102,42.34959],[-71.064098,42.349587],[-71.064094,42.349584],[-71.06409,42.349581],[-71.064086,42.349578],[-71.064081,42.349575],[-71.064077,42.349572],[-71.064073,42.349569],[-71.064068,42.349566],[-71.064064,42.349563],[-71.064059,42.349561],[-71.064055,42.349558],[-71.06405,42.349555],[-71.064046,42.349553],[-71.064041,42.34955],[-71.064036,42.349548],[-71.064032,42.349545],[-71.064027,42.349543],[-71.064022,42.34954],[-71.064017,42.349538],[-71.064012,42.349536],[-71.064007,42.349533],[-71.064002,42.349531],[-71.063997,42.349529],[-71.063992,42.349527],[-71.063987,42.349525],[-71.063982,42.349523],[-71.063977,42.349521],[-71.063971,42.349519],[-71.063966,42.349517],[-71.063961,42.349515],[-71.063956,42.349513],[-71.06395,42.349512],[-71.063945,42.34951],[-71.06394,42.349508],[-71.063934,42.349507],[-71.063929,42.349505],[-71.063923,42.349504],[-71.063918,42.349502],[-71.063912,42.349501],[-71.063907,42.3495],[-71.063736,42.349471],[-71.063796,42.349539],[-71.063854,42.349547],[-71.063859,42.349548],[-71.063865,42.349549],[-71.06387,42.34955],[-71.063875,42.349551],[-71.06388,42.349553],[-71.063885,42.349554],[-71.063891,42.349555],[-71.063896,42.349556],[-71.063901,42.349558],[-71.063906,42.349559],[-71.063911,42.349561],[-71.063916,42.349562],[-71.063921,42.349564],[-71.063926,42.349566],[-71.063931,42.349567],[-71.063936,42.349569],[-71.063941,42.349571],[-71.063945,42.349573],[-71.06395,42.349575],[-71.063955,42.349577],[-71.06396,42.349579],[-71.063964,42.349581],[-71.063969,42.349583],[-71.063973,42.349585],[-71.063978,42.349587],[-71.063983,42.34959],[-71.063987,42.349592],[-71.063991,42.349594],[-71.063996,42.349597],[-71.064,42.349599],[-71.064004,42.349602],[-71.064009,42.349604],[-71.064013,42.349607],[-71.064017,42.349609],[-71.064021,42.349612],[-71.064025,42.349615],[-71.064029,42.349617],[-71.064033,42.34962],[-71.064037,42.349623],[-71.064041,42.349626],[-71.064045,42.349629],[-71.064048,42.349632],[-71.064052,42.349635],[-71.064056,42.349638],[-71.064059,42.349641],[-71.064063,42.349644],[-71.064066,42.349647],[-71.06407,42.34965],[-71.064073,42.349653],[-71.064076,42.349657],[-71.064079,42.34966],[-71.064083,42.349663],[-71.064086,42.349667],[-71.064089,42.34967],[-71.064091,42.349673],[-71.064094,42.349677],[-71.064097,42.349681],[-71.0641,42.349684],[-71.064102,42.349688],[-71.064105,42.349691],[-71.064107,42.349695],[-71.06411,42.349699],[-71.064112,42.349702],[-71.064115,42.349706],[-71.064117,42.34971],[-71.064119,42.349714],[-71.064121,42.349717],[-71.064123,42.349721],[-71.064125,42.349725],[-71.064127,42.349729],[-71.064129,42.349733],[-71.06413,42.349737],[-71.064132,42.349741],[-71.064133,42.349744],[-71.064135,42.349748],[-71.064136,42.349752],[-71.064207,42.34974],[-71.064208,42.349746],[-71.06421,42.349751],[-71.06421,42.349755],[-71.064211,42.34976],[-71.064212,42.349764],[-71.064213,42.349768],[-71.064214,42.349773],[-71.064215,42.349777],[-71.064215,42.349781],[-71.064216,42.349786],[-71.064217,42.34979],[-71.064217,42.349794],[-71.064217,42.349799],[-71.064218,42.349803],[-71.064218,42.349808],[-71.064218,42.349812],[-71.064218,42.349816],[-71.064218,42.349821],[-71.064218,42.349825],[-71.064218,42.349829],[-71.064218,42.349834],[-71.064218,42.349838],[-71.064217,42.349843],[-71.064217,42.349847],[-71.064216,42.349851],[-71.064216,42.349856],[-71.064215,42.34986],[-71.064214,42.349864],[-71.064214,42.349869],[-71.064213,42.349873],[-71.064212,42.349877],[-71.064211,42.349882],[-71.06421,42.349886],[-71.064209,42.34989],[-71.064207,42.349895],[-71.064206,42.349899],[-71.064205,42.349903],[-71.064203,42.349907],[-71.064132,42.349893],[-71.064124,42.349913]]]},"properties":{"id":671877,"height_m":33.09,"height_ft":108.55,"structure_type":"BLDG","land_use":"E"}},{"type":"Feature","geometry":{"type":"Polygon","coordinates":[[[-71.063598,42.348921],[-71.063586,42.348962],[-71.063569,42.349018],[-71.063562,42.349043],[-71.063736,42.349068],[-71.063742,42.349045],[-71.063785,42.348895],[-71.063791,42.348874],[-71.063827,42.348879],[-71.063878,42.3487],[-71.063895,42.34864],[-71.063945,42.348463],[-71.063623,42.348413],[-71.063573,42.348589],[-71.063556,42.348651],[-71.063505,42.348828],[-71.06355,42.348835],[-71.06362,42.348846],[-71.063614,42.348866],[-71.063598,42.348921]],[[-71.063853,42.348473],[-71.063751,42.348839],[-71.063758,42.34884],[-71.063751,42.348868],[-71.063707,42.348861],[-71.063713,42.348837],[-71.063624,42.348823],[-71.063727,42.348454],[-71.063853,42.348473]]]},"properties":{"id":671878,"height_m":37.13,"height_ft":121.8,"structure_type":"BLDG","land_use":"E"}},{"type":"Feature","geometry":{"type":"Polygon","coordinates":[[[-71.05544,42.354307],[-71.055474,42.354285],[-71.0554,42.35422],[-71.055339,42.354255],[-71.055322,42.354259],[-71.055308,42.354262],[-71.055316,42.354268],[-71.055344,42.354293],[-71.055362,42.354282],[-71.055384,42.354303],[-71.055416,42.354284],[-71.05544,42.354307]]]},"properties":{"id":671879,"height_m":39.39,"height_ft":129.23,"structure_type":"BLDG","land_use":"C"}},{"type":"Feature","geometry":{"type":"Polygon","coordinates":[[[-71.055554,42.354412],[-71.055576,42.354431],[-71.055548,42.354448],[-71.055573,42.354471],[-71.055551,42.354484],[-71.055576,42.354506],[-71.055587,42.354515],[-71.055594,42.354506],[-71.055603,42.354494],[-71.055621,42.354481],[-71.055602,42.354453],[-71.055631,42.354426],[-71.055591,42.35439],[-71.055554,42.354412]]]},"properties":{"id":671880,"height_m":39.39,"height_ft":129.23,"structure_type":"BLDG","land_use":"C"}},{"type":"Feature","geometry":{"type":"Polygon","coordinates":[[[-71.054775,42.354643],[-71.05498,42.354839],[-71.055224,42.354735],[-71.055189,42.354694],[-71.05515,42.354658],[-71.055031,42.354552],[-71.054991,42.354515],[-71.054951,42.354482],[-71.054775,42.354643]]]},"properties":{"id":671881,"height_m":39.39,"height_ft":129.23,"structure_type":"BLDG","land_use":"C"}},{"type":"Feature","geometry":{"type":"Polygon","coordinates":[[[-71.055189,42.354694],[-71.055226,42.354674],[-71.055231,42.354677],[-71.055239,42.354672],[-71.055259,42.35469],[-71.055269,42.354688],[-71.055278,42.354687],[-71.055297,42.354683],[-71.055315,42.354679],[-71.055316,42.354679],[-71.055317,42.354678],[-71.055307,42.35467],[-71.05528,42.354646],[-71.055257,42.35466],[-71.055234,42.354639],[-71.055207,42.354656],[-71.055184,42.354634],[-71.05515,42.354658],[-71.055189,42.354694]]]},"properties":{"id":671882,"height_m":39.39,"height_ft":129.23,"structure_type":"BLDG","land_use":"C"}},{"type":"Feature","geometry":{"type":"Polygon","coordinates":[[[-71.055004,42.35446],[-71.055028,42.354481],[-71.055019,42.354488],[-71.055024,42.354492],[-71.054991,42.354515],[-71.055031,42.354552],[-71.05507,42.35453],[-71.055046,42.354508],[-71.055072,42.354493],[-71.055047,42.35447],[-71.05507,42.354457],[-71.055051,42.35444],[-71.055004,42.35446]]]},"properties":{"id":671883,"height_m":39.39,"height_ft":129.23,"structure_type":"BLDG","land_use":"C"}},{"type":"Feature","geometry":{"type":"Polygon","coordinates":[[[-71.055307,42.35467],[-71.055317,42.354678],[-71.055334,42.354674],[-71.055352,42.354668],[-71.05537,42.354663],[-71.055387,42.354656],[-71.055405,42.354649],[-71.055421,42.354642],[-71.055438,42.354634],[-71.055454,42.354626],[-71.055469,42.354617],[-71.055484,42.354607],[-71.055499,42.354598],[-71.055513,42.354588],[-71.055526,42.354577],[-71.055539,42.354566],[-71.055551,42.354555],[-71.055563,42.354543],[-71.055574,42.354531],[-71.055584,42.354519],[-71.055587,42.354515],[-71.055576,42.354506],[-71.055307,42.35467]]]},"properties":{"id":671884,"height_m":39.39,"height_ft":129.23,"structure_type":"BLDG","land_use":"C"}},{"type":"Feature","geometry":{"type":"Polygon","coordinates":[[[-71.055305,42.354263],[-71.055288,42.354267],[-71.055271,42.354272],[-71.055255,42.354278],[-71.055239,42.354284],[-71.055223,42.354291],[-71.055208,42.354298],[-71.055193,42.354305],[-71.055179,42.354313],[-71.055165,42.354322],[-71.055152,42.354331],[-71.055139,42.35434],[-71.055127,42.35435],[-71.055115,42.35436],[-71.055104,42.35437],[-71.055094,42.354381],[-71.055084,42.354392],[-71.055074,42.354404],[-71.055066,42.354415],[-71.055058,42.354427],[-71.055051,42.35444],[-71.055316,42.354268],[-71.055308,42.354262],[-71.055305,42.354263]]]},"properties":{"id":671885,"height_m":39.39,"height_ft":129.23,"structure_type":"BLDG","land_use":"C"}},{"type":"Feature","geometry":{"type":"Polygon","coordinates":[[[-71.055031,42.354552],[-71.05515,42.354658],[-71.055184,42.354634],[-71.05507,42.35453],[-71.055031,42.354552]]]},"properties":{"id":671886,"height_m":39.39,"height_ft":129.23,"structure_type":"BLDG","land_use":"C"}},{"type":"Feature","geometry":{"type":"Polygon","coordinates":[[[-71.064332,42.350026],[-71.064336,42.35001],[-71.064444,42.350026],[-71.06444,42.350039],[-71.064566,42.350058],[-71.064569,42.350044],[-71.06482,42.350082],[-71.064794,42.350177],[-71.064826,42.350187],[-71.06486,42.350062],[-71.064364,42.349983],[-71.064283,42.349971],[-71.064281,42.349978],[-71.064172,42.349965],[-71.064247,42.350048],[-71.064308,42.350018],[-71.064314,42.35002],[-71.064332,42.350026]]]},"properties":{"id":671890,"height_m":11.11,"height_ft":36.45,"structure_type":"BLDG","land_use":"E"}},{"type":"Feature","geometry":{"type":"Polygon","coordinates":[[[-71.064511,42.350524],[-71.064387,42.350786],[-71.064453,42.350794],[-71.064846,42.350836],[-71.06485,42.350836],[-71.064902,42.350642],[-71.064884,42.35064],[-71.064599,42.350608],[-71.064605,42.350585],[-71.06461,42.350585],[-71.064625,42.350535],[-71.064517,42.350517],[-71.064511,42.350524]]]},"properties":{"id":671891,"height_m":16.52,"height_ft":54.19,"structure_type":"BLDG","land_use":"C"}},{"type":"Feature","geometry":{"type":"Polygon","coordinates":[[[-71.062962,42.349783],[-71.062988,42.349795],[-71.063014,42.349699],[-71.06306,42.349706],[-71.06307,42.349659],[-71.063074,42.34966],[-71.063079,42.349635],[-71.063053,42.349626],[-71.063045,42.34965],[-71.062956,42.349609],[-71.062944,42.349623],[-71.062922,42.349613],[-71.062826,42.349569],[-71.062782,42.349549],[-71.062767,42.349542],[-71.062743,42.349531],[-71.062669,42.349497],[-71.062682,42.349484],[-71.062592,42.349443],[-71.062591,42.349444],[-71.06258,42.349458],[-71.062547,42.349495],[-71.062535,42.349489],[-71.062532,42.34949],[-71.06253,42.349491],[-71.062527,42.349492],[-71.062525,42.349493],[-71.062522,42.349494],[-71.06252,42.349495],[-71.062518,42.349497],[-71.062515,42.349498],[-71.062513,42.349499],[-71.062511,42.3495],[-71.062509,42.349502],[-71.062507,42.349503],[-71.062505,42.349505],[-71.062503,42.349506],[-71.062501,42.349508],[-71.062499,42.349509],[-71.062498,42.349511],[-71.062496,42.349513],[-71.062494,42.349514],[-71.062493,42.349516],[-71.062491,42.349518],[-71.06249,42.349519],[-71.062488,42.349521],[-71.062487,42.349523],[-71.062486,42.349525],[-71.062485,42.349527],[-71.062484,42.349529],[-71.062483,42.349531],[-71.062482,42.349533],[-71.062481,42.349535],[-71.06248,42.349537],[-71.062479,42.349539],[-71.062478,42.349541],[-71.062478,42.349543],[-71.062477,42.349545],[-71.062477,42.349547],[-71.062477,42.349549],[-71.062476,42.349551],[-71.062476,42.349553],[-71.062476,42.349555],[-71.062476,42.349557],[-71.062476,42.349559],[-71.062521,42.349582],[-71.062528,42.349572],[-71.062623,42.349617],[-71.062615,42.349627],[-71.062696,42.349663],[-71.062686,42.349674],[-71.062811,42.34973],[-71.062819,42.34972],[-71.062962,42.349783]]]},"properties":{"id":671892,"height_m":32.65,"height_ft":107.12,"structure_type":"BLDG","land_use":"E"}},{"type":"Feature","geometry":{"type":"Polygon","coordinates":[[[-71.062379,42.348998],[-71.062448,42.349017],[-71.06247,42.34897],[-71.062402,42.348952],[-71.062379,42.348998]]]},"properties":{"id":671893,"height_m":24.44,"height_ft":80.19,"structure_type":"BLDG","land_use":"E"}},{"type":"Feature","geometry":{"type":"Polygon","coordinates":[[[-71.063149,42.354643],[-71.06339,42.354714],[-71.063679,42.354178],[-71.063438,42.354106],[-71.063149,42.354643]]]},"properties":{"id":671894,"height_m":81.19,"height_ft":266.36,"structure_type":"BLDG","land_use":"RC"}},{"type":"Feature","geometry":{"type":"Polygon","coordinates":[[[-71.062969,42.353021],[-71.063173,42.353025],[-71.063069,42.352994],[-71.062852,42.35299],[-71.06284,42.352961],[-71.062773,42.352952],[-71.062781,42.352843],[-71.062851,42.352841],[-71.062866,42.35283],[-71.062975,42.352832],[-71.062997,42.352519],[-71.062909,42.352521],[-71.062918,42.352433],[-71.062724,42.352454],[-71.062724,42.352455],[-71.062724,42.352488],[-71.062759,42.352827],[-71.062747,42.353013],[-71.062969,42.353021]]]},"properties":{"id":671895,"height_m":32.52,"height_ft":106.69,"structure_type":"BLDG","land_use":"RC"}},{"type":"Feature","geometry":{"type":"Polygon","coordinates":[[[-71.054479,42.351779],[-71.054846,42.351984],[-71.054822,42.352009],[-71.054845,42.35202],[-71.054836,42.352028],[-71.054902,42.352062],[-71.055315,42.351966],[-71.055372,42.351852],[-71.055361,42.351851],[-71.055492,42.351587],[-71.055477,42.351583],[-71.055498,42.351545],[-71.054479,42.351779]]]},"properties":{"id":671896,"height_m":16.11,"height_ft":52.85,"structure_type":"BLDG","land_use":"XG"}},{"type":"Feature","geometry":{"type":"Polygon","coordinates":[[[-71.055679,42.354802],[-71.055696,42.354895],[-71.055802,42.354957],[-71.055848,42.355216],[-71.05577,42.355294],[-71.055785,42.35538],[-71.056237,42.355336],[-71.056222,42.355248],[-71.056115,42.355187],[-71.056069,42.354926],[-71.056153,42.35485],[-71.056136,42.354757],[-71.055679,42.354802]]]},"properties":{"id":671897,"height_m":182.05,"height_ft":597.28,"structure_type":"BLDG","land_use":"C"}},{"type":"Feature","geometry":{"type":"Polygon","coordinates":[[[-71.05577,42.355294],[-71.055848,42.355216],[-71.055802,42.354957],[-71.055696,42.354895],[-71.05577,42.355294]]]},"properties":{"id":671898,"height_m":176.11,"height_ft":577.78,"structure_type":"BLDG","land_use":"C"}},{"type":"Feature","geometry":{"type":"Polygon","coordinates":[[[-71.056069,42.354926],[-71.056115,42.355187],[-71.056222,42.355248],[-71.056153,42.35485],[-71.056069,42.354926]]]},"properties":{"id":671899,"height_m":175.77,"height_ft":576.66,"structure_type":"BLDG","land_use":"C"}},{"type":"Feature","geometry":{"type":"Polygon","coordinates":[[[-71.05538,42.354372],[-71.055376,42.354373],[-71.055371,42.354374],[-71.055366,42.354375],[-71.055361,42.354376],[-71.055356,42.354377],[-71.055352,42.354378],[-71.055347,42.35438],[-71.055342,42.354381],[-71.055337,42.354382],[-71.055333,42.354384],[-71.055328,42.354385],[-71.055323,42.354387],[-71.055319,42.354388],[-71.055314,42.35439],[-71.05531,42.354391],[-71.055305,42.354393],[-71.055301,42.354395],[-71.055297,42.354397],[-71.055292,42.354399],[-71.055288,42.3544],[-71.055284,42.354402],[-71.055279,42.354404],[-71.055275,42.354406],[-71.055271,42.354408],[-71.055267,42.354411],[-71.055263,42.354413],[-71.055259,42.354415],[-71.055255,42.354417],[-71.055251,42.35442],[-71.055247,42.354422],[-71.055243,42.354424],[-71.055239,42.354427],[-71.055235,42.354429],[-71.055232,42.354432],[-71.055228,42.354434],[-71.055224,42.354437],[-71.055221,42.354439],[-71.055217,42.354442],[-71.055214,42.354445],[-71.055211,42.354448],[-71.055207,42.35445],[-71.055204,42.354453],[-71.055201,42.354456],[-71.055198,42.354459],[-71.055194,42.354462],[-71.055191,42.354465],[-71.055188,42.354468],[-71.055186,42.354471],[-71.055183,42.354474],[-71.05518,42.354477],[-71.055177,42.35448],[-71.055174,42.354483],[-71.055172,42.354487],[-71.055169,42.35449],[-71.055167,42.354493],[-71.055164,42.354496],[-71.055162,42.3545],[-71.05516,42.354503],[-71.055232,42.354566],[-71.055236,42.354566],[-71.055241,42.354565],[-71.055245,42.354565],[-71.05525,42.354564],[-71.055254,42.354563],[-71.055259,42.354562],[-71.055263,42.354561],[-71.055267,42.35456],[-71.055272,42.354559],[-71.055276,42.354558],[-71.055281,42.354557],[-71.055285,42.354556],[-71.055289,42.354555],[-71.055293,42.354554],[-71.055298,42.354553],[-71.055302,42.354551],[-71.055306,42.35455],[-71.05531,42.354548],[-71.055314,42.354547],[-71.055319,42.354545],[-71.055323,42.354544],[-71.055327,42.354542],[-71.055331,42.35454],[-71.055335,42.354539],[-71.055339,42.354537],[-71.055342,42.354535],[-71.055346,42.354533],[-71.05535,42.354531],[-71.055354,42.354529],[-71.055357,42.354527],[-71.055361,42.354525],[-71.055365,42.354523],[-71.055368,42.354521],[-71.055372,42.354519],[-71.055375,42.354517],[-71.055379,42.354514],[-71.055382,42.354512],[-71.055385,42.35451],[-71.055389,42.354507],[-71.055392,42.354505],[-71.055395,42.354502],[-71.055398,42.3545],[-71.055401,42.354497],[-71.055404,42.354495],[-71.055407,42.354492],[-71.05541,42.354489],[-71.055413,42.354487],[-71.055416,42.354484],[-71.055418,42.354481],[-71.055421,42.354478],[-71.055424,42.354476],[-71.055426,42.354473],[-71.055429,42.35447],[-71.055431,42.354467],[-71.055433,42.354464],[-71.055436,42.354461],[-71.055438,42.354458],[-71.05544,42.354455],[-71.055442,42.354452],[-71.055444,42.354449],[-71.055446,42.354446],[-71.055448,42.354443],[-71.05545,42.35444],[-71.055451,42.354437],[-71.055453,42.354433],[-71.055385,42.354371],[-71.05538,42.354372]]]},"properties":{"id":671901,"height_m":115.82,"height_ft":380,"structure_type":"BLDG","land_use":"C"}},{"type":"Feature","geometry":{"type":"Polygon","coordinates":[[[-71.055785,42.354344],[-71.055896,42.354316],[-71.055871,42.354273],[-71.055861,42.354254],[-71.055808,42.35427],[-71.055634,42.354096],[-71.055686,42.354073],[-71.05564,42.354021],[-71.055511,42.354087],[-71.055785,42.354344]]]},"properties":{"id":671902,"height_m":51.85,"height_ft":170.11,"structure_type":"BLDG","land_use":"C"}},{"type":"Feature","geometry":{"type":"Polygon","coordinates":[[[-71.056022,42.354208],[-71.055969,42.354223],[-71.055978,42.354241],[-71.055996,42.354274],[-71.056112,42.354258],[-71.056036,42.353849],[-71.055898,42.353909],[-71.055913,42.353973],[-71.055975,42.353946],[-71.056022,42.354208]]]},"properties":{"id":671903,"height_m":52.28,"height_ft":171.51,"structure_type":"BLDG","land_use":"C"}},{"type":"Feature","geometry":{"type":"Polygon","coordinates":[[[-71.055806,42.354119],[-71.055839,42.35415],[-71.05589,42.354135],[-71.05588,42.354087],[-71.055806,42.354119]]]},"properties":{"id":671904,"height_m":90.06,"height_ft":295.47,"structure_type":"BLDG","land_use":"C"}},{"type":"Feature","geometry":{"type":"Polygon","coordinates":[[[-71.055831,42.354167],[-71.055909,42.354145],[-71.055894,42.354067],[-71.05578,42.354115],[-71.055831,42.354167]],[[-71.05589,42.354135],[-71.055839,42.35415],[-71.055806,42.354119],[-71.05588,42.354087],[-71.05589,42.354135]]]},"properties":{"id":671905,"height_m":90.06,"height_ft":295.47,"structure_type":"BLDG","land_use":"C"}},{"type":"Feature","geometry":{"type":"Polygon","coordinates":[[[-71.055861,42.354254],[-71.055871,42.354273],[-71.055978,42.354241],[-71.055969,42.354223],[-71.055861,42.354254]]]},"properties":{"id":671906,"height_m":40.01,"height_ft":131.28,"structure_type":"BLDG","land_use":"C"}},{"type":"Feature","geometry":{"type":"Polygon","coordinates":[[[-71.055871,42.354273],[-71.055896,42.354316],[-71.055919,42.354368],[-71.056043,42.354337],[-71.056034,42.354324],[-71.055996,42.354274],[-71.055978,42.354241],[-71.055871,42.354273]]]},"properties":{"id":671907,"height_m":40.01,"height_ft":131.28,"structure_type":"BLDG","land_use":"C"}},{"type":"Feature","geometry":{"type":"Polygon","coordinates":[[[-71.06581,42.34834],[-71.065899,42.34835],[-71.065917,42.348258],[-71.065828,42.348248],[-71.06581,42.34834]]]},"properties":{"id":671911,"height_m":39.4,"height_ft":129.27,"structure_type":"BLDG","land_use":"RC"}},{"type":"Feature","geometry":{"type":"Polygon","coordinates":[[[-71.064498,42.349077],[-71.064437,42.349106],[-71.064404,42.349122],[-71.064537,42.349186],[-71.064623,42.349264],[-71.064653,42.349291],[-71.064718,42.349258],[-71.064723,42.349255],[-71.064814,42.349208],[-71.064819,42.349206],[-71.064834,42.349198],[-71.064815,42.349177],[-71.064811,42.349172],[-71.064694,42.349036],[-71.06468,42.34902],[-71.064662,42.348999],[-71.064498,42.349077]]]},"properties":{"id":671912,"height_m":27.01,"height_ft":88.6,"structure_type":"BLDG","land_use":"CM"}},{"type":"Feature","geometry":{"type":"Polygon","coordinates":[[[-71.06466,42.348867],[-71.064724,42.348875],[-71.064911,42.348803],[-71.064914,42.348785],[-71.064926,42.348787],[-71.064959,42.348666],[-71.064395,42.348579],[-71.06439,42.348601],[-71.064397,42.348601],[-71.064338,42.348809],[-71.064299,42.348802],[-71.064292,42.348832],[-71.064533,42.348867],[-71.06454,42.348847],[-71.06466,42.348867]]]},"properties":{"id":671913,"height_m":7.98,"height_ft":26.18,"structure_type":"BLDG","land_use":"CM"}},{"type":"Feature","geometry":{"type":"Polygon","coordinates":[[[-71.064432,42.348107],[-71.064513,42.348121],[-71.064448,42.348053],[-71.064432,42.348107]]]},"properties":{"id":671914,"height_m":16.95,"height_ft":55.63,"structure_type":"BLDG","land_use":"E"}},{"type":"Feature","geometry":{"type":"Polygon","coordinates":[[[-71.064525,42.348094],[-71.064615,42.348109],[-71.064675,42.348118],[-71.064678,42.348123],[-71.064768,42.348079],[-71.06476,42.348073],[-71.06469,42.348062],[-71.064693,42.34805],[-71.064545,42.348026],[-71.064525,42.348094]]]},"properties":{"id":671915,"height_m":18.58,"height_ft":60.95,"structure_type":"BLDG","land_use":"E"}},{"type":"Feature","geometry":{"type":"Polygon","coordinates":[[[-71.064019,42.348187],[-71.064047,42.348191],[-71.064061,42.348137],[-71.064032,42.348133],[-71.064019,42.348187]]]},"properties":{"id":671916,"height_m":6.24,"height_ft":20.47,"structure_type":"BLDG","land_use":"RC"}},{"type":"Feature","geometry":{"type":"Polygon","coordinates":[[[-71.063057,42.349242],[-71.063296,42.349281],[-71.06339,42.349292],[-71.063408,42.349316],[-71.06339,42.349376],[-71.063247,42.349445],[-71.063237,42.349451],[-71.063209,42.349435],[-71.063192,42.349457],[-71.06318,42.349474],[-71.063181,42.349475],[-71.063183,42.349476],[-71.063185,42.349476],[-71.063187,42.349477],[-71.063188,42.349478],[-71.06319,42.349479],[-71.063192,42.34948],[-71.063193,42.349481],[-71.063195,42.349482],[-71.063196,42.349483],[-71.063198,42.349484],[-71.063199,42.349485],[-71.063201,42.349486],[-71.063202,42.349488],[-71.063203,42.349489],[-71.063204,42.34949],[-71.063206,42.349492],[-71.063207,42.349493],[-71.063208,42.349494],[-71.063209,42.349496],[-71.06321,42.349497],[-71.063211,42.349499],[-71.063212,42.3495],[-71.063213,42.349502],[-71.063213,42.349504],[-71.063214,42.349505],[-71.063215,42.349507],[-71.063215,42.349508],[-71.063216,42.34951],[-71.063216,42.349512],[-71.063217,42.349513],[-71.063217,42.349515],[-71.063217,42.349517],[-71.063218,42.349518],[-71.063218,42.34952],[-71.063218,42.349522],[-71.063218,42.349523],[-71.063218,42.349525],[-71.063218,42.349527],[-71.063218,42.349529],[-71.063217,42.34953],[-71.063217,42.349532],[-71.063217,42.349534],[-71.063216,42.349535],[-71.063216,42.349537],[-71.063215,42.349539],[-71.063215,42.34954],[-71.063214,42.349542],[-71.063213,42.349543],[-71.063212,42.349545],[-71.063211,42.349547],[-71.06321,42.349548],[-71.063209,42.34955],[-71.063208,42.349551],[-71.063206,42.349553],[-71.063205,42.349554],[-71.063204,42.349556],[-71.063202,42.349557],[-71.063201,42.349559],[-71.063199,42.34956],[-71.063197,42.349561],[-71.063196,42.349563],[-71.063194,42.349564],[-71.063192,42.349565],[-71.063191,42.349566],[-71.063189,42.349567],[-71.063187,42.349569],[-71.063185,42.34957],[-71.063183,42.349571],[-71.063181,42.349572],[-71.063179,42.349573],[-71.063177,42.349574],[-71.063175,42.349575],[-71.063172,42.349575],[-71.06317,42.349576],[-71.063168,42.349577],[-71.063166,42.349578],[-71.063164,42.349578],[-71.063161,42.349579],[-71.063159,42.34958],[-71.063157,42.34958],[-71.063154,42.349581],[-71.063152,42.349581],[-71.06315,42.349581],[-71.063147,42.349582],[-71.063145,42.349582],[-71.063143,42.349582],[-71.06314,42.349582],[-71.063138,42.349582],[-71.063136,42.349583],[-71.063133,42.349583],[-71.063131,42.349582],[-71.063129,42.349582],[-71.063126,42.349582],[-71.063124,42.349582],[-71.063122,42.349582],[-71.06312,42.349582],[-71.063117,42.349581],[-71.063115,42.349581],[-71.063113,42.34958],[-71.063111,42.34958],[-71.063109,42.349579],[-71.063107,42.349579],[-71.063105,42.349578],[-71.063103,42.349577],[-71.063101,42.349577],[-71.063099,42.349576],[-71.063097,42.349575],[-71.063095,42.349574],[-71.063093,42.349573],[-71.063091,42.349572],[-71.06309,42.349571],[-71.063074,42.349586],[-71.063052,42.349606],[-71.063084,42.349619],[-71.063079,42.349635],[-71.063074,42.34966],[-71.063121,42.349667],[-71.063127,42.349638],[-71.063265,42.34966],[-71.063346,42.349671],[-71.063412,42.349431],[-71.063419,42.349422],[-71.063437,42.34939],[-71.063425,42.349376],[-71.063445,42.349309],[-71.063417,42.349279],[-71.06306,42.349221],[-71.063056,42.349232],[-71.06306,42.349233],[-71.063057,42.349242]]]},"properties":{"id":671917,"height_m":45.4,"height_ft":148.94,"structure_type":"BLDG","land_use":"E"}},{"type":"Feature","geometry":{"type":"Polygon","coordinates":[[[-71.055819,42.354237],[-71.055985,42.354191],[-71.055947,42.353989],[-71.055684,42.354103],[-71.055819,42.354237]],[[-71.055974,42.354184],[-71.055825,42.354227],[-71.055701,42.354105],[-71.055937,42.354001],[-71.055974,42.354184]]]},"properties":{"id":671918,"height_m":69.37,"height_ft":227.6,"structure_type":"BLDG","land_use":"C"}},{"type":"Feature","geometry":{"type":"Polygon","coordinates":[[[-71.055808,42.35427],[-71.055861,42.354254],[-71.055969,42.354223],[-71.056022,42.354208],[-71.055975,42.353946],[-71.055913,42.353973],[-71.055686,42.354073],[-71.055634,42.354096],[-71.055808,42.35427]],[[-71.055985,42.354191],[-71.055819,42.354237],[-71.055684,42.354103],[-71.055947,42.353989],[-71.055985,42.354191]]]},"properties":{"id":671919,"height_m":69.37,"height_ft":227.6,"structure_type":"BLDG","land_use":"C"}},{"type":"Feature","geometry":{"type":"Polygon","coordinates":[[[-71.064032,42.348133],[-71.064061,42.348137],[-71.064067,42.348117],[-71.064037,42.348112],[-71.064032,42.348133]]]},"properties":{"id":671921,"height_m":23.39,"height_ft":76.74,"structure_type":"BLDG","land_use":"RC"}},{"type":"Feature","geometry":{"type":"Polygon","coordinates":[[[-71.055257,42.35466],[-71.055573,42.354471],[-71.055548,42.354448],[-71.055576,42.354431],[-71.055416,42.354284],[-71.055384,42.354303],[-71.055362,42.354282],[-71.055047,42.35447],[-71.055072,42.354493],[-71.055046,42.354508],[-71.055207,42.354656],[-71.055234,42.354639],[-71.055257,42.35466]],[[-71.055453,42.354433],[-71.055451,42.354437],[-71.05545,42.35444],[-71.055448,42.354443],[-71.055446,42.354446],[-71.055444,42.354449],[-71.055442,42.354452],[-71.05544,42.354455],[-71.055438,42.354458],[-71.055436,42.354461],[-71.055433,42.354464],[-71.055431,42.354467],[-71.055429,42.35447],[-71.055426,42.354473],[-71.055424,42.354476],[-71.055421,42.354478],[-71.055418,42.354481],[-71.055416,42.354484],[-71.055413,42.354487],[-71.05541,42.354489],[-71.055407,42.354492],[-71.055404,42.354495],[-71.055401,42.354497],[-71.055398,42.3545],[-71.055395,42.354502],[-71.055392,42.354505],[-71.055389,42.354507],[-71.055385,42.35451],[-71.055382,42.354512],[-71.055379,42.354514],[-71.055375,42.354517],[-71.055372,42.354519],[-71.055368,42.354521],[-71.055365,42.354523],[-71.055361,42.354525],[-71.055357,42.354527],[-71.055354,42.354529],[-71.05535,42.354531],[-71.055346,42.354533],[-71.055342,42.354535],[-71.055339,42.354537],[-71.055335,42.354539],[-71.055331,42.35454],[-71.055327,42.354542],[-71.055323,42.354544],[-71.055319,42.354545],[-71.055314,42.354547],[-71.05531,42.354548],[-71.055306,42.35455],[-71.055302,42.354551],[-71.055298,42.354553],[-71.055293,42.354554],[-71.055289,42.354555],[-71.055285,42.354556],[-71.055281,42.354557],[-71.055276,42.354558],[-71.055272,42.354559],[-71.055267,42.35456],[-71.055263,42.354561],[-71.055259,42.354562],[-71.055254,42.354563],[-71.05525,42.354564],[-71.055245,42.354565],[-71.055241,42.354565],[-71.055236,42.354566],[-71.055232,42.354566],[-71.05516,42.354503],[-71.055162,42.3545],[-71.055164,42.354496],[-71.055167,42.354493],[-71.055169,42.35449],[-71.055172,42.354487],[-71.055174,42.354483],[-71.055177,42.35448],[-71.05518,42.354477],[-71.055183,42.354474],[-71.055186,42.354471],[-71.055188,42.354468],[-71.055191,42.354465],[-71.055194,42.354462],[-71.055198,42.354459],[-71.055201,42.354456],[-71.055204,42.354453],[-71.055207,42.35445],[-71.055211,42.354448],[-71.055214,42.354445],[-71.055217,42.354442],[-71.055221,42.354439],[-71.055224,42.354437],[-71.055228,42.354434],[-71.055232,42.354432],[-71.055235,42.354429],[-71.055239,42.354427],[-71.055243,42.354424],[-71.055247,42.354422],[-71.055251,42.35442],[-71.055255,42.354417],[-71.055259,42.354415],[-71.055263,42.354413],[-71.055267,42.354411],[-71.055271,42.354408],[-71.055275,42.354406],[-71.055279,42.354404],[-71.055284,42.354402],[-71.055288,42.3544],[-71.055292,42.354399],[-71.055297,42.354397],[-71.055301,42.354395],[-71.055305,42.354393],[-71.05531,42.354391],[-71.055314,42.35439],[-71.055319,42.354388],[-71.055323,42.354387],[-71.055328,42.354385],[-71.055333,42.354384],[-71.055337,42.354382],[-71.055342,42.354381],[-71.055347,42.35438],[-71.055352,42.354378],[-71.055356,42.354377],[-71.055361,42.354376],[-71.055366,42.354375],[-71.055371,42.354374],[-71.055376,42.354373],[-71.05538,42.354372],[-71.055385,42.354371],[-71.055453,42.354433]]]},"properties":{"id":671924,"height_m":109.03,"height_ft":357.71,"structure_type":"BLDG","land_use":"C"}},{"type":"Feature","geometry":{"type":"Polygon","coordinates":[[[-71.055829,42.354215],[-71.055955,42.354177],[-71.055928,42.354018],[-71.055725,42.354108],[-71.055829,42.354215]],[[-71.055909,42.354145],[-71.055831,42.354167],[-71.05578,42.354115],[-71.055894,42.354067],[-71.055909,42.354145]]]},"properties":{"id":671925,"height_m":83.84,"height_ft":275.07,"structure_type":"BLDG","land_use":"C"}},{"type":"Feature","geometry":{"type":"Polygon","coordinates":[[[-71.055825,42.354227],[-71.055974,42.354184],[-71.055937,42.354001],[-71.055701,42.354105],[-71.055825,42.354227]],[[-71.055955,42.354177],[-71.055829,42.354215],[-71.055725,42.354108],[-71.055928,42.354018],[-71.055955,42.354177]]]},"properties":{"id":671926,"height_m":83.84,"height_ft":275.07,"structure_type":"BLDG","land_use":"C"}},{"type":"Feature","geometry":{"type":"Polygon","coordinates":[[[-71.062221,42.352037],[-71.06237,42.352065],[-71.06238,42.352026],[-71.0625,42.352045],[-71.062534,42.351938],[-71.062547,42.35194],[-71.062563,42.351875],[-71.062548,42.351874],[-71.062581,42.351766],[-71.062454,42.351755],[-71.062467,42.351715],[-71.062319,42.351688],[-71.062312,42.351725],[-71.062297,42.351722],[-71.062247,42.351901],[-71.062166,42.351879],[-71.062113,42.351886],[-71.062111,42.351866],[-71.06169,42.351899],[-71.061697,42.352035],[-71.061785,42.352035],[-71.06179,42.352051],[-71.062128,42.35204],[-71.06213,42.352029],[-71.062221,42.352037]]]},"properties":{"id":671927,"height_m":93.43,"height_ft":306.53,"structure_type":"BLDG","land_use":"RC"}},{"type":"Feature","geometry":{"type":"Polygon","coordinates":[[[-71.057054,42.348019],[-71.057066,42.348021],[-71.057067,42.348017],[-71.057076,42.348019],[-71.05709,42.34797],[-71.057061,42.347965],[-71.057047,42.348014],[-71.057055,42.348015],[-71.057054,42.348019]]]},"properties":{"id":675294,"height_m":null,"height_ft":0,"structure_type":"MOBILE","land_use":"E"}},{"type":"Feature","geometry":{"type":"Polygon","coordinates":[[[-71.058116,42.348187],[-71.058169,42.348239],[-71.058268,42.348183],[-71.058237,42.348152],[-71.058239,42.34815],[-71.058241,42.348148],[-71.058242,42.348145],[-71.058242,42.348143],[-71.058242,42.34814],[-71.05824,42.348138],[-71.058238,42.348136],[-71.058236,42.348135],[-71.058232,42.348134],[-71.058229,42.348133],[-71.058226,42.348134],[-71.058222,42.348134],[-71.05822,42.348136],[-71.058215,42.348132],[-71.058116,42.348187]]]},"properties":{"id":675296,"height_m":null,"height_ft":0,"structure_type":"OUTBLDG","land_use":"G"}},{"type":"Feature","geometry":{"type":"Polygon","coordinates":[[[-71.062673,42.348094],[-71.062667,42.348107],[-71.062777,42.348131],[-71.062761,42.348192],[-71.062855,42.348206],[-71.062877,42.348122],[-71.062877,42.348119],[-71.062876,42.348118],[-71.062803,42.348098],[-71.062811,42.348077],[-71.062688,42.348055],[-71.062673,42.348094]]]},"properties":{"id":675297,"height_m":null,"height_ft":0,"structure_type":"BLDG","land_use":"R3"}},{"type":"Feature","geometry":{"type":"Polygon","coordinates":[[[-71.056989,42.348268],[-71.056999,42.348269],[-71.057,42.348264],[-71.057007,42.348265],[-71.057052,42.348104],[-71.057032,42.348101],[-71.057038,42.348079],[-71.057055,42.348082],[-71.05707,42.348029],[-71.057036,42.348023],[-71.057036,42.348025],[-71.057022,42.348077],[-71.057028,42.348078],[-71.057028,42.34808],[-71.057022,42.348099],[-71.057016,42.348098],[-71.05697,42.34826],[-71.05699,42.348263],[-71.056989,42.348268]]]},"properties":{"id":675298,"height_m":null,"height_ft":0,"structure_type":"BLDG","land_use":"E"}},{"type":"Feature","geometry":{"type":"Polygon","coordinates":[[[-71.061263,42.348513],[-71.061252,42.348543],[-71.061249,42.348549],[-71.061292,42.348558],[-71.061293,42.348556],[-71.061306,42.348521],[-71.061311,42.34851],[-71.061268,42.348501],[-71.061263,42.348513]]]},"properties":{"id":675302,"height_m":null,"height_ft":0,"structure_type":"OUTBLDG","land_use":"G"}},{"type":"Feature","geometry":{"type":"Polygon","coordinates":[[[-71.058016,42.348894],[-71.058052,42.348903],[-71.058065,42.348876],[-71.058028,42.348867],[-71.058016,42.348894]]]},"properties":{"id":675304,"height_m":null,"height_ft":0,"structure_type":"OUTBLDG","land_use":"O"}},{"type":"Feature","geometry":{"type":"Polygon","coordinates":[[[-71.061042,42.348938],[-71.061079,42.348947],[-71.061086,42.34893],[-71.061068,42.348926],[-71.061049,42.348922],[-71.061042,42.348938]]]},"properties":{"id":675305,"height_m":null,"height_ft":0,"structure_type":"OUTBLDG","land_use":"O"}},{"type":"Feature","geometry":{"type":"Polygon","coordinates":[[[-71.061037,42.349075],[-71.061063,42.349081],[-71.061074,42.349055],[-71.061048,42.349048],[-71.061037,42.349075]]]},"properties":{"id":675307,"height_m":null,"height_ft":0,"structure_type":"OUTBLDG","land_use":"O"}},{"type":"Feature","geometry":{"type":"Polygon","coordinates":[[[-71.058928,42.349176],[-71.058931,42.349167],[-71.058937,42.349168],[-71.05894,42.349159],[-71.058934,42.349158],[-71.058937,42.34915],[-71.058774,42.349115],[-71.058764,42.349141],[-71.058786,42.349146],[-71.05884,42.349157],[-71.058928,42.349176]]]},"properties":{"id":675309,"height_m":null,"height_ft":0,"structure_type":"BLDG","land_use":"E"}},{"type":"Feature","geometry":{"type":"Polygon","coordinates":[[[-71.058743,42.349179],[-71.058749,42.34918],[-71.058746,42.349189],[-71.058908,42.349223],[-71.058919,42.349197],[-71.058832,42.349178],[-71.058778,42.349166],[-71.058756,42.349162],[-71.058752,42.349171],[-71.058747,42.34917],[-71.058743,42.349179]]]},"properties":{"id":675310,"height_m":null,"height_ft":0,"structure_type":"BLDG","land_use":"E"}},{"type":"Feature","geometry":{"type":"Polygon","coordinates":[[[-71.058986,42.349222],[-71.05901,42.349228],[-71.05903,42.34918],[-71.059005,42.349175],[-71.058986,42.349222]]]},"properties":{"id":675311,"height_m":null,"height_ft":0,"structure_type":"MOBILE","land_use":"E"}},{"type":"Feature","geometry":{"type":"Polygon","coordinates":[[[-71.058644,42.349329],[-71.058672,42.349335],[-71.058682,42.34931],[-71.058653,42.349303],[-71.058644,42.349329]]]},"properties":{"id":675313,"height_m":null,"height_ft":0,"structure_type":"OUTBLDG","land_use":"O"}},{"type":"Feature","geometry":{"type":"Polygon","coordinates":[[[-71.065184,42.349406],[-71.065217,42.34941],[-71.06522,42.34941],[-71.065227,42.349376],[-71.065192,42.349371],[-71.065184,42.349406]]]},"properties":{"id":675314,"height_m":null,"height_ft":0,"structure_type":"OUTBLDG","land_use":"O"}},{"type":"Feature","geometry":{"type":"Polygon","coordinates":[[[-71.061017,42.349264],[-71.061103,42.3493],[-71.061178,42.34933],[-71.061244,42.349357],[-71.06125,42.349359],[-71.061274,42.349299],[-71.061269,42.349298],[-71.061142,42.349267],[-71.061026,42.349242],[-71.061017,42.349264]]]},"properties":{"id":675315,"height_m":null,"height_ft":0,"structure_type":"BLDG","land_use":"RC"}},{"type":"Feature","geometry":{"type":"Polygon","coordinates":[[[-71.057707,42.34986],[-71.0577,42.349882],[-71.057688,42.34992],[-71.057762,42.349931],[-71.057806,42.349815],[-71.057734,42.3498],[-71.057707,42.34986]]]},"properties":{"id":675322,"height_m":null,"height_ft":0,"structure_type":"BLDG","land_use":"C"}},{"type":"Feature","geometry":{"type":"Polygon","coordinates":[[[-71.062606,42.350162],[-71.062619,42.350162],[-71.062697,42.350159],[-71.062747,42.350157],[-71.062766,42.35016],[-71.062768,42.350155],[-71.0628,42.35016],[-71.062808,42.350131],[-71.062775,42.350125],[-71.062724,42.350127],[-71.062645,42.350129],[-71.062631,42.350129],[-71.062606,42.350162]]]},"properties":{"id":675324,"height_m":null,"height_ft":0,"structure_type":"OVHD-WALKWAY","land_use":"E"}},{"type":"Feature","geometry":{"type":"Polygon","coordinates":[[[-71.064088,42.35023],[-71.063902,42.350324],[-71.063885,42.350333],[-71.064002,42.350351],[-71.064041,42.350357],[-71.064043,42.350358],[-71.064046,42.350358],[-71.064146,42.350213],[-71.064138,42.350205],[-71.064088,42.35023]]]},"properties":{"id":675325,"height_m":null,"height_ft":0,"structure_type":"BLDG","land_use":"E"}},{"type":"Feature","geometry":{"type":"Polygon","coordinates":[[[-71.061568,42.349614],[-71.06153,42.349643],[-71.061516,42.349654],[-71.061542,42.349664],[-71.061556,42.349654],[-71.061595,42.349625],[-71.061622,42.349605],[-71.06162,42.349604],[-71.061621,42.349603],[-71.061595,42.349594],[-71.061568,42.349614]]]},"properties":{"id":675327,"height_m":null,"height_ft":0,"structure_type":"OVHD-WALKWAY","land_use":"E"}},{"type":"Feature","geometry":{"type":"Polygon","coordinates":[[[-71.0619,42.350144],[-71.061946,42.350158],[-71.061962,42.350128],[-71.061915,42.350116],[-71.0619,42.350144]]]},"properties":{"id":675328,"height_m":null,"height_ft":0,"structure_type":"OVHD-WALKWAY","land_use":"E"}},{"type":"Feature","geometry":{"type":"Polygon","coordinates":[[[-71.062261,42.350573],[-71.062283,42.35058],[-71.062345,42.350601],[-71.062362,42.350607],[-71.062375,42.35059],[-71.062358,42.350584],[-71.062296,42.350564],[-71.062273,42.350556],[-71.062261,42.350573]]]},"properties":{"id":675329,"height_m":null,"height_ft":0,"structure_type":"OVHD-WALKWAY","land_use":"C"}},{"type":"Feature","geometry":{"type":"Polygon","coordinates":[[[-71.060283,42.350793],[-71.060381,42.350816],[-71.060404,42.350762],[-71.060306,42.350739],[-71.060283,42.350793]]]},"properties":{"id":675331,"height_m":null,"height_ft":0,"structure_type":"BLDG","land_use":"RC"}},{"type":"Feature","geometry":{"type":"Polygon","coordinates":[[[-71.058196,42.350516],[-71.058137,42.350518],[-71.058127,42.350518],[-71.058121,42.350539],[-71.05813,42.350539],[-71.058189,42.350538],[-71.058203,42.350538],[-71.058209,42.350516],[-71.058196,42.350516]]]},"properties":{"id":675332,"height_m":null,"height_ft":0,"structure_type":"OVHD-WALKWAY","land_use":"C"}},{"type":"Feature","geometry":{"type":"Polygon","coordinates":[[[-71.060269,42.350846],[-71.06036,42.350866],[-71.06038,42.350818],[-71.060289,42.350798],[-71.060269,42.350846]]]},"properties":{"id":675333,"height_m":null,"height_ft":0,"structure_type":"BLDG","land_use":"RC"}},{"type":"Feature","geometry":{"type":"Polygon","coordinates":[[[-71.058719,42.352171],[-71.058746,42.352194],[-71.058802,42.352158],[-71.058797,42.352154],[-71.05878,42.35214],[-71.058774,42.352135],[-71.058719,42.352171]]]},"properties":{"id":675334,"height_m":null,"height_ft":0,"structure_type":"OUTBLDG","land_use":"G"}},{"type":"Feature","geometry":{"type":"Polygon","coordinates":[[[-71.05772,42.35183],[-71.057834,42.351848],[-71.057843,42.351821],[-71.057728,42.351803],[-71.05772,42.35183]]]},"properties":{"id":675335,"height_m":null,"height_ft":0,"structure_type":"OVHD-WALKWAY","land_use":"O"}},{"type":"Feature","geometry":{"type":"Polygon","coordinates":[[[-71.060048,42.352496],[-71.060081,42.352494],[-71.060079,42.352479],[-71.060086,42.352478],[-71.060084,42.352457],[-71.060031,42.35246],[-71.060034,42.352491],[-71.060047,42.35249],[-71.060048,42.352496]]]},"properties":{"id":675337,"height_m":null,"height_ft":0,"structure_type":"OUTBLDG","land_use":"O"}},{"type":"Feature","geometry":{"type":"Polygon","coordinates":[[[-71.063971,42.352797],[-71.063971,42.352821],[-71.063971,42.352823],[-71.064009,42.352825],[-71.06401,42.352823],[-71.064012,42.352799],[-71.064012,42.352797],[-71.063971,42.352795],[-71.063971,42.352797]]]},"properties":{"id":675338,"height_m":null,"height_ft":0,"structure_type":"OVHD-WALKWAY","land_use":"E"}},{"type":"Feature","geometry":{"type":"Polygon","coordinates":[[[-71.063049,42.348775],[-71.063046,42.348787],[-71.063317,42.348829],[-71.063332,42.348779],[-71.062514,42.348655],[-71.062781,42.348731],[-71.062783,42.348719],[-71.063049,42.348775]]]},"properties":{"id":675369,"height_m":null,"height_ft":0,"structure_type":"BLDG","land_use":"CM"}},{"type":"Feature","geometry":{"type":"Polygon","coordinates":[[[-71.063239,42.351334],[-71.063305,42.351343],[-71.063511,42.351376],[-71.06355,42.351383],[-71.063559,42.351384],[-71.063623,42.351394],[-71.063631,42.351352],[-71.063242,42.351313],[-71.063239,42.351334]]]},"properties":{"id":675370,"height_m":null,"height_ft":0,"structure_type":"BLDG","land_use":"C"}},{"type":"Feature","geometry":{"type":"Polygon","coordinates":[[[-71.062365,42.351083],[-71.062566,42.351146],[-71.062603,42.351071],[-71.062561,42.35106],[-71.062553,42.351077],[-71.062278,42.351002],[-71.062298,42.350942],[-71.062232,42.350925],[-71.062228,42.350924],[-71.062224,42.350924],[-71.06222,42.350924],[-71.062216,42.350925],[-71.062213,42.350927],[-71.06221,42.350929],[-71.062208,42.350931],[-71.062174,42.351004],[-71.062181,42.351006],[-71.062187,42.351013],[-71.062251,42.351028],[-71.062255,42.351015],[-71.062273,42.35102],[-71.06227,42.351026],[-71.062284,42.351029],[-71.062274,42.351057],[-71.06227,42.351059],[-71.062365,42.351083]]]},"properties":{"id":675371,"height_m":null,"height_ft":0,"structure_type":"BLDG","land_use":"C"}},{"type":"Feature","geometry":{"type":"Polygon","coordinates":[[[-71.061093,42.350799],[-71.061192,42.350822],[-71.061213,42.350765],[-71.061125,42.350748],[-71.061093,42.350799]]]},"properties":{"id":675372,"height_m":null,"height_ft":0,"structure_type":"BLDG","land_use":"RC"}},{"type":"Feature","geometry":{"type":"Polygon","coordinates":[[[-71.056389,42.351689],[-71.05656,42.351735],[-71.056606,42.351668],[-71.056427,42.351611],[-71.056389,42.351689]]]},"properties":{"id":675373,"height_m":null,"height_ft":0,"structure_type":"BLDG","land_use":"C"}},{"type":"Feature","geometry":{"type":"Polygon","coordinates":[[[-71.057228,42.350464],[-71.057232,42.350465],[-71.057237,42.350465],[-71.057241,42.350464],[-71.057245,42.350464],[-71.057249,42.350462],[-71.057253,42.350461],[-71.057256,42.350459],[-71.057259,42.350456],[-71.057262,42.350454],[-71.057264,42.350451],[-71.057265,42.350448],[-71.057266,42.350445],[-71.057318,42.350179],[-71.057287,42.350169],[-71.057256,42.350333],[-71.057238,42.350423],[-71.057236,42.350427],[-71.057233,42.350431],[-71.057228,42.350434],[-71.057219,42.350437],[-71.057211,42.350438],[-71.057091,42.350408],[-71.057045,42.350397],[-71.05704,42.350402],[-71.057034,42.350407],[-71.057027,42.350412],[-71.057027,42.350412],[-71.057228,42.350464]]]},"properties":{"id":675374,"height_m":null,"height_ft":0,"structure_type":"BLDG","land_use":"C"}},{"type":"Feature","geometry":{"type":"Polygon","coordinates":[[[-71.061357,42.348407],[-71.061385,42.348414],[-71.061398,42.348382],[-71.061369,42.348375],[-71.061364,42.348374],[-71.061357,42.348407]]]},"properties":{"id":675375,"height_m":null,"height_ft":0,"structure_type":"BLDG","land_use":"RC"}},{"type":"Feature","geometry":{"type":"Polygon","coordinates":[[[-71.061359,42.348528],[-71.06142,42.348543],[-71.061433,42.348511],[-71.061372,42.348497],[-71.061359,42.348528]]]},"properties":{"id":675376,"height_m":null,"height_ft":0,"structure_type":"BLDG","land_use":"R4"}},{"type":"Feature","geometry":{"type":"Polygon","coordinates":[[[-71.061409,42.348569],[-71.06142,42.348543],[-71.061359,42.348528],[-71.06134,42.348524],[-71.061337,42.34853],[-71.061324,42.348562],[-71.061336,42.348564],[-71.061347,42.348567],[-71.061351,42.348556],[-71.061409,42.348569]]]},"properties":{"id":675377,"height_m":null,"height_ft":0,"structure_type":"BLDG","land_use":"RC"}},{"type":"Feature","geometry":{"type":"Polygon","coordinates":[[[-71.060327,42.35068],[-71.060426,42.350702],[-71.060448,42.35065],[-71.060348,42.350628],[-71.060327,42.35068]]]},"properties":{"id":675378,"height_m":null,"height_ft":0,"structure_type":"BLDG","land_use":"RC"}},{"type":"Feature","geometry":{"type":"Polygon","coordinates":[[[-71.05773,42.351135],[-71.05792,42.351178],[-71.057931,42.351142],[-71.05786,42.351131],[-71.057851,42.35112],[-71.057861,42.351084],[-71.057804,42.351077],[-71.057762,42.351027],[-71.057756,42.351022],[-71.05773,42.351135]]]},"properties":{"id":675379,"height_m":null,"height_ft":0,"structure_type":"BLDG","land_use":"C"}},{"type":"Feature","geometry":{"type":"Polygon","coordinates":[[[-71.057779,42.351328],[-71.057792,42.351269],[-71.057686,42.351251],[-71.057674,42.351293],[-71.057645,42.351315],[-71.05767,42.351318],[-71.057671,42.35131],[-71.057779,42.351328]]]},"properties":{"id":675380,"height_m":null,"height_ft":0,"structure_type":"BLDG","land_use":"C"}},{"type":"Feature","geometry":{"type":"Polygon","coordinates":[[[-71.061349,42.349977],[-71.061418,42.349993],[-71.061438,42.349944],[-71.061373,42.349917],[-71.061349,42.349977]]]},"properties":{"id":675381,"height_m":null,"height_ft":0,"structure_type":"BLDG","land_use":"E"}},{"type":"Feature","geometry":{"type":"Polygon","coordinates":[[[-71.060214,42.351819],[-71.060221,42.351846],[-71.060259,42.351839],[-71.060177,42.351576],[-71.060132,42.351582],[-71.060133,42.351591],[-71.060142,42.35159],[-71.060214,42.351819]]]},"properties":{"id":675384,"height_m":null,"height_ft":0,"structure_type":"BLDG","land_use":"RC"}},{"type":"Feature","geometry":{"type":"Polygon","coordinates":[[[-71.065528,42.350227],[-71.06554,42.350229],[-71.065627,42.35024],[-71.065714,42.350233],[-71.065698,42.350083],[-71.065571,42.350081],[-71.065528,42.350227]]]},"properties":{"id":675398,"height_m":null,"height_ft":0,"structure_type":"BLDG","land_use":"C"}},{"type":"Feature","geometry":{"type":"Polygon","coordinates":[[[-71.064659,42.351553],[-71.064663,42.351538],[-71.064681,42.351522],[-71.064672,42.351505],[-71.064674,42.351497],[-71.064671,42.351497],[-71.064412,42.351466],[-71.064409,42.351478],[-71.064377,42.351474],[-71.064374,42.351474],[-71.064364,42.35152],[-71.064388,42.351523],[-71.064384,42.351544],[-71.064412,42.351547],[-71.064416,42.351527],[-71.064659,42.351553]]]},"properties":{"id":675422,"height_m":null,"height_ft":0,"structure_type":"BLDG","land_use":"RC"}},{"type":"Feature","geometry":{"type":"Polygon","coordinates":[[[-71.064089,42.351325],[-71.064269,42.351351],[-71.064272,42.351339],[-71.064277,42.351321],[-71.0641,42.351297],[-71.064098,42.351296],[-71.064089,42.351325]]]},"properties":{"id":675423,"height_m":null,"height_ft":0,"structure_type":"BLDG","land_use":"C"}},{"type":"Feature","geometry":{"type":"Polygon","coordinates":[[[-71.063549,42.352134],[-71.063631,42.352137],[-71.063631,42.352127],[-71.063678,42.352129],[-71.06368,42.352108],[-71.063551,42.352103],[-71.063549,42.352134]]]},"properties":{"id":675432,"height_m":null,"height_ft":0,"structure_type":"BLDG","land_use":"RC"}},{"type":"Feature","geometry":{"type":"Polygon","coordinates":[[[-71.056626,42.349743],[-71.056691,42.349763],[-71.056719,42.349712],[-71.056654,42.349693],[-71.056626,42.349743]]]},"properties":{"id":675437,"height_m":null,"height_ft":0,"structure_type":"BLDG","land_use":"XG"}},{"type":"Feature","geometry":{"type":"Polygon","coordinates":[[[-71.063063,42.349338],[-71.06311,42.349281],[-71.063051,42.349254],[-71.063045,42.349262],[-71.063021,42.349251],[-71.063,42.349276],[-71.063027,42.349288],[-71.063004,42.349315],[-71.063011,42.349318],[-71.063013,42.349315],[-71.063063,42.349338]]]},"properties":{"id":675439,"height_m":null,"height_ft":0,"structure_type":"BLDG","land_use":"E"}},{"type":"Feature","geometry":{"type":"Polygon","coordinates":[[[-71.062561,42.353524],[-71.062564,42.353525],[-71.062554,42.35354],[-71.062556,42.353543],[-71.062492,42.353618],[-71.062491,42.353619],[-71.062522,42.353635],[-71.062682,42.353436],[-71.06271,42.353448],[-71.06272,42.353391],[-71.063082,42.353402],[-71.063091,42.353331],[-71.062934,42.353326],[-71.06283,42.353322],[-71.062825,42.35336],[-71.062721,42.353354],[-71.062722,42.353351],[-71.062685,42.353345],[-71.062561,42.353524]]]},"properties":{"id":675445,"height_m":null,"height_ft":0,"structure_type":"BLDG","land_use":"RC"}},{"type":"Feature","geometry":{"type":"Polygon","coordinates":[[[-71.059133,42.354047],[-71.059394,42.354083],[-71.059406,42.354004],[-71.059388,42.353994],[-71.059443,42.353939],[-71.05937,42.353896],[-71.059374,42.353892],[-71.059359,42.353884],[-71.059338,42.353871],[-71.059331,42.353877],[-71.059321,42.353872],[-71.059269,42.35392],[-71.059229,42.353898],[-71.059133,42.354047]]]},"properties":{"id":675446,"height_m":null,"height_ft":0,"structure_type":"BLDG","land_use":"C"}},{"type":"Feature","geometry":{"type":"Polygon","coordinates":[[[-71.060308,42.352378],[-71.060327,42.352375],[-71.060369,42.352328],[-71.060395,42.352333],[-71.060373,42.352211],[-71.060332,42.352219],[-71.060327,42.352204],[-71.060276,42.352208],[-71.060308,42.352378]]]},"properties":{"id":675447,"height_m":null,"height_ft":0,"structure_type":"BLDG","land_use":"C"}},{"type":"Feature","geometry":{"type":"Polygon","coordinates":[[[-71.058035,42.354248],[-71.058139,42.354299],[-71.058141,42.354297],[-71.058195,42.354219],[-71.058085,42.354175],[-71.058035,42.354248]]]},"properties":{"id":675448,"height_m":null,"height_ft":0,"structure_type":"BLDG","land_use":"C"}},{"type":"Feature","geometry":{"type":"Polygon","coordinates":[[[-71.056774,42.353606],[-71.056831,42.35369],[-71.056974,42.353639],[-71.056966,42.353521],[-71.056774,42.353606]]]},"properties":{"id":675449,"height_m":null,"height_ft":0,"structure_type":"BLDG","land_use":"C"}},{"type":"Feature","geometry":{"type":"Polygon","coordinates":[[[-71.059736,42.352806],[-71.060028,42.352952],[-71.060058,42.352919],[-71.059871,42.352823],[-71.059827,42.352818],[-71.059755,42.352809],[-71.059737,42.352806],[-71.059736,42.352806]]]},"properties":{"id":675450,"height_m":null,"height_ft":0,"structure_type":"BLDG","land_use":"I"}},{"type":"Feature","geometry":{"type":"Polygon","coordinates":[[[-71.060214,42.353091],[-71.060289,42.353129],[-71.060302,42.353115],[-71.060227,42.353077],[-71.060214,42.353091]]]},"properties":{"id":675451,"height_m":null,"height_ft":0,"structure_type":"BLDG","land_use":"I"}},{"type":"Feature","geometry":{"type":"Polygon","coordinates":[[[-71.062173,42.352139],[-71.062181,42.352143],[-71.062186,42.352194],[-71.06223,42.352201],[-71.062249,42.352081],[-71.062199,42.352076],[-71.062168,42.352073],[-71.062173,42.352139]]]},"properties":{"id":675452,"height_m":null,"height_ft":0,"structure_type":"BLDG","land_use":"C"}},{"type":"Feature","geometry":{"type":"Polygon","coordinates":[[[-71.057631,42.3533],[-71.057653,42.353304],[-71.057651,42.353298],[-71.057681,42.353294],[-71.057681,42.353297],[-71.057726,42.353291],[-71.057727,42.353295],[-71.057743,42.353293],[-71.05776,42.35329],[-71.057765,42.353264],[-71.05776,42.353263],[-71.057771,42.353206],[-71.057767,42.353206],[-71.057775,42.353163],[-71.057776,42.353163],[-71.057792,42.353081],[-71.057787,42.353081],[-71.057788,42.353077],[-71.057777,42.353075],[-71.057778,42.353069],[-71.057787,42.35307],[-71.057797,42.353021],[-71.057787,42.35302],[-71.057798,42.352963],[-71.057806,42.352964],[-71.057815,42.352912],[-71.057803,42.352911],[-71.057804,42.352905],[-71.057815,42.352906],[-71.057839,42.352781],[-71.057836,42.35278],[-71.057843,42.352743],[-71.057843,42.352737],[-71.057843,42.352731],[-71.057841,42.352726],[-71.057839,42.35272],[-71.057836,42.352715],[-71.057832,42.35271],[-71.057828,42.352705],[-71.057823,42.352701],[-71.057823,42.3527],[-71.057818,42.352697],[-71.057812,42.352693],[-71.057806,42.35269],[-71.057799,42.352687],[-71.057792,42.352685],[-71.057784,42.352683],[-71.057777,42.352682],[-71.057769,42.352681],[-71.057761,42.352681],[-71.057754,42.352681],[-71.057746,42.352682],[-71.057739,42.352684],[-71.057691,42.352699],[-71.057689,42.352695],[-71.057568,42.352734],[-71.057566,42.352744],[-71.057551,42.352743],[-71.057549,42.352758],[-71.057559,42.352759],[-71.05756,42.352748],[-71.057585,42.35275],[-71.057586,42.352745],[-71.057597,42.352746],[-71.057597,42.352742],[-71.05762,42.352738],[-71.057647,42.352734],[-71.057668,42.352733],[-71.057688,42.352735],[-71.057703,42.352739],[-71.057723,42.352747],[-71.057742,42.352755],[-71.057742,42.352759],[-71.057749,42.352759],[-71.057748,42.352767],[-71.057776,42.35277],[-71.057775,42.352779],[-71.057796,42.352781],[-71.057731,42.353195],[-71.057665,42.353189],[-71.057659,42.353224],[-71.057562,42.353215],[-71.057568,42.353174],[-71.057371,42.353159],[-71.057365,42.353197],[-71.057266,42.353188],[-71.057259,42.353188],[-71.057263,42.353165],[-71.057226,42.353162],[-71.057228,42.353153],[-71.057224,42.353153],[-71.057221,42.353152],[-71.057218,42.353152],[-71.057214,42.353151],[-71.057211,42.35315],[-71.057208,42.35315],[-71.057205,42.353149],[-71.057201,42.353148],[-71.057198,42.353147],[-71.057195,42.353146],[-71.057192,42.353145],[-71.057189,42.353144],[-71.057186,42.353143],[-71.057183,42.353142],[-71.05718,42.35314],[-71.057177,42.353139],[-71.057174,42.353138],[-71.057171,42.353136],[-71.057168,42.353135],[-71.057165,42.353133],[-71.057163,42.353132],[-71.05716,42.35313],[-71.057157,42.353129],[-71.057155,42.353127],[-71.057152,42.353126],[-71.057149,42.353124],[-71.057147,42.353122],[-71.057145,42.35312],[-71.057142,42.353118],[-71.05714,42.353117],[-71.057138,42.353115],[-71.057135,42.353113],[-71.057133,42.353111],[-71.057131,42.353109],[-71.057129,42.353107],[-71.057127,42.353105],[-71.057125,42.353102],[-71.057123,42.3531],[-71.057122,42.353098],[-71.05712,42.353096],[-71.057118,42.353094],[-71.057117,42.353091],[-71.057115,42.353089],[-71.057114,42.353087],[-71.057112,42.353085],[-71.057111,42.353082],[-71.05711,42.35308],[-71.057109,42.353077],[-71.057107,42.353075],[-71.057106,42.353073],[-71.057105,42.35307],[-71.057104,42.353068],[-71.057104,42.353065],[-71.057103,42.353063],[-71.057102,42.35306],[-71.057102,42.353058],[-71.057101,42.353055],[-71.057101,42.353053],[-71.0571,42.35305],[-71.0571,42.353048],[-71.0571,42.353045],[-71.057099,42.353043],[-71.057099,42.35304],[-71.057099,42.353038],[-71.057099,42.353035],[-71.057099,42.353032],[-71.0571,42.35303],[-71.0571,42.353027],[-71.0571,42.353025],[-71.057101,42.353022],[-71.057101,42.35302],[-71.057102,42.353017],[-71.057102,42.353015],[-71.057103,42.353012],[-71.057104,42.35301],[-71.057105,42.353007],[-71.057106,42.353005],[-71.057107,42.353003],[-71.057108,42.353],[-71.057109,42.352998],[-71.05711,42.352995],[-71.057111,42.352993],[-71.057113,42.352991],[-71.057114,42.352988],[-71.057116,42.352986],[-71.057117,42.352984],[-71.057119,42.352982],[-71.05712,42.352979],[-71.057122,42.352977],[-71.057124,42.352975],[-71.057126,42.352973],[-71.057128,42.352971],[-71.05713,42.352969],[-71.057132,42.352967],[-71.057134,42.352965],[-71.057136,42.352963],[-71.057138,42.352961],[-71.05714,42.352959],[-71.057143,42.352957],[-71.057145,42.352955],[-71.057148,42.352953],[-71.05715,42.352952],[-71.057153,42.35295],[-71.057155,42.352948],[-71.057158,42.352947],[-71.057161,42.352945],[-71.057163,42.352943],[-71.057166,42.352942],[-71.057169,42.35294],[-71.057172,42.352939],[-71.057175,42.352938],[-71.057178,42.352936],[-71.057181,42.352935],[-71.057184,42.352934],[-71.057187,42.352933],[-71.05719,42.352932],[-71.057193,42.352931],[-71.057196,42.35293],[-71.057199,42.352929],[-71.057202,42.352928],[-71.057206,42.352927],[-71.057209,42.352926],[-71.057212,42.352925],[-71.057215,42.352924],[-71.057219,42.352924],[-71.057222,42.352923],[-71.057225,42.352923],[-71.057229,42.352922],[-71.057232,42.352922],[-71.057235,42.352921],[-71.057239,42.352921],[-71.057242,42.352921],[-71.057246,42.35292],[-71.057249,42.35292],[-71.057252,42.35292],[-71.057256,42.35292],[-71.057259,42.35292],[-71.057263,42.35292],[-71.057266,42.35292],[-71.057267,42.352913],[-71.057304,42.352917],[-71.057307,42.352903],[-71.057258,42.352899],[-71.05726,42.35289],[-71.057197,42.352884],[-71.057197,42.352887],[-71.057185,42.352885],[-71.057185,42.352883],[-71.057123,42.352878],[-71.057119,42.352877],[-71.057118,42.352889],[-71.057112,42.352925],[-71.057115,42.352925],[-71.057106,42.352985],[-71.057104,42.352985],[-71.057094,42.353035],[-71.057087,42.353033],[-71.057071,42.353118],[-71.05706,42.353174],[-71.057059,42.353178],[-71.057059,42.353182],[-71.057059,42.353185],[-71.057061,42.353189],[-71.057063,42.353193],[-71.057065,42.353196],[-71.057068,42.353199],[-71.057072,42.353201],[-71.057233,42.353236],[-71.057341,42.35326],[-71.057508,42.353283],[-71.057548,42.353289],[-71.057631,42.3533]]]},"properties":{"id":675453,"height_m":null,"height_ft":0,"structure_type":"BLDG","land_use":"C"}},{"type":"Feature","geometry":{"type":"Polygon","coordinates":[[[-71.063853,42.350861],[-71.063937,42.350869],[-71.063944,42.350816],[-71.063863,42.35081],[-71.063853,42.350861]]]},"properties":{"id":675474,"height_m":null,"height_ft":0,"structure_type":"BLDG","land_use":"E"}},{"type":"Feature","geometry":{"type":"Polygon","coordinates":[[[-71.063115,42.350206],[-71.063114,42.350212],[-71.063131,42.350215],[-71.063127,42.350232],[-71.063144,42.35024],[-71.063153,42.350243],[-71.063173,42.350247],[-71.063183,42.350249],[-71.063203,42.350249],[-71.063224,42.350247],[-71.063229,42.350229],[-71.063236,42.350203],[-71.063263,42.350207],[-71.063269,42.350186],[-71.063125,42.350163],[-71.063119,42.350183],[-71.06308,42.350177],[-71.063074,42.3502],[-71.063115,42.350206]]]},"properties":{"id":675475,"height_m":null,"height_ft":0,"structure_type":"BLDG","land_use":"E"}},{"type":"Feature","geometry":{"type":"Polygon","coordinates":[[[-71.063382,42.349972],[-71.063396,42.349974],[-71.063405,42.349942],[-71.063455,42.349764],[-71.063461,42.349743],[-71.063466,42.349724],[-71.063453,42.349722],[-71.063382,42.349972]]]},"properties":{"id":675476,"height_m":null,"height_ft":0,"structure_type":"BLDG","land_use":"E"}},{"type":"Feature","geometry":{"type":"Polygon","coordinates":[[[-71.063247,42.349445],[-71.06339,42.349376],[-71.063408,42.349316],[-71.06339,42.349292],[-71.063296,42.349281],[-71.063247,42.349445]]]},"properties":{"id":675477,"height_m":null,"height_ft":0,"structure_type":"BLDG","land_use":"E"}},{"type":"Feature","geometry":{"type":"Polygon","coordinates":[[[-71.063609,42.353818],[-71.063858,42.353895],[-71.063892,42.353833],[-71.063645,42.35376],[-71.063609,42.353818]]]},"properties":{"id":675478,"height_m":null,"height_ft":0,"structure_type":"BLDG","land_use":"RC"}},{"type":"Feature","geometry":{"type":"Polygon","coordinates":[[[-71.059002,42.354817],[-71.058994,42.354824],[-71.058997,42.354826],[-71.058992,42.354831],[-71.059055,42.354867],[-71.059091,42.354833],[-71.059025,42.354795],[-71.059002,42.354817]]]},"properties":{"id":675479,"height_m":null,"height_ft":0,"structure_type":"BLDG","land_use":"C"}},{"type":"Feature","geometry":{"type":"Polygon","coordinates":[[[-71.062555,42.354429],[-71.062496,42.35451],[-71.062623,42.354561],[-71.062756,42.354434],[-71.062608,42.354399],[-71.062498,42.354373],[-71.062463,42.354408],[-71.062514,42.354435],[-71.062532,42.354417],[-71.062555,42.354429]]]},"properties":{"id":675481,"height_m":null,"height_ft":0,"structure_type":"BLDG","land_use":"C"}},{"type":"Feature","geometry":{"type":"Polygon","coordinates":[[[-71.062956,42.354443],[-71.063005,42.354473],[-71.063052,42.354429],[-71.062914,42.354404],[-71.062865,42.354426],[-71.062847,42.354443],[-71.062615,42.354383],[-71.062608,42.354399],[-71.062756,42.354434],[-71.062858,42.354457],[-71.062886,42.35443],[-71.062956,42.354443]]]},"properties":{"id":675482,"height_m":null,"height_ft":0,"structure_type":"BLDG","land_use":"C"}},{"type":"Feature","geometry":{"type":"Polygon","coordinates":[[[-71.06287,42.354001],[-71.063351,42.354035],[-71.063499,42.353812],[-71.06313,42.353795],[-71.06313,42.353805],[-71.063065,42.353801],[-71.06304,42.353799],[-71.063026,42.353972],[-71.062884,42.353967],[-71.062879,42.35399],[-71.062873,42.35399],[-71.06287,42.354001]]]},"properties":{"id":675483,"height_m":null,"height_ft":0,"structure_type":"BLDG","land_use":"E"}},{"type":"Feature","geometry":{"type":"Polygon","coordinates":[[[-71.062158,42.354406],[-71.062229,42.354433],[-71.062293,42.354325],[-71.062463,42.354408],[-71.062498,42.354373],[-71.062424,42.354355],[-71.062429,42.354338],[-71.062324,42.35431],[-71.062343,42.354274],[-71.062256,42.354247],[-71.062158,42.354406]]]},"properties":{"id":675484,"height_m":null,"height_ft":0,"structure_type":"BLDG","land_use":"RC"}},{"type":"Feature","geometry":{"type":"Polygon","coordinates":[[[-71.062912,42.354905],[-71.062978,42.354938],[-71.063048,42.354973],[-71.063075,42.354942],[-71.062938,42.354875],[-71.062912,42.354905]]]},"properties":{"id":675485,"height_m":null,"height_ft":0,"structure_type":"BLDG","land_use":"RC"}},{"type":"Feature","geometry":{"type":"Polygon","coordinates":[[[-71.065045,42.351234],[-71.065398,42.351254],[-71.065374,42.351224],[-71.065345,42.351222],[-71.065325,42.351222],[-71.065238,42.351218],[-71.065221,42.351217],[-71.06513,42.351213],[-71.065111,42.351212],[-71.065081,42.35121],[-71.065045,42.351234]]]},"properties":{"id":675508,"height_m":null,"height_ft":0,"structure_type":"BLDG","land_use":"XG"}},{"type":"Feature","geometry":{"type":"Polygon","coordinates":[[[-71.065153,42.352074],[-71.065143,42.352143],[-71.065134,42.352203],[-71.065173,42.352206],[-71.065207,42.351977],[-71.0652,42.351977],[-71.06521,42.35191],[-71.065251,42.351914],[-71.065255,42.351891],[-71.06518,42.351885],[-71.065153,42.352074]]]},"properties":{"id":675510,"height_m":null,"height_ft":0,"structure_type":"BLDG","land_use":"E"}},{"type":"Feature","geometry":{"type":"Polygon","coordinates":[[[-71.064718,42.352189],[-71.064718,42.352191],[-71.064826,42.352207],[-71.064823,42.352216],[-71.064858,42.352222],[-71.06488,42.352213],[-71.064895,42.352153],[-71.064879,42.352139],[-71.064844,42.352134],[-71.06484,42.352146],[-71.064734,42.35213],[-71.064718,42.352189]]]},"properties":{"id":675511,"height_m":null,"height_ft":0,"structure_type":"BLDG","land_use":"E"}},{"type":"Feature","geometry":{"type":"Polygon","coordinates":[[[-71.06476,42.35203],[-71.064866,42.352046],[-71.064863,42.352056],[-71.064901,42.352061],[-71.064918,42.352053],[-71.064933,42.351991],[-71.06492,42.351977],[-71.064883,42.351972],[-71.06488,42.351983],[-71.064776,42.351968],[-71.06476,42.35203]]]},"properties":{"id":675512,"height_m":null,"height_ft":0,"structure_type":"BLDG","land_use":"E"}},{"type":"Feature","geometry":{"type":"Polygon","coordinates":[[[-71.064802,42.351867],[-71.064802,42.351867],[-71.064908,42.351882],[-71.064906,42.351892],[-71.064942,42.351897],[-71.064959,42.351889],[-71.064972,42.351828],[-71.06496,42.351817],[-71.064922,42.351812],[-71.064919,42.351823],[-71.064817,42.351808],[-71.064802,42.351867]]]},"properties":{"id":675513,"height_m":null,"height_ft":0,"structure_type":"BLDG","land_use":"E"}},{"type":"Feature","geometry":{"type":"Polygon","coordinates":[[[-71.065014,42.352216],[-71.065093,42.352227],[-71.065096,42.352203],[-71.065095,42.352203],[-71.065119,42.352032],[-71.06509,42.352029],[-71.065048,42.352185],[-71.065022,42.352181],[-71.065014,42.352216]]]},"properties":{"id":675514,"height_m":null,"height_ft":0,"structure_type":"BLDG","land_use":"E"}},{"type":"Feature","geometry":{"type":"Polygon","coordinates":[[[-71.055591,42.353982],[-71.055589,42.353983],[-71.05564,42.354021],[-71.055686,42.354073],[-71.055913,42.353973],[-71.055898,42.353909],[-71.055891,42.353852],[-71.055591,42.353982]]]},"properties":{"id":675515,"height_m":null,"height_ft":0,"structure_type":"BLDG","land_use":"C"}},{"type":"Feature","geometry":{"type":"Polygon","coordinates":[[[-71.066512,42.351872],[-71.066611,42.351847],[-71.066483,42.351797],[-71.066334,42.351472],[-71.066317,42.351476],[-71.0663,42.35148],[-71.066283,42.351483],[-71.066265,42.351487],[-71.066247,42.35149],[-71.06623,42.351493],[-71.066212,42.351495],[-71.066193,42.351498],[-71.066175,42.3515],[-71.066157,42.351502],[-71.066139,42.351504],[-71.06612,42.351505],[-71.066102,42.351507],[-71.066084,42.351508],[-71.066065,42.351509],[-71.066047,42.351509],[-71.066029,42.351509],[-71.066011,42.351509],[-71.065993,42.351509],[-71.065975,42.351509],[-71.065958,42.351508],[-71.065932,42.351727],[-71.065941,42.351728],[-71.065976,42.351728],[-71.066011,42.351728],[-71.06604,42.351729],[-71.066187,42.35173],[-71.066392,42.351731],[-71.066387,42.351857],[-71.066504,42.351862],[-71.066507,42.351861],[-71.066512,42.351872]]]},"properties":{"id":675516,"height_m":null,"height_ft":0,"structure_type":"BLDG","land_use":"XG"}},{"type":"Feature","geometry":{"type":"Polygon","coordinates":[[[-71.065588,42.351263],[-71.065945,42.351286],[-71.065967,42.351287],[-71.065988,42.351288],[-71.06601,42.351288],[-71.066031,42.351288],[-71.066052,42.351287],[-71.066074,42.351286],[-71.066095,42.351284],[-71.066116,42.351282],[-71.066138,42.35128],[-71.066159,42.351277],[-71.06618,42.351274],[-71.066201,42.35127],[-71.066221,42.351266],[-71.066507,42.351193],[-71.066472,42.351173],[-71.066444,42.35118],[-71.066425,42.351185],[-71.066341,42.351205],[-71.066325,42.351209],[-71.06624,42.35123],[-71.066222,42.351234],[-71.066205,42.351239],[-71.066204,42.351238],[-71.066156,42.351247],[-71.066139,42.35125],[-71.066128,42.351252],[-71.06607,42.351257],[-71.066052,42.351258],[-71.066052,42.351258],[-71.065985,42.351255],[-71.065967,42.351255],[-71.065938,42.351253],[-71.065935,42.351258],[-71.065922,42.351257],[-71.065617,42.35124],[-71.065588,42.351263]]]},"properties":{"id":675517,"height_m":null,"height_ft":0,"structure_type":"BLDG","land_use":"XG"}},{"type":"Feature","geometry":{"type":"Polygon","coordinates":[[[-71.060253,42.351977],[-71.060158,42.351984],[-71.060147,42.351986],[-71.06015,42.351991],[-71.060093,42.351997],[-71.060101,42.352048],[-71.060102,42.35205],[-71.060272,42.352034],[-71.060265,42.35201],[-71.060253,42.351977]]]},"properties":{"id":675522,"height_m":null,"height_ft":0,"structure_type":"BLDG","land_use":"I"}},{"type":"Feature","geometry":{"type":"Polygon","coordinates":[[[-71.062183,42.353703],[-71.062197,42.353704],[-71.062231,42.35364],[-71.062245,42.353642],[-71.062275,42.353574],[-71.062287,42.353576],[-71.062314,42.353508],[-71.062326,42.353509],[-71.062347,42.35344],[-71.06236,42.353439],[-71.062373,42.353371],[-71.062384,42.353371],[-71.062396,42.353295],[-71.062413,42.353293],[-71.062415,42.35316],[-71.062088,42.353171],[-71.062042,42.353343],[-71.061918,42.353349],[-71.061712,42.353247],[-71.06167,42.353257],[-71.061562,42.35321],[-71.061563,42.353206],[-71.061568,42.353204],[-71.061576,42.3532],[-71.061528,42.35321],[-71.061483,42.353426],[-71.062143,42.353752],[-71.062183,42.353703]]]},"properties":{"id":678628,"height_m":47.24,"height_ft":155,"structure_type":"BLDG","land_use":"RC"}},{"type":"Feature","geometry":{"type":"Polygon","coordinates":[[[-71.062827,42.351891],[-71.063559,42.351972],[-71.063594,42.351784],[-71.063551,42.351779],[-71.063578,42.351626],[-71.062895,42.351546],[-71.062827,42.351891]]]},"properties":{"id":678629,"height_m":90.83,"height_ft":298,"structure_type":null,"land_use":"RC"}},{"type":"Feature","geometry":{"type":"Polygon","coordinates":[[[-71.062884,42.353967],[-71.062895,42.353869],[-71.062881,42.353865],[-71.062883,42.353837],[-71.062367,42.353816],[-71.062352,42.353953],[-71.062563,42.35398],[-71.06287,42.354001],[-71.062873,42.35399],[-71.062879,42.35399],[-71.062884,42.353967]]]},"properties":{"id":678839,"height_m":null,"height_ft":0,"structure_type":"BLDG","land_use":"RC"}},{"type":"Feature","geometry":{"type":"Polygon","coordinates":[[[-71.0604,42.351513],[-71.060432,42.351612],[-71.060565,42.351591],[-71.060625,42.351597],[-71.06063,42.351608],[-71.060655,42.351659],[-71.060696,42.351652],[-71.060762,42.351642],[-71.06074,42.351585],[-71.0604,42.351513]]]},"properties":{"id":678840,"height_m":12.92,"height_ft":42.39,"structure_type":"BLDG","land_use":"RC"}},{"type":"Feature","geometry":{"type":"Polygon","coordinates":[[[-71.06074,42.351585],[-71.060762,42.351642],[-71.060836,42.35163],[-71.060817,42.351597],[-71.060855,42.351502],[-71.060856,42.351502],[-71.060777,42.351486],[-71.06074,42.351585]]]},"properties":{"id":678841,"height_m":12.92,"height_ft":42.39,"structure_type":"BLDG","land_use":"RC"}},{"type":"Feature","geometry":{"type":"Polygon","coordinates":[[[-71.060682,42.351573],[-71.06074,42.351585],[-71.060777,42.351486],[-71.060767,42.351484],[-71.060768,42.351481],[-71.06072,42.351471],[-71.060682,42.351573]]]},"properties":{"id":678842,"height_m":12.92,"height_ft":42.39,"structure_type":"BLDG","land_use":"RC"}},{"type":"Feature","geometry":{"type":"Polygon","coordinates":[[[-71.060602,42.351556],[-71.060682,42.351573],[-71.06072,42.351471],[-71.060642,42.351455],[-71.060602,42.351556]]]},"properties":{"id":678843,"height_m":12.92,"height_ft":42.39,"structure_type":"BLDG","land_use":"RC"}},{"type":"Feature","geometry":{"type":"Polygon","coordinates":[[[-71.060523,42.351539],[-71.060602,42.351556],[-71.060642,42.351455],[-71.060562,42.351439],[-71.060523,42.351539]]]},"properties":{"id":678844,"height_m":12.92,"height_ft":42.39,"structure_type":"BLDG","land_use":"RC"}},{"type":"Feature","geometry":{"type":"Polygon","coordinates":[[[-71.060444,42.351522],[-71.060523,42.351539],[-71.060562,42.351439],[-71.060499,42.351426],[-71.060489,42.351425],[-71.060483,42.351424],[-71.060444,42.351522]]]},"properties":{"id":678845,"height_m":12.92,"height_ft":42.39,"structure_type":"BLDG","land_use":"RC"}},{"type":"Feature","geometry":{"type":"Polygon","coordinates":[[[-71.060303,42.351554],[-71.060301,42.35155],[-71.060284,42.351496],[-71.060283,42.351496],[-71.060159,42.351517],[-71.060177,42.351575],[-71.060303,42.351554]]]},"properties":{"id":678846,"height_m":13.36,"height_ft":43.83,"structure_type":"BLDG","land_use":"C"}},{"type":"Feature","geometry":{"type":"Polygon","coordinates":[[[-71.060894,42.350632],[-71.06136,42.350735],[-71.061356,42.350732],[-71.061295,42.350688],[-71.061263,42.35068],[-71.061174,42.350657],[-71.061096,42.350638],[-71.060899,42.350587],[-71.060881,42.350626],[-71.060894,42.350632]]]},"properties":{"id":678847,"height_m":13.1,"height_ft":42.97,"structure_type":"BLDG","land_use":"C"}},{"type":"Feature","geometry":{"type":"Polygon","coordinates":[[[-71.061034,42.350663],[-71.060894,42.350632],[-71.060894,42.350632],[-71.060873,42.350681],[-71.060872,42.350683],[-71.060862,42.35071],[-71.060854,42.350734],[-71.060846,42.350756],[-71.060839,42.350774],[-71.060839,42.350775],[-71.060977,42.350805],[-71.061034,42.350663]]]},"properties":{"id":678848,"height_m":13.1,"height_ft":42.97,"structure_type":"BLDG","land_use":"RC"}},{"type":"Feature","geometry":{"type":"Polygon","coordinates":[[[-71.062006,42.350941],[-71.062008,42.350941],[-71.062083,42.35096],[-71.062101,42.350916],[-71.062111,42.350892],[-71.062092,42.350886],[-71.062038,42.350872],[-71.062036,42.350875],[-71.062006,42.350941]]]},"properties":{"id":678849,"height_m":21.15,"height_ft":69.39,"structure_type":"BLDG","land_use":"C"}},{"type":"Feature","geometry":{"type":"Polygon","coordinates":[[[-71.061693,42.350788],[-71.061689,42.350787],[-71.061673,42.350783],[-71.061619,42.35077],[-71.061597,42.350765],[-71.061586,42.350792],[-71.06157,42.350833],[-71.061565,42.350845],[-71.061594,42.350852],[-71.061639,42.350861],[-71.06166,42.350866],[-71.061693,42.350788]]]},"properties":{"id":678850,"height_m":21.15,"height_ft":69.39,"structure_type":"BLDG","land_use":"C"}},{"type":"Feature","geometry":{"type":"Polygon","coordinates":[[[-71.060698,42.351127],[-71.060688,42.351125],[-71.060668,42.35117],[-71.060611,42.351308],[-71.060614,42.351309],[-71.060771,42.351343],[-71.060805,42.351351],[-71.060893,42.35137],[-71.060896,42.351373],[-71.060947,42.351385],[-71.060965,42.351389],[-71.061072,42.351411],[-71.061074,42.351411],[-71.061098,42.351401],[-71.061099,42.3514],[-71.061123,42.351334],[-71.061136,42.351299],[-71.060888,42.351242],[-71.060913,42.351178],[-71.060698,42.351127]]]},"properties":{"id":678851,"height_m":22.67,"height_ft":74.39,"structure_type":"BLDG","land_use":"RC"}},{"type":"Feature","geometry":{"type":"Polygon","coordinates":[[[-71.059832,42.350525],[-71.059811,42.350581],[-71.060021,42.350626],[-71.060043,42.350571],[-71.060043,42.35057],[-71.059832,42.350525]]]},"properties":{"id":678852,"height_m":16.93,"height_ft":55.55,"structure_type":"BLDG","land_use":"RC"}},{"type":"Feature","geometry":{"type":"Polygon","coordinates":[[[-71.059839,42.350509],[-71.059832,42.350525],[-71.060043,42.35057],[-71.060062,42.35052],[-71.060064,42.350517],[-71.060058,42.350516],[-71.059845,42.350472],[-71.059839,42.350509]]]},"properties":{"id":678853,"height_m":16.93,"height_ft":55.55,"structure_type":"BLDG","land_use":"RC"}},{"type":"Feature","geometry":{"type":"Polygon","coordinates":[[[-71.057951,42.351447],[-71.057904,42.351613],[-71.057903,42.351616],[-71.058131,42.351651],[-71.058194,42.351496],[-71.057951,42.351447]]]},"properties":{"id":678854,"height_m":24.08,"height_ft":78.99,"structure_type":"BLDG","land_use":"RC"}},{"type":"Feature","geometry":{"type":"Polygon","coordinates":[[[-71.057997,42.351282],[-71.057951,42.351447],[-71.058194,42.351496],[-71.058257,42.351339],[-71.05826,42.351331],[-71.057997,42.351282]]]},"properties":{"id":678855,"height_m":24.08,"height_ft":78.99,"structure_type":"BLDG","land_use":"RC"}},{"type":"Feature","geometry":{"type":"Polygon","coordinates":[[[-71.05803,42.351164],[-71.057997,42.351282],[-71.05826,42.351331],[-71.058282,42.351277],[-71.05829,42.351278],[-71.058314,42.35122],[-71.05803,42.351164]]]},"properties":{"id":678856,"height_m":24.08,"height_ft":78.99,"structure_type":"BLDG","land_use":"C"}},{"type":"Feature","geometry":{"type":"Polygon","coordinates":[[[-71.058057,42.351069],[-71.05803,42.351164],[-71.058314,42.35122],[-71.05835,42.351128],[-71.058349,42.351128],[-71.058057,42.351069]]]},"properties":{"id":678857,"height_m":24.08,"height_ft":78.99,"structure_type":"BLDG","land_use":"RC"}},{"type":"Feature","geometry":{"type":"Polygon","coordinates":[[[-71.057398,42.351433],[-71.057858,42.351492],[-71.057851,42.35147],[-71.057857,42.351448],[-71.057851,42.351447],[-71.05788,42.351366],[-71.057888,42.351344],[-71.057779,42.351328],[-71.057671,42.35131],[-71.05767,42.351318],[-71.057645,42.351315],[-71.057426,42.351291],[-71.057411,42.351367],[-71.057407,42.351388],[-71.057398,42.351433]]]},"properties":{"id":678858,"height_m":23.86,"height_ft":78.27,"structure_type":"BLDG","land_use":"C"}},{"type":"Feature","geometry":{"type":"Polygon","coordinates":[[[-71.057398,42.351433],[-71.057378,42.351533],[-71.057826,42.351601],[-71.057853,42.351499],[-71.057857,42.351499],[-71.057858,42.351493],[-71.057858,42.351492],[-71.057398,42.351433]]]},"properties":{"id":678859,"height_m":23.86,"height_ft":78.27,"structure_type":"BLDG","land_use":"RC"}},{"type":"Feature","geometry":{"type":"Polygon","coordinates":[[[-71.057462,42.351106],[-71.057426,42.351291],[-71.057645,42.351315],[-71.057674,42.351293],[-71.057686,42.351251],[-71.057792,42.351269],[-71.057889,42.351283],[-71.05792,42.351178],[-71.05773,42.351135],[-71.057462,42.351106]]]},"properties":{"id":678860,"height_m":23.86,"height_ft":78.27,"structure_type":"BLDG","land_use":"C"}},{"type":"Feature","geometry":{"type":"Polygon","coordinates":[[[-71.057476,42.351034],[-71.057475,42.351037],[-71.057472,42.351052],[-71.057462,42.351106],[-71.05773,42.351135],[-71.057746,42.351066],[-71.057476,42.351034]]]},"properties":{"id":678861,"height_m":23.86,"height_ft":78.27,"structure_type":"BLDG","land_use":"C"}},{"type":"Feature","geometry":{"type":"Polygon","coordinates":[[[-71.057756,42.351022],[-71.057762,42.351027],[-71.057804,42.351077],[-71.057861,42.351084],[-71.057989,42.351103],[-71.058052,42.350873],[-71.057806,42.350816],[-71.057756,42.351022]]]},"properties":{"id":678862,"height_m":23.86,"height_ft":78.27,"structure_type":"BLDG","land_use":"RC"}},{"type":"Feature","geometry":{"type":"Polygon","coordinates":[[[-71.056945,42.351475],[-71.057108,42.351534],[-71.057156,42.351519],[-71.057201,42.351292],[-71.057099,42.351276],[-71.057093,42.351289],[-71.056993,42.351276],[-71.056945,42.351475]]]},"properties":{"id":678863,"height_m":21.8,"height_ft":71.54,"structure_type":"BLDG","land_use":"RC"}},{"type":"Feature","geometry":{"type":"Polygon","coordinates":[[[-71.056993,42.351276],[-71.056914,42.351266],[-71.056886,42.35133],[-71.056841,42.351433],[-71.05684,42.351436],[-71.056945,42.351475],[-71.056993,42.351276]]]},"properties":{"id":678864,"height_m":21.8,"height_ft":71.54,"structure_type":"BLDG","land_use":"C"}},{"type":"Feature","geometry":{"type":"Polygon","coordinates":[[[-71.056948,42.351188],[-71.056914,42.351266],[-71.057093,42.351289],[-71.057099,42.351276],[-71.057201,42.351292],[-71.057217,42.351211],[-71.057117,42.351199],[-71.057114,42.351206],[-71.056948,42.351188]]]},"properties":{"id":678865,"height_m":21.8,"height_ft":71.54,"structure_type":"BLDG","land_use":"RC"}},{"type":"Feature","geometry":{"type":"Polygon","coordinates":[[[-71.056982,42.35111],[-71.056948,42.351188],[-71.057114,42.351206],[-71.057117,42.351199],[-71.057217,42.351211],[-71.057232,42.351136],[-71.056982,42.35111]]]},"properties":{"id":678866,"height_m":21.8,"height_ft":71.54,"structure_type":"BLDG","land_use":"RC"}},{"type":"Feature","geometry":{"type":"Polygon","coordinates":[[[-71.05701,42.351021],[-71.056971,42.351107],[-71.056982,42.35111],[-71.057232,42.351136],[-71.057249,42.351049],[-71.05701,42.351021]]]},"properties":{"id":678867,"height_m":21.8,"height_ft":71.54,"structure_type":"BLDG","land_use":"RC"}},{"type":"Feature","geometry":{"type":"Polygon","coordinates":[[[-71.057046,42.350942],[-71.05701,42.351021],[-71.057249,42.351049],[-71.057265,42.350968],[-71.057046,42.350942]]]},"properties":{"id":678868,"height_m":21.8,"height_ft":71.54,"structure_type":"BLDG","land_use":"C"}},{"type":"Feature","geometry":{"type":"Polygon","coordinates":[[[-71.056637,42.350734],[-71.05663,42.350732],[-71.056627,42.350738],[-71.056598,42.350803],[-71.05656,42.350888],[-71.056573,42.350891],[-71.056962,42.350987],[-71.057029,42.350836],[-71.056876,42.350798],[-71.056709,42.350758],[-71.056712,42.350754],[-71.056637,42.350734]]]},"properties":{"id":678869,"height_m":21.8,"height_ft":71.54,"structure_type":"BLDG","land_use":"RC"}},{"type":"Feature","geometry":{"type":"Polygon","coordinates":[[[-71.056938,42.350603],[-71.056918,42.350598],[-71.056897,42.350599],[-71.056876,42.3506],[-71.056859,42.350602],[-71.056856,42.350602],[-71.056835,42.350604],[-71.056815,42.350607],[-71.056795,42.350611],[-71.056775,42.350615],[-71.056755,42.350619],[-71.056735,42.350624],[-71.056716,42.35063],[-71.056697,42.350636],[-71.056678,42.350643],[-71.056637,42.350734],[-71.056712,42.350754],[-71.056709,42.350758],[-71.056847,42.350791],[-71.056938,42.350603]]]},"properties":{"id":678870,"height_m":21.8,"height_ft":71.54,"structure_type":"BLDG","land_use":"C"}},{"type":"Feature","geometry":{"type":"Polygon","coordinates":[[[-71.057091,42.350843],[-71.057046,42.350942],[-71.057265,42.350968],[-71.05732,42.350691],[-71.057279,42.35068],[-71.05722,42.350666],[-71.057181,42.350857],[-71.057091,42.350843]]]},"properties":{"id":678871,"height_m":21.8,"height_ft":71.54,"structure_type":"BLDG","land_use":"RC"}},{"type":"Feature","geometry":{"type":"Polygon","coordinates":[[[-71.057291,42.351952],[-71.057667,42.35201],[-71.057669,42.352002],[-71.057697,42.351908],[-71.057711,42.351859],[-71.05772,42.35183],[-71.057728,42.351803],[-71.057739,42.351764],[-71.057771,42.351767],[-71.05777,42.351776],[-71.057807,42.351782],[-71.057838,42.351684],[-71.057829,42.351683],[-71.057355,42.351608],[-71.057323,42.351778],[-71.057307,42.351865],[-71.057291,42.351952]]]},"properties":{"id":678872,"height_m":30.3,"height_ft":99.42,"structure_type":"BLDG","land_use":"C"}},{"type":"Feature","geometry":{"type":"Polygon","coordinates":[[[-71.057777,42.352039],[-71.057663,42.352022],[-71.057667,42.35201],[-71.057291,42.351952],[-71.057276,42.352035],[-71.057734,42.352178],[-71.057777,42.352039]]]},"properties":{"id":678873,"height_m":30.3,"height_ft":99.42,"structure_type":"BLDG","land_use":"RC"}},{"type":"Feature","geometry":{"type":"Polygon","coordinates":[[[-71.057605,42.350329],[-71.057808,42.350361],[-71.057831,42.350251],[-71.05784,42.350218],[-71.057845,42.350219],[-71.057857,42.350178],[-71.057867,42.350139],[-71.05765,42.350107],[-71.057605,42.350329]]]},"properties":{"id":678874,"height_m":29.73,"height_ft":97.56,"structure_type":"BLDG","land_use":"C"}},{"type":"Feature","geometry":{"type":"Polygon","coordinates":[[[-71.055484,42.353868],[-71.055487,42.353871],[-71.055567,42.353835],[-71.05556,42.353827],[-71.055376,42.353638],[-71.055342,42.353603],[-71.055261,42.353648],[-71.055258,42.35365],[-71.055484,42.353868]]]},"properties":{"id":678875,"height_m":21.16,"height_ft":69.43,"structure_type":"BLDG","land_use":"C"}},{"type":"Feature","geometry":{"type":"Polygon","coordinates":[[[-71.058617,42.35453],[-71.05861,42.354537],[-71.058608,42.354536],[-71.058585,42.354558],[-71.058587,42.35456],[-71.058586,42.354561],[-71.058565,42.354582],[-71.058595,42.3546],[-71.058709,42.354669],[-71.058761,42.35462],[-71.058771,42.354625],[-71.058852,42.354549],[-71.058862,42.354554],[-71.058969,42.354454],[-71.058953,42.354442],[-71.058955,42.354441],[-71.05882,42.354343],[-71.058802,42.354357],[-71.058801,42.354356],[-71.058617,42.35453]]]},"properties":{"id":678876,"height_m":19.81,"height_ft":65.01,"structure_type":"BLDG","land_use":"C"}},{"type":"Feature","geometry":{"type":"Polygon","coordinates":[[[-71.058512,42.35447],[-71.058617,42.35453],[-71.058801,42.354356],[-71.058807,42.354351],[-71.058769,42.354323],[-71.058771,42.354322],[-71.058718,42.354284],[-71.058512,42.35447]]]},"properties":{"id":678877,"height_m":19.81,"height_ft":65.01,"structure_type":"BLDG","land_use":"C"}},{"type":"Feature","geometry":{"type":"Polygon","coordinates":[[[-71.059795,42.353807],[-71.05975,42.353848],[-71.059561,42.353734],[-71.0595,42.353791],[-71.059569,42.353833],[-71.059512,42.353884],[-71.05946,42.35385],[-71.059409,42.353899],[-71.059476,42.353941],[-71.059417,42.353992],[-71.059622,42.35412],[-71.059627,42.354123],[-71.059729,42.354032],[-71.059745,42.354017],[-71.059659,42.353965],[-71.059707,42.353921],[-71.059795,42.353973],[-71.05985,42.353924],[-71.059881,42.353896],[-71.059909,42.353871],[-71.059795,42.353807]]]},"properties":{"id":678878,"height_m":39.08,"height_ft":128.22,"structure_type":"BLDG","land_use":"C"}},{"type":"Feature","geometry":{"type":"Polygon","coordinates":[[[-71.059682,42.353588],[-71.059664,42.353606],[-71.059685,42.353618],[-71.059603,42.353695],[-71.059795,42.353807],[-71.059909,42.353871],[-71.059909,42.35387],[-71.059912,42.353872],[-71.060009,42.353776],[-71.059998,42.35377],[-71.059682,42.353588]]]},"properties":{"id":678879,"height_m":39.08,"height_ft":128.22,"structure_type":"BLDG","land_use":"RC"}},{"type":"Feature","geometry":{"type":"Polygon","coordinates":[[[-71.063362,42.351516],[-71.063379,42.351518],[-71.063378,42.351522],[-71.063385,42.351524],[-71.063393,42.351526],[-71.063401,42.351528],[-71.063408,42.351528],[-71.063416,42.351528],[-71.063424,42.351528],[-71.063425,42.351524],[-71.063444,42.351527],[-71.063451,42.351495],[-71.063459,42.351462],[-71.063467,42.351428],[-71.063469,42.351429],[-71.063476,42.351399],[-71.063473,42.351398],[-71.063476,42.351387],[-71.063392,42.351376],[-71.063362,42.351516]]]},"properties":{"id":678898,"height_m":8.04,"height_ft":26.39,"structure_type":"BLDG","land_use":"C"}},{"type":"Feature","geometry":{"type":"Polygon","coordinates":[[[-71.063183,42.351495],[-71.063201,42.351497],[-71.063214,42.351499],[-71.063233,42.351501],[-71.063247,42.351503],[-71.063261,42.351505],[-71.063274,42.351507],[-71.063289,42.351509],[-71.063303,42.351511],[-71.063315,42.351512],[-71.063329,42.351514],[-71.063341,42.351515],[-71.063354,42.351517],[-71.063362,42.351518],[-71.063362,42.351516],[-71.063392,42.351376],[-71.063396,42.351358],[-71.063278,42.351343],[-71.063272,42.351369],[-71.063217,42.351362],[-71.063183,42.351495]]]},"properties":{"id":678899,"height_m":8.04,"height_ft":26.39,"structure_type":"BLDG","land_use":"C"}},{"type":"Feature","geometry":{"type":"Polygon","coordinates":[[[-71.062941,42.351405],[-71.062934,42.351404],[-71.062918,42.351459],[-71.062917,42.351464],[-71.063182,42.351498],[-71.063183,42.351495],[-71.063197,42.35144],[-71.062941,42.351405]]]},"properties":{"id":678900,"height_m":8.04,"height_ft":26.39,"structure_type":"BLDG","land_use":"C"}},{"type":"Feature","geometry":{"type":"Polygon","coordinates":[[[-71.062971,42.351302],[-71.06297,42.351306],[-71.062968,42.351313],[-71.06296,42.351312],[-71.062954,42.351337],[-71.062959,42.351338],[-71.062953,42.351364],[-71.062946,42.351363],[-71.06294,42.351387],[-71.062945,42.351388],[-71.062941,42.351405],[-71.063197,42.35144],[-71.063217,42.351362],[-71.063221,42.351345],[-71.062971,42.351302]]]},"properties":{"id":678901,"height_m":8.04,"height_ft":26.39,"structure_type":"BLDG","land_use":"C"}},{"type":"Feature","geometry":{"type":"Polygon","coordinates":[[[-71.063027,42.351108],[-71.063258,42.351135],[-71.063273,42.351069],[-71.063176,42.351057],[-71.063176,42.351061],[-71.063147,42.351057],[-71.063049,42.351044],[-71.063041,42.351049],[-71.063027,42.351108]]]},"properties":{"id":678902,"height_m":8.04,"height_ft":26.39,"structure_type":"BLDG","land_use":"C"}},{"type":"Feature","geometry":{"type":"Polygon","coordinates":[[[-71.062442,42.351432],[-71.062438,42.351457],[-71.062439,42.351461],[-71.062442,42.351463],[-71.062728,42.351525],[-71.062745,42.351469],[-71.062743,42.351468],[-71.062769,42.351379],[-71.062765,42.351379],[-71.062431,42.351313],[-71.06245,42.351402],[-71.062442,42.351432]]]},"properties":{"id":678903,"height_m":22.02,"height_ft":72.23,"structure_type":"BLDG","land_use":"C"}},{"type":"Feature","geometry":{"type":"Polygon","coordinates":[[[-71.062206,42.351316],[-71.062196,42.351316],[-71.062207,42.351387],[-71.062205,42.35139],[-71.062204,42.351394],[-71.062204,42.351398],[-71.062205,42.351401],[-71.062206,42.351405],[-71.062208,42.351408],[-71.062211,42.351412],[-71.062215,42.351414],[-71.062219,42.351417],[-71.062224,42.351418],[-71.062228,42.35142],[-71.062233,42.35142],[-71.062239,42.35142],[-71.062244,42.35142],[-71.062248,42.351418],[-71.06237,42.351446],[-71.062371,42.351448],[-71.062373,42.351451],[-71.062376,42.351453],[-71.062379,42.351455],[-71.062383,42.351457],[-71.062388,42.351458],[-71.062392,42.351459],[-71.062397,42.351459],[-71.062402,42.351459],[-71.062406,42.351458],[-71.062411,42.351457],[-71.062415,42.351455],[-71.062418,42.351453],[-71.062421,42.35145],[-71.062424,42.351447],[-71.062425,42.351444],[-71.062426,42.351441],[-71.062427,42.351437],[-71.062426,42.351434],[-71.062425,42.35143],[-71.062423,42.351427],[-71.062424,42.351425],[-71.062393,42.35131],[-71.062359,42.351315],[-71.062354,42.351299],[-71.062206,42.351316]]]},"properties":{"id":678904,"height_m":22.02,"height_ft":72.23,"structure_type":"BLDG","land_use":"RC"}},{"type":"Feature","geometry":{"type":"Polygon","coordinates":[[[-71.062561,42.35106],[-71.062603,42.351071],[-71.062566,42.351146],[-71.062744,42.35122],[-71.062806,42.351228],[-71.062806,42.351228],[-71.062806,42.351226],[-71.062822,42.351173],[-71.062819,42.351172],[-71.062827,42.351145],[-71.06284,42.351103],[-71.062851,42.351068],[-71.062859,42.351039],[-71.062782,42.351028],[-71.062707,42.351016],[-71.062706,42.351018],[-71.062589,42.351],[-71.062561,42.35106]]]},"properties":{"id":678905,"height_m":22.02,"height_ft":72.23,"structure_type":"BLDG","land_use":"C"}},{"type":"Feature","geometry":{"type":"Polygon","coordinates":[[[-71.06242,42.3511],[-71.062365,42.351083],[-71.06227,42.351059],[-71.062268,42.351061],[-71.062268,42.351062],[-71.062158,42.351034],[-71.062189,42.351194],[-71.062185,42.351193],[-71.062204,42.351316],[-71.062206,42.351316],[-71.062336,42.351301],[-71.062333,42.351281],[-71.06242,42.3511]]]},"properties":{"id":678906,"height_m":22.02,"height_ft":72.23,"structure_type":"BLDG","land_use":"RC"}},{"type":"Feature","geometry":{"type":"Polygon","coordinates":[[[-71.062589,42.351],[-71.062588,42.351],[-71.062513,42.350988],[-71.062448,42.350979],[-71.062425,42.350975],[-71.062375,42.350962],[-71.062307,42.350944],[-71.062298,42.350942],[-71.062278,42.351002],[-71.062553,42.351077],[-71.062561,42.35106],[-71.062589,42.351]]]},"properties":{"id":678907,"height_m":22.02,"height_ft":72.23,"structure_type":"BLDG","land_use":"C"}},{"type":"Feature","geometry":{"type":"Polygon","coordinates":[[[-71.064576,42.35338],[-71.06461,42.353278],[-71.064542,42.353266],[-71.064508,42.353366],[-71.064576,42.35338]]]},"properties":{"id":678953,"height_m":3.66,"height_ft":12,"structure_type":null,"land_use":"XG"}},{"type":"Feature","geometry":{"type":"Polygon","coordinates":[[[-71.064692,42.352647],[-71.064727,42.352541],[-71.064662,42.352531],[-71.064627,42.352637],[-71.064692,42.352647]]]},"properties":{"id":678954,"height_m":3.66,"height_ft":12,"structure_type":null,"land_use":"XG"}},{"type":"Feature","geometry":{"type":"Polygon","coordinates":[[[-71.064091,42.351334],[-71.064082,42.351329],[-71.064121,42.351156],[-71.064146,42.351153],[-71.063934,42.351133],[-71.063869,42.35144],[-71.063844,42.351437],[-71.063809,42.351572],[-71.064021,42.351596],[-71.064091,42.351334]]]},"properties":{"id":763274,"height_m":97.54,"height_ft":320,"structure_type":"BLDG","land_use":"A"}},{"type":"Feature","geometry":{"type":"Polygon","coordinates":[[[-71.063848,42.351437],[-71.063493,42.351393],[-71.063462,42.351529],[-71.063809,42.351573],[-71.063848,42.351437]]]},"properties":{"id":763275,"height_m":91.44,"height_ft":300,"structure_type":"BLDG","land_use":"A"}},{"type":"Feature","geometry":{"type":"Polygon","coordinates":[[[-71.064019,42.351595],[-71.064186,42.351617],[-71.064227,42.351438],[-71.06439,42.351458],[-71.064415,42.351373],[-71.064095,42.351332],[-71.064019,42.351595]]]},"properties":{"id":763276,"height_m":91.44,"height_ft":300,"structure_type":"BLDG","land_use":"A"}},{"type":"Feature","geometry":{"type":"Polygon","coordinates":[[[-71.058775,42.35235],[-71.059279,42.352439],[-71.059287,42.352438],[-71.059291,42.352434],[-71.059292,42.352429],[-71.059226,42.352012],[-71.059026,42.352083],[-71.058965,42.352116],[-71.058935,42.352134],[-71.058906,42.352152],[-71.058873,42.352183],[-71.058834,42.352228],[-71.058814,42.352257],[-71.058801,42.352281],[-71.058775,42.35235]]]},"properties":{"id":763355,"height_m":83.82,"height_ft":275,"structure_type":null,"land_use":"A"}},{"type":"Feature","geometry":{"type":"Polygon","coordinates":[[[-71.060046,42.349753],[-71.060261,42.349801],[-71.060261,42.349801],[-71.060288,42.34973],[-71.060367,42.349747],[-71.060567,42.349259],[-71.060492,42.349234],[-71.060507,42.349189],[-71.060423,42.34917],[-71.060443,42.349109],[-71.060321,42.349063],[-71.060204,42.349326],[-71.060215,42.349331],[-71.060046,42.349753]]]},"properties":{"id":763356,"height_m":65.53,"height_ft":215,"structure_type":null,"land_use":"A"}},{"type":"Feature","geometry":{"type":"Polygon","coordinates":[[[-71.060046,42.349753],[-71.060046,42.349754],[-71.059925,42.350048],[-71.060081,42.350084],[-71.060079,42.350096],[-71.060226,42.350142],[-71.060327,42.349891],[-71.060274,42.34988],[-71.060233,42.349872],[-71.060261,42.349801],[-71.060046,42.349753]]]},"properties":{"id":763357,"height_m":65.53,"height_ft":215,"structure_type":null,"land_use":"A"}},{"type":"Feature","geometry":{"type":"Polygon","coordinates":[[[-71.060786,42.348796],[-71.061068,42.348118],[-71.061011,42.348097],[-71.060845,42.348325],[-71.060785,42.348472],[-71.060743,42.348465],[-71.060549,42.348739],[-71.060713,42.348779],[-71.060786,42.348796]]]},"properties":{"id":763358,"height_m":65.53,"height_ft":215,"structure_type":null,"land_use":"A"}},{"type":"Feature","geometry":{"type":"Polygon","coordinates":[[[-71.064372,42.350853],[-71.064371,42.35086],[-71.064349,42.350857],[-71.064328,42.350899],[-71.064402,42.350907],[-71.0644,42.350916],[-71.064822,42.350958],[-71.064837,42.350906],[-71.06481,42.350903],[-71.06481,42.350898],[-71.064372,42.350853]]]},"properties":{"id":763399,"height_m":77.11,"height_ft":253,"structure_type":null,"land_use":"C"}},{"type":"Feature","geometry":{"type":"Polygon","coordinates":[[[-71.06481,42.350898],[-71.06484,42.350901],[-71.064855,42.350843],[-71.064374,42.350794],[-71.064365,42.350853],[-71.064372,42.350853],[-71.06481,42.350898]]]},"properties":{"id":763400,"height_m":71.63,"height_ft":235,"structure_type":null,"land_use":"C"}},{"type":"Feature","geometry":{"type":"Polygon","coordinates":[[[-71.059395,42.3545],[-71.059385,42.354511],[-71.05938,42.354517],[-71.059374,42.35453],[-71.05937,42.354543],[-71.05937,42.354557],[-71.059372,42.35457],[-71.059377,42.354583],[-71.059385,42.354596],[-71.059396,42.354607],[-71.05981,42.354926],[-71.05981,42.354926],[-71.060128,42.355172],[-71.060152,42.355154],[-71.060212,42.35511],[-71.059501,42.354574],[-71.059502,42.354573],[-71.059503,42.354572],[-71.059504,42.35457],[-71.059505,42.354569],[-71.059506,42.354568],[-71.059507,42.354567],[-71.059507,42.354566],[-71.059508,42.354564],[-71.059508,42.354563],[-71.059509,42.354562],[-71.059509,42.35456],[-71.059509,42.354559],[-71.05951,42.354558],[-71.05951,42.354556],[-71.05951,42.354555],[-71.05951,42.354554],[-71.05951,42.354552],[-71.05951,42.354551],[-71.059509,42.354549],[-71.059509,42.354548],[-71.059509,42.354547],[-71.059508,42.354545],[-71.059508,42.354544],[-71.059507,42.354543],[-71.059507,42.354542],[-71.059506,42.35454],[-71.059505,42.354539],[-71.059504,42.354538],[-71.059503,42.354537],[-71.059502,42.354536],[-71.059501,42.354535],[-71.0595,42.354533],[-71.059499,42.354532],[-71.059934,42.35414],[-71.059943,42.354143],[-71.059994,42.354094],[-71.060537,42.354475],[-71.06057,42.35445],[-71.060547,42.354432],[-71.059969,42.354033],[-71.059603,42.354356],[-71.05957,42.354386],[-71.059545,42.354367],[-71.059544,42.354366],[-71.059395,42.3545]]]},"properties":{"id":772764,"height_m":24.02,"height_ft":78.8,"structure_type":"BLDG","land_use":"C"}},{"type":"Feature","geometry":{"type":"Polygon","coordinates":[[[-71.060132,42.35478],[-71.060685,42.355214],[-71.060989,42.354931],[-71.061121,42.354808],[-71.061111,42.354803],[-71.060883,42.354663],[-71.06057,42.35445],[-71.060132,42.35478]]]},"properties":{"id":772765,"height_m":22.12,"height_ft":72.58,"structure_type":"BLDG","land_use":"C"}},{"type":"Feature","geometry":{"type":"Polygon","coordinates":[[[-71.057531,42.354326],[-71.057158,42.354198],[-71.056946,42.354202],[-71.056958,42.354254],[-71.056941,42.354264],[-71.056931,42.354292],[-71.056929,42.354333],[-71.056923,42.354482],[-71.056469,42.354512],[-71.056501,42.354724],[-71.056778,42.354702],[-71.056783,42.354724],[-71.056878,42.354715],[-71.056873,42.354692],[-71.056951,42.354688],[-71.057013,42.354873],[-71.057234,42.354854],[-71.057343,42.354854],[-71.057349,42.354613],[-71.057531,42.354326]]]},"properties":{"id":772795,"height_m":null,"height_ft":0,"structure_type":null,"land_use":"RC"}}],"metadata":{"source":"City of Boston Open Data — Boston Buildings with Roof Breaks (BPDA)","source_url":"https://data.boston.gov/dataset/boston-buildings-with-roof-breaks","extracted_at":"2026-08-24T13:23:59.298Z","bbox":{"west":-71.066,"south":42.348,"east":-71.055,"north":42.355},"count":670,"skipped_no_height":79,"note":"Heights are from a 2010/2011 flyover, converted from feet to metres. 'Roof breaks' means one building may be several polygons at different heights."}}