{"type":"FeatureCollection","features":[{"type":"Feature","geometry":{"type":"Point","coordinates":[-71.06525,42.35121]},"properties":{"id":2929,"species_common":"Honeylocust","species_botanical":"Gleditsia triacanthos","dbh_inches":2,"crown_radius_m":1.5,"height_m":4.7,"height_source":"estimated_from_dbh","in_park":false}},{"type":"Feature","geometry":{"type":"Point","coordinates":[-71.055695,42.353394]},"properties":{"id":3078,"species_common":"Linden, Littleleaf","species_botanical":"Tilia cordata","dbh_inches":9,"crown_radius_m":2.4,"height_m":7.15,"height_source":"estimated_from_dbh","in_park":false}},{"type":"Feature","geometry":{"type":"Point","coordinates":[-71.05862,42.35193]},"properties":{"id":514,"species_common":"Ginkgo","species_botanical":"Ginkgo biloba","dbh_inches":7,"crown_radius_m":1.87,"height_m":6.45,"height_source":"estimated_from_dbh","in_park":false}},{"type":"Feature","geometry":{"type":"Point","coordinates":[-71.06571,42.348293]},"properties":{"id":2432,"species_common":"Linden, Littleleaf","species_botanical":"Tilia cordata","dbh_inches":2,"crown_radius_m":1.5,"height_m":4.7,"height_source":"estimated_from_dbh","in_park":false}},{"type":"Feature","geometry":{"type":"Point","coordinates":[-71.06244,42.348557]},"properties":{"id":1441,"species_common":"Linden, Littleleaf","species_botanical":"Tilia cordata","dbh_inches":7,"crown_radius_m":1.87,"height_m":6.45,"height_source":"estimated_from_dbh","in_park":false}},{"type":"Feature","geometry":{"type":"Point","coordinates":[-71.06253,42.348354]},"properties":{"id":1447,"species_common":"Linden, Littleleaf","species_botanical":"Tilia cordata","dbh_inches":9,"crown_radius_m":2.4,"height_m":7.15,"height_source":"estimated_from_dbh","in_park":false}},{"type":"Feature","geometry":{"type":"Point","coordinates":[-71.063896,42.348675]},"properties":{"id":1451,"species_common":"Pear, Callery","species_botanical":"Pyrus calleryana","dbh_inches":6,"crown_radius_m":1.6,"height_m":6.1,"height_source":"estimated_from_dbh","in_park":false}},{"type":"Feature","geometry":{"type":"Point","coordinates":[-71.05993,42.351044]},"properties":{"id":1236,"species_common":"Honeylocust","species_botanical":"Gleditsia triacanthos","dbh_inches":13,"crown_radius_m":3.47,"height_m":8.55,"height_source":"estimated_from_dbh","in_park":false}},{"type":"Feature","geometry":{"type":"Point","coordinates":[-71.06549,42.348316]},"properties":{"id":596,"species_common":"Linden, Littleleaf","species_botanical":"Tilia cordata","dbh_inches":19,"crown_radius_m":5.07,"height_m":10.65,"height_source":"estimated_from_dbh","in_park":false}},{"type":"Feature","geometry":{"type":"Point","coordinates":[-71.05774,42.350677]},"properties":{"id":1307,"species_common":"Ginkgo","species_botanical":"Ginkgo biloba","dbh_inches":2,"crown_radius_m":1.5,"height_m":4.7,"height_source":"estimated_from_dbh","in_park":false}},{"type":"Feature","geometry":{"type":"Point","coordinates":[-71.05734,42.35211]},"properties":{"id":3824,"species_common":"Honeylocust","species_botanical":"Gleditsia triacanthos","dbh_inches":9,"crown_radius_m":2.4,"height_m":7.15,"height_source":"estimated_from_dbh","in_park":false}},{"type":"Feature","geometry":{"type":"Point","coordinates":[-71.063065,42.35225]},"properties":{"id":5022,"species_common":"Honeylocust","species_botanical":"Gleditsia triacanthos","dbh_inches":3,"crown_radius_m":1.5,"height_m":5.05,"height_source":"estimated_from_dbh","in_park":false}},{"type":"Feature","geometry":{"type":"Point","coordinates":[-71.06038,42.353405]},"properties":{"id":3936,"species_common":"Linden, Littleleaf","species_botanical":"Tilia cordata","dbh_inches":12,"crown_radius_m":3.2,"height_m":8.2,"height_source":"estimated_from_dbh","in_park":false}},{"type":"Feature","geometry":{"type":"Point","coordinates":[-71.05826,42.352467]},"properties":{"id":3035,"species_common":"Ginkgo","species_botanical":"Ginkgo biloba","dbh_inches":2,"crown_radius_m":1.5,"height_m":4.7,"height_source":"estimated_from_dbh","in_park":false}},{"type":"Feature","geometry":{"type":"Point","coordinates":[-71.065765,42.348038]},"properties":{"id":2893,"species_common":"Linden, Littleleaf","species_botanical":"Tilia cordata","dbh_inches":20,"crown_radius_m":5.33,"height_m":11,"height_source":"estimated_from_dbh","in_park":false}},{"type":"Feature","geometry":{"type":"Point","coordinates":[-71.06568,42.348446]},"properties":{"id":2901,"species_common":"Linden, Littleleaf","species_botanical":"Tilia cordata","dbh_inches":18,"crown_radius_m":4.8,"height_m":10.3,"height_source":"estimated_from_dbh","in_park":false}},{"type":"Feature","geometry":{"type":"Point","coordinates":[-71.064545,42.352104]},"properties":{"id":2907,"species_common":"Pear, Callery","species_botanical":"Pyrus calleryana","dbh_inches":6,"crown_radius_m":1.6,"height_m":6.1,"height_source":"estimated_from_dbh","in_park":false}},{"type":"Feature","geometry":{"type":"Point","coordinates":[-71.06455,42.352055]},"properties":{"id":2908,"species_common":"Honeylocust","species_botanical":"Gleditsia triacanthos","dbh_inches":3,"crown_radius_m":1.5,"height_m":5.05,"height_source":"estimated_from_dbh","in_park":false}},{"type":"Feature","geometry":{"type":"Point","coordinates":[-71.063675,42.350883]},"properties":{"id":2914,"species_common":"Honeylocust","species_botanical":"Gleditsia triacanthos","dbh_inches":10,"crown_radius_m":2.67,"height_m":7.5,"height_source":"estimated_from_dbh","in_park":false}},{"type":"Feature","geometry":{"type":"Point","coordinates":[-71.06352,42.350864]},"properties":{"id":2916,"species_common":"Honeylocust","species_botanical":"Gleditsia triacanthos","dbh_inches":8,"crown_radius_m":2.13,"height_m":6.8,"height_source":"estimated_from_dbh","in_park":false}},{"type":"Feature","geometry":{"type":"Point","coordinates":[-71.06367,42.34976]},"properties":{"id":2920,"species_common":"Maple, Red","species_botanical":"Acer rubrum","dbh_inches":6,"crown_radius_m":1.6,"height_m":6.1,"height_source":"estimated_from_dbh","in_park":false}},{"type":"Feature","geometry":{"type":"Point","coordinates":[-71.06356,42.34995]},"properties":{"id":2921,"species_common":"Maple, Red","species_botanical":"Acer rubrum","dbh_inches":6,"crown_radius_m":1.6,"height_m":6.1,"height_source":"estimated_from_dbh","in_park":false}},{"type":"Feature","geometry":{"type":"Point","coordinates":[-71.06353,42.35]},"properties":{"id":2924,"species_common":"Maple, Red","species_botanical":"Acer rubrum","dbh_inches":5,"crown_radius_m":1.5,"height_m":5.75,"height_source":"estimated_from_dbh","in_park":false}},{"type":"Feature","geometry":{"type":"Point","coordinates":[-71.06535,42.35121]},"properties":{"id":2926,"species_common":"Honeylocust","species_botanical":"Gleditsia triacanthos","dbh_inches":3,"crown_radius_m":1.5,"height_m":5.05,"height_source":"estimated_from_dbh","in_park":false}},{"type":"Feature","geometry":{"type":"Point","coordinates":[-71.06344,42.35018]},"properties":{"id":2936,"species_common":"Zelkova, Japanese","species_botanical":"Zelkova serrata","dbh_inches":4,"crown_radius_m":1.5,"height_m":5.4,"height_source":"estimated_from_dbh","in_park":false}},{"type":"Feature","geometry":{"type":"Point","coordinates":[-71.063614,42.349854]},"properties":{"id":2941,"species_common":"Maple, Red","species_botanical":"Acer rubrum","dbh_inches":5,"crown_radius_m":1.5,"height_m":5.75,"height_source":"estimated_from_dbh","in_park":false}},{"type":"Feature","geometry":{"type":"Point","coordinates":[-71.063737,42.349335]},"properties":{"id":2942,"species_common":"Hackberry, Northern","species_botanical":"Celtis occidentalis","dbh_inches":2,"crown_radius_m":1.5,"height_m":4.7,"height_source":"estimated_from_dbh","in_park":false}},{"type":"Feature","geometry":{"type":"Point","coordinates":[-71.06405,42.350914]},"properties":{"id":2952,"species_common":"Honeylocust","species_botanical":"Gleditsia triacanthos","dbh_inches":10,"crown_radius_m":2.67,"height_m":7.5,"height_source":"estimated_from_dbh","in_park":false}},{"type":"Feature","geometry":{"type":"Point","coordinates":[-71.06359,42.350876]},"properties":{"id":2953,"species_common":"Honeylocust","species_botanical":"Gleditsia triacanthos","dbh_inches":7,"crown_radius_m":1.87,"height_m":6.45,"height_source":"estimated_from_dbh","in_park":false}},{"type":"Feature","geometry":{"type":"Point","coordinates":[-71.063934,42.350903]},"properties":{"id":2955,"species_common":"Honeylocust","species_botanical":"Gleditsia triacanthos","dbh_inches":12,"crown_radius_m":3.2,"height_m":8.2,"height_source":"estimated_from_dbh","in_park":false}},{"type":"Feature","geometry":{"type":"Point","coordinates":[-71.064926,42.35131]},"properties":{"id":5007,"species_common":"Honeylocust","species_botanical":"Gleditsia triacanthos","dbh_inches":3,"crown_radius_m":1.5,"height_m":5.05,"height_source":"estimated_from_dbh","in_park":false}},{"type":"Feature","geometry":{"type":"Point","coordinates":[-71.05837,42.352097]},"properties":{"id":5043,"species_common":"Serviceberry","species_botanical":"Amelanchier species","dbh_inches":3,"crown_radius_m":1.5,"height_m":5.05,"height_source":"estimated_from_dbh","in_park":false}},{"type":"Feature","geometry":{"type":"Point","coordinates":[-71.06341,42.350246]},"properties":{"id":5072,"species_common":"Zelkova, Japanese","species_botanical":"Zelkova serrata","dbh_inches":4,"crown_radius_m":1.5,"height_m":5.4,"height_source":"estimated_from_dbh","in_park":false}},{"type":"Feature","geometry":{"type":"Point","coordinates":[-71.063385,42.35028]},"properties":{"id":5077,"species_common":"Zelkova, Japanese","species_botanical":"Zelkova serrata","dbh_inches":4,"crown_radius_m":1.5,"height_m":5.4,"height_source":"estimated_from_dbh","in_park":false}},{"type":"Feature","geometry":{"type":"Point","coordinates":[-71.056465,42.353127]},"properties":{"id":3055,"species_common":"Honeylocust","species_botanical":"Gleditsia triacanthos","dbh_inches":6,"crown_radius_m":1.6,"height_m":6.1,"height_source":"estimated_from_dbh","in_park":false}},{"type":"Feature","geometry":{"type":"Point","coordinates":[-71.06515,42.35072]},"properties":{"id":3649,"species_common":"Honeylocust","species_botanical":"Gleditsia triacanthos","dbh_inches":8,"crown_radius_m":2.13,"height_m":6.8,"height_source":"estimated_from_dbh","in_park":false}},{"type":"Feature","geometry":{"type":"Point","coordinates":[-71.05554,42.353497]},"properties":{"id":3074,"species_common":"Magnolia, Star","species_botanical":"Magnolia stellata","dbh_inches":5,"crown_radius_m":1.5,"height_m":5.75,"height_source":"estimated_from_dbh","in_park":false}},{"type":"Feature","geometry":{"type":"Point","coordinates":[-71.06117,42.354916]},"properties":{"id":3076,"species_common":"Spruce, Blue 'Glauca'","species_botanical":"Picea pungens 'Glauca'","dbh_inches":2,"crown_radius_m":1.5,"height_m":4.7,"height_source":"estimated_from_dbh","in_park":false}},{"type":"Feature","geometry":{"type":"Point","coordinates":[-71.055626,42.35343]},"properties":{"id":3077,"species_common":"Linden, Littleleaf","species_botanical":"Tilia cordata","dbh_inches":6,"crown_radius_m":1.6,"height_m":6.1,"height_source":"estimated_from_dbh","in_park":false}},{"type":"Feature","geometry":{"type":"Point","coordinates":[-71.055756,42.353336]},"properties":{"id":3082,"species_common":"Linden, Littleleaf","species_botanical":"Tilia cordata","dbh_inches":10,"crown_radius_m":2.67,"height_m":7.5,"height_source":"estimated_from_dbh","in_park":false}},{"type":"Feature","geometry":{"type":"Point","coordinates":[-71.05517,42.3537]},"properties":{"id":3086,"species_common":"Magnolia, Star","species_botanical":"Magnolia stellata","dbh_inches":7,"crown_radius_m":1.87,"height_m":6.45,"height_source":"estimated_from_dbh","in_park":false}},{"type":"Feature","geometry":{"type":"Point","coordinates":[-71.05637,42.35309]},"properties":{"id":3089,"species_common":"Honeylocust","species_botanical":"Gleditsia triacanthos","dbh_inches":7,"crown_radius_m":1.87,"height_m":6.45,"height_source":"estimated_from_dbh","in_park":false}},{"type":"Feature","geometry":{"type":"Point","coordinates":[-71.05654,42.353165]},"properties":{"id":3090,"species_common":"Honeylocust","species_botanical":"Gleditsia triacanthos","dbh_inches":6,"crown_radius_m":1.6,"height_m":6.1,"height_source":"estimated_from_dbh","in_park":false}},{"type":"Feature","geometry":{"type":"Point","coordinates":[-71.05548,42.35353]},"properties":{"id":3096,"species_common":"Magnolia, Star","species_botanical":"Magnolia stellata","dbh_inches":3,"crown_radius_m":1.5,"height_m":5.05,"height_source":"estimated_from_dbh","in_park":false}},{"type":"Feature","geometry":{"type":"Point","coordinates":[-71.05623,42.35305]},"properties":{"id":3102,"species_common":"Spruce, Alberta","species_botanical":"Picea glauca 'Conica'","dbh_inches":2,"crown_radius_m":1.5,"height_m":4.7,"height_source":"estimated_from_dbh","in_park":false}},{"type":"Feature","geometry":{"type":"Point","coordinates":[-71.055244,42.353653]},"properties":{"id":7085,"species_common":"Magnolia, Star","species_botanical":"Magnolia stellata","dbh_inches":2,"crown_radius_m":1.5,"height_m":4.7,"height_source":"estimated_from_dbh","in_park":false}},{"type":"Feature","geometry":{"type":"Point","coordinates":[-71.06009,42.349556]},"properties":{"id":7433,"species_common":"Elm, American","species_botanical":"Ulmus americana","dbh_inches":9,"crown_radius_m":2.4,"height_m":7.15,"height_source":"estimated_from_dbh","in_park":false}},{"type":"Feature","geometry":{"type":"Point","coordinates":[-71.060135,42.34947]},"properties":{"id":7445,"species_common":"Elm, American","species_botanical":"Ulmus americana","dbh_inches":12,"crown_radius_m":3.2,"height_m":8.2,"height_source":"estimated_from_dbh","in_park":false}},{"type":"Feature","geometry":{"type":"Point","coordinates":[-71.06197,42.35386]},"properties":{"id":7458,"species_common":"Honeylocust","species_botanical":"Gleditsia triacanthos","dbh_inches":2,"crown_radius_m":1.5,"height_m":4.7,"height_source":"estimated_from_dbh","in_park":false}},{"type":"Feature","geometry":{"type":"Point","coordinates":[-71.06005,42.349644]},"properties":{"id":7464,"species_common":"Elm, American","species_botanical":"Ulmus americana","dbh_inches":11,"crown_radius_m":2.93,"height_m":7.85,"height_source":"estimated_from_dbh","in_park":false}},{"type":"Feature","geometry":{"type":"Point","coordinates":[-71.06189,42.353825]},"properties":{"id":7465,"species_common":"Linden, Littleleaf","species_botanical":"Tilia cordata","dbh_inches":6,"crown_radius_m":1.6,"height_m":6.1,"height_source":"estimated_from_dbh","in_park":false}},{"type":"Feature","geometry":{"type":"Point","coordinates":[-71.059364,42.351704]},"properties":{"id":5829,"species_common":"Elm, Chinese","species_botanical":"Ulmus parvifolia","dbh_inches":7,"crown_radius_m":1.87,"height_m":6.45,"height_source":"estimated_from_dbh","in_park":false}},{"type":"Feature","geometry":{"type":"Point","coordinates":[-71.05893,42.351646]},"properties":{"id":5843,"species_common":"Serviceberry","species_botanical":"Amelanchier species","dbh_inches":4,"crown_radius_m":1.5,"height_m":5.4,"height_source":"estimated_from_dbh","in_park":false}},{"type":"Feature","geometry":{"type":"Point","coordinates":[-71.05885,42.351738]},"properties":{"id":5850,"species_common":"Ginkgo","species_botanical":"Ginkgo biloba","dbh_inches":11,"crown_radius_m":2.93,"height_m":7.85,"height_source":"estimated_from_dbh","in_park":false}},{"type":"Feature","geometry":{"type":"Point","coordinates":[-71.05904,42.351517]},"properties":{"id":5820,"species_common":"Ginkgo","species_botanical":"Ginkgo biloba","dbh_inches":8,"crown_radius_m":2.13,"height_m":6.8,"height_source":"estimated_from_dbh","in_park":false}},{"type":"Feature","geometry":{"type":"Point","coordinates":[-71.05908,42.35146]},"properties":{"id":5823,"species_common":"Serviceberry","species_botanical":"Amelanchier species","dbh_inches":2,"crown_radius_m":1.5,"height_m":4.7,"height_source":"estimated_from_dbh","in_park":false}},{"type":"Feature","geometry":{"type":"Point","coordinates":[-71.06335,42.35061]},"properties":{"id":7808,"species_common":"Honeylocust","species_botanical":"Gleditsia triacanthos","dbh_inches":3,"crown_radius_m":1.5,"height_m":5.05,"height_source":"estimated_from_dbh","in_park":false}},{"type":"Feature","geometry":{"type":"Point","coordinates":[-71.05889,42.35169]},"properties":{"id":5816,"species_common":"Ginkgo","species_botanical":"Ginkgo biloba","dbh_inches":10,"crown_radius_m":2.67,"height_m":7.5,"height_source":"estimated_from_dbh","in_park":false}},{"type":"Feature","geometry":{"type":"Point","coordinates":[-71.05897,42.351604]},"properties":{"id":5817,"species_common":"Ginkgo","species_botanical":"Ginkgo biloba","dbh_inches":11,"crown_radius_m":2.93,"height_m":7.85,"height_source":"estimated_from_dbh","in_park":false}},{"type":"Feature","geometry":{"type":"Point","coordinates":[-71.05825,42.352512]},"properties":{"id":5925,"species_common":"Ginkgo","species_botanical":"Ginkgo biloba","dbh_inches":2,"crown_radius_m":1.5,"height_m":4.7,"height_source":"estimated_from_dbh","in_park":false}},{"type":"Feature","geometry":{"type":"Point","coordinates":[-71.05521,42.353672]},"properties":{"id":7077,"species_common":"Magnolia, Star","species_botanical":"Magnolia stellata","dbh_inches":9,"crown_radius_m":2.4,"height_m":7.15,"height_source":"estimated_from_dbh","in_park":false}},{"type":"Feature","geometry":{"type":"Point","coordinates":[-71.06159,42.3485]},"properties":{"id":7863,"species_common":"Hackberry, Northern","species_botanical":"Celtis occidentalis","dbh_inches":2,"crown_radius_m":1.5,"height_m":4.7,"height_source":"estimated_from_dbh","in_park":false}},{"type":"Feature","geometry":{"type":"Point","coordinates":[-71.0609,42.348827]},"properties":{"id":7864,"species_common":"Ash, Green","species_botanical":"Fraxinus pennsylvanica","dbh_inches":13,"crown_radius_m":3.47,"height_m":8.55,"height_source":"estimated_from_dbh","in_park":false}},{"type":"Feature","geometry":{"type":"Point","coordinates":[-71.06146,42.348854]},"properties":{"id":7866,"species_common":"Ginkgo","species_botanical":"Ginkgo biloba","dbh_inches":13,"crown_radius_m":3.47,"height_m":8.55,"height_source":"estimated_from_dbh","in_park":false}},{"type":"Feature","geometry":{"type":"Point","coordinates":[-71.06118,42.34983]},"properties":{"id":7867,"species_common":"Ginkgo","species_botanical":"Ginkgo biloba","dbh_inches":13,"crown_radius_m":3.47,"height_m":8.55,"height_source":"estimated_from_dbh","in_park":false}},{"type":"Feature","geometry":{"type":"Point","coordinates":[-71.06165,42.348648]},"properties":{"id":7869,"species_common":"Ginkgo","species_botanical":"Ginkgo biloba","dbh_inches":13,"crown_radius_m":3.47,"height_m":8.55,"height_source":"estimated_from_dbh","in_park":false}},{"type":"Feature","geometry":{"type":"Point","coordinates":[-71.06152,42.34867]},"properties":{"id":7870,"species_common":"Ginkgo","species_botanical":"Ginkgo biloba","dbh_inches":14,"crown_radius_m":3.73,"height_m":8.9,"height_source":"estimated_from_dbh","in_park":false}},{"type":"Feature","geometry":{"type":"Point","coordinates":[-71.06141,42.34815]},"properties":{"id":7873,"species_common":"Ginkgo","species_botanical":"Ginkgo biloba","dbh_inches":19,"crown_radius_m":5.07,"height_m":10.65,"height_source":"estimated_from_dbh","in_park":false}},{"type":"Feature","geometry":{"type":"Point","coordinates":[-71.06142,42.349255]},"properties":{"id":7874,"species_common":"Hornbeam, European","species_botanical":"Carpinus betulus","dbh_inches":4,"crown_radius_m":1.5,"height_m":5.4,"height_source":"estimated_from_dbh","in_park":false}},{"type":"Feature","geometry":{"type":"Point","coordinates":[-71.06095,42.348717]},"properties":{"id":7875,"species_common":"Ash, Green","species_botanical":"Fraxinus pennsylvanica","dbh_inches":17,"crown_radius_m":4.53,"height_m":9.95,"height_source":"estimated_from_dbh","in_park":false}},{"type":"Feature","geometry":{"type":"Point","coordinates":[-71.06135,42.34943]},"properties":{"id":7876,"species_common":"Hornbeam, American","species_botanical":"Carpinus caroliniana","dbh_inches":2,"crown_radius_m":1.5,"height_m":4.7,"height_source":"estimated_from_dbh","in_park":false}},{"type":"Feature","geometry":{"type":"Point","coordinates":[-71.061104,42.35003]},"properties":{"id":7882,"species_common":"Ginkgo","species_botanical":"Ginkgo biloba","dbh_inches":16,"crown_radius_m":4.27,"height_m":9.6,"height_source":"estimated_from_dbh","in_park":false}},{"type":"Feature","geometry":{"type":"Point","coordinates":[-71.06102,42.34849]},"properties":{"id":7884,"species_common":"Hackberry, Northern","species_botanical":"Celtis occidentalis","dbh_inches":2,"crown_radius_m":1.5,"height_m":4.7,"height_source":"estimated_from_dbh","in_park":false}},{"type":"Feature","geometry":{"type":"Point","coordinates":[-71.06122,42.354774]},"properties":{"id":6039,"species_common":"Spruce, Blue 'Glauca'","species_botanical":"Picea pungens 'Glauca'","dbh_inches":2,"crown_radius_m":1.5,"height_m":4.7,"height_source":"estimated_from_dbh","in_park":false}},{"type":"Feature","geometry":{"type":"Point","coordinates":[-71.06453,42.35216]},"properties":{"id":7778,"species_common":"Honeylocust","species_botanical":"Gleditsia triacanthos","dbh_inches":2,"crown_radius_m":1.5,"height_m":4.7,"height_source":"estimated_from_dbh","in_park":false}},{"type":"Feature","geometry":{"type":"Point","coordinates":[-71.05841,42.352528]},"properties":{"id":6070,"species_common":"Ginkgo","species_botanical":"Ginkgo biloba","dbh_inches":3,"crown_radius_m":1.5,"height_m":5.05,"height_source":"estimated_from_dbh","in_park":false}},{"type":"Feature","geometry":{"type":"Point","coordinates":[-71.06336,42.350826]},"properties":{"id":6072,"species_common":"Honeylocust","species_botanical":"Gleditsia triacanthos","dbh_inches":8,"crown_radius_m":2.13,"height_m":6.8,"height_source":"estimated_from_dbh","in_park":false}},{"type":"Feature","geometry":{"type":"Point","coordinates":[-71.065384,42.34879]},"properties":{"id":7785,"species_common":"Elm, Accolade","species_botanical":"Empty Pit/Planting Site","dbh_inches":null,"crown_radius_m":4,"height_m":8,"height_source":"default","in_park":false}},{"type":"Feature","geometry":{"type":"Point","coordinates":[-71.06546,42.348446]},"properties":{"id":7789,"species_common":"Sweetgum, Common","species_botanical":"Liquidambar styraciflua","dbh_inches":7,"crown_radius_m":1.87,"height_m":6.45,"height_source":"estimated_from_dbh","in_park":false}},{"type":"Feature","geometry":{"type":"Point","coordinates":[-71.06533,42.34907]},"properties":{"id":7790,"species_common":"Honeylocust","species_botanical":"Gleditsia triacanthos","dbh_inches":15,"crown_radius_m":4,"height_m":9.25,"height_source":"estimated_from_dbh","in_park":false}},{"type":"Feature","geometry":{"type":"Point","coordinates":[-71.06536,42.34894]},"properties":{"id":7793,"species_common":"Basswood, American","species_botanical":"Tilia americana","dbh_inches":11,"crown_radius_m":2.93,"height_m":7.85,"height_source":"estimated_from_dbh","in_park":false}},{"type":"Feature","geometry":{"type":"Point","coordinates":[-71.06403,42.35339]},"properties":{"id":7996,"species_common":"Pear, Callery","species_botanical":"Pyrus calleryana","dbh_inches":6,"crown_radius_m":1.6,"height_m":6.1,"height_source":"estimated_from_dbh","in_park":false}},{"type":"Feature","geometry":{"type":"Point","coordinates":[-71.06379,42.35412]},"properties":{"id":8000,"species_common":"Honeylocust","species_botanical":"Gleditsia triacanthos","dbh_inches":8,"crown_radius_m":2.13,"height_m":6.8,"height_source":"estimated_from_dbh","in_park":false}},{"type":"Feature","geometry":{"type":"Point","coordinates":[-71.055786,42.352276]},"properties":{"id":8001,"species_common":"Linden, Littleleaf","species_botanical":"Empty Pit/Planting Site","dbh_inches":null,"crown_radius_m":4,"height_m":8,"height_source":"default","in_park":false}},{"type":"Feature","geometry":{"type":"Point","coordinates":[-71.05638,42.351097]},"properties":{"id":8004,"species_common":"Linden, Littleleaf","species_botanical":"Tilia cordata","dbh_inches":5,"crown_radius_m":1.5,"height_m":5.75,"height_source":"estimated_from_dbh","in_park":false}},{"type":"Feature","geometry":{"type":"Point","coordinates":[-71.063965,42.353386]},"properties":{"id":8007,"species_common":"Pear, Callery","species_botanical":"Pyrus calleryana","dbh_inches":6,"crown_radius_m":1.6,"height_m":6.1,"height_source":"estimated_from_dbh","in_park":false}},{"type":"Feature","geometry":{"type":"Point","coordinates":[-71.056346,42.351176]},"properties":{"id":8009,"species_common":"Elm, Chinese","species_botanical":"Ulmus parvifolia","dbh_inches":2,"crown_radius_m":1.5,"height_m":4.7,"height_source":"estimated_from_dbh","in_park":false}},{"type":"Feature","geometry":{"type":"Point","coordinates":[-71.05678,42.350307]},"properties":{"id":8010,"species_common":"Zelkova, Japanese Green Vase","species_botanical":"Zelkova serrata 'Green Vase'","dbh_inches":2,"crown_radius_m":1.5,"height_m":4.7,"height_source":"estimated_from_dbh","in_park":false}},{"type":"Feature","geometry":{"type":"Point","coordinates":[-71.06391,42.353374]},"properties":{"id":8014,"species_common":"Pear, Callery","species_botanical":"Pyrus calleryana","dbh_inches":5,"crown_radius_m":1.5,"height_m":5.75,"height_source":"estimated_from_dbh","in_park":false}},{"type":"Feature","geometry":{"type":"Point","coordinates":[-71.05641,42.35103]},"properties":{"id":8015,"species_common":"Honeylocust, Thornless","species_botanical":"Gleditsia triacanthos inermis","dbh_inches":2,"crown_radius_m":1.5,"height_m":4.7,"height_source":"estimated_from_dbh","in_park":false}},{"type":"Feature","geometry":{"type":"Point","coordinates":[-71.06392,42.353268]},"properties":{"id":8017,"species_common":"Pear, Callery","species_botanical":"Pyrus calleryana","dbh_inches":7,"crown_radius_m":1.87,"height_m":6.45,"height_source":"estimated_from_dbh","in_park":false}},{"type":"Feature","geometry":{"type":"Point","coordinates":[-71.06281,42.353214]},"properties":{"id":8022,"species_common":"Pear, Callery","species_botanical":"Pyrus calleryana","dbh_inches":6,"crown_radius_m":1.6,"height_m":6.1,"height_source":"estimated_from_dbh","in_park":false}},{"type":"Feature","geometry":{"type":"Point","coordinates":[-71.06235,42.349323]},"properties":{"id":7854,"species_common":"Honeylocust","species_botanical":"Gleditsia triacanthos","dbh_inches":13,"crown_radius_m":3.47,"height_m":8.55,"height_source":"estimated_from_dbh","in_park":false}},{"type":"Feature","geometry":{"type":"Point","coordinates":[-71.06379,42.348427]},"properties":{"id":7856,"species_common":"Honeylocust, Thornless","species_botanical":"Gleditsia triacanthos inermis","dbh_inches":2,"crown_radius_m":1.5,"height_m":4.7,"height_source":"estimated_from_dbh","in_park":false}},{"type":"Feature","geometry":{"type":"Point","coordinates":[-71.06159,42.348297]},"properties":{"id":7858,"species_common":"Ginkgo","species_botanical":"Ginkgo biloba","dbh_inches":17,"crown_radius_m":4.53,"height_m":9.95,"height_source":"estimated_from_dbh","in_park":false}},{"type":"Feature","geometry":{"type":"Point","coordinates":[-71.06138,42.349052]},"properties":{"id":7859,"species_common":"Ginkgo","species_botanical":"Ginkgo biloba","dbh_inches":6,"crown_radius_m":1.6,"height_m":6.1,"height_source":"estimated_from_dbh","in_park":false}},{"type":"Feature","geometry":{"type":"Point","coordinates":[-71.05917,42.35129]},"properties":{"id":7860,"species_common":"Elm, American","species_botanical":"Ulmus americana","dbh_inches":15,"crown_radius_m":4,"height_m":9.25,"height_source":"estimated_from_dbh","in_park":false}},{"type":"Feature","geometry":{"type":"Point","coordinates":[-71.0637,42.34841]},"properties":{"id":7861,"species_common":"Honeylocust, Thornless","species_botanical":"Gleditsia triacanthos inermis","dbh_inches":2,"crown_radius_m":1.5,"height_m":4.7,"height_source":"estimated_from_dbh","in_park":false}},{"type":"Feature","geometry":{"type":"Point","coordinates":[-71.0566,42.353203]},"properties":{"id":7744,"species_common":"Honeylocust","species_botanical":"Gleditsia triacanthos","dbh_inches":8,"crown_radius_m":2.13,"height_m":6.8,"height_source":"estimated_from_dbh","in_park":false}},{"type":"Feature","geometry":{"type":"Point","coordinates":[-71.06511,42.350853]},"properties":{"id":7767,"species_common":"Honeylocust","species_botanical":"Gleditsia triacanthos","dbh_inches":6,"crown_radius_m":1.6,"height_m":6.1,"height_source":"estimated_from_dbh","in_park":false}},{"type":"Feature","geometry":{"type":"Point","coordinates":[-71.06098,42.348602]},"properties":{"id":7887,"species_common":"Ash, Green","species_botanical":"Fraxinus pennsylvanica","dbh_inches":16,"crown_radius_m":4.27,"height_m":9.6,"height_source":"estimated_from_dbh","in_park":false}},{"type":"Feature","geometry":{"type":"Point","coordinates":[-71.060646,42.349506]},"properties":{"id":7889,"species_common":"Ash, Green","species_botanical":"Fraxinus pennsylvanica","dbh_inches":15,"crown_radius_m":4,"height_m":9.25,"height_source":"estimated_from_dbh","in_park":false}},{"type":"Feature","geometry":{"type":"Point","coordinates":[-71.05946,42.35117]},"properties":{"id":7890,"species_common":"Pine, Sweet Mountain","species_botanical":"Pinus mugo","dbh_inches":2,"crown_radius_m":1.5,"height_m":4.7,"height_source":"estimated_from_dbh","in_park":false}},{"type":"Feature","geometry":{"type":"Point","coordinates":[-71.06052,42.349503]},"properties":{"id":7892,"species_common":"Ginkgo","species_botanical":"Ginkgo biloba","dbh_inches":3,"crown_radius_m":1.5,"height_m":5.05,"height_source":"estimated_from_dbh","in_park":false}},{"type":"Feature","geometry":{"type":"Point","coordinates":[-71.06028,42.350105]},"properties":{"id":7894,"species_common":"Ginkgo","species_botanical":"Ginkgo biloba","dbh_inches":2,"crown_radius_m":1.5,"height_m":4.7,"height_source":"estimated_from_dbh","in_park":false}},{"type":"Feature","geometry":{"type":"Point","coordinates":[-71.06053,42.349453]},"properties":{"id":7895,"species_common":"Ginkgo","species_botanical":"Ginkgo biloba","dbh_inches":3,"crown_radius_m":1.5,"height_m":5.05,"height_source":"estimated_from_dbh","in_park":false}},{"type":"Feature","geometry":{"type":"Point","coordinates":[-71.06057,42.349342]},"properties":{"id":7896,"species_common":"Ginkgo","species_botanical":"Ginkgo biloba","dbh_inches":2,"crown_radius_m":1.5,"height_m":4.7,"height_source":"estimated_from_dbh","in_park":false}},{"type":"Feature","geometry":{"type":"Point","coordinates":[-71.06059,42.3493]},"properties":{"id":7898,"species_common":"Ginkgo","species_botanical":"Ginkgo biloba","dbh_inches":2,"crown_radius_m":1.5,"height_m":4.7,"height_source":"estimated_from_dbh","in_park":false}},{"type":"Feature","geometry":{"type":"Point","coordinates":[-71.06061,42.34926]},"properties":{"id":7901,"species_common":"Ginkgo","species_botanical":"Ginkgo biloba","dbh_inches":2,"crown_radius_m":1.5,"height_m":4.7,"height_source":"estimated_from_dbh","in_park":false}},{"type":"Feature","geometry":{"type":"Point","coordinates":[-71.05732,42.35175]},"properties":{"id":7902,"species_common":"Hackberry, Northern","species_botanical":"Celtis occidentalis","dbh_inches":2,"crown_radius_m":1.5,"height_m":4.7,"height_source":"estimated_from_dbh","in_park":false}},{"type":"Feature","geometry":{"type":"Point","coordinates":[-71.06047,42.34964]},"properties":{"id":7903,"species_common":"Ginkgo","species_botanical":"Ginkgo biloba","dbh_inches":2,"crown_radius_m":1.5,"height_m":4.7,"height_source":"estimated_from_dbh","in_park":false}},{"type":"Feature","geometry":{"type":"Point","coordinates":[-71.06054,42.349407]},"properties":{"id":7904,"species_common":"Ginkgo","species_botanical":"Ginkgo biloba","dbh_inches":2,"crown_radius_m":1.5,"height_m":4.7,"height_source":"estimated_from_dbh","in_park":false}},{"type":"Feature","geometry":{"type":"Point","coordinates":[-71.060684,42.34939]},"properties":{"id":7905,"species_common":"Empty Pit/Planting Site","species_botanical":"Empty Pit/Planting Site","dbh_inches":null,"crown_radius_m":4,"height_m":8,"height_source":"default","in_park":false}},{"type":"Feature","geometry":{"type":"Point","coordinates":[-71.057594,42.35219]},"properties":{"id":7907,"species_common":"Honeylocust","species_botanical":"Gleditsia triacanthos","dbh_inches":9,"crown_radius_m":2.4,"height_m":7.15,"height_source":"estimated_from_dbh","in_park":false}},{"type":"Feature","geometry":{"type":"Point","coordinates":[-71.05914,42.351357]},"properties":{"id":7908,"species_common":"Elm, American","species_botanical":"Ulmus americana","dbh_inches":15,"crown_radius_m":4,"height_m":9.25,"height_source":"estimated_from_dbh","in_park":false}},{"type":"Feature","geometry":{"type":"Point","coordinates":[-71.060486,42.349556]},"properties":{"id":7909,"species_common":"Ginkgo","species_botanical":"Ginkgo biloba","dbh_inches":2,"crown_radius_m":1.5,"height_m":4.7,"height_source":"estimated_from_dbh","in_park":false}},{"type":"Feature","geometry":{"type":"Point","coordinates":[-71.05827,42.35091]},"properties":{"id":7910,"species_common":"Ginkgo","species_botanical":"Ginkgo biloba","dbh_inches":2,"crown_radius_m":1.5,"height_m":4.7,"height_source":"estimated_from_dbh","in_park":false}},{"type":"Feature","geometry":{"type":"Point","coordinates":[-71.05911,42.35123]},"properties":{"id":7912,"species_common":"Elm, American","species_botanical":"Ulmus americana","dbh_inches":15,"crown_radius_m":4,"height_m":9.25,"height_source":"estimated_from_dbh","in_park":false}},{"type":"Feature","geometry":{"type":"Point","coordinates":[-71.0582,42.350887]},"properties":{"id":7914,"species_common":"Ginkgo","species_botanical":"Ginkgo biloba","dbh_inches":2,"crown_radius_m":1.5,"height_m":4.7,"height_source":"estimated_from_dbh","in_park":false}},{"type":"Feature","geometry":{"type":"Point","coordinates":[-71.05637,42.3519]},"properties":{"id":7915,"species_common":"Zelkova, Japanese","species_botanical":"Zelkova serrata","dbh_inches":1,"crown_radius_m":1.5,"height_m":4.35,"height_source":"estimated_from_dbh","in_park":false}},{"type":"Feature","geometry":{"type":"Point","coordinates":[-71.05751,42.35216]},"properties":{"id":7916,"species_common":"Honeylocust","species_botanical":"Gleditsia triacanthos","dbh_inches":8,"crown_radius_m":2.13,"height_m":6.8,"height_source":"estimated_from_dbh","in_park":false}},{"type":"Feature","geometry":{"type":"Point","coordinates":[-71.057785,42.350693]},"properties":{"id":7917,"species_common":"Ginkgo","species_botanical":"Ginkgo biloba","dbh_inches":2,"crown_radius_m":1.5,"height_m":4.7,"height_source":"estimated_from_dbh","in_park":false}},{"type":"Feature","geometry":{"type":"Point","coordinates":[-71.06056,42.34967]},"properties":{"id":7918,"species_common":"Maple, Red","species_botanical":"Acer rubrum","dbh_inches":15,"crown_radius_m":4,"height_m":9.25,"height_source":"estimated_from_dbh","in_park":false}},{"type":"Feature","geometry":{"type":"Point","coordinates":[-71.06053,42.349792]},"properties":{"id":7920,"species_common":"Maple, Red","species_botanical":"Acer rubrum","dbh_inches":16,"crown_radius_m":4.27,"height_m":9.6,"height_source":"estimated_from_dbh","in_park":false}},{"type":"Feature","geometry":{"type":"Point","coordinates":[-71.05841,42.35206]},"properties":{"id":7924,"species_common":"Serviceberry","species_botanical":"Amelanchier species","dbh_inches":1,"crown_radius_m":1.5,"height_m":4.35,"height_source":"estimated_from_dbh","in_park":false}},{"type":"Feature","geometry":{"type":"Point","coordinates":[-71.058716,42.351845]},"properties":{"id":7926,"species_common":"Ginkgo","species_botanical":"Ginkgo biloba","dbh_inches":12,"crown_radius_m":3.2,"height_m":8.2,"height_source":"estimated_from_dbh","in_park":false}},{"type":"Feature","geometry":{"type":"Point","coordinates":[-71.057396,42.350403]},"properties":{"id":7927,"species_common":"Honeylocust, Thornless","species_botanical":"Gleditsia triacanthos inermis","dbh_inches":2,"crown_radius_m":1.5,"height_m":4.7,"height_source":"estimated_from_dbh","in_park":false}},{"type":"Feature","geometry":{"type":"Point","coordinates":[-71.057076,42.350533]},"properties":{"id":7928,"species_common":"Ginkgo","species_botanical":"Ginkgo biloba","dbh_inches":2,"crown_radius_m":1.5,"height_m":4.7,"height_source":"estimated_from_dbh","in_park":false}},{"type":"Feature","geometry":{"type":"Point","coordinates":[-71.05718,42.35055]},"properties":{"id":7929,"species_common":"Ginkgo","species_botanical":"Ginkgo biloba","dbh_inches":2,"crown_radius_m":1.5,"height_m":4.7,"height_source":"estimated_from_dbh","in_park":false}},{"type":"Feature","geometry":{"type":"Point","coordinates":[-71.05728,42.351955]},"properties":{"id":7930,"species_common":"Honeylocust","species_botanical":"Gleditsia triacanthos","dbh_inches":1,"crown_radius_m":1.5,"height_m":4.35,"height_source":"estimated_from_dbh","in_park":false}},{"type":"Feature","geometry":{"type":"Point","coordinates":[-71.05645,42.35192]},"properties":{"id":7931,"species_common":"Zelkova, Japanese","species_botanical":"Zelkova serrata","dbh_inches":5,"crown_radius_m":1.5,"height_m":5.75,"height_source":"estimated_from_dbh","in_park":false}},{"type":"Feature","geometry":{"type":"Point","coordinates":[-71.05849,42.35203]},"properties":{"id":7932,"species_common":"Elm, American","species_botanical":"Ulmus americana","dbh_inches":13,"crown_radius_m":3.47,"height_m":8.55,"height_source":"estimated_from_dbh","in_park":false}},{"type":"Feature","geometry":{"type":"Point","coordinates":[-71.05663,42.350094]},"properties":{"id":7937,"species_common":"Honeylocust","species_botanical":"Gleditsia triacanthos","dbh_inches":9,"crown_radius_m":2.4,"height_m":7.15,"height_source":"estimated_from_dbh","in_park":false}},{"type":"Feature","geometry":{"type":"Point","coordinates":[-71.056816,42.35023]},"properties":{"id":7938,"species_common":"Elm, Accolade","species_botanical":"Ulmus carpinifolia 'accolade'","dbh_inches":2,"crown_radius_m":1.5,"height_m":4.7,"height_source":"estimated_from_dbh","in_park":false}},{"type":"Feature","geometry":{"type":"Point","coordinates":[-71.05743,42.35214]},"properties":{"id":7939,"species_common":"Honeylocust","species_botanical":"Gleditsia triacanthos","dbh_inches":8,"crown_radius_m":2.13,"height_m":6.8,"height_source":"estimated_from_dbh","in_park":false}},{"type":"Feature","geometry":{"type":"Point","coordinates":[-71.05733,42.351707]},"properties":{"id":7940,"species_common":"Linden, Littleleaf","species_botanical":"Tilia cordata","dbh_inches":3,"crown_radius_m":1.5,"height_m":5.05,"height_source":"estimated_from_dbh","in_park":false}},{"type":"Feature","geometry":{"type":"Point","coordinates":[-71.057724,42.352226]},"properties":{"id":7941,"species_common":"Honeylocust","species_botanical":"Gleditsia triacanthos","dbh_inches":8,"crown_radius_m":2.13,"height_m":6.8,"height_source":"estimated_from_dbh","in_park":false}},{"type":"Feature","geometry":{"type":"Point","coordinates":[-71.05728,42.350925]},"properties":{"id":7943,"species_common":"Oak, Pin","species_botanical":"Quercus palustris","dbh_inches":4,"crown_radius_m":1.5,"height_m":5.4,"height_source":"estimated_from_dbh","in_park":false}},{"type":"Feature","geometry":{"type":"Point","coordinates":[-71.0593,42.35178]},"properties":{"id":7945,"species_common":"Elm, Chinese","species_botanical":"Ulmus parvifolia","dbh_inches":7,"crown_radius_m":1.87,"height_m":6.45,"height_source":"estimated_from_dbh","in_park":false}},{"type":"Feature","geometry":{"type":"Point","coordinates":[-71.05738,42.350494]},"properties":{"id":7946,"species_common":"Honeylocust, Thornless","species_botanical":"Gleditsia triacanthos inermis","dbh_inches":2,"crown_radius_m":1.5,"height_m":4.7,"height_source":"estimated_from_dbh","in_park":false}},{"type":"Feature","geometry":{"type":"Point","coordinates":[-71.05853,42.351997]},"properties":{"id":7947,"species_common":"Elm, American","species_botanical":"Ulmus americana","dbh_inches":17,"crown_radius_m":4.53,"height_m":9.95,"height_source":"estimated_from_dbh","in_park":false}},{"type":"Feature","geometry":{"type":"Point","coordinates":[-71.059525,42.35171]},"properties":{"id":7955,"species_common":"Honeylocust","species_botanical":"Gleditsia triacanthos","dbh_inches":6,"crown_radius_m":1.6,"height_m":6.1,"height_source":"estimated_from_dbh","in_park":false}},{"type":"Feature","geometry":{"type":"Point","coordinates":[-71.063126,42.352238]},"properties":{"id":7957,"species_common":"Honeylocust","species_botanical":"Gleditsia triacanthos","dbh_inches":3,"crown_radius_m":1.5,"height_m":5.05,"height_source":"estimated_from_dbh","in_park":false}},{"type":"Feature","geometry":{"type":"Point","coordinates":[-71.05943,42.351627]},"properties":{"id":7961,"species_common":"Elm, Chinese","species_botanical":"Ulmus parvifolia","dbh_inches":8,"crown_radius_m":2.13,"height_m":6.8,"height_source":"estimated_from_dbh","in_park":false}},{"type":"Feature","geometry":{"type":"Point","coordinates":[-71.062965,42.352253]},"properties":{"id":7970,"species_common":"Honeylocust","species_botanical":"Gleditsia triacanthos","dbh_inches":3,"crown_radius_m":1.5,"height_m":5.05,"height_source":"estimated_from_dbh","in_park":false}},{"type":"Feature","geometry":{"type":"Point","coordinates":[-71.062904,42.35222]},"properties":{"id":7973,"species_common":"Elm, Accolade","species_botanical":"Ulmus carpinifolia 'accolade'","dbh_inches":4,"crown_radius_m":1.5,"height_m":5.4,"height_source":"estimated_from_dbh","in_park":false}},{"type":"Feature","geometry":{"type":"Point","coordinates":[-71.06389,42.353967]},"properties":{"id":7990,"species_common":"Honeylocust","species_botanical":"Gleditsia triacanthos","dbh_inches":10,"crown_radius_m":2.67,"height_m":7.5,"height_source":"estimated_from_dbh","in_park":false}},{"type":"Feature","geometry":{"type":"Point","coordinates":[-71.059,42.354332]},"properties":{"id":8604,"species_common":"Elm, Hybrid","species_botanical":"Ulmus x","dbh_inches":2,"crown_radius_m":1.5,"height_m":4.7,"height_source":"estimated_from_dbh","in_park":false}},{"type":"Feature","geometry":{"type":"Point","coordinates":[-71.05906,42.354385]},"properties":{"id":8608,"species_common":"Honeylocust","species_botanical":"Gleditsia triacanthos","dbh_inches":10,"crown_radius_m":2.67,"height_m":7.5,"height_source":"estimated_from_dbh","in_park":false}},{"type":"Feature","geometry":{"type":"Point","coordinates":[-71.05631,42.354836]},"properties":{"id":8612,"species_common":"Honeylocust","species_botanical":"Gleditsia triacanthos","dbh_inches":5,"crown_radius_m":1.5,"height_m":5.75,"height_source":"estimated_from_dbh","in_park":false}},{"type":"Feature","geometry":{"type":"Point","coordinates":[-71.05629,42.35475]},"properties":{"id":8613,"species_common":"Honeylocust","species_botanical":"Gleditsia triacanthos","dbh_inches":6,"crown_radius_m":1.6,"height_m":6.1,"height_source":"estimated_from_dbh","in_park":false}},{"type":"Feature","geometry":{"type":"Point","coordinates":[-71.05632,42.35493]},"properties":{"id":8615,"species_common":"Honeylocust","species_botanical":"Gleditsia triacanthos","dbh_inches":5,"crown_radius_m":1.5,"height_m":5.75,"height_source":"estimated_from_dbh","in_park":false}},{"type":"Feature","geometry":{"type":"Point","coordinates":[-71.059616,42.35273]},"properties":{"id":8484,"species_common":"Zelkova, Japanese","species_botanical":"Zelkova serrata","dbh_inches":3,"crown_radius_m":1.5,"height_m":5.05,"height_source":"estimated_from_dbh","in_park":false}},{"type":"Feature","geometry":{"type":"Point","coordinates":[-71.06398,42.35376]},"properties":{"id":7992,"species_common":"Cherry, Yoshino","species_botanical":"Prunus x yedoensis","dbh_inches":5,"crown_radius_m":1.5,"height_m":5.75,"height_source":"estimated_from_dbh","in_park":false}},{"type":"Feature","geometry":{"type":"Point","coordinates":[-71.060844,42.353302]},"properties":{"id":8557,"species_common":"Spruce, Blue 'Glauca'","species_botanical":"Picea pungens 'Glauca'","dbh_inches":2,"crown_radius_m":1.5,"height_m":4.7,"height_source":"estimated_from_dbh","in_park":false}},{"type":"Feature","geometry":{"type":"Point","coordinates":[-71.06092,42.35322]},"properties":{"id":8559,"species_common":"Elm, Chinese","species_botanical":"Ulmus parvifolia","dbh_inches":2,"crown_radius_m":1.5,"height_m":4.7,"height_source":"estimated_from_dbh","in_park":false}},{"type":"Feature","geometry":{"type":"Point","coordinates":[-71.061905,42.3537]},"properties":{"id":8569,"species_common":"Elm, Chinese","species_botanical":"Ulmus parvifolia","dbh_inches":6,"crown_radius_m":1.6,"height_m":6.1,"height_source":"estimated_from_dbh","in_park":false}},{"type":"Feature","geometry":{"type":"Point","coordinates":[-71.061806,42.353653]},"properties":{"id":8570,"species_common":"Elm, Chinese","species_botanical":"Ulmus parvifolia","dbh_inches":6,"crown_radius_m":1.6,"height_m":6.1,"height_source":"estimated_from_dbh","in_park":false}},{"type":"Feature","geometry":{"type":"Point","coordinates":[-71.05941,42.3531]},"properties":{"id":8488,"species_common":"Ginkgo","species_botanical":"Ginkgo biloba","dbh_inches":2,"crown_radius_m":1.5,"height_m":4.7,"height_source":"estimated_from_dbh","in_park":false}},{"type":"Feature","geometry":{"type":"Point","coordinates":[-71.05954,42.352783]},"properties":{"id":8489,"species_common":"Empty Pit/Planting Site","species_botanical":"Empty Pit/Planting Site","dbh_inches":null,"crown_radius_m":4,"height_m":8,"height_source":"default","in_park":false}},{"type":"Feature","geometry":{"type":"Point","coordinates":[-71.05802,42.352665]},"properties":{"id":8492,"species_common":"Ginkgo","species_botanical":"Ginkgo biloba","dbh_inches":2,"crown_radius_m":1.5,"height_m":4.7,"height_source":"estimated_from_dbh","in_park":false}},{"type":"Feature","geometry":{"type":"Point","coordinates":[-71.059166,42.353294]},"properties":{"id":8494,"species_common":"Ginkgo","species_botanical":"Ginkgo biloba","dbh_inches":2,"crown_radius_m":1.5,"height_m":4.7,"height_source":"estimated_from_dbh","in_park":false}},{"type":"Feature","geometry":{"type":"Point","coordinates":[-71.05833,42.35252]},"properties":{"id":8505,"species_common":"Ginkgo","species_botanical":"Ginkgo biloba","dbh_inches":2,"crown_radius_m":1.5,"height_m":4.7,"height_source":"estimated_from_dbh","in_park":false}},{"type":"Feature","geometry":{"type":"Point","coordinates":[-71.05848,42.35248]},"properties":{"id":8507,"species_common":"Ginkgo","species_botanical":"Ginkgo biloba","dbh_inches":6,"crown_radius_m":1.6,"height_m":6.1,"height_source":"estimated_from_dbh","in_park":false}},{"type":"Feature","geometry":{"type":"Point","coordinates":[-71.06006,42.35341]},"properties":{"id":8508,"species_common":"Linden, Littleleaf","species_botanical":"Tilia cordata","dbh_inches":14,"crown_radius_m":3.73,"height_m":8.9,"height_source":"estimated_from_dbh","in_park":false}},{"type":"Feature","geometry":{"type":"Point","coordinates":[-71.05837,42.35247]},"properties":{"id":8509,"species_common":"Ginkgo","species_botanical":"Ginkgo biloba","dbh_inches":2,"crown_radius_m":1.5,"height_m":4.7,"height_source":"estimated_from_dbh","in_park":false}},{"type":"Feature","geometry":{"type":"Point","coordinates":[-71.05907,42.353287]},"properties":{"id":8511,"species_common":"Ginkgo","species_botanical":"Ginkgo biloba","dbh_inches":2,"crown_radius_m":1.5,"height_m":4.7,"height_source":"estimated_from_dbh","in_park":false}},{"type":"Feature","geometry":{"type":"Point","coordinates":[-71.05849,42.352524]},"properties":{"id":8516,"species_common":"Ginkgo","species_botanical":"Ginkgo biloba","dbh_inches":2,"crown_radius_m":1.5,"height_m":4.7,"height_source":"estimated_from_dbh","in_park":false}},{"type":"Feature","geometry":{"type":"Point","coordinates":[-71.0594,42.35301]},"properties":{"id":8518,"species_common":"Ginkgo","species_botanical":"Ginkgo biloba","dbh_inches":2,"crown_radius_m":1.5,"height_m":4.7,"height_source":"estimated_from_dbh","in_park":false}},{"type":"Feature","geometry":{"type":"Point","coordinates":[-71.05984,42.3533]},"properties":{"id":8520,"species_common":"Oak, Swamp White","species_botanical":"Quercus bicolor","dbh_inches":2,"crown_radius_m":1.5,"height_m":4.7,"height_source":"estimated_from_dbh","in_park":false}},{"type":"Feature","geometry":{"type":"Point","coordinates":[-71.05978,42.35326]},"properties":{"id":8521,"species_common":"Linden, Littleleaf","species_botanical":"Tilia cordata","dbh_inches":13,"crown_radius_m":3.47,"height_m":8.55,"height_source":"estimated_from_dbh","in_park":false}},{"type":"Feature","geometry":{"type":"Point","coordinates":[-71.05799,42.352905]},"properties":{"id":8523,"species_common":"Ginkgo","species_botanical":"Ginkgo biloba","dbh_inches":2,"crown_radius_m":1.5,"height_m":4.7,"height_source":"estimated_from_dbh","in_park":false}},{"type":"Feature","geometry":{"type":"Point","coordinates":[-71.06045,42.352974]},"properties":{"id":8530,"species_common":"Maple, Red","species_botanical":"Acer rubrum","dbh_inches":3,"crown_radius_m":1.5,"height_m":5.05,"height_source":"estimated_from_dbh","in_park":false}},{"type":"Feature","geometry":{"type":"Point","coordinates":[-71.060486,42.35315]},"properties":{"id":8534,"species_common":"Oak, Bur","species_botanical":"Quercus macrocarpa","dbh_inches":2,"crown_radius_m":1.5,"height_m":4.7,"height_source":"estimated_from_dbh","in_park":false}},{"type":"Feature","geometry":{"type":"Point","coordinates":[-71.06103,42.353275]},"properties":{"id":8539,"species_common":"Elm, Hybrid","species_botanical":"Ulmus x","dbh_inches":4,"crown_radius_m":1.5,"height_m":5.4,"height_source":"estimated_from_dbh","in_park":false}},{"type":"Feature","geometry":{"type":"Point","coordinates":[-71.06097,42.353363]},"properties":{"id":8544,"species_common":"Spruce, Blue 'Glauca'","species_botanical":"Picea pungens 'Glauca'","dbh_inches":2,"crown_radius_m":1.5,"height_m":4.7,"height_source":"estimated_from_dbh","in_park":false}},{"type":"Feature","geometry":{"type":"Point","coordinates":[-71.05964,42.354954]},"properties":{"id":8578,"species_common":"Honeylocust","species_botanical":"Gleditsia triacanthos","dbh_inches":9,"crown_radius_m":2.4,"height_m":7.15,"height_source":"estimated_from_dbh","in_park":false}},{"type":"Feature","geometry":{"type":"Point","coordinates":[-71.05855,42.35253]},"properties":{"id":8469,"species_common":"Ginkgo","species_botanical":"Ginkgo biloba","dbh_inches":2,"crown_radius_m":1.5,"height_m":4.7,"height_source":"estimated_from_dbh","in_park":false}},{"type":"Feature","geometry":{"type":"Point","coordinates":[-71.05945,42.354813]},"properties":{"id":8581,"species_common":"Honeylocust","species_botanical":"Gleditsia triacanthos","dbh_inches":10,"crown_radius_m":2.67,"height_m":7.5,"height_source":"estimated_from_dbh","in_park":false}},{"type":"Feature","geometry":{"type":"Point","coordinates":[-71.06161,42.35355]},"properties":{"id":8582,"species_common":"Elm, Chinese","species_botanical":"Ulmus parvifolia","dbh_inches":4,"crown_radius_m":1.5,"height_m":5.4,"height_source":"estimated_from_dbh","in_park":false}},{"type":"Feature","geometry":{"type":"Point","coordinates":[-71.062744,42.353207]},"properties":{"id":8026,"species_common":"Pear, Callery","species_botanical":"Pyrus calleryana","dbh_inches":6,"crown_radius_m":1.6,"height_m":6.1,"height_source":"estimated_from_dbh","in_park":false}},{"type":"Feature","geometry":{"type":"Point","coordinates":[-71.059364,42.354733]},"properties":{"id":8591,"species_common":"Honeylocust","species_botanical":"Gleditsia triacanthos","dbh_inches":11,"crown_radius_m":2.93,"height_m":7.85,"height_source":"estimated_from_dbh","in_park":false}},{"type":"Feature","geometry":{"type":"Point","coordinates":[-71.05959,42.35492]},"properties":{"id":8592,"species_common":"Honeylocust","species_botanical":"Gleditsia triacanthos","dbh_inches":10,"crown_radius_m":2.67,"height_m":7.5,"height_source":"estimated_from_dbh","in_park":false}},{"type":"Feature","geometry":{"type":"Point","coordinates":[-71.06274,42.353306]},"properties":{"id":8028,"species_common":"Pear, Callery","species_botanical":"Pyrus calleryana","dbh_inches":7,"crown_radius_m":1.87,"height_m":6.45,"height_source":"estimated_from_dbh","in_park":false}},{"type":"Feature","geometry":{"type":"Point","coordinates":[-71.05894,42.35429]},"properties":{"id":8593,"species_common":"Honeylocust","species_botanical":"Gleditsia triacanthos","dbh_inches":6,"crown_radius_m":1.6,"height_m":6.1,"height_source":"estimated_from_dbh","in_park":false}},{"type":"Feature","geometry":{"type":"Point","coordinates":[-71.05955,42.35489]},"properties":{"id":8594,"species_common":"Honeylocust","species_botanical":"Gleditsia triacanthos","dbh_inches":10,"crown_radius_m":2.67,"height_m":7.5,"height_source":"estimated_from_dbh","in_park":false}},{"type":"Feature","geometry":{"type":"Point","coordinates":[-71.06407,42.3533]},"properties":{"id":8032,"species_common":"Pear, Callery","species_botanical":"Pyrus calleryana","dbh_inches":5,"crown_radius_m":1.5,"height_m":5.75,"height_source":"estimated_from_dbh","in_park":false}},{"type":"Feature","geometry":{"type":"Point","coordinates":[-71.06281,42.353302]},"properties":{"id":8034,"species_common":"Pear, Callery","species_botanical":"Pyrus calleryana","dbh_inches":6,"crown_radius_m":1.6,"height_m":6.1,"height_source":"estimated_from_dbh","in_park":false}},{"type":"Feature","geometry":{"type":"Point","coordinates":[-71.05651,42.350834]},"properties":{"id":8035,"species_common":"Linden, Littleleaf","species_botanical":"Empty Pit/Planting Site","dbh_inches":null,"crown_radius_m":4,"height_m":8,"height_source":"default","in_park":false}},{"type":"Feature","geometry":{"type":"Point","coordinates":[-71.0594,42.354774]},"properties":{"id":8597,"species_common":"Honeylocust","species_botanical":"Gleditsia triacanthos","dbh_inches":10,"crown_radius_m":2.67,"height_m":7.5,"height_source":"estimated_from_dbh","in_park":false}},{"type":"Feature","geometry":{"type":"Point","coordinates":[-71.056625,42.350613]},"properties":{"id":8037,"species_common":"Linden, Littleleaf","species_botanical":"Tilia cordata","dbh_inches":5,"crown_radius_m":1.5,"height_m":5.75,"height_source":"estimated_from_dbh","in_park":false}},{"type":"Feature","geometry":{"type":"Point","coordinates":[-71.05659,42.35068]},"properties":{"id":8039,"species_common":"Linden, Littleleaf","species_botanical":"Tilia cordata","dbh_inches":5,"crown_radius_m":1.5,"height_m":5.75,"height_source":"estimated_from_dbh","in_park":false}},{"type":"Feature","geometry":{"type":"Point","coordinates":[-71.05699,42.349903]},"properties":{"id":8040,"species_common":"Linden, Littleleaf","species_botanical":"Tilia cordata","dbh_inches":10,"crown_radius_m":2.67,"height_m":7.5,"height_source":"estimated_from_dbh","in_park":false}},{"type":"Feature","geometry":{"type":"Point","coordinates":[-71.05702,42.34984]},"properties":{"id":8048,"species_common":"Elm, Accolade","species_botanical":"Ulmus carpinifolia 'accolade'","dbh_inches":2,"crown_radius_m":1.5,"height_m":4.7,"height_source":"estimated_from_dbh","in_park":false}},{"type":"Feature","geometry":{"type":"Point","coordinates":[-71.0588,42.35178]},"properties":{"id":7716,"species_common":"Ginkgo","species_botanical":"Ginkgo biloba","dbh_inches":11,"crown_radius_m":2.93,"height_m":7.85,"height_source":"estimated_from_dbh","in_park":false}},{"type":"Feature","geometry":{"type":"Point","coordinates":[-71.06331,42.35044]},"properties":{"id":7795,"species_common":"Zelkova, Japanese","species_botanical":"Zelkova serrata","dbh_inches":3,"crown_radius_m":1.5,"height_m":5.05,"height_source":"estimated_from_dbh","in_park":false}},{"type":"Feature","geometry":{"type":"Point","coordinates":[-71.063385,42.35055]},"properties":{"id":7797,"species_common":"Honeylocust","species_botanical":"Gleditsia triacanthos","dbh_inches":3,"crown_radius_m":1.5,"height_m":5.05,"height_source":"estimated_from_dbh","in_park":false}},{"type":"Feature","geometry":{"type":"Point","coordinates":[-71.06335,42.350704]},"properties":{"id":7799,"species_common":"Honeylocust","species_botanical":"Gleditsia triacanthos","dbh_inches":6,"crown_radius_m":1.6,"height_m":6.1,"height_source":"estimated_from_dbh","in_park":false}},{"type":"Feature","geometry":{"type":"Point","coordinates":[-71.06318,42.350677]},"properties":{"id":7801,"species_common":"Zelkova, Japanese","species_botanical":"Zelkova serrata","dbh_inches":1,"crown_radius_m":1.5,"height_m":4.35,"height_source":"estimated_from_dbh","in_park":false}},{"type":"Feature","geometry":{"type":"Point","coordinates":[-71.063354,42.350765]},"properties":{"id":7802,"species_common":"Honeylocust","species_botanical":"Gleditsia triacanthos","dbh_inches":9,"crown_radius_m":2.4,"height_m":7.15,"height_source":"estimated_from_dbh","in_park":false}},{"type":"Feature","geometry":{"type":"Point","coordinates":[-71.06313,42.350765]},"properties":{"id":7803,"species_common":"Zelkova, Japanese","species_botanical":"Zelkova serrata","dbh_inches":6,"crown_radius_m":1.6,"height_m":6.1,"height_source":"estimated_from_dbh","in_park":false}},{"type":"Feature","geometry":{"type":"Point","coordinates":[-71.06321,42.35063]},"properties":{"id":7805,"species_common":"Zelkova, Japanese","species_botanical":"Zelkova serrata","dbh_inches":5,"crown_radius_m":1.5,"height_m":5.75,"height_source":"estimated_from_dbh","in_park":false}},{"type":"Feature","geometry":{"type":"Point","coordinates":[-71.063416,42.350487]},"properties":{"id":7810,"species_common":"Honeylocust","species_botanical":"Gleditsia triacanthos","dbh_inches":4,"crown_radius_m":1.5,"height_m":5.4,"height_source":"estimated_from_dbh","in_park":false}},{"type":"Feature","geometry":{"type":"Point","coordinates":[-71.064186,42.34872]},"properties":{"id":7815,"species_common":"Honeylocust","species_botanical":"Gleditsia triacanthos","dbh_inches":7,"crown_radius_m":1.87,"height_m":6.45,"height_source":"estimated_from_dbh","in_park":false}},{"type":"Feature","geometry":{"type":"Point","coordinates":[-71.06328,42.350483]},"properties":{"id":7817,"species_common":"Zelkova, Japanese","species_botanical":"Zelkova serrata","dbh_inches":4,"crown_radius_m":1.5,"height_m":5.4,"height_source":"estimated_from_dbh","in_park":false}},{"type":"Feature","geometry":{"type":"Point","coordinates":[-71.06344,42.350418]},"properties":{"id":7818,"species_common":"Honeylocust","species_botanical":"Gleditsia triacanthos","dbh_inches":5,"crown_radius_m":1.5,"height_m":5.75,"height_source":"estimated_from_dbh","in_park":false}},{"type":"Feature","geometry":{"type":"Point","coordinates":[-71.06557,42.351223]},"properties":{"id":7819,"species_common":"Honeylocust","species_botanical":"Gleditsia triacanthos","dbh_inches":4,"crown_radius_m":1.5,"height_m":5.4,"height_source":"estimated_from_dbh","in_park":false}},{"type":"Feature","geometry":{"type":"Point","coordinates":[-71.059875,42.351135]},"properties":{"id":7820,"species_common":"Ginkgo","species_botanical":"Ginkgo biloba","dbh_inches":8,"crown_radius_m":2.13,"height_m":6.8,"height_source":"estimated_from_dbh","in_park":false}},{"type":"Feature","geometry":{"type":"Point","coordinates":[-71.06182,42.35008]},"properties":{"id":7822,"species_common":"Honeylocust, Thornless","species_botanical":"Gleditsia triacanthos inermis","dbh_inches":2,"crown_radius_m":1.5,"height_m":4.7,"height_source":"estimated_from_dbh","in_park":false}},{"type":"Feature","geometry":{"type":"Point","coordinates":[-71.06147,42.35095]},"properties":{"id":7823,"species_common":"Ginkgo","species_botanical":"Ginkgo biloba","dbh_inches":7,"crown_radius_m":1.87,"height_m":6.45,"height_source":"estimated_from_dbh","in_park":false}},{"type":"Feature","geometry":{"type":"Point","coordinates":[-71.063803,42.349148]},"properties":{"id":7824,"species_common":"Hackberry, Northern","species_botanical":"Celtis occidentalis","dbh_inches":2,"crown_radius_m":1.5,"height_m":4.7,"height_source":"estimated_from_dbh","in_park":false}},{"type":"Feature","geometry":{"type":"Point","coordinates":[-71.06375,42.349293]},"properties":{"id":7825,"species_common":"Oak, Hybrid English","species_botanical":"Quercus robur x bicolor","dbh_inches":2,"crown_radius_m":1.5,"height_m":4.7,"height_source":"estimated_from_dbh","in_park":false}},{"type":"Feature","geometry":{"type":"Point","coordinates":[-71.061806,42.350155]},"properties":{"id":7826,"species_common":"Hornbeam, American","species_botanical":"Carpinus caroliniana","dbh_inches":1,"crown_radius_m":1.5,"height_m":4.35,"height_source":"estimated_from_dbh","in_park":false}},{"type":"Feature","geometry":{"type":"Point","coordinates":[-71.06386,42.34887]},"properties":{"id":7828,"species_common":"Pear, Callery","species_botanical":"Pyrus calleryana","dbh_inches":6,"crown_radius_m":1.6,"height_m":6.1,"height_source":"estimated_from_dbh","in_park":false}},{"type":"Feature","geometry":{"type":"Point","coordinates":[-71.06175,42.350292]},"properties":{"id":7829,"species_common":"Linden, Littleleaf","species_botanical":"Tilia cordata","dbh_inches":12,"crown_radius_m":3.2,"height_m":8.2,"height_source":"estimated_from_dbh","in_park":false}},{"type":"Feature","geometry":{"type":"Point","coordinates":[-71.06323,42.350582]},"properties":{"id":7833,"species_common":"Zelkova, Japanese","species_botanical":"Zelkova serrata","dbh_inches":5,"crown_radius_m":1.5,"height_m":5.75,"height_source":"estimated_from_dbh","in_park":false}},{"type":"Feature","geometry":{"type":"Point","coordinates":[-71.063855,42.348793]},"properties":{"id":7835,"species_common":"Honeylocust, Thornless","species_botanical":"Gleditsia triacanthos inermis","dbh_inches":2,"crown_radius_m":1.5,"height_m":4.7,"height_source":"estimated_from_dbh","in_park":false}},{"type":"Feature","geometry":{"type":"Point","coordinates":[-71.06172,42.350346]},"properties":{"id":7836,"species_common":"Linden, Littleleaf","species_botanical":"Tilia cordata","dbh_inches":14,"crown_radius_m":3.73,"height_m":8.9,"height_source":"estimated_from_dbh","in_park":false}},{"type":"Feature","geometry":{"type":"Point","coordinates":[-71.06387,42.348743]},"properties":{"id":7837,"species_common":"Pear, Callery","species_botanical":"Pyrus calleryana","dbh_inches":7,"crown_radius_m":1.87,"height_m":6.45,"height_source":"estimated_from_dbh","in_park":false}},{"type":"Feature","geometry":{"type":"Point","coordinates":[-71.061874,42.35]},"properties":{"id":7838,"species_common":"Oak, Swamp White","species_botanical":"Quercus bicolor","dbh_inches":2,"crown_radius_m":1.5,"height_m":4.7,"height_source":"estimated_from_dbh","in_park":false}},{"type":"Feature","geometry":{"type":"Point","coordinates":[-71.063255,42.350536]},"properties":{"id":7839,"species_common":"Zelkova, Japanese","species_botanical":"Zelkova serrata","dbh_inches":4,"crown_radius_m":1.5,"height_m":5.4,"height_source":"estimated_from_dbh","in_park":false}},{"type":"Feature","geometry":{"type":"Point","coordinates":[-71.06185,42.350044]},"properties":{"id":7840,"species_common":"Honeylocust, Thornless","species_botanical":"Gleditsia triacanthos inermis","dbh_inches":2,"crown_radius_m":1.5,"height_m":4.7,"height_source":"estimated_from_dbh","in_park":false}},{"type":"Feature","geometry":{"type":"Point","coordinates":[-71.06178,42.3502]},"properties":{"id":7841,"species_common":"Elm, prospector","species_botanical":"Ulmus wilsoniana","dbh_inches":2,"crown_radius_m":1.5,"height_m":4.7,"height_source":"estimated_from_dbh","in_park":false}},{"type":"Feature","geometry":{"type":"Point","coordinates":[-71.06415,42.34884]},"properties":{"id":7842,"species_common":"Honeylocust","species_botanical":"Gleditsia triacanthos","dbh_inches":5,"crown_radius_m":1.5,"height_m":5.75,"height_source":"estimated_from_dbh","in_park":false}},{"type":"Feature","geometry":{"type":"Point","coordinates":[-71.062454,42.349373]},"properties":{"id":7845,"species_common":"Honeylocust","species_botanical":"Gleditsia triacanthos","dbh_inches":13,"crown_radius_m":3.47,"height_m":8.55,"height_source":"estimated_from_dbh","in_park":false}},{"type":"Feature","geometry":{"type":"Point","coordinates":[-71.06237,42.348373]},"properties":{"id":7846,"species_common":"Honeylocust","species_botanical":"Gleditsia triacanthos","dbh_inches":12,"crown_radius_m":3.2,"height_m":8.2,"height_source":"estimated_from_dbh","in_park":false}},{"type":"Feature","geometry":{"type":"Point","coordinates":[-71.061806,42.348312]},"properties":{"id":7848,"species_common":"Ginkgo","species_botanical":"Ginkgo biloba","dbh_inches":14,"crown_radius_m":3.73,"height_m":8.9,"height_source":"estimated_from_dbh","in_park":false}},{"type":"Feature","geometry":{"type":"Point","coordinates":[-71.06132,42.349228]},"properties":{"id":7851,"species_common":"Honeylocust","species_botanical":"Gleditsia triacanthos","dbh_inches":9,"crown_radius_m":2.4,"height_m":7.15,"height_source":"estimated_from_dbh","in_park":false}},{"type":"Feature","geometry":{"type":"Point","coordinates":[-71.0594,42.354748]},"properties":{"id":10864,"species_common":"Spruce, Blue 'Glauca'","species_botanical":"Picea pungens 'Glauca'","dbh_inches":2,"crown_radius_m":1.5,"height_m":4.7,"height_source":"estimated_from_dbh","in_park":false}},{"type":"Feature","geometry":{"type":"Point","coordinates":[-71.061892,42.349548]},"properties":{"id":13347,"species_common":"Scheduled Planting Site - Fall 2026","species_botanical":"Scheduled Planting Site - Fall 2026","dbh_inches":null,"crown_radius_m":4,"height_m":8,"height_source":"default","in_park":false}},{"type":"Feature","geometry":{"type":"Point","coordinates":[-71.065125,42.350784]},"properties":{"id":18928,"species_common":"Honeylocust","species_botanical":"Gleditsia triacanthos","dbh_inches":8,"crown_radius_m":2.13,"height_m":6.8,"height_source":"estimated_from_dbh","in_park":false}},{"type":"Feature","geometry":{"type":"Point","coordinates":[-71.05719,42.35141]},"properties":{"id":19145,"species_common":"Oak, Willow","species_botanical":"Quercus phellos","dbh_inches":2,"crown_radius_m":1.5,"height_m":4.7,"height_source":"estimated_from_dbh","in_park":false}},{"type":"Feature","geometry":{"type":"Point","coordinates":[-71.05874,42.353268]},"properties":{"id":19885,"species_common":"Ginkgo","species_botanical":"Ginkgo biloba","dbh_inches":2,"crown_radius_m":1.5,"height_m":4.7,"height_source":"estimated_from_dbh","in_park":false}},{"type":"Feature","geometry":{"type":"Point","coordinates":[-71.0595,42.351097]},"properties":{"id":25975,"species_common":"Pine, Sweet Mountain","species_botanical":"Pinus mugo","dbh_inches":2,"crown_radius_m":1.5,"height_m":4.7,"height_source":"estimated_from_dbh","in_park":false}},{"type":"Feature","geometry":{"type":"Point","coordinates":[-71.05917,42.35124]},"properties":{"id":27342,"species_common":"Pine, Eastern White","species_botanical":"Pinus strobus","dbh_inches":3,"crown_radius_m":1.5,"height_m":5.05,"height_source":"estimated_from_dbh","in_park":false}},{"type":"Feature","geometry":{"type":"Point","coordinates":[-71.06171,42.353607]},"properties":{"id":28437,"species_common":"Empty Pit/Planting Site","species_botanical":"Empty Pit/Planting Site","dbh_inches":null,"crown_radius_m":4,"height_m":8,"height_source":"default","in_park":false}},{"type":"Feature","geometry":{"type":"Point","coordinates":[-71.06283,42.352215]},"properties":{"id":30350,"species_common":"Honeylocust","species_botanical":"Gleditsia triacanthos","dbh_inches":3,"crown_radius_m":1.5,"height_m":5.05,"height_source":"estimated_from_dbh","in_park":false}},{"type":"Feature","geometry":{"type":"Point","coordinates":[-71.05858,42.351967]},"properties":{"id":30215,"species_common":"Serviceberry","species_botanical":"Amelanchier species","dbh_inches":2,"crown_radius_m":1.5,"height_m":4.7,"height_source":"estimated_from_dbh","in_park":false}},{"type":"Feature","geometry":{"type":"Point","coordinates":[-71.05876,42.351826]},"properties":{"id":30252,"species_common":"Serviceberry","species_botanical":"Amelanchier species","dbh_inches":3,"crown_radius_m":1.5,"height_m":5.05,"height_source":"estimated_from_dbh","in_park":false}},{"type":"Feature","geometry":{"type":"Point","coordinates":[-71.060486,42.3496]},"properties":{"id":30899,"species_common":"Ginkgo","species_botanical":"Ginkgo biloba","dbh_inches":2,"crown_radius_m":1.5,"height_m":4.7,"height_source":"estimated_from_dbh","in_park":false}},{"type":"Feature","geometry":{"type":"Point","coordinates":[-71.05725,42.351063]},"properties":{"id":30359,"species_common":"Oak, Pin","species_botanical":"Quercus palustris","dbh_inches":4,"crown_radius_m":1.5,"height_m":5.4,"height_source":"estimated_from_dbh","in_park":false}},{"type":"Feature","geometry":{"type":"Point","coordinates":[-71.060905,42.35333]},"properties":{"id":31781,"species_common":"Spruce, Blue 'Glauca'","species_botanical":"Picea pungens 'Glauca'","dbh_inches":3,"crown_radius_m":1.5,"height_m":5.05,"height_source":"estimated_from_dbh","in_park":false}},{"type":"Feature","geometry":{"type":"Point","coordinates":[-71.06142,42.348248]},"properties":{"id":33220,"species_common":"Ginkgo","species_botanical":"Ginkgo biloba","dbh_inches":10,"crown_radius_m":2.67,"height_m":7.5,"height_source":"estimated_from_dbh","in_park":false}},{"type":"Feature","geometry":{"type":"Point","coordinates":[-71.05673,42.351994]},"properties":{"id":33221,"species_common":"Zelkova, Japanese","species_botanical":"Zelkova serrata","dbh_inches":4,"crown_radius_m":1.5,"height_m":5.4,"height_source":"estimated_from_dbh","in_park":false}},{"type":"Feature","geometry":{"type":"Point","coordinates":[-71.05685,42.352028]},"properties":{"id":33228,"species_common":"Zelkova, Japanese","species_botanical":"Zelkova serrata","dbh_inches":5,"crown_radius_m":1.5,"height_m":5.75,"height_source":"estimated_from_dbh","in_park":false}},{"type":"Feature","geometry":{"type":"Point","coordinates":[-71.05628,42.35467]},"properties":{"id":31173,"species_common":"Honeylocust","species_botanical":"Gleditsia triacanthos","dbh_inches":8,"crown_radius_m":2.13,"height_m":6.8,"height_source":"estimated_from_dbh","in_park":false}},{"type":"Feature","geometry":{"type":"Point","coordinates":[-71.058846,42.353268]},"properties":{"id":30167,"species_common":"Ginkgo","species_botanical":"Ginkgo biloba","dbh_inches":2,"crown_radius_m":1.5,"height_m":4.7,"height_source":"estimated_from_dbh","in_park":false}},{"type":"Feature","geometry":{"type":"Point","coordinates":[-71.0603,42.350037]},"properties":{"id":31825,"species_common":"Ginkgo","species_botanical":"Ginkgo biloba","dbh_inches":2,"crown_radius_m":1.5,"height_m":4.7,"height_source":"estimated_from_dbh","in_park":false}},{"type":"Feature","geometry":{"type":"Point","coordinates":[-71.063995,42.353283]},"properties":{"id":31838,"species_common":"Pear, Callery","species_botanical":"Pyrus calleryana","dbh_inches":5,"crown_radius_m":1.5,"height_m":5.75,"height_source":"estimated_from_dbh","in_park":false}},{"type":"Feature","geometry":{"type":"Point","coordinates":[-71.05582,42.352226]},"properties":{"id":31845,"species_common":"Linden, Littleleaf","species_botanical":"Empty Pit/Planting Site","dbh_inches":null,"crown_radius_m":4,"height_m":8,"height_source":"default","in_park":false}},{"type":"Feature","geometry":{"type":"Point","coordinates":[-71.05967,42.352737]},"properties":{"id":31634,"species_common":"Maple, Red","species_botanical":"Acer rubrum","dbh_inches":3,"crown_radius_m":1.5,"height_m":5.05,"height_source":"estimated_from_dbh","in_park":false}},{"type":"Feature","geometry":{"type":"Point","coordinates":[-71.060776,42.349174]},"properties":{"id":31027,"species_common":"Maple, Red","species_botanical":"Acer rubrum","dbh_inches":22,"crown_radius_m":5.87,"height_m":11.7,"height_source":"estimated_from_dbh","in_park":false}},{"type":"Feature","geometry":{"type":"Point","coordinates":[-71.065544,42.349094]},"properties":{"id":31029,"species_common":"Sweetgum, Common","species_botanical":"Liquidambar styraciflua","dbh_inches":1,"crown_radius_m":1.5,"height_m":4.35,"height_source":"estimated_from_dbh","in_park":false}},{"type":"Feature","geometry":{"type":"Point","coordinates":[-71.05676,42.34984]},"properties":{"id":31034,"species_common":"Honeylocust","species_botanical":"Gleditsia triacanthos","dbh_inches":10,"crown_radius_m":2.67,"height_m":7.5,"height_source":"estimated_from_dbh","in_park":false}},{"type":"Feature","geometry":{"type":"Point","coordinates":[-71.065735,42.34818]},"properties":{"id":31042,"species_common":"Linden, Littleleaf","species_botanical":"Tilia cordata","dbh_inches":17,"crown_radius_m":4.53,"height_m":9.95,"height_source":"estimated_from_dbh","in_park":false}},{"type":"Feature","geometry":{"type":"Point","coordinates":[-71.05679,42.34976]},"properties":{"id":31046,"species_common":"Honeylocust","species_botanical":"Gleditsia triacanthos","dbh_inches":12,"crown_radius_m":3.2,"height_m":8.2,"height_source":"estimated_from_dbh","in_park":false}},{"type":"Feature","geometry":{"type":"Point","coordinates":[-71.05953,42.3516]},"properties":{"id":31649,"species_common":"Elm","species_botanical":"Ulmus species","dbh_inches":10,"crown_radius_m":2.67,"height_m":7.5,"height_source":"estimated_from_dbh","in_park":false}},{"type":"Feature","geometry":{"type":"Point","coordinates":[-71.06037,42.349884]},"properties":{"id":30385,"species_common":"Ginkgo","species_botanical":"Ginkgo biloba","dbh_inches":3,"crown_radius_m":1.5,"height_m":5.05,"height_source":"estimated_from_dbh","in_park":false}},{"type":"Feature","geometry":{"type":"Point","coordinates":[-71.06316,42.350727]},"properties":{"id":31705,"species_common":"Zelkova, Japanese","species_botanical":"Zelkova serrata","dbh_inches":4,"crown_radius_m":1.5,"height_m":5.4,"height_source":"estimated_from_dbh","in_park":false}},{"type":"Feature","geometry":{"type":"Point","coordinates":[-71.06558,42.348957]},"properties":{"id":31715,"species_common":"Sweetgum, Common","species_botanical":"Liquidambar styraciflua","dbh_inches":1,"crown_radius_m":1.5,"height_m":4.35,"height_source":"estimated_from_dbh","in_park":false}},{"type":"Feature","geometry":{"type":"Point","coordinates":[-71.05659,42.350185]},"properties":{"id":31721,"species_common":"Honeylocust","species_botanical":"Gleditsia triacanthos","dbh_inches":10,"crown_radius_m":2.67,"height_m":7.5,"height_source":"estimated_from_dbh","in_park":false}},{"type":"Feature","geometry":{"type":"Point","coordinates":[-71.06202,42.353752]},"properties":{"id":30924,"species_common":"Elm, Chinese","species_botanical":"Ulmus parvifolia","dbh_inches":6,"crown_radius_m":1.6,"height_m":6.1,"height_source":"estimated_from_dbh","in_park":false}},{"type":"Feature","geometry":{"type":"Point","coordinates":[-71.05974,42.352753]},"properties":{"id":30938,"species_common":"Zelkova, Japanese","species_botanical":"Zelkova serrata","dbh_inches":3,"crown_radius_m":1.5,"height_m":5.05,"height_source":"estimated_from_dbh","in_park":false}},{"type":"Feature","geometry":{"type":"Point","coordinates":[-71.058014,42.352768]},"properties":{"id":30940,"species_common":"Ginkgo","species_botanical":"Ginkgo biloba","dbh_inches":2,"crown_radius_m":1.5,"height_m":4.7,"height_source":"estimated_from_dbh","in_park":false}},{"type":"Feature","geometry":{"type":"Point","coordinates":[-71.05898,42.353283]},"properties":{"id":33251,"species_common":"Ginkgo","species_botanical":"Ginkgo biloba","dbh_inches":2,"crown_radius_m":1.5,"height_m":4.7,"height_source":"estimated_from_dbh","in_park":false}},{"type":"Feature","geometry":{"type":"Point","coordinates":[-71.06034,42.353447]},"properties":{"id":33270,"species_common":"Honeylocust, Thornless","species_botanical":"Gleditsia triacanthos inermis","dbh_inches":2,"crown_radius_m":1.5,"height_m":4.7,"height_source":"estimated_from_dbh","in_park":false}},{"type":"Feature","geometry":{"type":"Point","coordinates":[-71.0604,42.35338]},"properties":{"id":33287,"species_common":"Oak, Swamp White","species_botanical":"Quercus bicolor","dbh_inches":2,"crown_radius_m":1.5,"height_m":4.7,"height_source":"estimated_from_dbh","in_park":false}},{"type":"Feature","geometry":{"type":"Point","coordinates":[-71.05866,42.351906]},"properties":{"id":37797,"species_common":"Ginkgo","species_botanical":"Ginkgo biloba","dbh_inches":10,"crown_radius_m":2.67,"height_m":7.5,"height_source":"estimated_from_dbh","in_park":false}},{"type":"Feature","geometry":{"type":"Point","coordinates":[-71.05844,42.352074]},"properties":{"id":37800,"species_common":"Elm, American","species_botanical":"Ulmus americana","dbh_inches":14,"crown_radius_m":3.73,"height_m":8.9,"height_source":"estimated_from_dbh","in_park":false}},{"type":"Feature","geometry":{"type":"Point","coordinates":[-71.06346,42.3548]},"properties":{"id":39243,"species_common":"Empty Pit/Planting Site","species_botanical":"Empty Pit/Planting Site","dbh_inches":null,"crown_radius_m":4,"height_m":8,"height_source":"default","in_park":false}},{"type":"Feature","geometry":{"type":"Point","coordinates":[-71.057291,42.351897]},"properties":{"id":39244,"species_common":"Honeylocust, Thornless","species_botanical":"Gleditsia triacanthos inermis","dbh_inches":2,"crown_radius_m":1.5,"height_m":4.7,"height_source":"estimated_from_dbh","in_park":false}},{"type":"Feature","geometry":{"type":"Point","coordinates":[-71.06191,42.34988]},"properties":{"id":39246,"species_common":"Zelkova, Japanese Green Vase","species_botanical":"Zelkova serrata 'Green Vase'","dbh_inches":2,"crown_radius_m":1.5,"height_m":4.7,"height_source":"estimated_from_dbh","in_park":false}},{"type":"Feature","geometry":{"type":"Point","coordinates":[-71.06553,42.34811]},"properties":{"id":38155,"species_common":"Elm","species_botanical":"Ulmus species","dbh_inches":2,"crown_radius_m":1.5,"height_m":4.7,"height_source":"estimated_from_dbh","in_park":false}},{"type":"Feature","geometry":{"type":"Point","coordinates":[-71.060356,42.35307]},"properties":{"id":39251,"species_common":"Elm, Accolade","species_botanical":"Ulmus carpinifolia 'accolade'","dbh_inches":2,"crown_radius_m":1.5,"height_m":4.7,"height_source":"estimated_from_dbh","in_park":false}},{"type":"Feature","geometry":{"type":"Point","coordinates":[-71.05579,42.351727]},"properties":{"id":39252,"species_common":"Coffeetree, Kentucky","species_botanical":"Gymnocladus dioicus","dbh_inches":5,"crown_radius_m":1.5,"height_m":5.75,"height_source":"estimated_from_dbh","in_park":false}},{"type":"Feature","geometry":{"type":"Point","coordinates":[-71.061579,42.348184]},"properties":{"id":39217,"species_common":"Elm, Hybrid","species_botanical":"Ulmus x","dbh_inches":4,"crown_radius_m":1.5,"height_m":5.4,"height_source":"estimated_from_dbh","in_park":false}},{"type":"Feature","geometry":{"type":"Point","coordinates":[-71.06041,42.3531]},"properties":{"id":39263,"species_common":"Elm, Valley Forge","species_botanical":"Ulmus americana 'Valley Forge'","dbh_inches":2,"crown_radius_m":1.5,"height_m":4.7,"height_source":"estimated_from_dbh","in_park":false}},{"type":"Feature","geometry":{"type":"Point","coordinates":[-71.0605,42.352997]},"properties":{"id":39268,"species_common":"Honeylocust, Thornless","species_botanical":"Gleditsia triacanthos inermis","dbh_inches":2,"crown_radius_m":1.5,"height_m":4.7,"height_source":"estimated_from_dbh","in_park":false}},{"type":"Feature","geometry":{"type":"Point","coordinates":[-71.061226,42.35337]},"properties":{"id":39270,"species_common":"Hackberry, Northern","species_botanical":"Celtis occidentalis","dbh_inches":2,"crown_radius_m":1.5,"height_m":4.7,"height_source":"estimated_from_dbh","in_park":false}},{"type":"Feature","geometry":{"type":"Point","coordinates":[-71.06058,42.35304]},"properties":{"id":39273,"species_common":"Maple, Red 'Red Sunset'","species_botanical":"Acer rubrum 'Red Sunset'","dbh_inches":2,"crown_radius_m":1.5,"height_m":4.7,"height_source":"estimated_from_dbh","in_park":false}},{"type":"Feature","geometry":{"type":"Point","coordinates":[-71.06112,42.35332]},"properties":{"id":39277,"species_common":"Hackberry, Northern","species_botanical":"Celtis occidentalis","dbh_inches":2,"crown_radius_m":1.5,"height_m":4.7,"height_source":"estimated_from_dbh","in_park":false}},{"type":"Feature","geometry":{"type":"Point","coordinates":[-71.06117,42.353344]},"properties":{"id":39278,"species_common":"Hornbeam, American","species_botanical":"Carpinus caroliniana","dbh_inches":2,"crown_radius_m":1.5,"height_m":4.7,"height_source":"estimated_from_dbh","in_park":false}},{"type":"Feature","geometry":{"type":"Point","coordinates":[-71.06049,42.353283]},"properties":{"id":39280,"species_common":"Elm, Valley Forge","species_botanical":"Ulmus americana 'Valley Forge'","dbh_inches":3,"crown_radius_m":1.5,"height_m":5.05,"height_source":"estimated_from_dbh","in_park":false}},{"type":"Feature","geometry":{"type":"Point","coordinates":[-71.05668,42.350006]},"properties":{"id":39257,"species_common":"Empty Pit/Planting Site","species_botanical":"Empty Pit/Planting Site","dbh_inches":null,"crown_radius_m":4,"height_m":8,"height_source":"default","in_park":false}},{"type":"Feature","geometry":{"type":"Point","coordinates":[-71.06014,42.352962]},"properties":{"id":39258,"species_common":"Elm, Valley Forge","species_botanical":"Ulmus americana 'Valley Forge'","dbh_inches":2,"crown_radius_m":1.5,"height_m":4.7,"height_source":"estimated_from_dbh","in_park":false}},{"type":"Feature","geometry":{"type":"Point","coordinates":[-71.064606,42.351826]},"properties":{"id":38043,"species_common":"Honeylocust, Thornless","species_botanical":"Gleditsia triacanthos inermis","dbh_inches":2,"crown_radius_m":1.5,"height_m":4.7,"height_source":"estimated_from_dbh","in_park":false}},{"type":"Feature","geometry":{"type":"Point","coordinates":[-71.06413,42.350914]},"properties":{"id":38055,"species_common":"Coffeetree, Kentucky","species_botanical":"Gymnocladus dioicus","dbh_inches":2,"crown_radius_m":1.5,"height_m":4.7,"height_source":"estimated_from_dbh","in_park":false}},{"type":"Feature","geometry":{"type":"Point","coordinates":[-71.06551,42.349236]},"properties":{"id":38004,"species_common":"Empty Pit/Planting Site","species_botanical":"Empty Pit/Planting Site","dbh_inches":null,"crown_radius_m":4,"height_m":8,"height_source":"default","in_park":false}},{"type":"Feature","geometry":{"type":"Point","coordinates":[-71.06422,42.350925]},"properties":{"id":39223,"species_common":"Pear, Callery 'Chanticleer'","species_botanical":"Pyrus calleryana 'Chanticleer'","dbh_inches":2,"crown_radius_m":1.5,"height_m":4.7,"height_source":"estimated_from_dbh","in_park":false}},{"type":"Feature","geometry":{"type":"Point","coordinates":[-71.061264,42.34963]},"properties":{"id":39225,"species_common":"Hackberry, Northern","species_botanical":"Celtis occidentalis","dbh_inches":3,"crown_radius_m":1.5,"height_m":5.05,"height_source":"estimated_from_dbh","in_park":false}},{"type":"Feature","geometry":{"type":"Point","coordinates":[-71.060265,42.35015]},"properties":{"id":39226,"species_common":"Empty Pit/Planting Site","species_botanical":"Empty Pit/Planting Site","dbh_inches":null,"crown_radius_m":4,"height_m":8,"height_source":"default","in_park":false}},{"type":"Feature","geometry":{"type":"Point","coordinates":[-71.05577,42.351776]},"properties":{"id":39227,"species_common":"Coffeetree, Kentucky","species_botanical":"Gymnocladus dioicus","dbh_inches":5,"crown_radius_m":1.5,"height_m":5.75,"height_source":"estimated_from_dbh","in_park":false}},{"type":"Feature","geometry":{"type":"Point","coordinates":[-71.06188,42.349926]},"properties":{"id":39228,"species_common":"Hackberry, Northern","species_botanical":"Celtis occidentalis","dbh_inches":2,"crown_radius_m":1.5,"height_m":4.7,"height_source":"estimated_from_dbh","in_park":false}},{"type":"Feature","geometry":{"type":"Point","coordinates":[-71.06352,42.3547]},"properties":{"id":39229,"species_common":"Empty Pit/Planting Site","species_botanical":"Empty Pit/Planting Site","dbh_inches":null,"crown_radius_m":4,"height_m":8,"height_source":"default","in_park":false}},{"type":"Feature","geometry":{"type":"Point","coordinates":[-71.0596,42.35171]},"properties":{"id":39231,"species_common":"Empty Pit/Planting Site","species_botanical":"Empty Pit/Planting Site","dbh_inches":null,"crown_radius_m":4,"height_m":8,"height_source":"default","in_park":false}},{"type":"Feature","geometry":{"type":"Point","coordinates":[-71.061592,42.348837]},"properties":{"id":42764,"species_common":"Coffeetree, Kentucky","species_botanical":"Gymnocladus dioicus","dbh_inches":2,"crown_radius_m":1.5,"height_m":4.7,"height_source":"estimated_from_dbh","in_park":false}},{"type":"Feature","geometry":{"type":"Point","coordinates":[-71.061752,42.348421]},"properties":{"id":42765,"species_common":"Pear, Callery 'Chanticleer'","species_botanical":"Pyrus calleryana 'Chanticleer'","dbh_inches":2,"crown_radius_m":1.5,"height_m":4.7,"height_source":"estimated_from_dbh","in_park":false}},{"type":"Feature","geometry":{"type":"Point","coordinates":[-71.061933,42.349438]},"properties":{"id":44735,"species_common":"Hackberry, Northern","species_botanical":"Celtis occidentalis","dbh_inches":2,"crown_radius_m":1.5,"height_m":4.7,"height_source":"estimated_from_dbh","in_park":false}},{"type":"Feature","geometry":{"type":"Point","coordinates":[-71.061988,42.349306]},"properties":{"id":44736,"species_common":"Elm, Chinese","species_botanical":"Ulmus parvifolia","dbh_inches":2,"crown_radius_m":1.5,"height_m":4.7,"height_source":"estimated_from_dbh","in_park":false}},{"type":"Feature","geometry":{"type":"Point","coordinates":[-71.057129,42.350632]},"properties":{"id":44886,"species_common":"Ginkgo","species_botanical":"Ginkgo biloba","dbh_inches":2,"crown_radius_m":1.5,"height_m":4.7,"height_source":"estimated_from_dbh","in_park":false}},{"type":"Feature","geometry":{"type":"Point","coordinates":[-71.056725,42.349915]},"properties":{"id":41770,"species_common":"Empty Pit/Planting Site","species_botanical":"Empty Pit/Planting Site","dbh_inches":null,"crown_radius_m":4,"height_m":8,"height_source":"default","in_park":false}},{"type":"Feature","geometry":{"type":"Point","coordinates":[-71.061243,42.349678]},"properties":{"id":42342,"species_common":"Zelkova, Musashino","species_botanical":"Zelkova serrata 'Musashino'","dbh_inches":3,"crown_radius_m":1.5,"height_m":5.05,"height_source":"estimated_from_dbh","in_park":false}},{"type":"Feature","geometry":{"type":"Point","coordinates":[-71.056208,42.350933]},"properties":{"id":58669,"species_common":"Coffeetree, Kentucky","species_botanical":"Gymnocladus dioicus","dbh_inches":5,"crown_radius_m":1.5,"height_m":5.75,"height_source":"estimated_from_dbh","in_park":false}},{"type":"Feature","geometry":{"type":"Point","coordinates":[-71.056168,42.351036]},"properties":{"id":58670,"species_common":"Coffeetree, Kentucky","species_botanical":"Gymnocladus dioicus","dbh_inches":5,"crown_radius_m":1.5,"height_m":5.75,"height_source":"estimated_from_dbh","in_park":false}},{"type":"Feature","geometry":{"type":"Point","coordinates":[-71.05613,42.351145]},"properties":{"id":58671,"species_common":"Coffeetree, Kentucky","species_botanical":"Gymnocladus dioicus","dbh_inches":5,"crown_radius_m":1.5,"height_m":5.75,"height_source":"estimated_from_dbh","in_park":false}},{"type":"Feature","geometry":{"type":"Point","coordinates":[-71.055841,42.351622]},"properties":{"id":58672,"species_common":"Coffeetree, Kentucky","species_botanical":"Gymnocladus dioicus","dbh_inches":5,"crown_radius_m":1.5,"height_m":5.75,"height_source":"estimated_from_dbh","in_park":false}},{"type":"Feature","geometry":{"type":"Point","coordinates":[-71.05587,42.351561]},"properties":{"id":58673,"species_common":"Coffeetree, Kentucky","species_botanical":"Gymnocladus dioicus","dbh_inches":5,"crown_radius_m":1.5,"height_m":5.75,"height_source":"estimated_from_dbh","in_park":false}},{"type":"Feature","geometry":{"type":"Point","coordinates":[-71.055902,42.351482]},"properties":{"id":58674,"species_common":"Coffeetree, Kentucky","species_botanical":"Gymnocladus dioicus","dbh_inches":5,"crown_radius_m":1.5,"height_m":5.75,"height_source":"estimated_from_dbh","in_park":false}},{"type":"Feature","geometry":{"type":"Point","coordinates":[-71.055935,42.351412]},"properties":{"id":58675,"species_common":"Coffeetree, Kentucky","species_botanical":"Gymnocladus dioicus","dbh_inches":5,"crown_radius_m":1.5,"height_m":5.75,"height_source":"estimated_from_dbh","in_park":false}},{"type":"Feature","geometry":{"type":"Point","coordinates":[-71.055959,42.351355]},"properties":{"id":58676,"species_common":"Coffeetree, Kentucky","species_botanical":"Gymnocladus dioicus","dbh_inches":5,"crown_radius_m":1.5,"height_m":5.75,"height_source":"estimated_from_dbh","in_park":false}},{"type":"Feature","geometry":{"type":"Point","coordinates":[-71.06181,42.353783]},"properties":{"id":7461,"species_common":"Zelkova, Japanese","species_botanical":"Zelkova serrata","dbh_inches":2,"crown_radius_m":1.5,"height_m":4.7,"height_source":"estimated_from_dbh","in_park":false}},{"type":"Feature","geometry":{"type":"Point","coordinates":[-71.061729,42.353738]},"properties":{"id":8564,"species_common":"Zelkova, Japanese","species_botanical":"Zelkova serrata","dbh_inches":2,"crown_radius_m":1.5,"height_m":4.7,"height_source":"estimated_from_dbh","in_park":false}},{"type":"Feature","geometry":{"type":"Point","coordinates":[-71.056238,42.350842]},"properties":{"id":58668,"species_common":"Coffeetree, Kentucky","species_botanical":"Gymnocladus dioicus","dbh_inches":5,"crown_radius_m":1.5,"height_m":5.75,"height_source":"estimated_from_dbh","in_park":false}},{"type":"Feature","geometry":{"type":"Point","coordinates":[-71.061379,42.35118]},"properties":{"id":59148,"species_common":"Serviceberry","species_botanical":"Amelanchier species","dbh_inches":2,"crown_radius_m":1.5,"height_m":4.7,"height_source":"estimated_from_dbh","in_park":false}},{"type":"Feature","geometry":{"type":"Point","coordinates":[-71.0614,42.351122]},"properties":{"id":59149,"species_common":"Serviceberry","species_botanical":"Amelanchier species","dbh_inches":2,"crown_radius_m":1.5,"height_m":4.7,"height_source":"estimated_from_dbh","in_park":false}},{"type":"Feature","geometry":{"type":"Point","coordinates":[-71.05606,42.35171]},"properties":{"id":7986,"species_common":"Apple/Crabapple","species_botanical":"Malus species","dbh_inches":3,"crown_radius_m":1.5,"height_m":5.05,"height_source":"estimated_from_dbh","in_park":false}},{"type":"Feature","geometry":{"type":"Point","coordinates":[-71.05624,42.351376]},"properties":{"id":8019,"species_common":"Apple/Crabapple","species_botanical":"Malus species","dbh_inches":3,"crown_radius_m":1.5,"height_m":5.05,"height_source":"estimated_from_dbh","in_park":false}},{"type":"Feature","geometry":{"type":"Point","coordinates":[-71.05619,42.35145]},"properties":{"id":8011,"species_common":"Apple/Crabapple","species_botanical":"Malus species","dbh_inches":3,"crown_radius_m":1.5,"height_m":5.05,"height_source":"estimated_from_dbh","in_park":false}},{"type":"Feature","geometry":{"type":"Point","coordinates":[-71.056221,42.351411]},"properties":{"id":8008,"species_common":"Apple/Crabapple","species_botanical":"Malus species","dbh_inches":3,"crown_radius_m":1.5,"height_m":5.05,"height_source":"estimated_from_dbh","in_park":false}},{"type":"Feature","geometry":{"type":"Point","coordinates":[-71.064418,42.348399]},"properties":{"id":43070,"species_common":"Maple, Miyabe 'Morton'","species_botanical":"Acer miyabei 'Morton'","dbh_inches":2,"crown_radius_m":1.5,"height_m":4.7,"height_source":"estimated_from_dbh","in_park":false}},{"type":"Feature","geometry":{"type":"Point","coordinates":[-71.064603,42.348425]},"properties":{"id":43071,"species_common":"Oak, Pin","species_botanical":"Quercus palustris","dbh_inches":2,"crown_radius_m":1.5,"height_m":4.7,"height_source":"estimated_from_dbh","in_park":false}},{"type":"Feature","geometry":{"type":"Point","coordinates":[-71.064839,42.348456]},"properties":{"id":43072,"species_common":"Oak, Pin","species_botanical":"Quercus palustris","dbh_inches":2,"crown_radius_m":1.5,"height_m":4.7,"height_source":"estimated_from_dbh","in_park":false}},{"type":"Feature","geometry":{"type":"Point","coordinates":[-71.064295,42.354083]},"properties":{"id":900093340,"species_common":"Cherry, Weeping","species_botanical":"Prunus pendula","dbh_inches":25,"crown_radius_m":6.67,"height_m":12.75,"height_source":"estimated_from_dbh","in_park":true}},{"type":"Feature","geometry":{"type":"Point","coordinates":[-71.064707,42.3539]},"properties":{"id":900093341,"species_common":"Pagoda Tree, Japanese","species_botanical":"Sophora japonica","dbh_inches":24,"crown_radius_m":6.4,"height_m":12.4,"height_source":"estimated_from_dbh","in_park":true}},{"type":"Feature","geometry":{"type":"Point","coordinates":[-71.064557,42.353855]},"properties":{"id":900093342,"species_common":"Linden/Basswood","species_botanical":"Tilia species","dbh_inches":25,"crown_radius_m":6.67,"height_m":12.75,"height_source":"estimated_from_dbh","in_park":true}},{"type":"Feature","geometry":{"type":"Point","coordinates":[-71.064437,42.353832]},"properties":{"id":900093343,"species_common":"Linden/Basswood","species_botanical":"Tilia species","dbh_inches":24,"crown_radius_m":6.4,"height_m":12.4,"height_source":"estimated_from_dbh","in_park":true}},{"type":"Feature","geometry":{"type":"Point","coordinates":[-71.064384,42.35371]},"properties":{"id":900093344,"species_common":"Linden/Basswood","species_botanical":"Tilia species","dbh_inches":20,"crown_radius_m":5.33,"height_m":11,"height_source":"estimated_from_dbh","in_park":true}},{"type":"Feature","geometry":{"type":"Point","coordinates":[-71.064335,42.353777]},"properties":{"id":900093345,"species_common":"Linden/Basswood","species_botanical":"Tilia species","dbh_inches":17,"crown_radius_m":4.53,"height_m":9.95,"height_source":"estimated_from_dbh","in_park":true}},{"type":"Feature","geometry":{"type":"Point","coordinates":[-71.064866,42.35417]},"properties":{"id":900093346,"species_common":"Pagoda Tree, Japanese","species_botanical":"Sophora japonica","dbh_inches":15,"crown_radius_m":4,"height_m":9.25,"height_source":"estimated_from_dbh","in_park":true}},{"type":"Feature","geometry":{"type":"Point","coordinates":[-71.064631,42.353536]},"properties":{"id":900093347,"species_common":"Scotch elm (Wych elm)","species_botanical":"Ulmus glabra","dbh_inches":31,"crown_radius_m":8.27,"height_m":14.85,"height_source":"estimated_from_dbh","in_park":true}},{"type":"Feature","geometry":{"type":"Point","coordinates":[-71.064418,42.35364]},"properties":{"id":900093348,"species_common":"Linden/Basswood","species_botanical":"Tilia species","dbh_inches":20,"crown_radius_m":5.33,"height_m":11,"height_source":"estimated_from_dbh","in_park":true}},{"type":"Feature","geometry":{"type":"Point","coordinates":[-71.065225,42.353892]},"properties":{"id":900093349,"species_common":"Maple, Red","species_botanical":"Acer rubrum","dbh_inches":19,"crown_radius_m":5.07,"height_m":10.65,"height_source":"estimated_from_dbh","in_park":true}},{"type":"Feature","geometry":{"type":"Point","coordinates":[-71.065096,42.353991]},"properties":{"id":900093350,"species_common":"Maple, Red","species_botanical":"Acer rubrum","dbh_inches":20,"crown_radius_m":5.33,"height_m":11,"height_source":"estimated_from_dbh","in_park":true}},{"type":"Feature","geometry":{"type":"Point","coordinates":[-71.064854,42.35396]},"properties":{"id":900093351,"species_common":"Pagoda Tree, Japanese","species_botanical":"Sophora japonica","dbh_inches":25,"crown_radius_m":6.67,"height_m":12.75,"height_source":"estimated_from_dbh","in_park":true}},{"type":"Feature","geometry":{"type":"Point","coordinates":[-71.065348,42.353789]},"properties":{"id":900093352,"species_common":"Maple, Red","species_botanical":"Acer rubrum","dbh_inches":21,"crown_radius_m":5.6,"height_m":11.35,"height_source":"estimated_from_dbh","in_park":true}},{"type":"Feature","geometry":{"type":"Point","coordinates":[-71.064802,42.353201]},"properties":{"id":900093365,"species_common":"Pagoda Tree, Japanese","species_botanical":"Sophora japonica","dbh_inches":19,"crown_radius_m":5.07,"height_m":10.65,"height_source":"estimated_from_dbh","in_park":true}},{"type":"Feature","geometry":{"type":"Point","coordinates":[-71.06524,42.353051]},"properties":{"id":900093366,"species_common":"Maple, Tatar","species_botanical":"Acer tataricum","dbh_inches":21,"crown_radius_m":5.6,"height_m":11.35,"height_source":"estimated_from_dbh","in_park":true}},{"type":"Feature","geometry":{"type":"Point","coordinates":[-71.065235,42.352968]},"properties":{"id":900093367,"species_common":"Ginkgo","species_botanical":"Ginkgo biloba","dbh_inches":12,"crown_radius_m":3.2,"height_m":8.2,"height_source":"estimated_from_dbh","in_park":true}},{"type":"Feature","geometry":{"type":"Point","coordinates":[-71.065098,42.352928]},"properties":{"id":900093368,"species_common":"Maple, Tatar","species_botanical":"Acer tataricum","dbh_inches":22,"crown_radius_m":5.87,"height_m":11.7,"height_source":"estimated_from_dbh","in_park":true}},{"type":"Feature","geometry":{"type":"Point","coordinates":[-71.06513,42.352852]},"properties":{"id":900093369,"species_common":"Horsechestnut","species_botanical":"Aesculus hippocastanum","dbh_inches":15,"crown_radius_m":4,"height_m":9.25,"height_source":"estimated_from_dbh","in_park":true}},{"type":"Feature","geometry":{"type":"Point","coordinates":[-71.065146,42.352785]},"properties":{"id":900093370,"species_common":"Maple, Tatar","species_botanical":"Acer tataricum","dbh_inches":18,"crown_radius_m":4.8,"height_m":10.3,"height_source":"estimated_from_dbh","in_park":true}},{"type":"Feature","geometry":{"type":"Point","coordinates":[-71.065012,42.352581]},"properties":{"id":900093371,"species_common":"Linden/Basswood","species_botanical":"Tilia species","dbh_inches":30,"crown_radius_m":8,"height_m":14.5,"height_source":"estimated_from_dbh","in_park":true}},{"type":"Feature","geometry":{"type":"Point","coordinates":[-71.065574,42.35266]},"properties":{"id":900093372,"species_common":"Oak, Northern Red","species_botanical":"Quercus rubra","dbh_inches":28,"crown_radius_m":7.47,"height_m":13.8,"height_source":"estimated_from_dbh","in_park":true}},{"type":"Feature","geometry":{"type":"Point","coordinates":[-71.065361,42.352587]},"properties":{"id":900093373,"species_common":"Elm, Slippery","species_botanical":"Ulmus rubra","dbh_inches":32,"crown_radius_m":8.53,"height_m":15.2,"height_source":"estimated_from_dbh","in_park":true}},{"type":"Feature","geometry":{"type":"Point","coordinates":[-71.065562,42.352849]},"properties":{"id":900093374,"species_common":"Linden/Basswood","species_botanical":"Tilia species","dbh_inches":30,"crown_radius_m":8,"height_m":14.5,"height_source":"estimated_from_dbh","in_park":true}},{"type":"Feature","geometry":{"type":"Point","coordinates":[-71.065693,42.352784]},"properties":{"id":900093375,"species_common":"Linden/Basswood","species_botanical":"Tilia species","dbh_inches":25,"crown_radius_m":6.67,"height_m":12.75,"height_source":"estimated_from_dbh","in_park":true}},{"type":"Feature","geometry":{"type":"Point","coordinates":[-71.065538,42.352973]},"properties":{"id":900093376,"species_common":"Linden/Basswood","species_botanical":"Tilia species","dbh_inches":25,"crown_radius_m":6.67,"height_m":12.75,"height_source":"estimated_from_dbh","in_park":true}},{"type":"Feature","geometry":{"type":"Point","coordinates":[-71.065477,42.353205]},"properties":{"id":900093377,"species_common":"Linden/Basswood","species_botanical":"Tilia species","dbh_inches":34,"crown_radius_m":9.07,"height_m":15.9,"height_source":"estimated_from_dbh","in_park":true}},{"type":"Feature","geometry":{"type":"Point","coordinates":[-71.065504,42.353066]},"properties":{"id":900093378,"species_common":"Linden/Basswood","species_botanical":"Tilia species","dbh_inches":32,"crown_radius_m":8.53,"height_m":15.2,"height_source":"estimated_from_dbh","in_park":true}},{"type":"Feature","geometry":{"type":"Point","coordinates":[-71.06556,42.353179]},"properties":{"id":900093379,"species_common":"Ash, Green","species_botanical":"Fraxinus pennsylvanica","dbh_inches":29,"crown_radius_m":7.73,"height_m":14.15,"height_source":"estimated_from_dbh","in_park":true}},{"type":"Feature","geometry":{"type":"Point","coordinates":[-71.065666,42.353013]},"properties":{"id":900093380,"species_common":"Linden/Basswood","species_botanical":"Tilia species","dbh_inches":33,"crown_radius_m":8.8,"height_m":15.55,"height_source":"estimated_from_dbh","in_park":true}},{"type":"Feature","geometry":{"type":"Point","coordinates":[-71.065886,42.352873]},"properties":{"id":900093381,"species_common":"Oak, Northern Red","species_botanical":"Quercus rubra","dbh_inches":47,"crown_radius_m":12,"height_m":18,"height_source":"estimated_from_dbh","in_park":true}},{"type":"Feature","geometry":{"type":"Point","coordinates":[-71.065934,42.352923]},"properties":{"id":900093382,"species_common":"Oak, Northern Red","species_botanical":"Quercus rubra","dbh_inches":35,"crown_radius_m":9.33,"height_m":16.25,"height_source":"estimated_from_dbh","in_park":true}},{"type":"Feature","geometry":{"type":"Point","coordinates":[-71.065887,42.352976]},"properties":{"id":900093383,"species_common":"Ash, White","species_botanical":"Fraxinus americana","dbh_inches":19,"crown_radius_m":5.07,"height_m":10.65,"height_source":"estimated_from_dbh","in_park":true}},{"type":"Feature","geometry":{"type":"Point","coordinates":[-71.065896,42.353039]},"properties":{"id":900093384,"species_common":"Oak, Northern Red","species_botanical":"Quercus rubra","dbh_inches":37,"crown_radius_m":9.87,"height_m":16.95,"height_source":"estimated_from_dbh","in_park":true}},{"type":"Feature","geometry":{"type":"Point","coordinates":[-71.065815,42.352996]},"properties":{"id":900093385,"species_common":"Linden, Littleleaf","species_botanical":"Tilia cordata","dbh_inches":28,"crown_radius_m":7.47,"height_m":13.8,"height_source":"estimated_from_dbh","in_park":true}},{"type":"Feature","geometry":{"type":"Point","coordinates":[-71.06581,42.3531]},"properties":{"id":900093386,"species_common":"Linden/Basswood","species_botanical":"Tilia species","dbh_inches":26,"crown_radius_m":6.93,"height_m":13.1,"height_source":"estimated_from_dbh","in_park":true}},{"type":"Feature","geometry":{"type":"Point","coordinates":[-71.065752,42.353164]},"properties":{"id":900093387,"species_common":"Horsechestnut","species_botanical":"Aesculus hippocastanum","dbh_inches":24,"crown_radius_m":6.4,"height_m":12.4,"height_source":"estimated_from_dbh","in_park":true}},{"type":"Feature","geometry":{"type":"Point","coordinates":[-71.065824,42.353219]},"properties":{"id":900093388,"species_common":"Ash, White","species_botanical":"Fraxinus americana","dbh_inches":29,"crown_radius_m":7.73,"height_m":14.15,"height_source":"estimated_from_dbh","in_park":true}},{"type":"Feature","geometry":{"type":"Point","coordinates":[-71.065947,42.352597]},"properties":{"id":900093394,"species_common":"Linden/Basswood","species_botanical":"Tilia species","dbh_inches":23,"crown_radius_m":6.13,"height_m":12.05,"height_source":"estimated_from_dbh","in_park":true}},{"type":"Feature","geometry":{"type":"Point","coordinates":[-71.065812,42.352589]},"properties":{"id":900093395,"species_common":"Linden/Basswood","species_botanical":"Tilia species","dbh_inches":23,"crown_radius_m":6.13,"height_m":12.05,"height_source":"estimated_from_dbh","in_park":true}},{"type":"Feature","geometry":{"type":"Point","coordinates":[-71.065688,42.352573]},"properties":{"id":900093396,"species_common":"Linden/Basswood","species_botanical":"Tilia species","dbh_inches":23,"crown_radius_m":6.13,"height_m":12.05,"height_source":"estimated_from_dbh","in_park":true}},{"type":"Feature","geometry":{"type":"Point","coordinates":[-71.065912,42.353451]},"properties":{"id":900093415,"species_common":"Elm","species_botanical":"Ulmus species","dbh_inches":47,"crown_radius_m":12,"height_m":18,"height_source":"estimated_from_dbh","in_park":true}},{"type":"Feature","geometry":{"type":"Point","coordinates":[-71.065981,42.354061]},"properties":{"id":900093426,"species_common":"Maple, Sugar","species_botanical":"Acer saccharum","dbh_inches":12,"crown_radius_m":3.2,"height_m":8.2,"height_source":"estimated_from_dbh","in_park":true}},{"type":"Feature","geometry":{"type":"Point","coordinates":[-71.061334,42.351289]},"properties":{"id":59145,"species_common":"Serviceberry","species_botanical":"Amelanchier species","dbh_inches":2,"crown_radius_m":1.5,"height_m":4.7,"height_source":"estimated_from_dbh","in_park":false}},{"type":"Feature","geometry":{"type":"Point","coordinates":[-71.061353,42.35124]},"properties":{"id":59146,"species_common":"Serviceberry","species_botanical":"Amelanchier species","dbh_inches":2,"crown_radius_m":1.5,"height_m":4.7,"height_source":"estimated_from_dbh","in_park":false}},{"type":"Feature","geometry":{"type":"Point","coordinates":[-71.063827,42.35478]},"properties":{"id":900093327,"species_common":"Linden, Littleleaf","species_botanical":"Tilia cordata","dbh_inches":24,"crown_radius_m":6.4,"height_m":12.4,"height_source":"estimated_from_dbh","in_park":true}},{"type":"Feature","geometry":{"type":"Point","coordinates":[-71.064038,42.354523]},"properties":{"id":900093328,"species_common":"Elm, English","species_botanical":"Ulmus procera","dbh_inches":52,"crown_radius_m":12,"height_m":18,"height_source":"estimated_from_dbh","in_park":true}},{"type":"Feature","geometry":{"type":"Point","coordinates":[-71.064134,42.35427]},"properties":{"id":900093329,"species_common":"Linden, Littleleaf","species_botanical":"Tilia cordata","dbh_inches":20,"crown_radius_m":5.33,"height_m":11,"height_source":"estimated_from_dbh","in_park":true}},{"type":"Feature","geometry":{"type":"Point","coordinates":[-71.064036,42.354399]},"properties":{"id":900093330,"species_common":"Linden, Littleleaf","species_botanical":"Tilia cordata","dbh_inches":25,"crown_radius_m":6.67,"height_m":12.75,"height_source":"estimated_from_dbh","in_park":true}},{"type":"Feature","geometry":{"type":"Point","coordinates":[-71.064264,42.354284]},"properties":{"id":900093331,"species_common":"Elm, English","species_botanical":"Ulmus procera","dbh_inches":56,"crown_radius_m":12,"height_m":18,"height_source":"estimated_from_dbh","in_park":true}},{"type":"Feature","geometry":{"type":"Point","coordinates":[-71.064696,42.354303]},"properties":{"id":900093332,"species_common":"Maple, Red","species_botanical":"Acer rubrum","dbh_inches":21,"crown_radius_m":5.6,"height_m":11.35,"height_source":"estimated_from_dbh","in_park":true}},{"type":"Feature","geometry":{"type":"Point","coordinates":[-71.06455,42.354166]},"properties":{"id":900093333,"species_common":"Linden, Littleleaf","species_botanical":"Tilia cordata","dbh_inches":5,"crown_radius_m":1.5,"height_m":5.75,"height_source":"estimated_from_dbh","in_park":true}},{"type":"Feature","geometry":{"type":"Point","coordinates":[-71.064526,42.354119]},"properties":{"id":900093334,"species_common":"Linden, Littleleaf","species_botanical":"Tilia cordata","dbh_inches":33,"crown_radius_m":8.8,"height_m":15.55,"height_source":"estimated_from_dbh","in_park":true}},{"type":"Feature","geometry":{"type":"Point","coordinates":[-71.064724,42.354002]},"properties":{"id":900093335,"species_common":"Pagoda Tree, Japanese","species_botanical":"Sophora japonica","dbh_inches":22,"crown_radius_m":5.87,"height_m":11.7,"height_source":"estimated_from_dbh","in_park":true}},{"type":"Feature","geometry":{"type":"Point","coordinates":[-71.064614,42.353966]},"properties":{"id":900093336,"species_common":"Linden/Basswood","species_botanical":"Tilia species","dbh_inches":27,"crown_radius_m":7.2,"height_m":13.45,"height_source":"estimated_from_dbh","in_park":true}},{"type":"Feature","geometry":{"type":"Point","coordinates":[-71.064336,42.353881]},"properties":{"id":900093337,"species_common":"Linden, Littleleaf","species_botanical":"Tilia cordata","dbh_inches":26,"crown_radius_m":6.93,"height_m":13.1,"height_source":"estimated_from_dbh","in_park":true}},{"type":"Feature","geometry":{"type":"Point","coordinates":[-71.064319,42.353945]},"properties":{"id":900093338,"species_common":"Linden, Littleleaf","species_botanical":"Tilia cordata","dbh_inches":25,"crown_radius_m":6.67,"height_m":12.75,"height_source":"estimated_from_dbh","in_park":true}},{"type":"Feature","geometry":{"type":"Point","coordinates":[-71.064178,42.354172]},"properties":{"id":900093339,"species_common":"Linden, Littleleaf","species_botanical":"Tilia cordata","dbh_inches":23,"crown_radius_m":6.13,"height_m":12.05,"height_source":"estimated_from_dbh","in_park":true}},{"type":"Feature","geometry":{"type":"Point","coordinates":[-71.065488,42.353665]},"properties":{"id":900093353,"species_common":"Maple, Red","species_botanical":"Acer rubrum","dbh_inches":19,"crown_radius_m":5.07,"height_m":10.65,"height_source":"estimated_from_dbh","in_park":true}},{"type":"Feature","geometry":{"type":"Point","coordinates":[-71.065448,42.353508]},"properties":{"id":900093354,"species_common":"Elm","species_botanical":"Ulmus species","dbh_inches":45,"crown_radius_m":12,"height_m":18,"height_source":"estimated_from_dbh","in_park":true}},{"type":"Feature","geometry":{"type":"Point","coordinates":[-71.0653,42.353439]},"properties":{"id":900093355,"species_common":"Elm","species_botanical":"Ulmus species","dbh_inches":26,"crown_radius_m":6.93,"height_m":13.1,"height_source":"estimated_from_dbh","in_park":true}},{"type":"Feature","geometry":{"type":"Point","coordinates":[-71.064946,42.353478]},"properties":{"id":900093356,"species_common":"Horsechestnut","species_botanical":"Aesculus hippocastanum","dbh_inches":22,"crown_radius_m":5.87,"height_m":11.7,"height_source":"estimated_from_dbh","in_park":true}},{"type":"Feature","geometry":{"type":"Point","coordinates":[-71.065168,42.353473]},"properties":{"id":900093357,"species_common":"Elm, English","species_botanical":"Ulmus procera","dbh_inches":38,"crown_radius_m":10.13,"height_m":17.3,"height_source":"estimated_from_dbh","in_park":true}},{"type":"Feature","geometry":{"type":"Point","coordinates":[-71.065165,42.353156]},"properties":{"id":900093358,"species_common":"Maple, Red","species_botanical":"Acer rubrum","dbh_inches":14,"crown_radius_m":3.73,"height_m":8.9,"height_source":"estimated_from_dbh","in_park":true}},{"type":"Feature","geometry":{"type":"Point","coordinates":[-71.065265,42.353303]},"properties":{"id":900093359,"species_common":"Elm, English","species_botanical":"Ulmus procera","dbh_inches":52,"crown_radius_m":12,"height_m":18,"height_source":"estimated_from_dbh","in_park":true}},{"type":"Feature","geometry":{"type":"Point","coordinates":[-71.064745,42.353015]},"properties":{"id":900093360,"species_common":"Elm, English","species_botanical":"Ulmus procera","dbh_inches":37,"crown_radius_m":9.87,"height_m":16.95,"height_source":"estimated_from_dbh","in_park":true}},{"type":"Feature","geometry":{"type":"Point","coordinates":[-71.065018,42.353243]},"properties":{"id":900093361,"species_common":"Oak, Northern Red","species_botanical":"Quercus rubra","dbh_inches":34,"crown_radius_m":9.07,"height_m":15.9,"height_source":"estimated_from_dbh","in_park":true}},{"type":"Feature","geometry":{"type":"Point","coordinates":[-71.064659,42.353323]},"properties":{"id":900093362,"species_common":"Elm","species_botanical":"Ulmus species","dbh_inches":34,"crown_radius_m":9.07,"height_m":15.9,"height_source":"estimated_from_dbh","in_park":true}},{"type":"Feature","geometry":{"type":"Point","coordinates":[-71.064808,42.353312]},"properties":{"id":900093363,"species_common":"Pagoda Tree, Japanese","species_botanical":"Sophora japonica","dbh_inches":22,"crown_radius_m":5.87,"height_m":11.7,"height_source":"estimated_from_dbh","in_park":true}},{"type":"Feature","geometry":{"type":"Point","coordinates":[-71.064793,42.353107]},"properties":{"id":900093364,"species_common":"Elm, English","species_botanical":"Ulmus procera","dbh_inches":47,"crown_radius_m":12,"height_m":18,"height_source":"estimated_from_dbh","in_park":true}},{"type":"Feature","geometry":{"type":"Point","coordinates":[-71.06527,42.354697]},"properties":{"id":900093128,"species_common":"Ash, Green","species_botanical":"Fraxinus pennsylvanica","dbh_inches":25,"crown_radius_m":6.67,"height_m":12.75,"height_source":"estimated_from_dbh","in_park":true}},{"type":"Feature","geometry":{"type":"Point","coordinates":[-71.065318,42.354771]},"properties":{"id":900093129,"species_common":"Ash, White","species_botanical":"Fraxinus americana","dbh_inches":22,"crown_radius_m":5.87,"height_m":11.7,"height_source":"estimated_from_dbh","in_park":true}},{"type":"Feature","geometry":{"type":"Point","coordinates":[-71.065186,42.354794]},"properties":{"id":900093130,"species_common":"Ash, Green","species_botanical":"Fraxinus pennsylvanica","dbh_inches":22,"crown_radius_m":5.87,"height_m":11.7,"height_source":"estimated_from_dbh","in_park":true}},{"type":"Feature","geometry":{"type":"Point","coordinates":[-71.065309,42.354831]},"properties":{"id":900093131,"species_common":"Ash, White","species_botanical":"Fraxinus americana","dbh_inches":23,"crown_radius_m":6.13,"height_m":12.05,"height_source":"estimated_from_dbh","in_park":true}},{"type":"Feature","geometry":{"type":"Point","coordinates":[-71.06556,42.354843]},"properties":{"id":900093132,"species_common":"Cherry, Sargent","species_botanical":"Prunus sargentii","dbh_inches":38,"crown_radius_m":10.13,"height_m":17.3,"height_source":"estimated_from_dbh","in_park":true}},{"type":"Feature","geometry":{"type":"Point","coordinates":[-71.065418,42.354758]},"properties":{"id":900093133,"species_common":"Maple, Red","species_botanical":"Acer rubrum","dbh_inches":21,"crown_radius_m":5.6,"height_m":11.35,"height_source":"estimated_from_dbh","in_park":true}},{"type":"Feature","geometry":{"type":"Point","coordinates":[-71.065978,42.354972]},"properties":{"id":900093134,"species_common":"Maple, Norway","species_botanical":"Acer platanoides","dbh_inches":21,"crown_radius_m":5.6,"height_m":11.35,"height_source":"estimated_from_dbh","in_park":true}},{"type":"Feature","geometry":{"type":"Point","coordinates":[-71.065735,42.354468]},"properties":{"id":900093135,"species_common":"Elm","species_botanical":"Ulmus species","dbh_inches":40,"crown_radius_m":10.67,"height_m":18,"height_source":"estimated_from_dbh","in_park":true}},{"type":"Feature","geometry":{"type":"Point","coordinates":[-71.065715,42.353939]},"properties":{"id":900093139,"species_common":"Maple, Red","species_botanical":"Acer rubrum","dbh_inches":15,"crown_radius_m":4,"height_m":9.25,"height_source":"estimated_from_dbh","in_park":true}},{"type":"Feature","geometry":{"type":"Point","coordinates":[-71.065889,42.354081]},"properties":{"id":900093140,"species_common":"Maple, Sugar","species_botanical":"Acer saccharum","dbh_inches":15,"crown_radius_m":4,"height_m":9.25,"height_source":"estimated_from_dbh","in_park":true}},{"type":"Feature","geometry":{"type":"Point","coordinates":[-71.065947,42.354146]},"properties":{"id":900093141,"species_common":"Maple, Sugar","species_botanical":"Acer saccharum","dbh_inches":7,"crown_radius_m":1.87,"height_m":6.45,"height_source":"estimated_from_dbh","in_park":true}},{"type":"Feature","geometry":{"type":"Point","coordinates":[-71.065548,42.353866]},"properties":{"id":900093142,"species_common":"Maple, Red","species_botanical":"Acer rubrum","dbh_inches":16,"crown_radius_m":4.27,"height_m":9.6,"height_source":"estimated_from_dbh","in_park":true}},{"type":"Feature","geometry":{"type":"Point","coordinates":[-71.065664,42.35399]},"properties":{"id":900093143,"species_common":"Maple, Red","species_botanical":"Acer rubrum","dbh_inches":15,"crown_radius_m":4,"height_m":9.25,"height_source":"estimated_from_dbh","in_park":true}},{"type":"Feature","geometry":{"type":"Point","coordinates":[-71.065438,42.353867]},"properties":{"id":900093144,"species_common":"Maple, Red","species_botanical":"Acer rubrum","dbh_inches":17,"crown_radius_m":4.53,"height_m":9.95,"height_source":"estimated_from_dbh","in_park":true}},{"type":"Feature","geometry":{"type":"Point","coordinates":[-71.065315,42.35397]},"properties":{"id":900093145,"species_common":"Maple, Red","species_botanical":"Acer rubrum","dbh_inches":20,"crown_radius_m":5.33,"height_m":11,"height_source":"estimated_from_dbh","in_park":true}},{"type":"Feature","geometry":{"type":"Point","coordinates":[-71.065567,42.353756]},"properties":{"id":900093146,"species_common":"Maple, Red","species_botanical":"Acer rubrum","dbh_inches":18,"crown_radius_m":4.8,"height_m":10.3,"height_source":"estimated_from_dbh","in_park":true}},{"type":"Feature","geometry":{"type":"Point","coordinates":[-71.06519,42.354064]},"properties":{"id":900093147,"species_common":"Maple, Red","species_botanical":"Acer rubrum","dbh_inches":18,"crown_radius_m":4.8,"height_m":10.3,"height_source":"estimated_from_dbh","in_park":true}},{"type":"Feature","geometry":{"type":"Point","coordinates":[-71.065041,42.354179]},"properties":{"id":900093148,"species_common":"Maple, Red","species_botanical":"Acer rubrum","dbh_inches":18,"crown_radius_m":4.8,"height_m":10.3,"height_source":"estimated_from_dbh","in_park":true}},{"type":"Feature","geometry":{"type":"Point","coordinates":[-71.065005,42.354458]},"properties":{"id":900093149,"species_common":"Maple, Red","species_botanical":"Acer rubrum","dbh_inches":19,"crown_radius_m":5.07,"height_m":10.65,"height_source":"estimated_from_dbh","in_park":true}},{"type":"Feature","geometry":{"type":"Point","coordinates":[-71.064903,42.354294]},"properties":{"id":900093150,"species_common":"Maple, Red","species_botanical":"Acer rubrum","dbh_inches":16,"crown_radius_m":4.27,"height_m":9.6,"height_source":"estimated_from_dbh","in_park":true}},{"type":"Feature","geometry":{"type":"Point","coordinates":[-71.064899,42.354474]},"properties":{"id":900093151,"species_common":"Pagoda Tree, Japanese","species_botanical":"Sophora japonica","dbh_inches":25,"crown_radius_m":6.67,"height_m":12.75,"height_source":"estimated_from_dbh","in_park":true}},{"type":"Feature","geometry":{"type":"Point","coordinates":[-71.065041,42.354592]},"properties":{"id":900093152,"species_common":"Maple, Red","species_botanical":"Acer rubrum","dbh_inches":19,"crown_radius_m":5.07,"height_m":10.65,"height_source":"estimated_from_dbh","in_park":true}},{"type":"Feature","geometry":{"type":"Point","coordinates":[-71.065202,42.354668]},"properties":{"id":900093153,"species_common":"Ash, Green","species_botanical":"Fraxinus pennsylvanica","dbh_inches":24,"crown_radius_m":6.4,"height_m":12.4,"height_source":"estimated_from_dbh","in_park":true}},{"type":"Feature","geometry":{"type":"Point","coordinates":[-71.065126,42.354751]},"properties":{"id":900093154,"species_common":"Ash, Green","species_botanical":"Fraxinus pennsylvanica","dbh_inches":24,"crown_radius_m":6.4,"height_m":12.4,"height_source":"estimated_from_dbh","in_park":true}},{"type":"Feature","geometry":{"type":"Point","coordinates":[-71.064928,42.354795]},"properties":{"id":900093155,"species_common":"Pagoda Tree, Japanese","species_botanical":"Sophora japonica","dbh_inches":17,"crown_radius_m":4.53,"height_m":9.95,"height_source":"estimated_from_dbh","in_park":true}},{"type":"Feature","geometry":{"type":"Point","coordinates":[-71.064905,42.354661]},"properties":{"id":900093156,"species_common":"Pagoda Tree, Japanese","species_botanical":"Sophora japonica","dbh_inches":28,"crown_radius_m":7.47,"height_m":13.8,"height_source":"estimated_from_dbh","in_park":true}},{"type":"Feature","geometry":{"type":"Point","coordinates":[-71.064721,42.354797]},"properties":{"id":900093157,"species_common":"Hophornbeam, Eastern","species_botanical":"Ostrya virginiana","dbh_inches":2,"crown_radius_m":1.5,"height_m":4.7,"height_source":"estimated_from_dbh","in_park":true}},{"type":"Feature","geometry":{"type":"Point","coordinates":[-71.064807,42.354986]},"properties":{"id":900093158,"species_common":"Pagoda Tree, Japanese","species_botanical":"Sophora japonica","dbh_inches":32,"crown_radius_m":8.53,"height_m":15.2,"height_source":"estimated_from_dbh","in_park":true}},{"type":"Feature","geometry":{"type":"Point","coordinates":[-71.061717,42.349666]},"properties":{"id":900092675,"species_common":"Empty Pit/Planting Site","species_botanical":"Empty Pit/Planting Site","dbh_inches":null,"crown_radius_m":4,"height_m":8,"height_source":"default","in_park":false}},{"type":"Feature","geometry":{"type":"Point","coordinates":[-71.064303,42.354781]},"properties":{"id":900093176,"species_common":"Sweetgum, Common","species_botanical":"Liquidambar styraciflua","dbh_inches":22,"crown_radius_m":5.87,"height_m":11.7,"height_source":"estimated_from_dbh","in_park":true}},{"type":"Feature","geometry":{"type":"Point","coordinates":[-71.064494,42.354621]},"properties":{"id":900093177,"species_common":"Maple, Red","species_botanical":"Acer rubrum","dbh_inches":16,"crown_radius_m":4.27,"height_m":9.6,"height_source":"estimated_from_dbh","in_park":true}},{"type":"Feature","geometry":{"type":"Point","coordinates":[-71.0644,42.354695]},"properties":{"id":900093178,"species_common":"Maple, Red","species_botanical":"Acer rubrum","dbh_inches":17,"crown_radius_m":4.53,"height_m":9.95,"height_source":"estimated_from_dbh","in_park":true}},{"type":"Feature","geometry":{"type":"Point","coordinates":[-71.064595,42.354537]},"properties":{"id":900093179,"species_common":"Maple, Red","species_botanical":"Acer rubrum","dbh_inches":18,"crown_radius_m":4.8,"height_m":10.3,"height_source":"estimated_from_dbh","in_park":true}},{"type":"Feature","geometry":{"type":"Point","coordinates":[-71.064616,42.354392]},"properties":{"id":900093180,"species_common":"Maple, Red","species_botanical":"Acer rubrum","dbh_inches":15,"crown_radius_m":4,"height_m":9.25,"height_source":"estimated_from_dbh","in_park":true}},{"type":"Feature","geometry":{"type":"Point","coordinates":[-71.064699,42.354449]},"properties":{"id":900093181,"species_common":"Elm, English","species_botanical":"Ulmus procera","dbh_inches":33,"crown_radius_m":8.8,"height_m":15.55,"height_source":"estimated_from_dbh","in_park":true}},{"type":"Feature","geometry":{"type":"Point","coordinates":[-71.064507,42.354475]},"properties":{"id":900093182,"species_common":"Maple, Red","species_botanical":"Acer rubrum","dbh_inches":18,"crown_radius_m":4.8,"height_m":10.3,"height_source":"estimated_from_dbh","in_park":true}},{"type":"Feature","geometry":{"type":"Point","coordinates":[-71.064212,42.354713]},"properties":{"id":900093183,"species_common":"Maple, Red","species_botanical":"Acer rubrum","dbh_inches":17,"crown_radius_m":4.53,"height_m":9.95,"height_source":"estimated_from_dbh","in_park":true}},{"type":"Feature","geometry":{"type":"Point","coordinates":[-71.064404,42.354562]},"properties":{"id":900093184,"species_common":"Maple, Red","species_botanical":"Acer rubrum","dbh_inches":18,"crown_radius_m":4.8,"height_m":10.3,"height_source":"estimated_from_dbh","in_park":true}},{"type":"Feature","geometry":{"type":"Point","coordinates":[-71.064316,42.354635]},"properties":{"id":900093185,"species_common":"Maple, Red","species_botanical":"Acer rubrum","dbh_inches":16,"crown_radius_m":4.27,"height_m":9.6,"height_source":"estimated_from_dbh","in_park":true}},{"type":"Feature","geometry":{"type":"Point","coordinates":[-71.063878,42.354707]},"properties":{"id":900093187,"species_common":"Linden, Littleleaf","species_botanical":"Tilia cordata","dbh_inches":26,"crown_radius_m":6.93,"height_m":13.1,"height_source":"estimated_from_dbh","in_park":true}},{"type":"Feature","geometry":{"type":"Point","coordinates":[-71.061401,42.349534]},"properties":{"id":900092676,"species_common":"Empty Pit/Planting Site","species_botanical":"Empty Pit/Planting Site","dbh_inches":null,"crown_radius_m":4,"height_m":8,"height_source":"default","in_park":false}},{"type":"Feature","geometry":{"type":"Point","coordinates":[-71.061499,42.349568]},"properties":{"id":900092677,"species_common":"Empty Pit/Planting Site","species_botanical":"Empty Pit/Planting Site","dbh_inches":null,"crown_radius_m":4,"height_m":8,"height_source":"default","in_park":false}}],"metadata":{"source":"City of Boston Open Data — BPRD Trees","source_url":"https://data.boston.gov/dataset/bprd-trees","extracted_at":"2026-08-24T13:23:58.395Z","bbox":{"west":-71.066,"south":42.348,"east":-71.055,"north":42.355},"count":433,"with_measured_dbh":415,"note":"crown_radius_m and height_m are ESTIMATED from trunk dbh. The source layer carries no crown or height field."}}