{"type":"FeatureCollection","features":[{"type":"Feature","geometry":{"type":"Polygon","coordinates":[[[-71.053074,42.348044],[-71.053125,42.348067],[-71.053258,42.347896],[-71.053215,42.347877],[-71.053199,42.347871],[-71.053154,42.347851],[-71.053109,42.347832],[-71.053065,42.347813],[-71.052932,42.347984],[-71.052946,42.34799],[-71.053019,42.348021],[-71.053058,42.348038],[-71.053074,42.348044]]]},"properties":{"id":"645553-0","height_m":5.72}},{"type":"Feature","geometry":{"type":"Polygon","coordinates":[[[-71.051205,42.349639],[-71.051371,42.349753],[-71.05138,42.349746],[-71.051481,42.349666],[-71.051629,42.349548],[-71.051358,42.349361],[-71.051239,42.349516],[-71.051221,42.349539],[-71.051178,42.349596],[-71.051174,42.349593],[-71.051161,42.349608],[-71.051175,42.349618],[-71.051205,42.349639]]]},"properties":{"id":"646014-0","height_m":21.45}},{"type":"Feature","geometry":{"type":"Polygon","coordinates":[[[-71.063897,42.355518],[-71.063985,42.355561],[-71.064045,42.355494],[-71.063961,42.355453],[-71.063955,42.35545],[-71.063941,42.355466],[-71.063915,42.355453],[-71.063941,42.355424],[-71.06393,42.355419],[-71.063917,42.355413],[-71.06385,42.355381],[-71.063827,42.355408],[-71.063814,42.355401],[-71.063779,42.355441],[-71.063792,42.355448],[-71.063789,42.355452],[-71.06377,42.355473],[-71.063855,42.355514],[-71.063859,42.355516],[-71.063884,42.355488],[-71.063885,42.355489],[-71.06391,42.355501],[-71.063895,42.355517],[-71.063897,42.355518]]]},"properties":{"id":"648348-0","height_m":4.71}},{"type":"Feature","geometry":{"type":"Polygon","coordinates":[[[-71.061991,42.355604],[-71.061986,42.355607],[-71.06198,42.35561],[-71.061976,42.355613],[-71.061971,42.355617],[-71.061968,42.355621],[-71.061965,42.355626],[-71.061963,42.355631],[-71.061961,42.355635],[-71.061961,42.35564],[-71.061961,42.355645],[-71.061961,42.35565],[-71.061963,42.355655],[-71.061965,42.35566],[-71.061968,42.355664],[-71.061972,42.355668],[-71.061976,42.355672],[-71.061981,42.355675],[-71.061935,42.355729],[-71.062344,42.35592],[-71.062495,42.355744],[-71.06214,42.355577],[-71.062137,42.355581],[-71.062083,42.355556],[-71.062043,42.355603],[-71.062036,42.355601],[-71.06203,42.3556],[-71.062023,42.355599],[-71.062017,42.355599],[-71.06201,42.3556],[-71.062004,42.355601],[-71.061997,42.355602],[-71.061991,42.355604]]]},"properties":{"id":"648349-0","height_m":15.88}},{"type":"Feature","geometry":{"type":"Polygon","coordinates":[[[-71.061921,42.356053],[-71.061974,42.356078],[-71.062168,42.35617],[-71.06217,42.356167],[-71.062392,42.355953],[-71.062302,42.355904],[-71.062299,42.355907],[-71.06219,42.355852],[-71.062181,42.355862],[-71.062145,42.355845],[-71.062006,42.355997],[-71.061987,42.355988],[-71.061922,42.356053],[-71.061921,42.356053]]]},"properties":{"id":"648350-0","height_m":30.53}},{"type":"Feature","geometry":{"type":"Polygon","coordinates":[[[-71.053686,42.355756],[-71.053704,42.355772],[-71.054161,42.355496],[-71.054165,42.355493],[-71.054042,42.355365],[-71.054012,42.35536],[-71.053694,42.355661],[-71.053659,42.355694],[-71.053639,42.355713],[-71.053686,42.355756]]]},"properties":{"id":"648351-0","height_m":35.22}},{"type":"Feature","geometry":{"type":"Polygon","coordinates":[[[-71.059394,42.355388],[-71.059975,42.355818],[-71.060328,42.355498],[-71.059749,42.355062],[-71.059394,42.355388]]]},"properties":{"id":"648352-0","height_m":42.6}},{"type":"Feature","geometry":{"type":"Polygon","coordinates":[[[-71.0593,42.355475],[-71.059044,42.355709],[-71.059681,42.356082],[-71.059904,42.355881],[-71.0593,42.355475]]]},"properties":{"id":"648353-0","height_m":208.79}},{"type":"Feature","geometry":{"type":"Polygon","coordinates":[[[-71.067631,42.35615],[-71.067671,42.356222],[-71.067768,42.356192],[-71.067728,42.35612],[-71.067631,42.35615]]]},"properties":{"id":"648355-0","height_m":3.97}},{"type":"Feature","geometry":{"type":"Polygon","coordinates":[[[-71.065814,42.355946],[-71.065834,42.355886],[-71.065748,42.355869],[-71.065751,42.35586],[-71.065641,42.355839],[-71.065637,42.355849],[-71.065552,42.355833],[-71.065531,42.355892],[-71.065617,42.355908],[-71.065613,42.355919],[-71.065723,42.35594],[-71.065727,42.355929],[-71.065814,42.355946]]]},"properties":{"id":"648356-0","height_m":4.84}},{"type":"Feature","geometry":{"type":"Polygon","coordinates":[[[-71.068571,42.35586],[-71.068611,42.355933],[-71.068709,42.355904],[-71.068669,42.355831],[-71.068571,42.35586]]]},"properties":{"id":"648357-0","height_m":4.58}},{"type":"Feature","geometry":{"type":"Polygon","coordinates":[[[-71.054471,42.356914],[-71.054467,42.356918],[-71.054888,42.357251],[-71.055062,42.357127],[-71.055059,42.357124],[-71.055458,42.35691],[-71.055425,42.356877],[-71.055468,42.356854],[-71.055462,42.356847],[-71.055477,42.356839],[-71.055263,42.356621],[-71.055248,42.356629],[-71.05521,42.35659],[-71.055167,42.356614],[-71.055166,42.356612],[-71.055117,42.356562],[-71.055103,42.356549],[-71.05513,42.356534],[-71.055137,42.356541],[-71.055158,42.356529],[-71.055155,42.356526],[-71.055147,42.356517],[-71.055049,42.356417],[-71.055046,42.356414],[-71.05502,42.356388],[-71.055012,42.35638],[-71.054987,42.356355],[-71.05498,42.356347],[-71.054969,42.356336],[-71.054955,42.356322],[-71.054953,42.356319],[-71.054847,42.356211],[-71.054843,42.356207],[-71.054841,42.356205],[-71.054782,42.356238],[-71.054769,42.356244],[-71.054745,42.356257],[-71.054734,42.356263],[-71.05471,42.356276],[-71.054698,42.356283],[-71.054691,42.356287],[-71.054575,42.35635],[-71.054076,42.35662],[-71.0544,42.356877],[-71.054413,42.356868],[-71.05442,42.356873],[-71.054466,42.35691],[-71.054471,42.356914]]]},"properties":{"id":"648755-0","height_m":18.27}},{"type":"Feature","geometry":{"type":"Polygon","coordinates":[[[-71.061725,42.356589],[-71.061738,42.356577],[-71.061742,42.356579],[-71.061748,42.356572],[-71.061746,42.356571],[-71.061756,42.356561],[-71.061759,42.356562],[-71.061794,42.356528],[-71.061797,42.35653],[-71.061812,42.356516],[-71.061808,42.356514],[-71.061937,42.356387],[-71.061943,42.35639],[-71.062003,42.356332],[-71.062009,42.356335],[-71.062096,42.356249],[-71.061828,42.356115],[-71.061817,42.356126],[-71.061817,42.356127],[-71.061805,42.356138],[-71.061814,42.356143],[-71.061492,42.356458],[-71.061725,42.356589]]]},"properties":{"id":"648756-0","height_m":19.42}},{"type":"Feature","geometry":{"type":"Polygon","coordinates":[[[-71.057845,42.356302],[-71.057844,42.356306],[-71.057872,42.356681],[-71.05803,42.356686],[-71.058222,42.356372],[-71.058089,42.356329],[-71.057995,42.356312],[-71.057999,42.356299],[-71.057924,42.3563],[-71.057901,42.356301],[-71.057858,42.356302],[-71.057845,42.356302]]]},"properties":{"id":"648758-0","height_m":38.09}},{"type":"Feature","geometry":{"type":"Polygon","coordinates":[[[-71.057443,42.357531],[-71.057664,42.357544],[-71.057819,42.357565],[-71.057959,42.357588],[-71.058044,42.357604],[-71.05806,42.357583],[-71.058119,42.35751],[-71.058033,42.357473],[-71.05803,42.357477],[-71.057966,42.35745],[-71.05796,42.357457],[-71.057953,42.357454],[-71.057642,42.357461],[-71.057642,42.357452],[-71.057575,42.357454],[-71.057575,42.357448],[-71.057451,42.357451],[-71.05745,42.357469],[-71.057445,42.357513],[-71.057443,42.357531]]]},"properties":{"id":"648763-0","height_m":32.95}},{"type":"Feature","geometry":{"type":"Polygon","coordinates":[[[-71.053848,42.357796],[-71.054043,42.357871],[-71.054297,42.357682],[-71.054246,42.357663],[-71.05424,42.357672],[-71.054098,42.357617],[-71.054105,42.357607],[-71.054086,42.3576],[-71.054083,42.357603],[-71.054069,42.357598],[-71.054071,42.357594],[-71.054053,42.357587],[-71.054051,42.35759],[-71.053987,42.357566],[-71.053939,42.357547],[-71.053822,42.357502],[-71.053738,42.357569],[-71.053723,42.35756],[-71.053543,42.357662],[-71.053541,42.357664],[-71.05354,42.357667],[-71.05354,42.357671],[-71.053541,42.357674],[-71.053543,42.357676],[-71.053545,42.357679],[-71.053549,42.357681],[-71.053813,42.357782],[-71.053848,42.357796]]]},"properties":{"id":"648765-0","height_m":18.06}},{"type":"Feature","geometry":{"type":"Polygon","coordinates":[[[-71.054568,42.35766],[-71.054566,42.357662],[-71.054564,42.357664],[-71.054563,42.357666],[-71.054563,42.357669],[-71.054564,42.357671],[-71.054565,42.357673],[-71.054567,42.357675],[-71.054975,42.357838],[-71.054985,42.357841],[-71.054996,42.357843],[-71.055007,42.357845],[-71.055018,42.357847],[-71.055029,42.357848],[-71.05504,42.357848],[-71.055051,42.357848],[-71.055062,42.357847],[-71.055073,42.357846],[-71.055084,42.357844],[-71.055094,42.357842],[-71.055105,42.357839],[-71.055115,42.357836],[-71.055125,42.357832],[-71.055134,42.357827],[-71.055143,42.357823],[-71.055152,42.357817],[-71.05516,42.357812],[-71.055167,42.357806],[-71.055174,42.357799],[-71.05518,42.357792],[-71.055186,42.357785],[-71.055191,42.357778],[-71.055195,42.35777],[-71.055199,42.357763],[-71.055202,42.357755],[-71.055204,42.357747],[-71.055206,42.357738],[-71.055206,42.35773],[-71.055206,42.357722],[-71.055205,42.357714],[-71.055204,42.357705],[-71.055202,42.357697],[-71.055199,42.357689],[-71.055195,42.357682],[-71.05519,42.357674],[-71.055185,42.357667],[-71.055179,42.35766],[-71.055173,42.357653],[-71.055166,42.357647],[-71.054885,42.357431],[-71.054568,42.35766]]]},"properties":{"id":"648767-0","height_m":47.81}},{"type":"Feature","geometry":{"type":"Polygon","coordinates":[[[-71.053524,42.357104],[-71.053618,42.357207],[-71.053692,42.35717],[-71.053695,42.357174],[-71.053792,42.357126],[-71.053798,42.357106],[-71.053705,42.357003],[-71.053601,42.356889],[-71.053414,42.356982],[-71.053524,42.357104]]]},"properties":{"id":"648768-0","height_m":24.02}},{"type":"Feature","geometry":{"type":"Polygon","coordinates":[[[-71.053364,42.357605],[-71.053362,42.357606],[-71.053383,42.357615],[-71.053405,42.357603],[-71.053403,42.357601],[-71.053418,42.357592],[-71.053605,42.357481],[-71.053608,42.357484],[-71.053627,42.357473],[-71.053559,42.357395],[-71.053456,42.357278],[-71.053429,42.357247],[-71.053257,42.35705],[-71.053233,42.357063],[-71.053196,42.357083],[-71.053149,42.357108],[-71.053022,42.357176],[-71.053006,42.357185],[-71.052995,42.35719],[-71.052985,42.357196],[-71.052975,42.357203],[-71.052966,42.35721],[-71.052957,42.357217],[-71.052949,42.357225],[-71.052942,42.357233],[-71.052935,42.357242],[-71.052896,42.357299],[-71.052836,42.357386],[-71.052832,42.357388],[-71.052819,42.357403],[-71.052842,42.35741],[-71.052845,42.357413],[-71.052915,42.357439],[-71.052941,42.357448],[-71.053082,42.357501],[-71.053124,42.357516],[-71.053364,42.357605]]]},"properties":{"id":"648769-0","height_m":47.17}},{"type":"Feature","geometry":{"type":"Polygon","coordinates":[[[-71.052173,42.35762],[-71.052441,42.357721],[-71.052586,42.357507],[-71.052598,42.357512],[-71.052612,42.357492],[-71.052324,42.357375],[-71.05231,42.357396],[-71.052322,42.3574],[-71.052173,42.35762]]]},"properties":{"id":"648771-0","height_m":32.57}},{"type":"Feature","geometry":{"type":"Polygon","coordinates":[[[-71.058182,42.35703],[-71.058451,42.357142],[-71.058494,42.357085],[-71.058554,42.35711],[-71.058595,42.357056],[-71.058581,42.35705],[-71.058616,42.357003],[-71.058572,42.356984],[-71.058578,42.356976],[-71.058449,42.356922],[-71.0584,42.356902],[-71.058268,42.356847],[-71.058219,42.356911],[-71.058205,42.356905],[-71.058212,42.35689],[-71.058221,42.356892],[-71.058256,42.356846],[-71.058185,42.356833],[-71.058162,42.356904],[-71.058173,42.356906],[-71.058151,42.356932],[-71.058166,42.356938],[-71.058148,42.356961],[-71.058158,42.356965],[-71.058154,42.35697],[-71.058169,42.356977],[-71.058142,42.357014],[-71.058156,42.357019],[-71.058182,42.35703]]]},"properties":{"id":"648772-0","height_m":14.46}},{"type":"Feature","geometry":{"type":"Polygon","coordinates":[[[-71.053941,42.357103],[-71.053947,42.357109],[-71.053954,42.357115],[-71.053961,42.357121],[-71.053968,42.357126],[-71.053976,42.35713],[-71.053985,42.357135],[-71.053994,42.357139],[-71.054003,42.357142],[-71.054013,42.357145],[-71.054022,42.357147],[-71.054032,42.357149],[-71.054043,42.35715],[-71.054053,42.357151],[-71.054063,42.357151],[-71.054073,42.357151],[-71.054084,42.35715],[-71.054094,42.357148],[-71.054104,42.357146],[-71.054113,42.357143],[-71.054123,42.35714],[-71.054132,42.357137],[-71.054347,42.357024],[-71.053977,42.356743],[-71.053969,42.356739],[-71.05396,42.356735],[-71.053951,42.356732],[-71.053941,42.35673],[-71.053931,42.356728],[-71.053921,42.356727],[-71.053911,42.356726],[-71.053901,42.356726],[-71.053891,42.356727],[-71.053881,42.356728],[-71.053872,42.35673],[-71.053862,42.356732],[-71.053853,42.356735],[-71.053633,42.356851],[-71.053895,42.357119],[-71.053936,42.357096],[-71.053941,42.357103]]]},"properties":{"id":"648774-0","height_m":95.93}},{"type":"Feature","geometry":{"type":"Polygon","coordinates":[[[-71.066012,42.357402],[-71.066012,42.357403],[-71.066032,42.357398],[-71.066169,42.357367],[-71.066159,42.357342],[-71.066162,42.357339],[-71.066164,42.357336],[-71.066165,42.357332],[-71.066166,42.357328],[-71.066166,42.357324],[-71.066165,42.35732],[-71.066163,42.357317],[-71.06616,42.357314],[-71.066157,42.357311],[-71.066153,42.357308],[-71.066149,42.357306],[-71.066144,42.357304],[-71.066136,42.357275],[-71.066139,42.357272],[-71.06614,42.357269],[-71.066142,42.357265],[-71.066142,42.357261],[-71.066142,42.357257],[-71.06614,42.357254],[-71.066139,42.35725],[-71.066136,42.357247],[-71.066132,42.357244],[-71.066129,42.357241],[-71.066124,42.35724],[-71.066119,42.357238],[-71.066118,42.357234],[-71.066058,42.357246],[-71.065982,42.357261],[-71.065972,42.357263],[-71.065962,42.357265],[-71.066012,42.357402]]]},"properties":{"id":"648779-0","height_m":18.8}},{"type":"Feature","geometry":{"type":"Polygon","coordinates":[[[-71.054069,42.357481],[-71.054391,42.357611],[-71.054441,42.357576],[-71.054469,42.357556],[-71.054737,42.357367],[-71.05474,42.357363],[-71.054742,42.357359],[-71.054744,42.357355],[-71.054745,42.357351],[-71.054744,42.357347],[-71.054743,42.357343],[-71.054742,42.357339],[-71.054739,42.357335],[-71.054736,42.357332],[-71.054392,42.357053],[-71.054384,42.357046],[-71.054378,42.357049],[-71.05436,42.357059],[-71.054367,42.357066],[-71.054091,42.357212],[-71.054081,42.357203],[-71.054062,42.357216],[-71.054039,42.357206],[-71.053976,42.357213],[-71.053954,42.357238],[-71.053843,42.357148],[-71.053698,42.357219],[-71.053689,42.357212],[-71.053634,42.35724],[-71.053833,42.357381],[-71.053837,42.357378],[-71.053886,42.357345],[-71.053944,42.357394],[-71.053961,42.357408],[-71.054069,42.357481]]]},"properties":{"id":"648782-0","height_m":37.89}},{"type":"Feature","geometry":{"type":"Polygon","coordinates":[[[-71.067541,42.35721],[-71.067562,42.357267],[-71.067632,42.357252],[-71.067611,42.357196],[-71.067541,42.35721]]]},"properties":{"id":"650937-0","height_m":12.98}},{"type":"Feature","geometry":{"type":"Polygon","coordinates":[[[-71.069043,42.35689],[-71.069067,42.356946],[-71.069107,42.356937],[-71.069083,42.35688],[-71.069083,42.35688],[-71.069043,42.35689]]]},"properties":{"id":"650938-0","height_m":4.83}},{"type":"Feature","geometry":{"type":"Polygon","coordinates":[[[-71.069207,42.356763],[-71.069212,42.356778],[-71.069216,42.356777],[-71.069262,42.356768],[-71.069248,42.356743],[-71.069248,42.356743],[-71.069203,42.356752],[-71.069207,42.356763]]]},"properties":{"id":"650939-0","height_m":4.22}},{"type":"Feature","geometry":{"type":"Polygon","coordinates":[[[-71.051492,42.345843],[-71.051784,42.345968],[-71.051994,42.345696],[-71.051698,42.34557],[-71.051488,42.345842],[-71.051492,42.345843]]]},"properties":{"id":"651657-0","height_m":22.52}},{"type":"Feature","geometry":{"type":"Polygon","coordinates":[[[-71.051245,42.346162],[-71.051537,42.346286],[-71.051784,42.345968],[-71.051492,42.345843],[-71.051328,42.346055],[-71.051307,42.346082],[-71.051292,42.346101],[-71.051275,42.346124],[-71.051245,42.346162]]]},"properties":{"id":"651658-0","height_m":22.29}},{"type":"Feature","geometry":{"type":"Polygon","coordinates":[[[-71.051698,42.34557],[-71.051994,42.345696],[-71.052302,42.345298],[-71.052239,42.345271],[-71.052119,42.34522],[-71.052012,42.345174],[-71.052007,42.345172],[-71.051962,42.34523],[-71.051895,42.345317],[-71.051891,42.345322],[-71.051851,42.345373],[-71.05185,42.345375],[-71.051698,42.34557]]]},"properties":{"id":"651659-0","height_m":22.57}},{"type":"Feature","geometry":{"type":"Polygon","coordinates":[[[-71.062752,42.355124],[-71.063051,42.355285],[-71.063077,42.355261],[-71.063092,42.355247],[-71.063118,42.355222],[-71.062812,42.35506],[-71.062752,42.355124]]]},"properties":{"id":"653515-0","height_m":10.92}},{"type":"Feature","geometry":{"type":"Polygon","coordinates":[[[-71.062812,42.35506],[-71.063118,42.355222],[-71.063162,42.355181],[-71.063156,42.355178],[-71.06318,42.355155],[-71.063172,42.35515],[-71.063177,42.355145],[-71.063146,42.355127],[-71.062916,42.355012],[-71.062906,42.355021],[-71.06287,42.354999],[-71.062812,42.35506]]]},"properties":{"id":"653516-0","height_m":23.64}},{"type":"Feature","geometry":{"type":"Polygon","coordinates":[[[-71.062918,42.355416],[-71.062926,42.35542],[-71.062932,42.355414],[-71.062957,42.35539],[-71.062948,42.355385],[-71.063053,42.355286],[-71.063051,42.355285],[-71.062752,42.355124],[-71.062629,42.355254],[-71.062918,42.355416]]]},"properties":{"id":"653517-0","height_m":27.96}},{"type":"Feature","geometry":{"type":"Polygon","coordinates":[[[-71.062527,42.355385],[-71.062524,42.355388],[-71.062573,42.355416],[-71.062586,42.355404],[-71.06281,42.355536],[-71.062829,42.355518],[-71.062816,42.355511],[-71.062918,42.355416],[-71.062629,42.355254],[-71.062527,42.355363],[-71.062542,42.355371],[-71.062527,42.355385]]]},"properties":{"id":"653518-0","height_m":48.14}},{"type":"Feature","geometry":{"type":"Polygon","coordinates":[[[-71.061803,42.356009],[-71.061888,42.35605],[-71.061896,42.356041],[-71.061911,42.356049],[-71.061912,42.356048],[-71.06201,42.355943],[-71.061998,42.355937],[-71.062102,42.355825],[-71.062029,42.355789],[-71.062023,42.355786],[-71.061803,42.356009]]]},"properties":{"id":"653519-0","height_m":18.11}},{"type":"Feature","geometry":{"type":"Polygon","coordinates":[[[-71.058689,42.355514],[-71.058692,42.355515],[-71.058725,42.355531],[-71.058757,42.355548],[-71.058776,42.355558],[-71.059007,42.355333],[-71.058909,42.355286],[-71.058689,42.355514]]]},"properties":{"id":"653520-0","height_m":23.19}},{"type":"Feature","geometry":{"type":"Polygon","coordinates":[[[-71.058606,42.355476],[-71.058626,42.355485],[-71.058659,42.3555],[-71.058689,42.355514],[-71.058909,42.355286],[-71.058907,42.355285],[-71.05881,42.355241],[-71.058606,42.355476]]]},"properties":{"id":"653521-0","height_m":23.3}},{"type":"Feature","geometry":{"type":"Polygon","coordinates":[[[-71.058455,42.355981],[-71.058456,42.355981],[-71.058535,42.356007],[-71.058731,42.355824],[-71.058737,42.355827],[-71.058806,42.355762],[-71.058793,42.355738],[-71.05863,42.355678],[-71.058455,42.355981]]]},"properties":{"id":"653522-0","height_m":18.16}},{"type":"Feature","geometry":{"type":"Polygon","coordinates":[[[-71.058427,42.355409],[-71.058453,42.355417],[-71.058488,42.35543],[-71.058523,42.355443],[-71.058558,42.355456],[-71.058592,42.35547],[-71.058606,42.355476],[-71.05881,42.355241],[-71.058808,42.355241],[-71.058611,42.355156],[-71.058427,42.355409]]]},"properties":{"id":"653523-0","height_m":23.51}},{"type":"Feature","geometry":{"type":"Polygon","coordinates":[[[-71.058355,42.35594],[-71.058455,42.355981],[-71.05863,42.355678],[-71.058491,42.35564],[-71.058355,42.35594]]]},"properties":{"id":"653524-0","height_m":18.83}},{"type":"Feature","geometry":{"type":"Polygon","coordinates":[[[-71.058611,42.355156],[-71.058545,42.355132],[-71.05847,42.355113],[-71.058261,42.355346],[-71.058271,42.355363],[-71.058308,42.355373],[-71.058345,42.355383],[-71.058381,42.355394],[-71.058417,42.355405],[-71.058427,42.355409],[-71.058611,42.355156]]]},"properties":{"id":"653525-0","height_m":23.57}},{"type":"Feature","geometry":{"type":"Polygon","coordinates":[[[-71.058776,42.355558],[-71.058788,42.355565],[-71.058819,42.355582],[-71.05885,42.3556],[-71.05888,42.355618],[-71.05891,42.355637],[-71.058935,42.355634],[-71.059174,42.355412],[-71.059007,42.355333],[-71.058776,42.355558]]]},"properties":{"id":"653526-0","height_m":23.06}},{"type":"Feature","geometry":{"type":"Polygon","coordinates":[[[-71.062048,42.355509],[-71.062577,42.355759],[-71.062586,42.35575],[-71.062621,42.355714],[-71.062627,42.355709],[-71.062657,42.355679],[-71.062664,42.355672],[-71.0627,42.355636],[-71.062715,42.35562],[-71.06269,42.355608],[-71.062647,42.355586],[-71.062635,42.35558],[-71.062598,42.355561],[-71.06259,42.355557],[-71.062554,42.355539],[-71.062547,42.355536],[-71.06251,42.355517],[-71.062502,42.355513],[-71.062452,42.355488],[-71.062435,42.355479],[-71.062426,42.35549],[-71.06242,42.355487],[-71.062382,42.355468],[-71.062374,42.355464],[-71.062343,42.355448],[-71.062339,42.355446],[-71.062304,42.355429],[-71.062294,42.355424],[-71.062263,42.355408],[-71.062256,42.355404],[-71.062224,42.355388],[-71.062218,42.355385],[-71.062187,42.355369],[-71.062152,42.355352],[-71.062022,42.355497],[-71.062048,42.355509]]]},"properties":{"id":"653527-0","height_m":41.21}},{"type":"Feature","geometry":{"type":"Polygon","coordinates":[[[-71.060805,42.355317],[-71.060897,42.355363],[-71.060922,42.355335],[-71.061104,42.355427],[-71.061223,42.355296],[-71.060965,42.355166],[-71.06091,42.355218],[-71.060881,42.355246],[-71.060805,42.355317]]]},"properties":{"id":"653528-0","height_m":37.63}},{"type":"Feature","geometry":{"type":"Polygon","coordinates":[[[-71.061274,42.355319],[-71.061451,42.355406],[-71.061541,42.355305],[-71.061503,42.355286],[-71.061526,42.355261],[-71.061669,42.355111],[-71.061545,42.355046],[-71.061373,42.355233],[-71.061331,42.355215],[-71.06125,42.355309],[-71.061262,42.355314],[-71.061274,42.355319]]]},"properties":{"id":"653529-0","height_m":17.93}},{"type":"Feature","geometry":{"type":"Polygon","coordinates":[[[-71.061583,42.355318],[-71.061647,42.355349],[-71.061699,42.35529],[-71.061714,42.355298],[-71.061766,42.355241],[-71.061816,42.355187],[-71.061815,42.355187],[-71.061819,42.355183],[-71.061745,42.355144],[-71.061678,42.355109],[-71.061673,42.355107],[-71.061669,42.355111],[-71.061526,42.355261],[-71.061599,42.355298],[-71.061583,42.355318]]]},"properties":{"id":"653530-0","height_m":17.93}},{"type":"Feature","geometry":{"type":"Polygon","coordinates":[[[-71.061223,42.355296],[-71.06125,42.355309],[-71.061331,42.355215],[-71.06106,42.355076],[-71.060965,42.355166],[-71.061223,42.355296]]]},"properties":{"id":"653531-0","height_m":8.99}},{"type":"Feature","geometry":{"type":"Polygon","coordinates":[[[-71.061306,42.355475],[-71.061274,42.355513],[-71.061152,42.355453],[-71.061106,42.355503],[-71.061152,42.355527],[-71.06116,42.35552],[-71.06122,42.355552],[-71.061189,42.355587],[-71.061296,42.355636],[-71.061362,42.35557],[-71.061426,42.355601],[-71.061468,42.355554],[-71.061306,42.355475]]]},"properties":{"id":"653532-0","height_m":12.43}},{"type":"Feature","geometry":{"type":"Polygon","coordinates":[[[-71.061103,42.355679],[-71.061295,42.355772],[-71.061413,42.355632],[-71.061403,42.355627],[-71.061426,42.355601],[-71.061362,42.35557],[-71.061296,42.355636],[-71.061189,42.355587],[-71.061103,42.355679]]]},"properties":{"id":"653533-0","height_m":14.82}},{"type":"Feature","geometry":{"type":"Polygon","coordinates":[[[-71.062045,42.355136],[-71.062184,42.355207],[-71.062351,42.355028],[-71.06221,42.35496],[-71.062045,42.355136]]]},"properties":{"id":"653534-0","height_m":19.49}},{"type":"Feature","geometry":{"type":"Polygon","coordinates":[[[-71.062607,42.355127],[-71.062691,42.355175],[-71.062863,42.354997],[-71.062756,42.354945],[-71.062751,42.354949],[-71.06259,42.355118],[-71.062607,42.355127]]]},"properties":{"id":"653535-0","height_m":18.03}},{"type":"Feature","geometry":{"type":"Polygon","coordinates":[[[-71.061706,42.355955],[-71.06171,42.355957],[-71.061714,42.355959],[-71.06171,42.355965],[-71.061803,42.356009],[-71.062023,42.355786],[-71.061986,42.355767],[-71.061994,42.355758],[-71.06194,42.355733],[-71.061932,42.355743],[-71.061927,42.355741],[-71.061706,42.355955]]]},"properties":{"id":"653648-0","height_m":17.69}},{"type":"Feature","geometry":{"type":"Polygon","coordinates":[[[-71.062417,42.355328],[-71.062501,42.355371],[-71.062691,42.355175],[-71.062607,42.355127],[-71.062417,42.355328]]]},"properties":{"id":"653650-0","height_m":18.7}},{"type":"Feature","geometry":{"type":"Polygon","coordinates":[[[-71.062338,42.355287],[-71.062417,42.355328],[-71.062607,42.355127],[-71.06259,42.355118],[-71.062526,42.355082],[-71.062338,42.355287]]]},"properties":{"id":"653651-0","height_m":19.49}},{"type":"Feature","geometry":{"type":"Polygon","coordinates":[[[-71.062184,42.355207],[-71.062275,42.355254],[-71.062438,42.355076],[-71.062357,42.355031],[-71.062351,42.355028],[-71.062184,42.355207]]]},"properties":{"id":"653653-0","height_m":19.49}},{"type":"Feature","geometry":{"type":"Polygon","coordinates":[[[-71.062275,42.355254],[-71.062338,42.355287],[-71.062526,42.355082],[-71.0625,42.355067],[-71.062469,42.355094],[-71.062438,42.355076],[-71.062275,42.355254]]]},"properties":{"id":"653654-0","height_m":19.49}},{"type":"Feature","geometry":{"type":"Polygon","coordinates":[[[-71.057442,42.356291],[-71.057443,42.356326],[-71.057444,42.356352],[-71.057445,42.356363],[-71.057462,42.356363],[-71.057459,42.356413],[-71.057436,42.356414],[-71.057418,42.356666],[-71.057737,42.356675],[-71.057717,42.35642],[-71.057705,42.35642],[-71.057701,42.356354],[-71.057706,42.356354],[-71.057688,42.356089],[-71.057436,42.356097],[-71.057437,42.356116],[-71.057437,42.356138],[-71.057441,42.356251],[-71.057442,42.356291]]]},"properties":{"id":"653739-0","height_m":38.61}},{"type":"Feature","geometry":{"type":"Polygon","coordinates":[[[-71.059423,42.356921],[-71.059622,42.356999],[-71.059742,42.356824],[-71.059674,42.356799],[-71.059701,42.356767],[-71.059676,42.356756],[-71.059697,42.356732],[-71.059708,42.356719],[-71.059627,42.356677],[-71.0595,42.356813],[-71.059423,42.356921]]]},"properties":{"id":"653741-0","height_m":9.35}},{"type":"Feature","geometry":{"type":"Polygon","coordinates":[[[-71.059627,42.356677],[-71.059708,42.356719],[-71.059806,42.356597],[-71.059808,42.356594],[-71.059512,42.356454],[-71.059384,42.356547],[-71.059388,42.356549],[-71.059627,42.356677]]]},"properties":{"id":"653742-0","height_m":9.35}},{"type":"Feature","geometry":{"type":"Polygon","coordinates":[[[-71.059697,42.356732],[-71.059919,42.356841],[-71.060038,42.356696],[-71.059806,42.356597],[-71.059708,42.356719],[-71.059697,42.356732]]]},"properties":{"id":"653743-0","height_m":9.35}},{"type":"Feature","geometry":{"type":"Polygon","coordinates":[[[-71.059622,42.356999],[-71.059751,42.35705],[-71.05987,42.356875],[-71.059885,42.356882],[-71.059919,42.356841],[-71.059697,42.356732],[-71.059676,42.356756],[-71.059701,42.356767],[-71.059674,42.356799],[-71.059742,42.356824],[-71.059622,42.356999]]]},"properties":{"id":"653744-0","height_m":9.35}},{"type":"Feature","geometry":{"type":"Polygon","coordinates":[[[-71.059773,42.357058],[-71.059817,42.357075],[-71.06013,42.356732],[-71.06012,42.356727],[-71.060041,42.356693],[-71.060038,42.356696],[-71.059919,42.356841],[-71.059885,42.356882],[-71.05987,42.356875],[-71.059751,42.35705],[-71.059773,42.357058]]]},"properties":{"id":"653745-0","height_m":9.35}},{"type":"Feature","geometry":{"type":"Polygon","coordinates":[[[-71.051993,42.357561],[-71.052072,42.357592],[-71.052125,42.357518],[-71.052243,42.357349],[-71.052165,42.357319],[-71.052038,42.357493],[-71.051993,42.357561]]]},"properties":{"id":"653746-0","height_m":13.07}},{"type":"Feature","geometry":{"type":"Polygon","coordinates":[[[-71.052861,42.356998],[-71.05292,42.35706],[-71.053087,42.356972],[-71.05314,42.356944],[-71.053143,42.356943],[-71.053149,42.356921],[-71.053143,42.356915],[-71.053132,42.356903],[-71.053099,42.356868],[-71.052861,42.356998]]]},"properties":{"id":"653747-0","height_m":23.16}},{"type":"Feature","geometry":{"type":"Polygon","coordinates":[[[-71.052802,42.356934],[-71.0528,42.356935],[-71.052834,42.35697],[-71.052861,42.356998],[-71.053099,42.356868],[-71.053043,42.356807],[-71.052802,42.356934]]]},"properties":{"id":"653748-0","height_m":19.8}},{"type":"Feature","geometry":{"type":"Polygon","coordinates":[[[-71.052703,42.357094],[-71.05279,42.357129],[-71.052884,42.357079],[-71.052887,42.357078],[-71.05288,42.357071],[-71.052886,42.357069],[-71.052841,42.357022],[-71.052703,42.357094]]]},"properties":{"id":"653749-0","height_m":18.91}},{"type":"Feature","geometry":{"type":"Polygon","coordinates":[[[-71.052767,42.356952],[-71.052629,42.357025],[-71.052631,42.357032],[-71.052633,42.357039],[-71.052637,42.357046],[-71.052641,42.357052],[-71.052645,42.357058],[-71.052651,42.357064],[-71.052657,42.357069],[-71.052663,42.357074],[-71.05267,42.357079],[-71.052677,42.357083],[-71.052685,42.357087],[-71.052694,42.357091],[-71.052702,42.357094],[-71.052703,42.357094],[-71.052841,42.357022],[-71.052771,42.35695],[-71.052767,42.356952]]]},"properties":{"id":"653750-0","height_m":18.85}},{"type":"Feature","geometry":{"type":"Polygon","coordinates":[[[-71.051922,42.357239],[-71.051874,42.357226],[-71.051782,42.357255],[-71.051902,42.357527],[-71.051993,42.357561],[-71.052038,42.357493],[-71.052165,42.357319],[-71.052104,42.357296],[-71.05211,42.357284],[-71.052009,42.357245],[-71.051931,42.357226],[-71.051922,42.357239]]]},"properties":{"id":"653751-0","height_m":14.65}},{"type":"Feature","geometry":{"type":"Polygon","coordinates":[[[-71.054056,42.356326],[-71.05409,42.356359],[-71.054366,42.3562],[-71.054332,42.356167],[-71.05434,42.356162],[-71.053966,42.355804],[-71.053958,42.355809],[-71.053922,42.355774],[-71.053903,42.355785],[-71.053851,42.355814],[-71.053717,42.355892],[-71.053666,42.355922],[-71.053646,42.355933],[-71.053668,42.355953],[-71.053683,42.355968],[-71.053674,42.355973],[-71.053681,42.355981],[-71.054056,42.356326]]]},"properties":{"id":"653752-0","height_m":144.62}},{"type":"Feature","geometry":{"type":"Polygon","coordinates":[[[-71.053563,42.356165],[-71.053694,42.35629],[-71.053846,42.356435],[-71.053899,42.356405],[-71.053943,42.356446],[-71.05403,42.356396],[-71.053994,42.356362],[-71.054039,42.356336],[-71.054056,42.356326],[-71.053681,42.355981],[-71.053626,42.356012],[-71.053586,42.355974],[-71.053582,42.35597],[-71.053496,42.35602],[-71.053498,42.356022],[-71.053507,42.356031],[-71.053514,42.356037],[-71.053537,42.356059],[-71.053501,42.35608],[-71.053484,42.35609],[-71.053492,42.356098],[-71.053527,42.356131],[-71.053548,42.356151],[-71.053563,42.356165]]]},"properties":{"id":"653753-0","height_m":19.82}},{"type":"Feature","geometry":{"type":"Polygon","coordinates":[[[-71.054349,42.356157],[-71.054394,42.356131],[-71.05443,42.356165],[-71.054604,42.356065],[-71.054561,42.356023],[-71.054616,42.355991],[-71.054616,42.355991],[-71.054605,42.35598],[-71.05459,42.355966],[-71.054568,42.355945],[-71.054554,42.355931],[-71.054533,42.355911],[-71.054518,42.355897],[-71.054497,42.355878],[-71.054483,42.355864],[-71.054317,42.355706],[-71.054262,42.355653],[-71.054254,42.355646],[-71.0542,42.355677],[-71.054159,42.355637],[-71.053982,42.355739],[-71.054018,42.355774],[-71.05397,42.355801],[-71.053966,42.355804],[-71.053966,42.355804],[-71.05434,42.356162],[-71.05434,42.356163],[-71.054349,42.356157]]]},"properties":{"id":"653754-0","height_m":25.85}},{"type":"Feature","geometry":{"type":"Polygon","coordinates":[[[-71.059236,42.356682],[-71.0595,42.356813],[-71.059627,42.356677],[-71.059388,42.356549],[-71.059386,42.356551],[-71.059317,42.356611],[-71.059313,42.356615],[-71.059239,42.356679],[-71.059236,42.356682]]]},"properties":{"id":"653755-0","height_m":9.35}},{"type":"Feature","geometry":{"type":"Polygon","coordinates":[[[-71.061269,42.356324],[-71.061266,42.356326],[-71.061276,42.356331],[-71.061276,42.356339],[-71.061292,42.356347],[-71.0613,42.356345],[-71.061343,42.356369],[-71.061344,42.356377],[-71.06136,42.356386],[-71.06137,42.356384],[-71.061413,42.356409],[-71.061417,42.356418],[-71.061431,42.356426],[-71.061443,42.356426],[-71.061452,42.356431],[-71.061455,42.356429],[-71.061468,42.356436],[-71.061487,42.356435],[-71.061498,42.356425],[-71.0615,42.356426],[-71.061576,42.356352],[-71.061368,42.356232],[-71.061365,42.35623],[-71.061269,42.356324]]]},"properties":{"id":"653756-0","height_m":13.66}},{"type":"Feature","geometry":{"type":"Polygon","coordinates":[[[-71.061744,42.356084],[-71.061589,42.356011],[-71.061487,42.356116],[-71.061436,42.356166],[-71.061574,42.356243],[-71.061618,42.356203],[-71.061618,42.356204],[-71.061702,42.356131],[-71.061697,42.356128],[-71.061744,42.356084]]]},"properties":{"id":"653757-0","height_m":30.22}},{"type":"Feature","geometry":{"type":"Polygon","coordinates":[[[-71.060223,42.356663],[-71.060457,42.356765],[-71.060562,42.356643],[-71.060569,42.356646],[-71.060716,42.356504],[-71.060459,42.356383],[-71.060391,42.356462],[-71.060541,42.356533],[-71.06051,42.356569],[-71.060363,42.3565],[-71.06035,42.356515],[-71.060223,42.356663]]]},"properties":{"id":"653758-0","height_m":22.79}},{"type":"Feature","geometry":{"type":"Polygon","coordinates":[[[-71.061368,42.356232],[-71.061576,42.356352],[-71.061647,42.356284],[-71.061436,42.356166],[-71.061368,42.356232]]]},"properties":{"id":"653759-0","height_m":8.47}},{"type":"Feature","geometry":{"type":"Polygon","coordinates":[[[-71.05617,42.356048],[-71.056185,42.356082],[-71.056193,42.356101],[-71.056196,42.356108],[-71.056204,42.356126],[-71.056207,42.356133],[-71.056215,42.356151],[-71.056218,42.356158],[-71.056226,42.356175],[-71.056229,42.356182],[-71.056237,42.3562],[-71.05624,42.356208],[-71.056249,42.356226],[-71.056263,42.356258],[-71.056547,42.356233],[-71.056508,42.356017],[-71.05617,42.356048]]]},"properties":{"id":"653760-0","height_m":28.2}},{"type":"Feature","geometry":{"type":"Polygon","coordinates":[[[-71.056263,42.356258],[-71.056253,42.356259],[-71.056329,42.35647],[-71.056333,42.356469],[-71.056335,42.356475],[-71.056346,42.356512],[-71.056347,42.356517],[-71.056356,42.356545],[-71.056357,42.35655],[-71.056366,42.35658],[-71.056368,42.356585],[-71.056376,42.356613],[-71.056378,42.356618],[-71.056386,42.356647],[-71.056388,42.356652],[-71.056396,42.35668],[-71.056398,42.356685],[-71.056407,42.356717],[-71.056411,42.356729],[-71.056429,42.356727],[-71.056497,42.356723],[-71.05655,42.356719],[-71.056619,42.356714],[-71.056639,42.356713],[-71.056636,42.3567],[-71.056629,42.356663],[-71.05659,42.356456],[-71.056597,42.356455],[-71.056554,42.356232],[-71.056547,42.356233],[-71.056263,42.356258]]]},"properties":{"id":"653761-0","height_m":38.6}},{"type":"Feature","geometry":{"type":"Polygon","coordinates":[[[-71.062107,42.357774],[-71.062192,42.357856],[-71.062213,42.35785],[-71.062304,42.357817],[-71.062373,42.357791],[-71.062356,42.357767],[-71.062415,42.357711],[-71.0624,42.357692],[-71.062489,42.357653],[-71.062482,42.357644],[-71.062492,42.357638],[-71.06246,42.357596],[-71.062443,42.357598],[-71.062433,42.357583],[-71.062435,42.35755],[-71.062404,42.357525],[-71.062409,42.357519],[-71.062399,42.357511],[-71.062389,42.357503],[-71.062107,42.357774]]]},"properties":{"id":"653764-0","height_m":33.28}},{"type":"Feature","geometry":{"type":"Polygon","coordinates":[[[-71.06473,42.357687],[-71.064731,42.357694],[-71.06483,42.357682],[-71.064812,42.357571],[-71.064828,42.35757],[-71.064779,42.357315],[-71.064776,42.357315],[-71.064743,42.357321],[-71.064672,42.357333],[-71.064658,42.357336],[-71.064659,42.35734],[-71.064666,42.357374],[-71.064681,42.35744],[-71.064713,42.357589],[-71.064728,42.357655],[-71.064732,42.357677],[-71.064728,42.357677],[-71.06473,42.357687]]]},"properties":{"id":"653907-0","height_m":19.46}},{"type":"Feature","geometry":{"type":"Polygon","coordinates":[[[-71.064779,42.357315],[-71.064828,42.35757],[-71.064878,42.357564],[-71.064858,42.357451],[-71.064925,42.357444],[-71.064899,42.357295],[-71.064896,42.357295],[-71.064786,42.357314],[-71.06478,42.357315],[-71.064779,42.357315]]]},"properties":{"id":"653910-0","height_m":16.43}},{"type":"Feature","geometry":{"type":"Polygon","coordinates":[[[-71.064925,42.357444],[-71.064947,42.357568],[-71.065019,42.357561],[-71.065003,42.357488],[-71.065024,42.357477],[-71.065025,42.357455],[-71.065002,42.357449],[-71.064999,42.35745],[-71.064996,42.357436],[-71.065024,42.357433],[-71.065021,42.357274],[-71.065016,42.357275],[-71.064902,42.357294],[-71.064899,42.357295],[-71.064925,42.357444]]]},"properties":{"id":"653916-0","height_m":16.62}},{"type":"Feature","geometry":{"type":"Polygon","coordinates":[[[-71.0659,42.357075],[-71.065891,42.357077],[-71.065942,42.357218],[-71.065953,42.357216],[-71.066051,42.357196],[-71.066125,42.357181],[-71.066072,42.357046],[-71.066069,42.35704],[-71.0659,42.357075]]]},"properties":{"id":"653918-0","height_m":15.51}},{"type":"Feature","geometry":{"type":"Polygon","coordinates":[[[-71.069019,42.35701],[-71.069068,42.357126],[-71.069132,42.357112],[-71.069085,42.356998],[-71.06907,42.356959],[-71.069062,42.356961],[-71.069023,42.35697],[-71.069025,42.356975],[-71.069007,42.356979],[-71.069019,42.35701]]]},"properties":{"id":"653919-0","height_m":13.36}},{"type":"Feature","geometry":{"type":"Polygon","coordinates":[[[-71.069014,42.357283],[-71.069052,42.357383],[-71.069126,42.357366],[-71.069133,42.357365],[-71.069129,42.357353],[-71.069125,42.357354],[-71.069089,42.357267],[-71.069033,42.357279],[-71.069014,42.357283]]]},"properties":{"id":"653920-0","height_m":13.59}},{"type":"Feature","geometry":{"type":"Polygon","coordinates":[[[-71.069141,42.356678],[-71.069142,42.356681],[-71.069148,42.356679],[-71.069203,42.356661],[-71.069206,42.35666],[-71.069061,42.356394],[-71.069058,42.356395],[-71.069024,42.356402],[-71.069018,42.356401],[-71.069011,42.3564],[-71.069004,42.3564],[-71.068997,42.3564],[-71.068991,42.356401],[-71.068984,42.356402],[-71.068978,42.356404],[-71.068972,42.356407],[-71.068967,42.35641],[-71.068962,42.356413],[-71.068958,42.356417],[-71.068952,42.356418],[-71.069001,42.356537],[-71.069022,42.356532],[-71.069031,42.35653],[-71.069048,42.356526],[-71.069068,42.356522],[-71.06909,42.356585],[-71.069141,42.356678]]]},"properties":{"id":"653921-0","height_m":15.47}},{"type":"Feature","geometry":{"type":"Polygon","coordinates":[[[-71.068852,42.357539],[-71.068876,42.357594],[-71.06896,42.357576],[-71.068937,42.357522],[-71.068889,42.357532],[-71.068884,42.357519],[-71.068889,42.357513],[-71.068884,42.357501],[-71.068876,42.357497],[-71.068875,42.357495],[-71.068874,42.357494],[-71.068838,42.357502],[-71.068838,42.357503],[-71.068852,42.357539]]]},"properties":{"id":"653922-0","height_m":13.91}},{"type":"Feature","geometry":{"type":"Polygon","coordinates":[[[-71.065352,42.357353],[-71.065359,42.35737],[-71.065366,42.357368],[-71.065412,42.357359],[-71.06542,42.357357],[-71.065468,42.357348],[-71.06542,42.357203],[-71.065414,42.357201],[-71.065408,42.357199],[-71.065402,42.357199],[-71.065395,42.357198],[-71.065389,42.357198],[-71.065383,42.357199],[-71.065377,42.3572],[-71.065371,42.357202],[-71.065365,42.357204],[-71.06536,42.357207],[-71.065356,42.35721],[-71.065352,42.357214],[-71.065345,42.357216],[-71.06532,42.357221],[-71.06532,42.357221],[-71.065321,42.357225],[-71.065311,42.357228],[-71.065352,42.357353]]]},"properties":{"id":"653930-0","height_m":20.8}},{"type":"Feature","geometry":{"type":"Polygon","coordinates":[[[-71.065153,42.357508],[-71.065156,42.357563],[-71.065157,42.357563],[-71.065382,42.357561],[-71.065375,42.357503],[-71.065358,42.357507],[-71.065357,42.357501],[-71.065352,42.357462],[-71.065361,42.35746],[-71.065368,42.357449],[-71.065364,42.357438],[-71.065349,42.357435],[-71.065346,42.357436],[-71.065344,42.357428],[-71.065318,42.35736],[-71.065352,42.357353],[-71.065311,42.357228],[-71.065303,42.357211],[-71.065295,42.357212],[-71.065293,42.357207],[-71.065245,42.357217],[-71.065245,42.357221],[-71.065234,42.357224],[-71.065231,42.357222],[-71.065228,42.357221],[-71.065225,42.357221],[-71.065222,42.357222],[-71.065219,42.357222],[-71.065217,42.357224],[-71.065215,42.357225],[-71.065214,42.357227],[-71.065211,42.357231],[-71.065206,42.357229],[-71.065201,42.357228],[-71.065196,42.357227],[-71.065191,42.357227],[-71.065185,42.357227],[-71.06518,42.357228],[-71.065175,42.357229],[-71.06517,42.357231],[-71.065166,42.357234],[-71.065162,42.357236],[-71.065159,42.357239],[-71.065156,42.357243],[-71.065154,42.357246],[-71.065153,42.35725],[-71.065153,42.35725],[-71.065152,42.357254],[-71.065153,42.357258],[-71.065153,42.357261],[-71.065154,42.357262],[-71.065169,42.357294],[-71.065156,42.357297],[-71.065173,42.357335],[-71.065161,42.357338],[-71.065161,42.357338],[-71.065175,42.357368],[-71.065166,42.35737],[-71.065168,42.357375],[-71.065178,42.357397],[-71.065175,42.357398],[-71.065171,42.3574],[-71.065168,42.357402],[-71.065165,42.357404],[-71.065163,42.357407],[-71.065161,42.35741],[-71.065159,42.357414],[-71.065158,42.357418],[-71.065158,42.357418],[-71.065157,42.357422],[-71.065157,42.357427],[-71.065157,42.357431],[-71.065157,42.357436],[-71.065158,42.357441],[-71.06516,42.357445],[-71.065162,42.35745],[-71.065164,42.357454],[-71.065167,42.357458],[-71.06517,42.357462],[-71.065166,42.357465],[-71.065163,42.357468],[-71.065161,42.357472],[-71.06516,42.357476],[-71.065159,42.35748],[-71.065159,42.357483],[-71.06516,42.357487],[-71.065161,42.357491],[-71.065164,42.357494],[-71.065166,42.357497],[-71.06517,42.3575],[-71.06517,42.357504],[-71.065153,42.357504],[-71.065153,42.357508]]]},"properties":{"id":"653933-0","height_m":29.03}},{"type":"Feature","geometry":{"type":"Polygon","coordinates":[[[-71.065493,42.35745],[-71.065503,42.357448],[-71.065506,42.357455],[-71.065547,42.357452],[-71.065545,42.357447],[-71.065544,42.357445],[-71.065565,42.357441],[-71.065526,42.357334],[-71.065542,42.357331],[-71.065534,42.35731],[-71.065512,42.357188],[-71.06551,42.357183],[-71.06551,42.357183],[-71.065485,42.357189],[-71.065484,42.35719],[-71.065478,42.357188],[-71.065471,42.357187],[-71.065465,42.357186],[-71.065458,42.357187],[-71.065452,42.357187],[-71.065445,42.357189],[-71.065439,42.35719],[-71.065434,42.357193],[-71.065429,42.357196],[-71.065424,42.357199],[-71.06542,42.357203],[-71.065468,42.357348],[-71.065495,42.357342],[-71.06551,42.357385],[-71.065478,42.357391],[-71.065484,42.357408],[-71.065476,42.35741],[-71.06548,42.357421],[-71.065491,42.35745],[-71.065493,42.35745]]]},"properties":{"id":"653936-0","height_m":20.86}},{"type":"Feature","geometry":{"type":"Polygon","coordinates":[[[-71.065604,42.357295],[-71.065708,42.357274],[-71.065713,42.357289],[-71.065634,42.357305],[-71.065674,42.357414],[-71.065783,42.357392],[-71.065791,42.357415],[-71.065884,42.357396],[-71.065782,42.357121],[-71.065661,42.357146],[-71.065626,42.357153],[-71.065623,42.357154],[-71.065551,42.357172],[-71.065553,42.357178],[-71.065512,42.357188],[-71.065534,42.35731],[-71.065588,42.357299],[-71.065604,42.357295]]]},"properties":{"id":"653939-0","height_m":17.18}},{"type":"Feature","geometry":{"type":"Polygon","coordinates":[[[-71.066031,42.357428],[-71.066033,42.357433],[-71.066031,42.357437],[-71.066029,42.35744],[-71.066028,42.357444],[-71.066028,42.357448],[-71.066028,42.357452],[-71.066029,42.357456],[-71.066031,42.357459],[-71.066034,42.357462],[-71.066038,42.357465],[-71.066042,42.357468],[-71.066046,42.35747],[-71.066053,42.357489],[-71.06621,42.357458],[-71.066229,42.357455],[-71.06623,42.357455],[-71.066221,42.357427],[-71.06622,42.357427],[-71.066218,42.357428],[-71.066177,42.357435],[-71.066178,42.357431],[-71.066178,42.357427],[-71.066177,42.357424],[-71.066175,42.35742],[-71.066172,42.357417],[-71.066169,42.357413],[-71.066165,42.357411],[-71.066161,42.357409],[-71.06616,42.357405],[-71.066159,42.357402],[-71.066051,42.357424],[-71.06605,42.357423],[-71.066048,42.357419],[-71.066029,42.357424],[-71.066031,42.357428]]]},"properties":{"id":"653946-0","height_m":18.53}},{"type":"Feature","geometry":{"type":"Polygon","coordinates":[[[-71.066053,42.357489],[-71.066044,42.35749],[-71.066069,42.357552],[-71.066184,42.357528],[-71.066236,42.357517],[-71.066225,42.357494],[-71.066218,42.357476],[-71.06621,42.357458],[-71.066053,42.357489]]]},"properties":{"id":"653948-0","height_m":19.11}},{"type":"Feature","geometry":{"type":"Polygon","coordinates":[[[-71.066141,42.357221],[-71.066185,42.357332],[-71.066163,42.357337],[-71.066174,42.357365],[-71.066269,42.357344],[-71.066271,42.357344],[-71.066264,42.357327],[-71.066253,42.357299],[-71.0662,42.357166],[-71.06621,42.357164],[-71.066243,42.357156],[-71.066261,42.357153],[-71.066288,42.357147],[-71.066235,42.357014],[-71.066194,42.357022],[-71.066162,42.357029],[-71.066154,42.357031],[-71.066148,42.357029],[-71.066141,42.357028],[-71.066135,42.357028],[-71.066128,42.357028],[-71.066122,42.357028],[-71.066115,42.35703],[-71.066109,42.357031],[-71.066103,42.357034],[-71.066098,42.357036],[-71.066092,42.357039],[-71.066088,42.357043],[-71.066072,42.357046],[-71.066125,42.357181],[-71.066141,42.357221]]]},"properties":{"id":"653949-0","height_m":15.81}},{"type":"Feature","geometry":{"type":"Polygon","coordinates":[[[-71.066184,42.357528],[-71.066207,42.357581],[-71.066271,42.357566],[-71.066262,42.357545],[-71.066253,42.357547],[-71.066245,42.357531],[-71.066241,42.35752],[-71.066239,42.357516],[-71.066236,42.357517],[-71.066184,42.357528]]]},"properties":{"id":"653952-0","height_m":13.15}},{"type":"Feature","geometry":{"type":"Polygon","coordinates":[[[-71.06649,42.357403],[-71.066491,42.357406],[-71.066596,42.357383],[-71.066576,42.35734],[-71.066559,42.357296],[-71.066546,42.357265],[-71.066525,42.357214],[-71.066517,42.357194],[-71.066428,42.356974],[-71.066423,42.356975],[-71.066401,42.356979],[-71.066384,42.356982],[-71.066379,42.356981],[-71.066373,42.356979],[-71.066367,42.356979],[-71.066361,42.356979],[-71.066355,42.356979],[-71.066349,42.35698],[-71.066343,42.356982],[-71.066338,42.356984],[-71.066333,42.356986],[-71.066329,42.356989],[-71.066325,42.356993],[-71.066321,42.356996],[-71.066318,42.356997],[-71.066284,42.357004],[-71.066235,42.357014],[-71.066288,42.357147],[-71.066325,42.357139],[-71.066338,42.357172],[-71.066303,42.35718],[-71.066338,42.357267],[-71.06636,42.357321],[-71.066449,42.357301],[-71.066451,42.357305],[-71.06649,42.357403]]]},"properties":{"id":"653954-0","height_m":13.25}},{"type":"Feature","geometry":{"type":"Polygon","coordinates":[[[-71.066408,42.357543],[-71.066417,42.357566],[-71.066463,42.357556],[-71.066507,42.357546],[-71.066495,42.357518],[-71.066466,42.357447],[-71.066455,42.35742],[-71.066366,42.357441],[-71.066373,42.35746],[-71.066408,42.357543]]]},"properties":{"id":"653957-0","height_m":3.54}},{"type":"Feature","geometry":{"type":"Polygon","coordinates":[[[-71.066664,42.35729],[-71.066669,42.357305],[-71.066769,42.357286],[-71.066749,42.357239],[-71.066748,42.357236],[-71.066756,42.357235],[-71.066766,42.357222],[-71.06676,42.357206],[-71.066739,42.357197],[-71.066732,42.357198],[-71.066721,42.357172],[-71.066732,42.35717],[-71.06674,42.357156],[-71.066733,42.357139],[-71.066713,42.35713],[-71.066706,42.357131],[-71.066695,42.357105],[-71.066599,42.357126],[-71.066611,42.357155],[-71.066599,42.357168],[-71.066605,42.357185],[-71.066625,42.357194],[-71.066635,42.35722],[-71.066622,42.357234],[-71.066628,42.357249],[-71.066651,42.357258],[-71.066656,42.357271],[-71.066664,42.35729]]]},"properties":{"id":"653959-0","height_m":13.28}},{"type":"Feature","geometry":{"type":"Polygon","coordinates":[[[-71.06659,42.357103],[-71.066599,42.357126],[-71.066695,42.357105],[-71.0667,42.357104],[-71.066684,42.357063],[-71.066776,42.357042],[-71.06678,42.357052],[-71.066895,42.357026],[-71.066844,42.35689],[-71.066814,42.356898],[-71.066814,42.356898],[-71.06681,42.356895],[-71.066806,42.356891],[-71.066803,42.356889],[-71.066802,42.356888],[-71.066797,42.356885],[-71.066792,42.356883],[-71.066786,42.356882],[-71.06678,42.35688],[-71.066774,42.35688],[-71.066768,42.35688],[-71.066762,42.356881],[-71.066756,42.356882],[-71.06675,42.356883],[-71.066745,42.356886],[-71.06674,42.356888],[-71.066735,42.356891],[-71.066732,42.356895],[-71.066728,42.356899],[-71.066726,42.356903],[-71.066724,42.356907],[-71.066723,42.356911],[-71.066722,42.356916],[-71.066661,42.35693],[-71.066658,42.356926],[-71.066654,42.356922],[-71.066649,42.356919],[-71.066644,42.356917],[-71.066639,42.356915],[-71.066633,42.356913],[-71.066627,42.356912],[-71.066621,42.356911],[-71.066615,42.356911],[-71.066609,42.356912],[-71.066603,42.356913],[-71.066602,42.356913],[-71.066597,42.356915],[-71.066592,42.356917],[-71.066587,42.35692],[-71.066582,42.356923],[-71.066578,42.356927],[-71.066575,42.35693],[-71.066573,42.356935],[-71.066571,42.356939],[-71.06657,42.356943],[-71.066569,42.356945],[-71.066569,42.356948],[-71.066546,42.356953],[-71.066537,42.356955],[-71.06659,42.357103]]]},"properties":{"id":"653961-0","height_m":17.79}},{"type":"Feature","geometry":{"type":"Polygon","coordinates":[[[-71.066428,42.356974],[-71.066517,42.357194],[-71.06658,42.357181],[-71.066574,42.357166],[-71.066583,42.357149],[-71.066576,42.357132],[-71.066556,42.357127],[-71.06655,42.357112],[-71.06659,42.357103],[-71.066537,42.356955],[-71.066529,42.356936],[-71.066454,42.356952],[-71.066428,42.356958],[-71.066422,42.356959],[-71.066428,42.356974]]]},"properties":{"id":"653962-0","height_m":17.76}},{"type":"Feature","geometry":{"type":"Polygon","coordinates":[[[-71.066895,42.357026],[-71.066923,42.357095],[-71.066964,42.357086],[-71.066964,42.357084],[-71.066962,42.357081],[-71.066968,42.357066],[-71.066959,42.357041],[-71.066973,42.357038],[-71.06699,42.357035],[-71.066999,42.357033],[-71.067002,42.35704],[-71.067009,42.357038],[-71.06694,42.356853],[-71.066872,42.356868],[-71.066838,42.356876],[-71.066844,42.35689],[-71.066895,42.357026]]]},"properties":{"id":"653966-0","height_m":16.04}},{"type":"Feature","geometry":{"type":"Polygon","coordinates":[[[-71.066962,42.357192],[-71.066987,42.35725],[-71.067063,42.357233],[-71.067048,42.357191],[-71.067028,42.357137],[-71.067026,42.357134],[-71.067022,42.35713],[-71.067019,42.357127],[-71.067014,42.357124],[-71.06701,42.357122],[-71.067008,42.357121],[-71.067005,42.35712],[-71.066999,42.357118],[-71.066994,42.357118],[-71.066988,42.357117],[-71.066982,42.357118],[-71.066977,42.357118],[-71.066969,42.357097],[-71.066964,42.357086],[-71.066923,42.357095],[-71.066962,42.357192]]]},"properties":{"id":"653969-0","height_m":7.17}},{"type":"Feature","geometry":{"type":"Polygon","coordinates":[[[-71.067035,42.357033],[-71.067052,42.357029],[-71.067093,42.357136],[-71.067156,42.357122],[-71.067178,42.357118],[-71.06715,42.357046],[-71.067149,42.357041],[-71.067109,42.357049],[-71.067093,42.35702],[-71.067182,42.357001],[-71.067114,42.35682],[-71.067112,42.356815],[-71.067034,42.356833],[-71.066994,42.356841],[-71.06694,42.356853],[-71.067009,42.357038],[-71.067022,42.357035],[-71.067035,42.357033]]]},"properties":{"id":"653970-0","height_m":14.38}},{"type":"Feature","geometry":{"type":"Polygon","coordinates":[[[-71.067044,42.357575],[-71.067056,42.35758],[-71.067077,42.357575],[-71.067081,42.357566],[-71.067147,42.357551],[-71.067099,42.357418],[-71.06708,42.357423],[-71.067039,42.357432],[-71.06699,42.357445],[-71.067044,42.357575]]]},"properties":{"id":"653972-0","height_m":12.64}},{"type":"Feature","geometry":{"type":"Polygon","coordinates":[[[-71.067099,42.357418],[-71.067147,42.357551],[-71.067256,42.357527],[-71.067211,42.357408],[-71.06718,42.357415],[-71.067158,42.357363],[-71.067145,42.357357],[-71.067131,42.357351],[-71.067099,42.357358],[-71.067082,42.357377],[-71.067099,42.357418]]]},"properties":{"id":"653973-0","height_m":13.65}},{"type":"Feature","geometry":{"type":"Polygon","coordinates":[[[-71.067211,42.357408],[-71.067256,42.357527],[-71.067256,42.357526],[-71.067291,42.357518],[-71.067352,42.357504],[-71.067358,42.357503],[-71.067267,42.357276],[-71.067166,42.357299],[-71.067171,42.35731],[-71.067211,42.357408]]]},"properties":{"id":"653979-0","height_m":13.51}},{"type":"Feature","geometry":{"type":"Polygon","coordinates":[[[-71.066937,42.35731],[-71.06699,42.357445],[-71.067039,42.357432],[-71.06703,42.357409],[-71.067042,42.357393],[-71.067036,42.357379],[-71.067038,42.357379],[-71.06701,42.357308],[-71.067004,42.357293],[-71.066937,42.35731]]]},"properties":{"id":"653982-0","height_m":12.64}},{"type":"Feature","geometry":{"type":"Polygon","coordinates":[[[-71.06736,42.357247],[-71.067461,42.357502],[-71.06747,42.3575],[-71.067463,42.357483],[-71.067539,42.357465],[-71.067492,42.357345],[-71.067468,42.35735],[-71.067446,42.357296],[-71.067445,42.357294],[-71.06742,42.357234],[-71.06742,42.357233],[-71.06736,42.357247]]]},"properties":{"id":"653987-0","height_m":13.02}},{"type":"Feature","geometry":{"type":"Polygon","coordinates":[[[-71.067507,42.357107],[-71.067465,42.357116],[-71.067492,42.357184],[-71.067533,42.357175],[-71.067507,42.357107]]]},"properties":{"id":"653988-0","height_m":10.07}},{"type":"Feature","geometry":{"type":"Polygon","coordinates":[[[-71.067492,42.357345],[-71.067539,42.357465],[-71.067626,42.357445],[-71.067582,42.357326],[-71.067558,42.357331],[-71.067534,42.357273],[-71.06751,42.357216],[-71.067453,42.357229],[-71.067472,42.357287],[-71.067473,42.35729],[-71.067492,42.357345]]]},"properties":{"id":"653989-0","height_m":13.44}},{"type":"Feature","geometry":{"type":"Polygon","coordinates":[[[-71.067507,42.357107],[-71.067533,42.357175],[-71.067583,42.357164],[-71.067556,42.357096],[-71.067507,42.357107]]]},"properties":{"id":"653990-0","height_m":10.51}},{"type":"Feature","geometry":{"type":"Polygon","coordinates":[[[-71.067714,42.357426],[-71.067717,42.357433],[-71.067746,42.357427],[-71.067743,42.357419],[-71.067798,42.357407],[-71.067749,42.35729],[-71.067724,42.357295],[-71.067673,42.357307],[-71.067672,42.357307],[-71.067714,42.357426]]]},"properties":{"id":"653991-0","height_m":14.6}},{"type":"Feature","geometry":{"type":"Polygon","coordinates":[[[-71.067654,42.357152],[-71.067655,42.357156],[-71.06777,42.357131],[-71.067768,42.357128],[-71.067763,42.357115],[-71.06777,42.357106],[-71.067765,42.357094],[-71.067749,42.357089],[-71.067737,42.357059],[-71.067746,42.357046],[-71.067741,42.357032],[-71.067731,42.357028],[-71.067726,42.357017],[-71.067724,42.357013],[-71.067613,42.357037],[-71.067615,42.357041],[-71.06763,42.35708],[-71.067611,42.357084],[-71.067636,42.357152],[-71.067653,42.357149],[-71.067654,42.357152]]]},"properties":{"id":"653992-0","height_m":21.45}},{"type":"Feature","geometry":{"type":"Polygon","coordinates":[[[-71.065901,42.357441],[-71.065883,42.357428],[-71.065882,42.357423],[-71.065717,42.357448],[-71.065725,42.357478],[-71.065637,42.357494],[-71.06564,42.357509],[-71.065629,42.357518],[-71.065634,42.357532],[-71.065647,42.357534],[-71.06565,42.357546],[-71.065692,42.357538],[-71.065695,42.357541],[-71.065909,42.357502],[-71.065908,42.357499],[-71.065903,42.357482],[-71.065902,42.357479],[-71.065907,42.357461],[-71.065901,42.357441]]]},"properties":{"id":"653993-0","height_m":15.88}},{"type":"Feature","geometry":{"type":"Polygon","coordinates":[[[-71.067556,42.357096],[-71.067583,42.357164],[-71.067636,42.357152],[-71.067611,42.357084],[-71.067556,42.357096]]]},"properties":{"id":"653994-0","height_m":10.57}},{"type":"Feature","geometry":{"type":"Polygon","coordinates":[[[-71.067626,42.357445],[-71.067642,42.357451],[-71.067659,42.357447],[-71.067662,42.357438],[-71.067714,42.357426],[-71.067672,42.357307],[-71.067667,42.357309],[-71.067622,42.357319],[-71.067609,42.357287],[-71.067575,42.357295],[-71.06757,42.357296],[-71.067582,42.357326],[-71.067626,42.357445]]]},"properties":{"id":"653995-0","height_m":15.8}},{"type":"Feature","geometry":{"type":"Polygon","coordinates":[[[-71.067706,42.356681],[-71.067703,42.356682],[-71.067724,42.356735],[-71.06773,42.356734],[-71.067734,42.356743],[-71.067729,42.356744],[-71.067735,42.356762],[-71.067741,42.35676],[-71.067742,42.356764],[-71.067733,42.356766],[-71.067726,42.356775],[-71.067734,42.356797],[-71.067747,42.356803],[-71.067756,42.356801],[-71.067759,42.356808],[-71.067749,42.35681],[-71.067743,42.356817],[-71.067751,42.356838],[-71.067774,42.356844],[-71.067766,42.356846],[-71.067773,42.356864],[-71.067781,42.356862],[-71.067782,42.356865],[-71.067774,42.356867],[-71.067781,42.356885],[-71.067786,42.356884],[-71.067787,42.356887],[-71.067782,42.356888],[-71.067789,42.356905],[-71.067793,42.356904],[-71.067797,42.356914],[-71.067793,42.356915],[-71.067799,42.356931],[-71.067804,42.35693],[-71.067807,42.356939],[-71.067803,42.35694],[-71.06781,42.356957],[-71.067814,42.356956],[-71.067815,42.35696],[-71.067824,42.356963],[-71.067821,42.356978],[-71.067827,42.356994],[-71.067839,42.357003],[-71.067836,42.357016],[-71.067842,42.357032],[-71.067853,42.357042],[-71.067857,42.357041],[-71.067859,42.357045],[-71.067853,42.357047],[-71.067857,42.357058],[-71.067863,42.357057],[-71.067865,42.35706],[-71.067945,42.357043],[-71.067923,42.356989],[-71.067791,42.356662],[-71.067791,42.356662],[-71.067788,42.356661],[-71.067779,42.35666],[-71.06777,42.35666],[-71.067768,42.35666],[-71.067762,42.356661],[-71.067753,42.356662],[-71.067745,42.356664],[-71.067737,42.356666],[-71.067729,42.356669],[-71.067722,42.356672],[-71.067715,42.356676],[-71.067709,42.35668],[-71.067706,42.356681]]]},"properties":{"id":"653996-0","height_m":19.2}},{"type":"Feature","geometry":{"type":"Polygon","coordinates":[[[-71.067791,42.356662],[-71.067923,42.356989],[-71.067939,42.356985],[-71.067945,42.356984],[-71.068006,42.356971],[-71.067999,42.356949],[-71.067977,42.35688],[-71.067924,42.356891],[-71.067923,42.356889],[-71.067926,42.356888],[-71.067924,42.356885],[-71.067927,42.356882],[-71.067929,42.35688],[-71.06793,42.356877],[-71.067931,42.356874],[-71.067931,42.35687],[-71.06793,42.356867],[-71.067929,42.356864],[-71.067927,42.356862],[-71.067924,42.356859],[-71.06792,42.356858],[-71.067917,42.356856],[-71.067913,42.356855],[-71.067909,42.356846],[-71.067959,42.356835],[-71.067882,42.356642],[-71.067863,42.356646],[-71.067848,42.356642],[-71.067824,42.356647],[-71.067819,42.356654],[-71.067818,42.356656],[-71.067799,42.35666],[-71.067791,42.356662]]]},"properties":{"id":"653997-0","height_m":20.52}},{"type":"Feature","geometry":{"type":"Polygon","coordinates":[[[-71.067959,42.356835],[-71.067965,42.356849],[-71.068001,42.356841],[-71.067981,42.356789],[-71.068014,42.356782],[-71.06795,42.356628],[-71.067932,42.356623],[-71.067928,42.356621],[-71.0679,42.356628],[-71.067899,42.35663],[-71.067893,42.35664],[-71.067886,42.356641],[-71.067882,42.356642],[-71.067959,42.356835]]]},"properties":{"id":"653998-0","height_m":14.07}},{"type":"Feature","geometry":{"type":"Polygon","coordinates":[[[-71.067977,42.35688],[-71.067999,42.356949],[-71.06804,42.356939],[-71.068001,42.356841],[-71.067965,42.356849],[-71.067977,42.35688]]]},"properties":{"id":"653999-0","height_m":14.07}},{"type":"Feature","geometry":{"type":"Polygon","coordinates":[[[-71.068073,42.356932],[-71.068104,42.357017],[-71.068172,42.357002],[-71.068123,42.356868],[-71.068115,42.356848],[-71.068071,42.356737],[-71.068021,42.35661],[-71.068015,42.356609],[-71.068008,42.356608],[-71.068001,42.356608],[-71.067995,42.356609],[-71.067988,42.35661],[-71.067982,42.356611],[-71.067976,42.356613],[-71.06797,42.356616],[-71.067965,42.356619],[-71.06796,42.356623],[-71.067956,42.356627],[-71.067953,42.356627],[-71.06795,42.356628],[-71.068014,42.356782],[-71.068073,42.356932]]]},"properties":{"id":"654000-0","height_m":16.99}},{"type":"Feature","geometry":{"type":"Polygon","coordinates":[[[-71.068115,42.356848],[-71.068123,42.356868],[-71.068231,42.356846],[-71.068129,42.356593],[-71.068103,42.356598],[-71.068102,42.356597],[-71.068087,42.3566],[-71.068081,42.356599],[-71.068076,42.356598],[-71.06807,42.356598],[-71.068064,42.356598],[-71.068058,42.356599],[-71.068052,42.356601],[-71.068047,42.356603],[-71.068042,42.356605],[-71.068037,42.356608],[-71.068033,42.356611],[-71.068032,42.356608],[-71.06803,42.356608],[-71.068021,42.35661],[-71.068071,42.356737],[-71.068132,42.356724],[-71.068137,42.356736],[-71.068118,42.35674],[-71.068157,42.356839],[-71.068115,42.356848]]]},"properties":{"id":"654002-0","height_m":14.98}},{"type":"Feature","geometry":{"type":"Polygon","coordinates":[[[-71.068086,42.357498],[-71.068141,42.357633],[-71.068209,42.357618],[-71.068155,42.357482],[-71.068154,42.357482],[-71.068116,42.357491],[-71.068086,42.357498]]]},"properties":{"id":"654003-0","height_m":15.69}},{"type":"Feature","geometry":{"type":"Polygon","coordinates":[[[-71.068123,42.356868],[-71.068172,42.357002],[-71.068282,42.356979],[-71.068244,42.356878],[-71.068234,42.356852],[-71.068231,42.356846],[-71.068123,42.356868]]]},"properties":{"id":"654004-0","height_m":10.38}},{"type":"Feature","geometry":{"type":"Polygon","coordinates":[[[-71.068029,42.357028],[-71.068031,42.357033],[-71.068104,42.357017],[-71.068073,42.356932],[-71.06804,42.356939],[-71.067999,42.356949],[-71.068006,42.356971],[-71.068028,42.357025],[-71.068029,42.357028]]]},"properties":{"id":"654005-0","height_m":14.07}},{"type":"Feature","geometry":{"type":"Polygon","coordinates":[[[-71.068231,42.356846],[-71.068234,42.356852],[-71.068303,42.356838],[-71.068247,42.356697],[-71.068279,42.35669],[-71.068235,42.356573],[-71.068234,42.356571],[-71.068227,42.356572],[-71.068221,42.356571],[-71.068215,42.35657],[-71.068209,42.356569],[-71.068203,42.356569],[-71.068197,42.35657],[-71.068192,42.356571],[-71.068186,42.356573],[-71.068181,42.356575],[-71.068176,42.356578],[-71.068172,42.356582],[-71.068159,42.356584],[-71.06816,42.356586],[-71.068129,42.356593],[-71.068231,42.356846]]]},"properties":{"id":"654006-0","height_m":16.46}},{"type":"Feature","geometry":{"type":"Polygon","coordinates":[[[-71.068209,42.357618],[-71.06824,42.357691],[-71.068297,42.357676],[-71.068296,42.357673],[-71.068287,42.357651],[-71.068259,42.357583],[-71.068292,42.357575],[-71.068244,42.357461],[-71.068243,42.357462],[-71.068182,42.357476],[-71.068155,42.357482],[-71.068209,42.357618]]]},"properties":{"id":"654008-0","height_m":15}},{"type":"Feature","geometry":{"type":"Polygon","coordinates":[[[-71.068244,42.356878],[-71.068282,42.356979],[-71.068385,42.356956],[-71.068346,42.356856],[-71.068344,42.356856],[-71.068244,42.356878]]]},"properties":{"id":"654010-0","height_m":7}},{"type":"Feature","geometry":{"type":"Polygon","coordinates":[[[-71.068334,42.357436],[-71.068333,42.357436],[-71.06837,42.357529],[-71.068444,42.357515],[-71.068406,42.35742],[-71.068394,42.357423],[-71.06839,42.357413],[-71.068359,42.35742],[-71.068363,42.357429],[-71.068352,42.357432],[-71.068334,42.357436]]]},"properties":{"id":"654012-0","height_m":16.59}},{"type":"Feature","geometry":{"type":"Polygon","coordinates":[[[-71.068401,42.356822],[-71.068408,42.356841],[-71.068373,42.356848],[-71.068408,42.356951],[-71.068487,42.356934],[-71.068445,42.356833],[-71.068437,42.356835],[-71.068409,42.356763],[-71.06838,42.35677],[-71.068387,42.356788],[-71.068401,42.356822]]]},"properties":{"id":"654013-0","height_m":3.61}},{"type":"Feature","geometry":{"type":"Polygon","coordinates":[[[-71.068417,42.356762],[-71.068439,42.356816],[-71.068514,42.356799],[-71.068509,42.356788],[-71.068461,42.356665],[-71.068478,42.356661],[-71.068473,42.356649],[-71.068484,42.356647],[-71.068432,42.356526],[-71.068431,42.356526],[-71.068426,42.356525],[-71.068419,42.356524],[-71.068413,42.356524],[-71.068407,42.356524],[-71.068401,42.356525],[-71.068395,42.356527],[-71.068389,42.356529],[-71.068385,42.356532],[-71.06838,42.356535],[-71.068376,42.356539],[-71.068372,42.35654],[-71.068371,42.356538],[-71.068359,42.356533],[-71.068344,42.356536],[-71.068337,42.356545],[-71.068338,42.356546],[-71.068338,42.356547],[-71.068383,42.356668],[-71.068417,42.356762]]]},"properties":{"id":"654014-0","height_m":10.09}},{"type":"Feature","geometry":{"type":"Polygon","coordinates":[[[-71.068406,42.35742],[-71.068444,42.357515],[-71.068467,42.35751],[-71.068516,42.3575],[-71.068482,42.357403],[-71.068474,42.357405],[-71.068471,42.357403],[-71.068468,42.357401],[-71.068464,42.3574],[-71.06846,42.357399],[-71.068456,42.357399],[-71.068452,42.3574],[-71.068448,42.357401],[-71.068444,42.357402],[-71.068441,42.357404],[-71.068439,42.357407],[-71.068437,42.357409],[-71.068436,42.357412],[-71.068435,42.357413],[-71.068427,42.357415],[-71.06841,42.357419],[-71.068406,42.35742]]]},"properties":{"id":"654016-0","height_m":13.44}},{"type":"Feature","geometry":{"type":"Polygon","coordinates":[[[-71.068508,42.356702],[-71.068515,42.3567],[-71.068517,42.356706],[-71.068533,42.356703],[-71.068538,42.356714],[-71.068557,42.35671],[-71.06858,42.356768],[-71.06861,42.356762],[-71.068513,42.356503],[-71.068512,42.3565],[-71.068494,42.356504],[-71.068481,42.356502],[-71.068456,42.356507],[-71.068429,42.356518],[-71.068432,42.356526],[-71.068484,42.356647],[-71.068506,42.356702],[-71.068508,42.356702]]]},"properties":{"id":"654018-0","height_m":20.89}},{"type":"Feature","geometry":{"type":"Polygon","coordinates":[[[-71.068482,42.357403],[-71.068516,42.3575],[-71.068559,42.35749],[-71.068573,42.357487],[-71.068571,42.357481],[-71.068592,42.357476],[-71.068558,42.357385],[-71.068542,42.357377],[-71.068512,42.357384],[-71.068512,42.357396],[-71.068503,42.357398],[-71.068485,42.357402],[-71.068482,42.357403]]]},"properties":{"id":"654019-0","height_m":14.12}},{"type":"Feature","geometry":{"type":"Polygon","coordinates":[[[-71.06862,42.356788],[-71.068661,42.356898],[-71.068729,42.356884],[-71.068728,42.35688],[-71.068692,42.356785],[-71.068691,42.356782],[-71.068644,42.356792],[-71.068626,42.356746],[-71.068632,42.356745],[-71.068625,42.356728],[-71.06862,42.356726],[-71.068614,42.356712],[-71.068657,42.356703],[-71.068654,42.356696],[-71.068647,42.356679],[-71.068574,42.35649],[-71.068513,42.356503],[-71.06861,42.356762],[-71.06862,42.356788]]]},"properties":{"id":"654022-0","height_m":15.42}},{"type":"Feature","geometry":{"type":"Polygon","coordinates":[[[-71.068589,42.356912],[-71.068589,42.356914],[-71.068661,42.356898],[-71.06862,42.356788],[-71.068546,42.356804],[-71.068548,42.356808],[-71.068589,42.356912]]]},"properties":{"id":"654024-0","height_m":7.14}},{"type":"Feature","geometry":{"type":"Polygon","coordinates":[[[-71.068592,42.357476],[-71.068595,42.357483],[-71.06866,42.357469],[-71.068671,42.357466],[-71.068635,42.357368],[-71.068635,42.357368],[-71.068623,42.35737],[-71.068612,42.357364],[-71.068593,42.357369],[-71.068585,42.357379],[-71.068578,42.35738],[-71.06856,42.357384],[-71.068558,42.357385],[-71.068592,42.357476]]]},"properties":{"id":"654025-0","height_m":12.86}},{"type":"Feature","geometry":{"type":"Polygon","coordinates":[[[-71.068635,42.357368],[-71.068671,42.357466],[-71.068741,42.357451],[-71.068749,42.35745],[-71.06871,42.357351],[-71.068709,42.357351],[-71.068699,42.357353],[-71.068688,42.357348],[-71.068669,42.357352],[-71.068661,42.357362],[-71.068655,42.357363],[-71.068635,42.357368]]]},"properties":{"id":"654027-0","height_m":13.74}},{"type":"Feature","geometry":{"type":"Polygon","coordinates":[[[-71.068692,42.356785],[-71.068728,42.35688],[-71.068796,42.356865],[-71.068772,42.356803],[-71.068759,42.356771],[-71.068749,42.356773],[-71.068734,42.356776],[-71.068692,42.356785]]]},"properties":{"id":"654029-0","height_m":8.32}},{"type":"Feature","geometry":{"type":"Polygon","coordinates":[[[-71.068749,42.35745],[-71.068754,42.357463],[-71.068758,42.357462],[-71.068783,42.357457],[-71.06878,42.357449],[-71.068811,42.357442],[-71.068808,42.357436],[-71.068822,42.357433],[-71.068786,42.357334],[-71.06873,42.357347],[-71.06871,42.357351],[-71.068749,42.35745]]]},"properties":{"id":"654030-0","height_m":13.42}},{"type":"Feature","geometry":{"type":"Polygon","coordinates":[[[-71.068694,42.356597],[-71.06873,42.35659],[-71.068764,42.356676],[-71.068807,42.356667],[-71.068818,42.356664],[-71.068826,42.356663],[-71.068747,42.356456],[-71.068648,42.356478],[-71.068694,42.356597]]]},"properties":{"id":"654031-0","height_m":18.08}},{"type":"Feature","geometry":{"type":"Polygon","coordinates":[[[-71.068772,42.356803],[-71.068796,42.356865],[-71.068872,42.356849],[-71.068847,42.356787],[-71.068772,42.356803]]]},"properties":{"id":"654032-0","height_m":4.15}},{"type":"Feature","geometry":{"type":"Polygon","coordinates":[[[-71.068786,42.357334],[-71.068822,42.357433],[-71.068859,42.357426],[-71.068899,42.357417],[-71.068861,42.357317],[-71.068805,42.35733],[-71.068787,42.357334],[-71.068786,42.357334]]]},"properties":{"id":"654034-0","height_m":12.64}},{"type":"Feature","geometry":{"type":"Polygon","coordinates":[[[-71.068937,42.357522],[-71.06896,42.357576],[-71.069048,42.357558],[-71.069017,42.357492],[-71.068994,42.357497],[-71.068984,42.357471],[-71.068922,42.357484],[-71.068922,42.357484],[-71.068937,42.357522]]]},"properties":{"id":"654035-0","height_m":13.48}},{"type":"Feature","geometry":{"type":"Polygon","coordinates":[[[-71.068938,42.3573],[-71.068974,42.3574],[-71.069034,42.357387],[-71.069052,42.357383],[-71.069014,42.357283],[-71.069014,42.357284],[-71.068977,42.357292],[-71.068958,42.357296],[-71.068939,42.3573],[-71.068938,42.3573]]]},"properties":{"id":"654036-0","height_m":13.61}},{"type":"Feature","geometry":{"type":"Polygon","coordinates":[[[-71.068861,42.357317],[-71.068899,42.357417],[-71.068925,42.357412],[-71.068974,42.3574],[-71.068938,42.3573],[-71.068882,42.357313],[-71.068862,42.357317],[-71.068861,42.357317]]]},"properties":{"id":"654037-0","height_m":13.23}},{"type":"Feature","geometry":{"type":"Polygon","coordinates":[[[-71.069065,42.357462],[-71.069099,42.357547],[-71.069154,42.357535],[-71.069112,42.357441],[-71.0691,42.357444],[-71.069104,42.357454],[-71.069065,42.357462]]]},"properties":{"id":"654038-0","height_m":10.37}},{"type":"Feature","geometry":{"type":"Polygon","coordinates":[[[-71.069085,42.356998],[-71.069132,42.357112],[-71.069195,42.357098],[-71.069148,42.356986],[-71.069137,42.356988],[-71.069085,42.356998]]]},"properties":{"id":"654039-0","height_m":4.83}},{"type":"Feature","geometry":{"type":"Polygon","coordinates":[[[-71.069112,42.357441],[-71.069154,42.357535],[-71.069214,42.357522],[-71.069184,42.357459],[-71.069191,42.357449],[-71.069185,42.357437],[-71.069172,42.357435],[-71.069169,42.357429],[-71.069161,42.357431],[-71.069112,42.357441]]]},"properties":{"id":"654040-0","height_m":10.97}},{"type":"Feature","geometry":{"type":"Polygon","coordinates":[[[-71.069148,42.356986],[-71.069195,42.357098],[-71.069272,42.357082],[-71.069223,42.356977],[-71.069185,42.35688],[-71.069165,42.356884],[-71.069157,42.356864],[-71.069157,42.356864],[-71.069104,42.356875],[-71.069105,42.356875],[-71.069113,42.356896],[-71.069148,42.356986]]]},"properties":{"id":"654042-0","height_m":15.78}},{"type":"Feature","geometry":{"type":"Polygon","coordinates":[[[-71.069103,42.356403],[-71.069106,42.356402],[-71.069161,42.356507],[-71.069431,42.356442],[-71.069364,42.356316],[-71.069089,42.356375],[-71.069083,42.356376],[-71.069096,42.356404],[-71.069103,42.356403]]]},"properties":{"id":"654046-0","height_m":24.83}},{"type":"Feature","geometry":{"type":"Polygon","coordinates":[[[-71.069223,42.356977],[-71.069272,42.357082],[-71.069358,42.357064],[-71.069295,42.356917],[-71.06929,42.356918],[-71.069276,42.356913],[-71.069272,42.356911],[-71.069255,42.356915],[-71.069249,42.356927],[-71.069222,42.356932],[-71.069218,42.356933],[-71.069235,42.356975],[-71.069223,42.356977]]]},"properties":{"id":"654048-0","height_m":16.07}},{"type":"Feature","geometry":{"type":"Polygon","coordinates":[[[-71.069161,42.356507],[-71.069165,42.356513],[-71.069167,42.356513],[-71.069198,42.356569],[-71.069463,42.356502],[-71.069431,42.356442],[-71.069161,42.356507]]]},"properties":{"id":"654049-0","height_m":12.84}},{"type":"Feature","geometry":{"type":"Polygon","coordinates":[[[-71.069377,42.357198],[-71.069372,42.357199],[-71.069362,42.357201],[-71.069365,42.357205],[-71.069234,42.357238],[-71.069232,42.357234],[-71.069225,42.357236],[-71.069217,42.357238],[-71.069255,42.357312],[-71.069412,42.357267],[-71.069377,42.357198]]]},"properties":{"id":"654051-0","height_m":13.73}},{"type":"Feature","geometry":{"type":"Polygon","coordinates":[[[-71.069198,42.356569],[-71.069233,42.356633],[-71.069497,42.356564],[-71.069463,42.356502],[-71.069198,42.356569]]]},"properties":{"id":"654052-0","height_m":12.47}},{"type":"Feature","geometry":{"type":"Polygon","coordinates":[[[-71.069255,42.357312],[-71.069281,42.357363],[-71.069438,42.357317],[-71.069437,42.357316],[-71.069436,42.357314],[-71.069412,42.357267],[-71.069255,42.357312]]]},"properties":{"id":"654053-0","height_m":13.64}},{"type":"Feature","geometry":{"type":"Polygon","coordinates":[[[-71.069295,42.356917],[-71.069358,42.357064],[-71.069429,42.357048],[-71.069385,42.356942],[-71.069378,42.356943],[-71.06937,42.356941],[-71.069352,42.356895],[-71.06934,42.356898],[-71.069335,42.356885],[-71.069321,42.356888],[-71.06931,42.356861],[-71.06928,42.356867],[-71.069276,42.356868],[-71.069295,42.356917]]]},"properties":{"id":"654054-0","height_m":11.85}},{"type":"Feature","geometry":{"type":"Polygon","coordinates":[[[-71.069281,42.357363],[-71.069307,42.357415],[-71.069464,42.357368],[-71.069506,42.357356],[-71.069506,42.357355],[-71.069497,42.357336],[-71.069454,42.357349],[-71.069438,42.357317],[-71.069281,42.357363]]]},"properties":{"id":"654055-0","height_m":14.39}},{"type":"Feature","geometry":{"type":"Polygon","coordinates":[[[-71.069233,42.356633],[-71.069279,42.356718],[-71.069543,42.356651],[-71.06952,42.356608],[-71.069512,42.356593],[-71.069497,42.356564],[-71.069233,42.356633]]]},"properties":{"id":"654056-0","height_m":12.73}},{"type":"Feature","geometry":{"type":"Polygon","coordinates":[[[-71.069307,42.357415],[-71.06933,42.35746],[-71.069489,42.357416],[-71.069488,42.357416],[-71.069487,42.357413],[-71.069464,42.357368],[-71.069464,42.357368],[-71.069307,42.357415]]]},"properties":{"id":"654057-0","height_m":14.27}},{"type":"Feature","geometry":{"type":"Polygon","coordinates":[[[-71.06933,42.35746],[-71.069356,42.35751],[-71.069514,42.357466],[-71.069489,42.357416],[-71.06933,42.35746]]]},"properties":{"id":"654058-0","height_m":13.91}},{"type":"Feature","geometry":{"type":"Polygon","coordinates":[[[-71.069302,42.356762],[-71.069302,42.356762],[-71.069424,42.356735],[-71.069571,42.356704],[-71.069543,42.356651],[-71.069279,42.356718],[-71.069283,42.356724],[-71.06928,42.356725],[-71.069302,42.356762]]]},"properties":{"id":"654059-0","height_m":7.89}},{"type":"Feature","geometry":{"type":"Polygon","coordinates":[[[-71.069385,42.356942],[-71.069429,42.357048],[-71.069499,42.357033],[-71.069457,42.356926],[-71.069448,42.356928],[-71.069425,42.356933],[-71.069418,42.356916],[-71.069384,42.356923],[-71.069378,42.356924],[-71.069385,42.356942]]]},"properties":{"id":"654060-0","height_m":16.11}},{"type":"Feature","geometry":{"type":"Polygon","coordinates":[[[-71.069356,42.35751],[-71.069382,42.35756],[-71.069539,42.357514],[-71.069536,42.357509],[-71.069547,42.357505],[-71.069549,42.357493],[-71.06954,42.357477],[-71.069529,42.357471],[-71.069518,42.357474],[-71.069516,42.357469],[-71.069515,42.357467],[-71.069514,42.357466],[-71.069356,42.35751]]]},"properties":{"id":"654061-0","height_m":13.42}},{"type":"Feature","geometry":{"type":"Polygon","coordinates":[[[-71.069377,42.357198],[-71.069412,42.357267],[-71.069514,42.357239],[-71.069522,42.357237],[-71.069524,42.357236],[-71.069493,42.357174],[-71.06949,42.357174],[-71.069377,42.357198]]]},"properties":{"id":"654062-0","height_m":12.34}},{"type":"Feature","geometry":{"type":"Polygon","coordinates":[[[-71.068235,42.356573],[-71.068279,42.35669],[-71.068383,42.356668],[-71.068338,42.356547],[-71.068294,42.356557],[-71.068288,42.356556],[-71.068283,42.356555],[-71.068277,42.356554],[-71.068272,42.356555],[-71.068266,42.356555],[-71.068261,42.356557],[-71.068256,42.356558],[-71.068251,42.356561],[-71.068247,42.356563],[-71.068243,42.356567],[-71.06824,42.35657],[-71.068239,42.356572],[-71.068235,42.356573]]]},"properties":{"id":"654071-0","height_m":17.39}},{"type":"Feature","geometry":{"type":"Polygon","coordinates":[[[-71.068853,42.35644],[-71.068896,42.356559],[-71.068945,42.356549],[-71.069001,42.356537],[-71.068952,42.356418],[-71.068948,42.356419],[-71.068942,42.356418],[-71.068936,42.356417],[-71.06893,42.356416],[-71.068924,42.356417],[-71.068918,42.356418],[-71.068912,42.356419],[-71.068907,42.356421],[-71.068902,42.356424],[-71.068898,42.356427],[-71.068894,42.356431],[-71.068853,42.35644]]]},"properties":{"id":"654072-0","height_m":16.7}},{"type":"Feature","geometry":{"type":"Polygon","coordinates":[[[-71.068903,42.356578],[-71.068948,42.356692],[-71.068948,42.356692],[-71.068998,42.356681],[-71.068978,42.356632],[-71.068973,42.356619],[-71.068945,42.356549],[-71.068896,42.356559],[-71.068903,42.356578]]]},"properties":{"id":"654073-0","height_m":16.7}},{"type":"Feature","geometry":{"type":"Polygon","coordinates":[[[-71.068826,42.356663],[-71.068899,42.356848],[-71.068976,42.356831],[-71.068878,42.356584],[-71.068903,42.356578],[-71.068896,42.356559],[-71.068853,42.35644],[-71.068851,42.356434],[-71.068848,42.356434],[-71.068841,42.356433],[-71.068833,42.356433],[-71.068826,42.356433],[-71.068819,42.356434],[-71.068813,42.356435],[-71.068806,42.356437],[-71.0688,42.35644],[-71.068794,42.356443],[-71.068789,42.356447],[-71.068751,42.356455],[-71.068748,42.356456],[-71.068747,42.356456],[-71.068826,42.356663]]]},"properties":{"id":"654075-0","height_m":18.49}},{"type":"Feature","geometry":{"type":"Polygon","coordinates":[[[-71.068574,42.35649],[-71.068647,42.356679],[-71.068681,42.356672],[-71.068661,42.356621],[-71.068695,42.356614],[-71.0687,42.356613],[-71.068694,42.356597],[-71.068648,42.356478],[-71.068648,42.356478],[-71.068641,42.356479],[-71.068629,42.356482],[-71.068595,42.356489],[-71.068582,42.356492],[-71.068581,42.356489],[-71.06858,42.356489],[-71.068574,42.35649]]]},"properties":{"id":"654080-0","height_m":17.32}},{"type":"Feature","geometry":{"type":"Polygon","coordinates":[[[-71.067749,42.35729],[-71.067798,42.357407],[-71.067865,42.357392],[-71.06782,42.357274],[-71.067749,42.35729]]]},"properties":{"id":"654083-0","height_m":12.96}},{"type":"Feature","geometry":{"type":"Polygon","coordinates":[[[-71.065712,42.357594],[-71.065717,42.357595],[-71.065935,42.357557],[-71.065931,42.357544],[-71.065949,42.357541],[-71.065941,42.357514],[-71.06593,42.357516],[-71.065928,42.357509],[-71.065909,42.357502],[-71.065695,42.357541],[-71.065691,42.357545],[-71.065688,42.357549],[-71.065686,42.357553],[-71.065685,42.357557],[-71.065684,42.357562],[-71.065684,42.357566],[-71.065685,42.357571],[-71.065687,42.357575],[-71.065689,42.357579],[-71.065692,42.357583],[-71.065696,42.357586],[-71.065701,42.357589],[-71.065706,42.357592],[-71.065711,42.357594],[-71.065712,42.357594]]]},"properties":{"id":"654084-0","height_m":15.61}},{"type":"Feature","geometry":{"type":"Polygon","coordinates":[[[-71.068445,42.356833],[-71.068487,42.356934],[-71.068579,42.356914],[-71.068542,42.356821],[-71.068532,42.356823],[-71.068522,42.356797],[-71.068514,42.356799],[-71.068439,42.356816],[-71.068445,42.356833]]]},"properties":{"id":"654089-0","height_m":2.91}},{"type":"Feature","geometry":{"type":"Polygon","coordinates":[[[-71.067153,42.357212],[-71.067171,42.357255],[-71.067338,42.357219],[-71.067338,42.357218],[-71.067307,42.357137],[-71.067174,42.357167],[-71.06717,42.357158],[-71.067162,42.357138],[-71.067156,42.357122],[-71.067093,42.357136],[-71.067101,42.357156],[-71.067107,42.357174],[-71.067112,42.357186],[-71.06714,42.35718],[-71.067153,42.357212]]]},"properties":{"id":"658429-0","height_m":7.02}},{"type":"Feature","geometry":{"type":"Polygon","coordinates":[[[-71.06741,42.356741],[-71.067514,42.357005],[-71.067598,42.356987],[-71.067495,42.356722],[-71.067491,42.356723],[-71.06742,42.356738],[-71.067417,42.356739],[-71.06741,42.356741]]]},"properties":{"id":"658432-0","height_m":38.96}},{"type":"Feature","geometry":{"type":"Polygon","coordinates":[[[-71.067495,42.356722],[-71.067598,42.356987],[-71.06768,42.356968],[-71.067646,42.356884],[-71.067628,42.356889],[-71.067601,42.35682],[-71.067643,42.356811],[-71.067659,42.356807],[-71.067643,42.356767],[-71.067632,42.35677],[-71.067602,42.356693],[-71.067585,42.356697],[-71.067569,42.35669],[-71.067543,42.356695],[-71.067533,42.356707],[-71.067493,42.356716],[-71.067495,42.356722]]]},"properties":{"id":"658433-0","height_m":18.2}},{"type":"Feature","geometry":{"type":"Polygon","coordinates":[[[-71.068463,42.345511],[-71.068494,42.34552],[-71.06851,42.34549],[-71.068558,42.345504],[-71.068558,42.345503],[-71.068565,42.345505],[-71.068605,42.345427],[-71.0686,42.345426],[-71.068601,42.345424],[-71.068561,42.345412],[-71.068557,42.345411],[-71.06852,42.345401],[-71.068477,42.345388],[-71.068476,42.34539],[-71.068468,42.345387],[-71.068428,42.345463],[-71.068434,42.345465],[-71.068433,42.345467],[-71.068462,42.345476],[-71.068479,42.345481],[-71.068463,42.345511]]]},"properties":{"id":"669702-0","height_m":10.15}},{"type":"Feature","geometry":{"type":"Polygon","coordinates":[[[-71.067416,42.345578],[-71.067445,42.345587],[-71.067447,42.345585],[-71.067462,42.345556],[-71.067514,42.345571],[-71.067555,42.345493],[-71.067553,42.345492],[-71.067507,42.345479],[-71.067383,42.345443],[-71.067368,42.345439],[-71.067353,42.345435],[-71.067337,42.34543],[-71.067335,42.345429],[-71.067211,42.345394],[-71.06721,42.345394],[-71.067163,42.34538],[-71.067122,42.345457],[-71.067173,42.345471],[-71.067156,42.345503],[-71.06719,42.345512],[-71.067206,42.345482],[-71.067268,42.3455],[-71.067302,42.34551],[-71.067287,42.34554],[-71.067318,42.345549],[-71.067319,42.345548],[-71.067334,42.34552],[-71.06739,42.345536],[-71.067431,42.345548],[-71.067416,42.345578]]]},"properties":{"id":"669739-0","height_m":10.04}},{"type":"Feature","geometry":{"type":"Polygon","coordinates":[[[-71.065548,42.34539],[-71.065569,42.345396],[-71.065619,42.34541],[-71.065802,42.345459],[-71.065884,42.345481],[-71.065907,42.345487],[-71.066006,42.345514],[-71.066028,42.34552],[-71.066285,42.34559],[-71.066385,42.345386],[-71.066402,42.34539],[-71.066403,42.345388],[-71.06642,42.345354],[-71.066426,42.345343],[-71.066409,42.345338],[-71.066542,42.345069],[-71.066537,42.345068],[-71.066409,42.345033],[-71.066031,42.344931],[-71.066,42.344922],[-71.065888,42.344892],[-71.065871,42.344887],[-71.065623,42.34482],[-71.065601,42.344865],[-71.065574,42.34492],[-71.065441,42.345191],[-71.065422,42.345228],[-71.065385,42.345304],[-71.065377,42.345319],[-71.065366,42.345341],[-71.065391,42.345348],[-71.065425,42.345357],[-71.065491,42.345375],[-71.065514,42.345381],[-71.065548,42.34539]]]},"properties":{"id":"669740-0","height_m":5.44}},{"type":"Feature","geometry":{"type":"Polygon","coordinates":[[[-71.067728,42.345664],[-71.06773,42.34566],[-71.067736,42.345661],[-71.067752,42.34563],[-71.067818,42.345506],[-71.067854,42.345439],[-71.06787,42.345409],[-71.067887,42.345378],[-71.067784,42.345343],[-71.067782,42.345347],[-71.067779,42.345346],[-71.067766,42.34537],[-71.06776,42.345381],[-71.06772,42.34537],[-71.067708,42.345393],[-71.067748,42.345404],[-71.067742,42.345416],[-71.067716,42.345464],[-71.067709,42.345477],[-71.067669,42.345465],[-71.067656,42.345489],[-71.067696,42.345501],[-71.06769,42.345513],[-71.067664,42.34556],[-71.067658,42.345572],[-71.067618,42.34556],[-71.067606,42.345582],[-71.067647,42.345594],[-71.067639,42.345609],[-71.067626,42.345631],[-71.067633,42.345633],[-71.067632,42.345636],[-71.067728,42.345664]]]},"properties":{"id":"669759-0","height_m":10.2}},{"type":"Feature","geometry":{"type":"Polygon","coordinates":[[[-71.066538,42.345844],[-71.066644,42.345873],[-71.066664,42.345833],[-71.066672,42.345835],[-71.066706,42.345844],[-71.066717,42.345821],[-71.066683,42.345812],[-71.066675,42.34581],[-71.06671,42.345737],[-71.066752,42.345748],[-71.066753,42.345749],[-71.066764,42.345727],[-71.066763,42.345726],[-71.066723,42.345715],[-71.06676,42.34564],[-71.0668,42.345651],[-71.066803,42.345652],[-71.066814,42.34563],[-71.066811,42.345629],[-71.06677,42.345618],[-71.066806,42.345544],[-71.066848,42.345555],[-71.066848,42.345555],[-71.066859,42.345532],[-71.066819,42.345521],[-71.066826,42.345506],[-71.066838,42.345481],[-71.066731,42.345452],[-71.066713,42.345489],[-71.066698,42.345519],[-71.066665,42.345586],[-71.06662,42.345679],[-71.066602,42.345715],[-71.066556,42.345807],[-71.066538,42.345844]]]},"properties":{"id":"669816-0","height_m":10.18}},{"type":"Feature","geometry":{"type":"Polygon","coordinates":[[[-71.066731,42.345452],[-71.066838,42.345481],[-71.066851,42.345455],[-71.066865,42.345426],[-71.06687,42.345418],[-71.066763,42.345389],[-71.066731,42.345452]]]},"properties":{"id":"669818-0","height_m":5.08}},{"type":"Feature","geometry":{"type":"Polygon","coordinates":[[[-71.068363,42.345855],[-71.068365,42.345851],[-71.068367,42.345851],[-71.068378,42.345829],[-71.068385,42.345818],[-71.068426,42.34583],[-71.068438,42.345807],[-71.068398,42.345796],[-71.068406,42.34578],[-71.06843,42.345735],[-71.068437,42.345722],[-71.068478,42.345734],[-71.068489,42.345712],[-71.06845,42.345701],[-71.068458,42.345685],[-71.068482,42.345639],[-71.068489,42.345626],[-71.06853,42.345638],[-71.068542,42.345616],[-71.068501,42.345604],[-71.068509,42.345589],[-71.068519,42.34557],[-71.068517,42.345569],[-71.06852,42.345564],[-71.068418,42.345534],[-71.068416,42.345537],[-71.068413,42.345536],[-71.068397,42.345566],[-71.068328,42.345693],[-71.06831,42.345726],[-71.068307,42.345733],[-71.068293,42.345758],[-71.068277,42.345787],[-71.06826,42.345818],[-71.068259,42.34582],[-71.068262,42.345821],[-71.06826,42.345825],[-71.068363,42.345855]]]},"properties":{"id":"669863-0","height_m":10.43}},{"type":"Feature","geometry":{"type":"Polygon","coordinates":[[[-71.068277,42.346012],[-71.06828,42.346007],[-71.068282,42.346008],[-71.068292,42.345988],[-71.0683,42.345974],[-71.06834,42.345986],[-71.068353,42.345962],[-71.068312,42.34595],[-71.068318,42.345939],[-71.068333,42.345912],[-71.068229,42.345882],[-71.068228,42.345885],[-71.068224,42.345884],[-71.068206,42.345917],[-71.068192,42.345944],[-71.068175,42.345976],[-71.068174,42.345977],[-71.068177,42.345977],[-71.068174,42.345982],[-71.068191,42.345987],[-71.068277,42.346012]]]},"properties":{"id":"669864-0","height_m":9.94}},{"type":"Feature","geometry":{"type":"Polygon","coordinates":[[[-71.068259,42.345826],[-71.068234,42.345872],[-71.068229,42.345882],[-71.068333,42.345912],[-71.068334,42.345909],[-71.068358,42.345863],[-71.068363,42.345855],[-71.06826,42.345825],[-71.068259,42.345826]]]},"properties":{"id":"669865-0","height_m":5.19}},{"type":"Feature","geometry":{"type":"Polygon","coordinates":[[[-71.066595,42.345972],[-71.066594,42.345975],[-71.066644,42.345988],[-71.066769,42.346022],[-71.066799,42.34603],[-71.066814,42.346034],[-71.066864,42.346048],[-71.066903,42.345968],[-71.066866,42.345958],[-71.066849,42.345954],[-71.066864,42.345923],[-71.066831,42.345914],[-71.066816,42.345945],[-71.066795,42.345939],[-71.066735,42.345923],[-71.066719,42.345918],[-71.066734,42.345887],[-71.066703,42.345879],[-71.066687,42.345911],[-71.066641,42.345898],[-71.066632,42.345896],[-71.066595,42.345972]]]},"properties":{"id":"669913-0","height_m":10.22}},{"type":"Feature","geometry":{"type":"Polygon","coordinates":[[[-71.066979,42.346079],[-71.066988,42.346081],[-71.067045,42.346096],[-71.06707,42.346103],[-71.067195,42.346137],[-71.067227,42.346146],[-71.067247,42.346151],[-71.067286,42.346073],[-71.067232,42.346058],[-71.067247,42.346027],[-71.067216,42.346018],[-71.067201,42.346049],[-71.067119,42.346027],[-71.067102,42.346022],[-71.067115,42.345996],[-71.067083,42.345987],[-71.06707,42.346013],[-71.067055,42.346009],[-71.067018,42.345999],[-71.066979,42.346079]]]},"properties":{"id":"669914-0","height_m":10.02}},{"type":"Feature","geometry":{"type":"Polygon","coordinates":[[[-71.068193,42.346187],[-71.068234,42.346111],[-71.068229,42.34611],[-71.06823,42.346107],[-71.068182,42.346093],[-71.068198,42.346062],[-71.068169,42.346053],[-71.068152,42.346083],[-71.06807,42.346059],[-71.068055,42.346054],[-71.068071,42.346024],[-71.068041,42.346015],[-71.068025,42.346044],[-71.068014,42.346041],[-71.067971,42.346029],[-71.067929,42.346107],[-71.067934,42.346109],[-71.067933,42.346111],[-71.067994,42.346129],[-71.067998,42.34613],[-71.06802,42.346137],[-71.068142,42.346173],[-71.068148,42.346175],[-71.068186,42.346186],[-71.068186,42.346185],[-71.068193,42.346187]]]},"properties":{"id":"669916-0","height_m":10.11}},{"type":"Feature","geometry":{"type":"Polygon","coordinates":[[[-71.06781,42.346072],[-71.067852,42.345993],[-71.067817,42.345983],[-71.067797,42.345977],[-71.067814,42.345947],[-71.067783,42.345938],[-71.067767,42.345969],[-71.06776,42.345967],[-71.06772,42.345955],[-71.067719,42.345957],[-71.067713,42.345955],[-71.067673,42.346029],[-71.067679,42.346031],[-71.067677,42.346034],[-71.067718,42.346046],[-71.067759,42.346059],[-71.067802,42.346071],[-71.067802,42.34607],[-71.06781,42.346072]]]},"properties":{"id":"669917-0","height_m":10.03}},{"type":"Feature","geometry":{"type":"Polygon","coordinates":[[[-71.06781,42.346072],[-71.067929,42.346107],[-71.067971,42.346029],[-71.067945,42.346021],[-71.067875,42.346],[-71.067852,42.345993],[-71.06781,42.346072]]]},"properties":{"id":"669918-0","height_m":5.36}},{"type":"Feature","geometry":{"type":"Polygon","coordinates":[[[-71.067408,42.34594],[-71.067409,42.34594],[-71.067452,42.345953],[-71.06743,42.345994],[-71.067525,42.346022],[-71.067536,42.346025],[-71.067555,42.34599],[-71.067571,42.34596],[-71.067588,42.345929],[-71.067591,42.345923],[-71.067607,42.345893],[-71.067675,42.345768],[-71.067692,42.345737],[-71.06769,42.345737],[-71.067692,42.345733],[-71.067591,42.345703],[-71.067589,42.345707],[-71.067586,42.345706],[-71.067576,42.345725],[-71.067567,42.345741],[-71.067526,42.345728],[-71.067514,42.345751],[-71.067555,42.345763],[-71.067547,42.345777],[-71.067523,42.345823],[-71.067515,42.345836],[-71.067473,42.345824],[-71.067461,42.345846],[-71.067503,42.345859],[-71.067496,42.345872],[-71.067464,42.345932],[-71.06742,42.345919],[-71.06742,42.345919],[-71.067408,42.34594]]]},"properties":{"id":"669936-0","height_m":10.12}},{"type":"Feature","geometry":{"type":"Polygon","coordinates":[[[-71.067426,42.346201],[-71.067428,42.346196],[-71.06743,42.346197],[-71.067446,42.346167],[-71.067462,42.346139],[-71.067479,42.346107],[-71.067384,42.346079],[-71.067365,42.346113],[-71.067323,42.346101],[-71.067311,42.346122],[-71.067353,42.346135],[-71.067332,42.346173],[-71.067426,42.346201]]]},"properties":{"id":"669937-0","height_m":10.1}},{"type":"Feature","geometry":{"type":"Polygon","coordinates":[[[-71.067384,42.346079],[-71.067479,42.346107],[-71.067525,42.346022],[-71.06743,42.345994],[-71.067384,42.346079]]]},"properties":{"id":"669938-0","height_m":5.4}},{"type":"Feature","geometry":{"type":"Polygon","coordinates":[[[-71.066227,42.346429],[-71.066272,42.346439],[-71.066267,42.346452],[-71.066258,42.346477],[-71.066355,42.346497],[-71.066368,42.346463],[-71.066391,42.346404],[-71.066403,42.346407],[-71.066429,42.34634],[-71.066456,42.346269],[-71.066505,42.346142],[-71.066519,42.346106],[-71.06641,42.346083],[-71.0664,42.346108],[-71.066395,42.346122],[-71.066351,42.346112],[-71.066341,42.346137],[-71.066385,42.346146],[-71.06638,42.346159],[-71.066361,42.346208],[-71.066356,42.34622],[-71.066315,42.346212],[-71.066305,42.346236],[-71.066347,42.346245],[-71.066342,42.346257],[-71.066323,42.346305],[-71.066318,42.346319],[-71.066274,42.346309],[-71.066265,42.346334],[-71.066309,42.346343],[-71.066303,42.346357],[-71.066285,42.346405],[-71.066281,42.346415],[-71.066236,42.346405],[-71.066227,42.346429]]]},"properties":{"id":"670010-0","height_m":9.85}},{"type":"Feature","geometry":{"type":"Polygon","coordinates":[[[-71.06663,42.346343],[-71.066739,42.346366],[-71.066749,42.346339],[-71.066754,42.346326],[-71.066798,42.346336],[-71.066807,42.346311],[-71.066764,42.346302],[-71.06677,42.346287],[-71.066788,42.346242],[-71.066792,42.346231],[-71.066835,42.34624],[-71.066844,42.346216],[-71.066801,42.346207],[-71.066805,42.346196],[-71.066815,42.34617],[-71.066717,42.346149],[-71.066703,42.346185],[-71.066681,42.346241],[-71.066671,42.346239],[-71.066658,42.346272],[-71.066648,42.346298],[-71.066642,42.346313],[-71.06663,42.346343]]]},"properties":{"id":"670040-0","height_m":9.79}},{"type":"Feature","geometry":{"type":"Polygon","coordinates":[[[-71.066553,42.346541],[-71.066663,42.346565],[-71.066677,42.346529],[-71.066679,42.346524],[-71.06672,42.346533],[-71.066729,42.346508],[-71.066687,42.346499],[-71.066692,42.346485],[-71.066702,42.34646],[-71.066593,42.346437],[-71.066579,42.346473],[-71.066568,42.346503],[-71.066553,42.346541]]]},"properties":{"id":"670041-0","height_m":10.03}},{"type":"Feature","geometry":{"type":"Polygon","coordinates":[[[-71.066601,42.346416],[-71.066595,42.346432],[-71.066593,42.346437],[-71.066702,42.34646],[-71.06671,42.346439],[-71.06673,42.346388],[-71.066739,42.346366],[-71.06663,42.346343],[-71.066601,42.346416]]]},"properties":{"id":"670042-0","height_m":5.03}},{"type":"Feature","geometry":{"type":"Polygon","coordinates":[[[-71.066788,42.34655],[-71.066834,42.34656],[-71.06683,42.346569],[-71.066819,42.346599],[-71.06692,42.34662],[-71.066932,42.346589],[-71.066934,42.346582],[-71.066957,42.346525],[-71.066965,42.346527],[-71.066978,42.346493],[-71.067005,42.346424],[-71.066896,42.346401],[-71.066886,42.346427],[-71.066881,42.34644],[-71.066836,42.346431],[-71.066827,42.346454],[-71.06687,42.346463],[-71.066864,42.346477],[-71.066847,42.346523],[-71.066842,42.346536],[-71.066797,42.346526],[-71.066788,42.34655]]]},"properties":{"id":"670045-0","height_m":10.16}},{"type":"Feature","geometry":{"type":"Polygon","coordinates":[[[-71.066904,42.346256],[-71.066948,42.346266],[-71.066943,42.34628],[-71.066932,42.346308],[-71.067041,42.346331],[-71.067056,42.346292],[-71.067067,42.346263],[-71.067068,42.346261],[-71.067081,42.346227],[-71.066972,42.346203],[-71.066962,42.346229],[-71.066957,42.346241],[-71.066914,42.346231],[-71.066904,42.346256]]]},"properties":{"id":"670046-0","height_m":10.07}},{"type":"Feature","geometry":{"type":"Polygon","coordinates":[[[-71.066924,42.346328],[-71.066904,42.346379],[-71.066896,42.346401],[-71.067005,42.346424],[-71.067016,42.346396],[-71.067021,42.346382],[-71.067041,42.346331],[-71.066932,42.346308],[-71.066924,42.346328]]]},"properties":{"id":"670047-0","height_m":5.11}},{"type":"Feature","geometry":{"type":"Polygon","coordinates":[[[-71.067192,42.346465],[-71.067301,42.346488],[-71.067312,42.34646],[-71.067317,42.346447],[-71.06736,42.346456],[-71.06737,42.346431],[-71.067327,42.346422],[-71.067332,42.346409],[-71.067348,42.346366],[-71.067354,42.346351],[-71.067397,42.34636],[-71.067407,42.346335],[-71.067364,42.346326],[-71.06737,42.346311],[-71.067378,42.346288],[-71.067279,42.346268],[-71.067265,42.346304],[-71.067243,42.346362],[-71.067232,42.34636],[-71.06722,42.346392],[-71.067211,42.346415],[-71.067206,42.346428],[-71.067192,42.346465]]]},"properties":{"id":"670057-0","height_m":10.33}},{"type":"Feature","geometry":{"type":"Polygon","coordinates":[[[-71.067117,42.346662],[-71.067225,42.346684],[-71.067235,42.346658],[-71.067241,42.346644],[-71.067283,42.346653],[-71.067292,42.34663],[-71.067251,42.346621],[-71.067256,42.346606],[-71.067267,42.346579],[-71.067157,42.346556],[-71.067144,42.34659],[-71.067143,42.346594],[-71.067132,42.346623],[-71.067129,42.34663],[-71.067117,42.346662]]]},"properties":{"id":"670058-0","height_m":10}},{"type":"Feature","geometry":{"type":"Polygon","coordinates":[[[-71.067173,42.346515],[-71.067168,42.346529],[-71.067157,42.346556],[-71.067267,42.346579],[-71.067274,42.34656],[-71.067294,42.346507],[-71.067301,42.346488],[-71.067192,42.346465],[-71.067173,42.346515]]]},"properties":{"id":"670059-0","height_m":5.13}},{"type":"Feature","geometry":{"type":"Polygon","coordinates":[[[-71.067369,42.346671],[-71.067416,42.346681],[-71.067411,42.346695],[-71.067401,42.346722],[-71.067509,42.346744],[-71.067523,42.346708],[-71.067573,42.346578],[-71.067579,42.346562],[-71.067584,42.346549],[-71.067587,42.346543],[-71.067477,42.34652],[-71.067468,42.346543],[-71.067463,42.346557],[-71.067421,42.346548],[-71.067412,42.346574],[-71.067452,42.346582],[-71.067447,42.346596],[-71.067429,42.346642],[-71.067424,42.346655],[-71.067379,42.346646],[-71.067369,42.346671]]]},"properties":{"id":"670064-0","height_m":10.3}},{"type":"Feature","geometry":{"type":"Polygon","coordinates":[[[-71.067489,42.346377],[-71.067529,42.346386],[-71.067524,42.346398],[-71.067513,42.346426],[-71.067623,42.346449],[-71.067637,42.346412],[-71.067649,42.346381],[-71.067663,42.346345],[-71.067554,42.346322],[-71.067544,42.346347],[-71.067539,42.346362],[-71.067498,42.346353],[-71.067489,42.346377]]]},"properties":{"id":"670065-0","height_m":10.13}},{"type":"Feature","geometry":{"type":"Polygon","coordinates":[[[-71.067506,42.346446],[-71.067486,42.346498],[-71.067477,42.34652],[-71.067587,42.346543],[-71.067598,42.346514],[-71.067603,42.346501],[-71.067623,42.346449],[-71.067513,42.346426],[-71.067506,42.346446]]]},"properties":{"id":"670066-0","height_m":5.14}},{"type":"Feature","geometry":{"type":"Polygon","coordinates":[[[-71.067671,42.346774],[-71.067778,42.346806],[-71.067791,42.346781],[-71.067799,42.346767],[-71.067839,42.346779],[-71.067852,42.346755],[-71.067811,42.346743],[-71.067818,42.346732],[-71.067843,42.346685],[-71.06785,42.346672],[-71.06789,42.346684],[-71.067903,42.34666],[-71.067862,42.346648],[-71.067869,42.346634],[-71.067883,42.34661],[-71.067777,42.346578],[-71.067758,42.346614],[-71.067691,42.346737],[-71.067689,42.346739],[-71.067671,42.346774]]]},"properties":{"id":"670068-0","height_m":10.05}},{"type":"Feature","geometry":{"type":"Polygon","coordinates":[[[-71.067825,42.34649],[-71.067931,42.346521],[-71.067946,42.346493],[-71.067953,42.346481],[-71.067995,42.346493],[-71.068008,42.34647],[-71.067968,42.346458],[-71.067975,42.346444],[-71.067989,42.346419],[-71.067881,42.346387],[-71.067862,42.346422],[-71.067846,42.34645],[-71.067844,42.346454],[-71.067825,42.34649]]]},"properties":{"id":"670069-0","height_m":9.98}},{"type":"Feature","geometry":{"type":"Polygon","coordinates":[[[-71.067812,42.346514],[-71.067805,42.346526],[-71.0678,42.346536],[-71.067793,42.346549],[-71.067777,42.346578],[-71.067883,42.34661],[-71.067894,42.34659],[-71.067917,42.346546],[-71.067931,42.346521],[-71.067825,42.34649],[-71.067812,42.346514]]]},"properties":{"id":"670070-0","height_m":5.02}},{"type":"Feature","geometry":{"type":"Polygon","coordinates":[[[-71.056273,42.346872],[-71.056541,42.346824],[-71.056548,42.346846],[-71.056643,42.346829],[-71.056636,42.346807],[-71.056834,42.346771],[-71.056798,42.346664],[-71.056774,42.346589],[-71.056754,42.34653],[-71.056832,42.346516],[-71.056868,42.34651],[-71.056867,42.346509],[-71.056941,42.346496],[-71.056907,42.346393],[-71.056905,42.346394],[-71.056895,42.346363],[-71.056895,42.346363],[-71.056874,42.346298],[-71.056873,42.346295],[-71.056812,42.34611],[-71.056778,42.346116],[-71.05677,42.346089],[-71.056615,42.346117],[-71.056624,42.346144],[-71.056568,42.346154],[-71.056584,42.346202],[-71.056556,42.346207],[-71.056576,42.346266],[-71.056546,42.346272],[-71.056591,42.346408],[-71.056562,42.346414],[-71.056552,42.346383],[-71.056451,42.346401],[-71.05646,42.346429],[-71.056404,42.34644],[-71.056488,42.346694],[-71.056469,42.346698],[-71.056459,42.346667],[-71.056258,42.346703],[-71.056268,42.346733],[-71.056229,42.34674],[-71.056273,42.346872]]]},"properties":{"id":"670098-0","height_m":25.33}},{"type":"Feature","geometry":{"type":"Polygon","coordinates":[[[-71.069245,42.346702],[-71.069241,42.346712],[-71.069236,42.346713],[-71.069205,42.34672],[-71.069192,42.346723],[-71.069164,42.346776],[-71.06916,42.346784],[-71.069156,42.346792],[-71.069144,42.346813],[-71.069137,42.346826],[-71.069121,42.346828],[-71.069113,42.346843],[-71.069124,42.346853],[-71.069115,42.34687],[-71.069115,42.346871],[-71.069363,42.346945],[-71.069441,42.346924],[-71.06956,42.346713],[-71.069523,42.346637],[-71.069515,42.346639],[-71.069501,42.346643],[-71.069496,42.346644],[-71.069482,42.346638],[-71.069463,42.346643],[-71.069456,42.346655],[-71.069448,42.346657],[-71.069436,42.34666],[-71.069408,42.346668],[-71.069396,42.346671],[-71.069391,42.346672],[-71.069375,42.346667],[-71.069359,42.346671],[-71.069357,42.346681],[-71.069351,42.346683],[-71.069336,42.346687],[-71.069318,42.346692],[-71.069289,42.346699],[-71.069281,42.346701],[-71.069265,42.346695],[-71.069245,42.346702]]]},"properties":{"id":"670099-0","height_m":14.26}},{"type":"Feature","geometry":{"type":"Polygon","coordinates":[[[-71.061264,42.346992],[-71.061263,42.346993],[-71.061263,42.346993],[-71.061286,42.347013],[-71.06135,42.347067],[-71.061354,42.347065],[-71.061484,42.346981],[-71.061396,42.346906],[-71.061264,42.346992]]]},"properties":{"id":"670113-0","height_m":6.05}},{"type":"Feature","geometry":{"type":"Polygon","coordinates":[[[-71.066014,42.346861],[-71.067723,42.347228],[-71.067835,42.34694],[-71.067836,42.346936],[-71.067835,42.346931],[-71.067834,42.346926],[-71.067831,42.346922],[-71.067828,42.346918],[-71.067825,42.346914],[-71.06782,42.34691],[-71.067816,42.346907],[-71.06781,42.346905],[-71.067804,42.346903],[-71.067798,42.346901],[-71.067792,42.3469],[-71.067031,42.346737],[-71.067013,42.346784],[-71.066929,42.346766],[-71.066947,42.346719],[-71.066137,42.346545],[-71.066014,42.346861]]]},"properties":{"id":"670114-0","height_m":3.56}},{"type":"Feature","geometry":{"type":"Polygon","coordinates":[[[-71.069288,42.347138],[-71.069316,42.347194],[-71.069325,42.347212],[-71.069358,42.34728],[-71.069363,42.347289],[-71.069502,42.347251],[-71.069453,42.347151],[-71.069502,42.347138],[-71.069513,42.347159],[-71.069586,42.34714],[-71.06961,42.347133],[-71.069678,42.347115],[-71.069693,42.347144],[-71.069735,42.347132],[-71.06992,42.347082],[-71.070032,42.347052],[-71.070253,42.346993],[-71.070171,42.346827],[-71.070061,42.346857],[-71.070057,42.346849],[-71.069609,42.34697],[-71.069613,42.346979],[-71.069628,42.346975],[-71.069644,42.347008],[-71.069602,42.347019],[-71.069519,42.347042],[-71.069462,42.347057],[-71.06947,42.347072],[-71.069479,42.34709],[-71.069491,42.347115],[-71.069477,42.347119],[-71.069452,42.347126],[-71.069441,42.347129],[-71.069428,42.347102],[-71.069427,42.3471],[-71.069288,42.347138]]]},"properties":{"id":"670123-0","height_m":4.57}},{"type":"Feature","geometry":{"type":"Polygon","coordinates":[[[-71.067853,42.347216],[-71.067853,42.347221],[-71.067853,42.347226],[-71.067854,42.347232],[-71.067856,42.347237],[-71.067858,42.347242],[-71.067862,42.347247],[-71.067866,42.347251],[-71.067871,42.347255],[-71.067876,42.347259],[-71.067882,42.347262],[-71.068343,42.347361],[-71.068417,42.347376],[-71.068444,42.347327],[-71.068489,42.347244],[-71.068521,42.347185],[-71.068536,42.347157],[-71.068567,42.347099],[-71.068525,42.347087],[-71.068127,42.346968],[-71.0681,42.34696],[-71.068099,42.346962],[-71.068087,42.346983],[-71.068076,42.346979],[-71.068052,42.346972],[-71.068046,42.346992],[-71.067948,42.346974],[-71.067943,42.346987],[-71.067853,42.347216]]]},"properties":{"id":"670165-0","height_m":5.43}},{"type":"Feature","geometry":{"type":"Polygon","coordinates":[[[-71.063341,42.347419],[-71.063349,42.347397],[-71.063363,42.3474],[-71.06339,42.347405],[-71.063411,42.347396],[-71.0634,42.347379],[-71.063357,42.347371],[-71.063369,42.347337],[-71.0634,42.347251],[-71.063129,42.347197],[-71.063097,42.347286],[-71.063093,42.347297],[-71.063092,42.347299],[-71.063091,42.347302],[-71.063177,42.34732],[-71.063172,42.347334],[-71.063141,42.347328],[-71.06312,42.347338],[-71.063132,42.347353],[-71.063163,42.34736],[-71.063155,42.347382],[-71.063341,42.347419]]]},"properties":{"id":"670166-0","height_m":6.38}},{"type":"Feature","geometry":{"type":"Polygon","coordinates":[[[-71.061805,42.34754],[-71.061786,42.347585],[-71.061772,42.347618],[-71.061802,42.347625],[-71.061816,42.347592],[-71.061834,42.347549],[-71.061835,42.347547],[-71.061818,42.347542],[-71.061821,42.347536],[-71.061837,42.347541],[-71.061849,42.347513],[-71.06182,42.347507],[-71.061824,42.347496],[-71.061824,42.347496],[-71.061805,42.34754]]]},"properties":{"id":"670170-0","height_m":41.95}},{"type":"Feature","geometry":{"type":"Polygon","coordinates":[[[-71.062133,42.347556],[-71.06223,42.347578],[-71.062234,42.347579],[-71.062271,42.347487],[-71.062268,42.347486],[-71.06217,42.347465],[-71.062154,42.347461],[-71.062157,42.347453],[-71.062126,42.347446],[-71.0619,42.347396],[-71.061866,42.347388],[-71.06186,42.347405],[-71.061858,42.347405],[-71.061745,42.34738],[-71.061742,42.347379],[-71.061705,42.34747],[-71.061709,42.347471],[-71.061821,42.347496],[-71.061824,42.347496],[-71.061824,42.347496],[-71.06182,42.347507],[-71.061849,42.347513],[-71.061853,42.347515],[-71.06208,42.347565],[-71.06211,42.347571],[-71.062117,42.347553],[-71.062133,42.347556]]]},"properties":{"id":"670184-0","height_m":23.31}},{"type":"Feature","geometry":{"type":"Polygon","coordinates":[[[-71.063608,42.347655],[-71.063613,42.347656],[-71.06396,42.347708],[-71.063975,42.347655],[-71.064088,42.347673],[-71.064156,42.347683],[-71.064156,42.34768],[-71.064162,42.347658],[-71.064178,42.34766],[-71.064188,42.347624],[-71.064172,42.347621],[-71.064178,42.3476],[-71.06418,42.347595],[-71.064032,42.347573],[-71.064046,42.347521],[-71.063662,42.347463],[-71.06366,42.347467],[-71.063655,42.347487],[-71.063621,42.347482],[-71.063604,42.347544],[-71.063599,42.347563],[-71.063587,42.347605],[-71.063621,42.34761],[-71.063608,42.347655]]]},"properties":{"id":"670185-0","height_m":7.15}},{"type":"Feature","geometry":{"type":"Polygon","coordinates":[[[-71.062303,42.34779],[-71.062303,42.347791],[-71.062523,42.347842],[-71.062524,42.347839],[-71.062559,42.347754],[-71.06256,42.347753],[-71.062543,42.347749],[-71.062551,42.347729],[-71.062565,42.347732],[-71.062565,42.347731],[-71.0626,42.347646],[-71.062601,42.347646],[-71.062636,42.34756],[-71.062637,42.347559],[-71.062623,42.347556],[-71.062632,42.347535],[-71.062642,42.347537],[-71.062643,42.347536],[-71.062677,42.347453],[-71.062678,42.347451],[-71.062463,42.347402],[-71.062463,42.347402],[-71.062427,42.347487],[-71.062426,42.34749],[-71.062436,42.347493],[-71.062427,42.347514],[-71.062417,42.347512],[-71.062417,42.347512],[-71.062347,42.347681],[-71.062346,42.347684],[-71.062359,42.347687],[-71.062351,42.347708],[-71.062339,42.347705],[-71.062338,42.347706],[-71.062303,42.34779]]]},"properties":{"id":"670186-0","height_m":9.87}},{"type":"Feature","geometry":{"type":"Polygon","coordinates":[[[-71.062971,42.347348],[-71.062956,42.347385],[-71.06295,42.3474],[-71.062949,42.347403],[-71.062948,42.347405],[-71.062956,42.347407],[-71.062953,42.347413],[-71.062939,42.347448],[-71.062936,42.347456],[-71.062922,42.347492],[-71.062918,42.3475],[-71.062904,42.347535],[-71.062902,42.347541],[-71.063015,42.347599],[-71.06305,42.347613],[-71.06307,42.347595],[-71.063094,42.347573],[-71.063035,42.347538],[-71.063058,42.347514],[-71.063136,42.347442],[-71.063141,42.347437],[-71.063007,42.347356],[-71.062973,42.347343],[-71.062971,42.347348]]]},"properties":{"id":"670187-0","height_m":21.81}},{"type":"Feature","geometry":{"type":"Polygon","coordinates":[[[-71.063311,42.347552],[-71.063235,42.347619],[-71.063254,42.347628],[-71.063244,42.347672],[-71.063241,42.347682],[-71.063238,42.347698],[-71.063229,42.347737],[-71.063364,42.347815],[-71.063368,42.347818],[-71.063416,42.347608],[-71.063316,42.347548],[-71.063311,42.347552]]]},"properties":{"id":"670188-0","height_m":17.5}},{"type":"Feature","geometry":{"type":"Polygon","coordinates":[[[-71.062832,42.347696],[-71.063058,42.347746],[-71.063081,42.347688],[-71.063076,42.347687],[-71.063006,42.347672],[-71.062998,42.347691],[-71.062982,42.347686],[-71.063015,42.347599],[-71.062902,42.347541],[-71.062901,42.347541],[-71.062886,42.347576],[-71.062879,42.347591],[-71.062858,42.347638],[-71.062857,42.347638],[-71.062857,42.347638],[-71.062822,42.347651],[-71.062827,42.347656],[-71.06283,42.34766],[-71.062843,42.347675],[-71.062841,42.347674],[-71.062832,42.347696]]]},"properties":{"id":"670189-0","height_m":12.84}},{"type":"Feature","geometry":{"type":"Polygon","coordinates":[[[-71.063007,42.347863],[-71.063007,42.347862],[-71.063015,42.347843],[-71.063017,42.347843],[-71.063033,42.347804],[-71.062809,42.347754],[-71.062808,42.347754],[-71.062801,42.347756],[-71.062796,42.347767],[-71.062796,42.347767],[-71.062799,42.347769],[-71.062802,42.347772],[-71.062804,42.347772],[-71.062788,42.347813],[-71.062787,42.347815],[-71.063007,42.347863]]]},"properties":{"id":"670190-0","height_m":14.04}},{"type":"Feature","geometry":{"type":"Polygon","coordinates":[[[-71.062832,42.347696],[-71.06281,42.347752],[-71.062809,42.347754],[-71.062809,42.347754],[-71.063033,42.347804],[-71.063035,42.347805],[-71.063058,42.347746],[-71.062832,42.347696],[-71.062832,42.347696]]]},"properties":{"id":"670191-0","height_m":12.2}},{"type":"Feature","geometry":{"type":"Polygon","coordinates":[[[-71.063058,42.347514],[-71.063118,42.347552],[-71.063198,42.347479],[-71.063136,42.347442],[-71.063058,42.347514]]]},"properties":{"id":"670192-0","height_m":12.9}},{"type":"Feature","geometry":{"type":"Polygon","coordinates":[[[-71.063118,42.347552],[-71.063121,42.347554],[-71.063167,42.347583],[-71.063171,42.347586],[-71.063173,42.347584],[-71.063251,42.347515],[-71.063253,42.347513],[-71.063198,42.347479],[-71.063118,42.347552]]]},"properties":{"id":"670193-0","height_m":12.69}},{"type":"Feature","geometry":{"type":"Polygon","coordinates":[[[-71.06302,42.347864],[-71.063095,42.347881],[-71.063131,42.347794],[-71.063131,42.347794],[-71.063107,42.347788],[-71.063056,42.347777],[-71.06302,42.347864]]]},"properties":{"id":"670194-0","height_m":10.17}},{"type":"Feature","geometry":{"type":"Polygon","coordinates":[[[-71.063095,42.347881],[-71.063168,42.347898],[-71.0632,42.347821],[-71.063204,42.34781],[-71.063198,42.347809],[-71.063195,42.347808],[-71.063178,42.347804],[-71.063131,42.347794],[-71.063095,42.347881]]]},"properties":{"id":"670195-0","height_m":10}},{"type":"Feature","geometry":{"type":"Polygon","coordinates":[[[-71.06324,42.347914],[-71.063252,42.347917],[-71.063317,42.347932],[-71.063349,42.347855],[-71.063272,42.347837],[-71.06324,42.347914]]]},"properties":{"id":"670196-0","height_m":8.95}},{"type":"Feature","geometry":{"type":"Polygon","coordinates":[[[-71.063168,42.347898],[-71.06324,42.347914],[-71.063272,42.347837],[-71.0632,42.347821],[-71.063168,42.347898]]]},"properties":{"id":"670197-0","height_m":9.11}},{"type":"Feature","geometry":{"type":"Polygon","coordinates":[[[-71.063056,42.347777],[-71.063107,42.347788],[-71.063113,42.347773],[-71.063142,42.347703],[-71.063092,42.347691],[-71.063056,42.347777]]]},"properties":{"id":"670198-0","height_m":4.7}},{"type":"Feature","geometry":{"type":"Polygon","coordinates":[[[-71.062297,42.348017],[-71.062404,42.34804],[-71.062411,42.348042],[-71.062446,42.347953],[-71.062444,42.347953],[-71.062333,42.347928],[-71.062329,42.347927],[-71.062334,42.347917],[-71.062303,42.34791],[-71.062072,42.347859],[-71.06204,42.347852],[-71.061926,42.347827],[-71.061924,42.347827],[-71.061905,42.347875],[-71.061896,42.347896],[-71.061878,42.347943],[-71.061884,42.347944],[-71.061994,42.347969],[-71.062027,42.347976],[-71.062256,42.348028],[-71.062286,42.348035],[-71.062293,42.348016],[-71.062297,42.348017]]]},"properties":{"id":"670199-0","height_m":33.87}},{"type":"Feature","geometry":{"type":"Polygon","coordinates":[[[-71.061715,42.347854],[-71.061792,42.347871],[-71.061825,42.347879],[-71.061896,42.347896],[-71.061905,42.347875],[-71.061834,42.347859],[-71.0618,42.347851],[-71.061724,42.347833],[-71.061715,42.347854]]]},"properties":{"id":"670200-0","height_m":41.95}},{"type":"Feature","geometry":{"type":"Polygon","coordinates":[[[-71.061556,42.348043],[-71.061555,42.348046],[-71.061674,42.348074],[-71.061675,42.348069],[-71.06171,42.347988],[-71.06171,42.347986],[-71.061722,42.347989],[-71.061731,42.347967],[-71.061749,42.347924],[-71.061766,42.347883],[-71.061768,42.34788],[-71.061709,42.347867],[-71.061715,42.347854],[-71.061724,42.347833],[-71.061729,42.347821],[-71.061784,42.347834],[-71.061788,42.347824],[-71.061819,42.347749],[-71.06183,42.347725],[-71.061856,42.347662],[-71.061857,42.347661],[-71.061857,42.347661],[-71.061865,42.347642],[-71.061866,42.34764],[-71.061802,42.347625],[-71.061772,42.347618],[-71.061712,42.347604],[-71.061712,42.347605],[-71.061676,42.347689],[-71.061666,42.347713],[-71.061631,42.347796],[-71.061631,42.347798],[-71.06164,42.3478],[-71.061635,42.347811],[-71.061624,42.347838],[-71.061621,42.347845],[-71.061612,42.347843],[-71.061611,42.347846],[-71.061576,42.34793],[-71.061566,42.347954],[-71.061591,42.34796],[-71.061591,42.347961],[-71.061556,42.348043]]]},"properties":{"id":"670201-0","height_m":41.95}},{"type":"Feature","geometry":{"type":"Polygon","coordinates":[[[-71.063065,42.34805],[-71.063051,42.348085],[-71.063098,42.348094],[-71.063115,42.348039],[-71.06314,42.348045],[-71.063171,42.34797],[-71.063122,42.347959],[-71.063123,42.347957],[-71.063093,42.34795],[-71.063068,42.348029],[-71.063073,42.34803],[-71.063065,42.34805]]]},"properties":{"id":"670202-0","height_m":8.61}},{"type":"Feature","geometry":{"type":"Polygon","coordinates":[[[-71.062959,42.347926],[-71.062929,42.348],[-71.062934,42.348001],[-71.062998,42.348014],[-71.063028,42.347936],[-71.062961,42.347921],[-71.062959,42.347926]]]},"properties":{"id":"670203-0","height_m":9.14}},{"type":"Feature","geometry":{"type":"Polygon","coordinates":[[[-71.062998,42.348014],[-71.063005,42.348016],[-71.063013,42.348017],[-71.063068,42.348029],[-71.063093,42.34795],[-71.063028,42.347936],[-71.062998,42.348014]]]},"properties":{"id":"670204-0","height_m":9.22}},{"type":"Feature","geometry":{"type":"Polygon","coordinates":[[[-71.06314,42.348045],[-71.063208,42.34806],[-71.063239,42.347985],[-71.063171,42.34797],[-71.06314,42.348045]]]},"properties":{"id":"670205-0","height_m":8.72}},{"type":"Feature","geometry":{"type":"Polygon","coordinates":[[[-71.063208,42.34806],[-71.06328,42.348076],[-71.063299,42.348007],[-71.063301,42.347999],[-71.063239,42.347985],[-71.063208,42.34806]]]},"properties":{"id":"670206-0","height_m":8.68}},{"type":"Feature","geometry":{"type":"Polygon","coordinates":[[[-71.068317,42.348127],[-71.068271,42.348155],[-71.068293,42.348176],[-71.068307,42.348189],[-71.068318,42.348199],[-71.068358,42.348175],[-71.06837,42.348168],[-71.068373,42.348165],[-71.068326,42.348122],[-71.068317,42.348127]]]},"properties":{"id":"670207-0","height_m":9.95}},{"type":"Feature","geometry":{"type":"Polygon","coordinates":[[[-71.062742,42.34792],[-71.062735,42.347937],[-71.062735,42.347939],[-71.062855,42.347962],[-71.062914,42.347979],[-71.062916,42.34798],[-71.06294,42.347921],[-71.062942,42.347918],[-71.062759,42.347877],[-71.062742,42.34792]]]},"properties":{"id":"670208-0","height_m":10.89}},{"type":"Feature","geometry":{"type":"Polygon","coordinates":[[[-71.062712,42.347996],[-71.062697,42.348033],[-71.062696,42.348036],[-71.062689,42.348052],[-71.062688,42.348055],[-71.062811,42.348077],[-71.062871,42.348095],[-71.06288,42.348072],[-71.062886,42.348057],[-71.062883,42.348057],[-71.062823,42.348043],[-71.062834,42.34802],[-71.062712,42.347995],[-71.062712,42.347996]]]},"properties":{"id":"670209-0","height_m":11.37}},{"type":"Feature","geometry":{"type":"Polygon","coordinates":[[[-71.062734,42.347939],[-71.06272,42.347974],[-71.062719,42.347977],[-71.062713,42.347993],[-71.062712,42.347995],[-71.062834,42.34802],[-71.062893,42.348036],[-71.062894,42.348036],[-71.062909,42.347999],[-71.062907,42.347998],[-71.062847,42.347983],[-71.062855,42.347962],[-71.062735,42.347939],[-71.062734,42.347939]]]},"properties":{"id":"670210-0","height_m":11.51}},{"type":"Feature","geometry":{"type":"Polygon","coordinates":[[[-71.062659,42.348128],[-71.06265,42.34815],[-71.06264,42.348175],[-71.062761,42.348192],[-71.062777,42.348131],[-71.062667,42.348107],[-71.062659,42.348128]]]},"properties":{"id":"670211-0","height_m":12.83}},{"type":"Feature","geometry":{"type":"Polygon","coordinates":[[[-71.063177,42.348169],[-71.063154,42.348251],[-71.063229,42.348263],[-71.063253,42.34818],[-71.063249,42.348179],[-71.063222,42.348175],[-71.06323,42.348148],[-71.063187,42.348141],[-71.063186,42.348141],[-71.063177,42.348169]]]},"properties":{"id":"670212-0","height_m":9.48}},{"type":"Feature","geometry":{"type":"Polygon","coordinates":[[[-71.063076,42.348238],[-71.063154,42.348251],[-71.063177,42.348169],[-71.063176,42.348169],[-71.0631,42.348157],[-71.063076,42.348238]]]},"properties":{"id":"670213-0","height_m":10.96}},{"type":"Feature","geometry":{"type":"Polygon","coordinates":[[[-71.062922,42.348216],[-71.063,42.348227],[-71.063024,42.348146],[-71.062997,42.348142],[-71.062979,42.348139],[-71.062955,42.348136],[-71.062946,42.348134],[-71.062922,42.348216]]]},"properties":{"id":"670214-0","height_m":11.24}},{"type":"Feature","geometry":{"type":"Polygon","coordinates":[[[-71.063,42.348227],[-71.063,42.348228],[-71.063075,42.348241],[-71.063076,42.348238],[-71.0631,42.348157],[-71.063024,42.348146],[-71.063,42.348227]]]},"properties":{"id":"670215-0","height_m":11.75}},{"type":"Feature","geometry":{"type":"Polygon","coordinates":[[[-71.062855,42.348206],[-71.062922,42.348216],[-71.062946,42.348134],[-71.062946,42.348133],[-71.062939,42.348131],[-71.062886,42.348123],[-71.062877,42.348122],[-71.062855,42.348206]]]},"properties":{"id":"670216-0","height_m":11.38}},{"type":"Feature","geometry":{"type":"Polygon","coordinates":[[[-71.066778,42.348278],[-71.066797,42.348188],[-71.066677,42.348174],[-71.066681,42.348154],[-71.066653,42.348151],[-71.066649,42.34817],[-71.066407,42.348142],[-71.066411,42.348121],[-71.066383,42.348118],[-71.066378,42.348139],[-71.066258,42.348125],[-71.066257,42.348125],[-71.066238,42.348214],[-71.066358,42.348228],[-71.066355,42.348241],[-71.066359,42.348242],[-71.066382,42.348244],[-71.066385,42.348245],[-71.066387,42.348232],[-71.066629,42.34826],[-71.066626,42.348272],[-71.066629,42.348272],[-71.066652,42.348275],[-71.066655,42.348275],[-71.066657,42.348263],[-71.066778,42.348278]]]},"properties":{"id":"670217-0","height_m":10.63}},{"type":"Feature","geometry":{"type":"Polygon","coordinates":[[[-71.067121,42.348275],[-71.06712,42.348277],[-71.067242,42.348291],[-71.067243,42.34829],[-71.067261,42.348202],[-71.067275,42.348204],[-71.067287,42.348205],[-71.067287,42.348203],[-71.067309,42.348096],[-71.06731,42.348094],[-71.067156,42.348077],[-71.067154,42.348076],[-71.067151,42.348076],[-71.067132,42.348164],[-71.067128,42.348164],[-71.067124,42.348186],[-71.067124,42.348186],[-71.067125,42.348186],[-71.067139,42.348188],[-71.067121,42.348275]]]},"properties":{"id":"670218-0","height_m":9.13}},{"type":"Feature","geometry":{"type":"Polygon","coordinates":[[[-71.067759,42.34841],[-71.067823,42.348374],[-71.067834,42.348385],[-71.06791,42.348342],[-71.067906,42.348338],[-71.067895,42.348327],[-71.067963,42.348289],[-71.067935,42.348261],[-71.067905,42.348232],[-71.067901,42.348232],[-71.067862,42.348228],[-71.067679,42.348332],[-71.067692,42.348345],[-71.067759,42.34841]]]},"properties":{"id":"670235-0","height_m":4.57}},{"type":"Feature","geometry":{"type":"Polygon","coordinates":[[[-71.067759,42.34841],[-71.067926,42.348572],[-71.067964,42.348551],[-71.067919,42.348507],[-71.067945,42.348492],[-71.067915,42.348463],[-71.067846,42.348396],[-71.067834,42.348385],[-71.067823,42.348374],[-71.067759,42.34841]]]},"properties":{"id":"670236-0","height_m":9.25}},{"type":"Feature","geometry":{"type":"Polygon","coordinates":[[[-71.067995,42.348393],[-71.068011,42.348409],[-71.068086,42.348481],[-71.068148,42.348446],[-71.068072,42.348373],[-71.068051,42.348385],[-71.067983,42.348319],[-71.067943,42.348342],[-71.067957,42.348356],[-71.067995,42.348393]]]},"properties":{"id":"670237-0","height_m":9.37}},{"type":"Feature","geometry":{"type":"Polygon","coordinates":[[[-71.068161,42.348323],[-71.068142,42.348334],[-71.068136,42.348338],[-71.068211,42.34841],[-71.068279,42.348372],[-71.068204,42.348299],[-71.068161,42.348323]]]},"properties":{"id":"670238-0","height_m":10.11}},{"type":"Feature","geometry":{"type":"Polygon","coordinates":[[[-71.068326,42.34823],[-71.068308,42.34824],[-71.068265,42.348264],[-71.06834,42.348337],[-71.068406,42.3483],[-71.068331,42.348227],[-71.068326,42.34823]]]},"properties":{"id":"670239-0","height_m":9.83}},{"type":"Feature","geometry":{"type":"Polygon","coordinates":[[[-71.068126,42.348338],[-71.068089,42.348359],[-71.068069,42.34837],[-71.068072,42.348373],[-71.068148,42.348446],[-71.068211,42.34841],[-71.068136,42.348338],[-71.068132,42.348334],[-71.068126,42.348338]]]},"properties":{"id":"670240-0","height_m":9.76}},{"type":"Feature","geometry":{"type":"Polygon","coordinates":[[[-71.067947,42.348445],[-71.068022,42.348518],[-71.068086,42.348481],[-71.068011,42.348409],[-71.067947,42.348445]]]},"properties":{"id":"670241-0","height_m":10.23}},{"type":"Feature","geometry":{"type":"Polygon","coordinates":[[[-71.068383,42.348197],[-71.068336,42.348224],[-71.068331,42.348227],[-71.068406,42.3483],[-71.068469,42.348264],[-71.068394,42.348191],[-71.068383,42.348197]]]},"properties":{"id":"670242-0","height_m":9.67}},{"type":"Feature","geometry":{"type":"Polygon","coordinates":[[[-71.068243,42.348277],[-71.068207,42.348297],[-71.068204,42.348299],[-71.068279,42.348372],[-71.06834,42.348337],[-71.068265,42.348264],[-71.068243,42.348277]]]},"properties":{"id":"670243-0","height_m":9}},{"type":"Feature","geometry":{"type":"Polygon","coordinates":[[[-71.067945,42.348446],[-71.067915,42.348463],[-71.067945,42.348492],[-71.067919,42.348507],[-71.067964,42.348551],[-71.068022,42.348518],[-71.067947,42.348445],[-71.067945,42.348446]]]},"properties":{"id":"670244-0","height_m":9.73}},{"type":"Feature","geometry":{"type":"Polygon","coordinates":[[[-71.066555,42.348534],[-71.066577,42.348555],[-71.066633,42.348609],[-71.066654,42.348629],[-71.066658,42.348627],[-71.06699,42.348437],[-71.06699,42.348436],[-71.066981,42.348428],[-71.066973,42.348421],[-71.067071,42.348365],[-71.066996,42.348293],[-71.066994,42.348295],[-71.066899,42.348349],[-71.066892,42.348341],[-71.066555,42.348534]]]},"properties":{"id":"670245-0","height_m":9.09}},{"type":"Feature","geometry":{"type":"Polygon","coordinates":[[[-71.068699,42.348668],[-71.068833,42.348617],[-71.068848,42.348639],[-71.06885,42.348638],[-71.068891,42.348622],[-71.068959,42.348596],[-71.069032,42.348568],[-71.069103,42.34854],[-71.069141,42.348526],[-71.069212,42.348498],[-71.069218,42.348496],[-71.069221,42.348495],[-71.069214,42.348485],[-71.069213,42.348483],[-71.069099,42.348322],[-71.069121,42.348313],[-71.069127,42.348297],[-71.069118,42.348283],[-71.06911,42.348282],[-71.069138,42.348271],[-71.069143,42.348269],[-71.069146,42.348268],[-71.069139,42.348258],[-71.069128,42.348242],[-71.069081,42.348175],[-71.069004,42.348204],[-71.069002,42.348201],[-71.068999,42.348202],[-71.068998,42.348203],[-71.068948,42.348222],[-71.068947,42.348222],[-71.068943,42.348224],[-71.068965,42.348254],[-71.068878,42.348287],[-71.068873,42.34828],[-71.06886,42.348279],[-71.068849,42.348283],[-71.068846,42.348292],[-71.06885,42.348298],[-71.068837,42.348303],[-71.068807,42.348315],[-71.068778,42.348326],[-71.068771,42.348329],[-71.068767,42.348322],[-71.068762,42.348321],[-71.068755,42.34832],[-71.068753,42.348319],[-71.068751,42.34832],[-71.068741,42.348324],[-71.068737,42.348332],[-71.068743,42.34834],[-71.068656,42.348373],[-71.068633,42.348341],[-71.06863,42.348342],[-71.06863,42.348343],[-71.06858,42.348362],[-71.06858,42.348362],[-71.06858,42.348362],[-71.068582,42.348365],[-71.068501,42.348396],[-71.068565,42.348487],[-71.068601,42.348473],[-71.068598,42.348481],[-71.068609,42.348496],[-71.06863,42.348501],[-71.068649,42.348494],[-71.068712,42.348584],[-71.068655,42.348606],[-71.068699,42.348668]]]},"properties":{"id":"670246-0","height_m":19.7}},{"type":"Feature","geometry":{"type":"Polygon","coordinates":[[[-71.061244,42.348672],[-71.061479,42.348726],[-71.061486,42.34871],[-71.061516,42.348636],[-71.061523,42.34862],[-71.061517,42.348619],[-71.061342,42.348577],[-71.061288,42.348565],[-71.061244,42.348672]]]},"properties":{"id":"670261-0","height_m":14.42}},{"type":"Feature","geometry":{"type":"Polygon","coordinates":[[[-71.061412,42.348312],[-71.061393,42.348359],[-71.061392,42.348361],[-71.061406,42.348364],[-71.061605,42.348407],[-71.061619,42.34841],[-71.061626,42.348393],[-71.06164,42.348359],[-71.061414,42.348308],[-71.061412,42.348312]]]},"properties":{"id":"670262-0","height_m":13.7}},{"type":"Feature","geometry":{"type":"Polygon","coordinates":[[[-71.061236,42.348384],[-71.061258,42.348389],[-71.061356,42.348411],[-71.061357,42.348407],[-71.061364,42.348374],[-71.061365,42.348369],[-71.061339,42.348363],[-71.061337,42.34837],[-71.061292,42.34836],[-71.06129,42.348364],[-71.061285,42.348363],[-71.061295,42.34834],[-71.061269,42.348334],[-71.061138,42.348308],[-71.061127,42.348305],[-71.061113,42.34834],[-71.061109,42.348351],[-71.06112,42.348353],[-71.061236,42.348384]]]},"properties":{"id":"670263-0","height_m":12.91}},{"type":"Feature","geometry":{"type":"Polygon","coordinates":[[[-71.061133,42.348276],[-71.06115,42.348279],[-71.061138,42.348308],[-71.061269,42.348334],[-71.06129,42.348281],[-71.061145,42.348247],[-71.061133,42.348276]]]},"properties":{"id":"670264-0","height_m":13.48}},{"type":"Feature","geometry":{"type":"Polygon","coordinates":[[[-71.061145,42.348247],[-71.06129,42.348281],[-71.061294,42.348272],[-71.06131,42.348233],[-71.061312,42.348228],[-71.061312,42.348227],[-71.061184,42.348198],[-71.061183,42.3482],[-71.061177,42.348214],[-71.061176,42.348218],[-71.061164,42.348246],[-71.061154,42.348244],[-71.061147,42.348242],[-71.061145,42.348247]]]},"properties":{"id":"670265-0","height_m":13.56}},{"type":"Feature","geometry":{"type":"Polygon","coordinates":[[[-71.061119,42.348355],[-71.061118,42.348358],[-71.061109,42.348379],[-71.061107,42.348384],[-71.061104,42.348391],[-71.061104,42.348392],[-71.061097,42.348408],[-71.061096,42.348411],[-71.061214,42.348437],[-71.061215,42.348434],[-71.061236,42.348384],[-71.06112,42.348353],[-71.061119,42.348355]]]},"properties":{"id":"670266-0","height_m":14.09}},{"type":"Feature","geometry":{"type":"Polygon","coordinates":[[[-71.061075,42.348462],[-71.061074,42.348466],[-71.061069,42.348477],[-71.061068,42.34848],[-71.061057,42.348506],[-71.061053,42.348516],[-71.061171,42.348542],[-71.061171,42.348541],[-71.061191,42.348492],[-71.061193,42.348488],[-71.061075,42.348462],[-71.061075,42.348462]]]},"properties":{"id":"670267-0","height_m":13.18}},{"type":"Feature","geometry":{"type":"Polygon","coordinates":[[[-71.061011,42.348618],[-71.06101,42.348621],[-71.061127,42.348648],[-71.061149,42.348595],[-71.061149,42.348594],[-71.061032,42.348568],[-71.061011,42.348618]]]},"properties":{"id":"670268-0","height_m":11.37}},{"type":"Feature","geometry":{"type":"Polygon","coordinates":[[[-71.06105,42.348523],[-71.061046,42.348534],[-71.061042,42.348543],[-71.061038,42.348552],[-71.061037,42.348555],[-71.061033,42.348566],[-71.061032,42.348568],[-71.061149,42.348594],[-71.061162,42.348564],[-71.061171,42.348542],[-71.061053,42.348516],[-71.06105,42.348523]]]},"properties":{"id":"670269-0","height_m":10.63}},{"type":"Feature","geometry":{"type":"Polygon","coordinates":[[[-71.061095,42.348414],[-71.061092,42.348422],[-71.061092,42.348422],[-71.061082,42.348446],[-71.061081,42.348448],[-71.061075,42.348462],[-71.061193,42.348488],[-71.061195,42.348482],[-71.061211,42.348444],[-71.061214,42.348437],[-71.061096,42.348411],[-71.061095,42.348414]]]},"properties":{"id":"670270-0","height_m":13.17}},{"type":"Feature","geometry":{"type":"Polygon","coordinates":[[[-71.068003,42.348644],[-71.068126,42.348762],[-71.068119,42.348766],[-71.068148,42.348793],[-71.068271,42.348722],[-71.068266,42.348718],[-71.068204,42.348658],[-71.068302,42.348602],[-71.068305,42.3486],[-71.068238,42.348535],[-71.068221,42.348519],[-71.068003,42.348644]]]},"properties":{"id":"670271-0","height_m":11.39}},{"type":"Feature","geometry":{"type":"Polygon","coordinates":[[[-71.067255,42.348574],[-71.067241,42.348582],[-71.067114,42.348654],[-71.067098,42.348664],[-71.067097,42.348664],[-71.067169,42.348727],[-71.067321,42.34864],[-71.067255,42.348574],[-71.067255,42.348574]]]},"properties":{"id":"670284-0","height_m":10.98}},{"type":"Feature","geometry":{"type":"Polygon","coordinates":[[[-71.067503,42.348553],[-71.06754,42.348531],[-71.06753,42.348521],[-71.067542,42.348514],[-71.067537,42.348509],[-71.067622,42.34846],[-71.06756,42.3484],[-71.067448,42.348464],[-71.067425,42.348477],[-71.067423,42.348478],[-71.067491,42.348543],[-71.067492,42.348543],[-71.067503,42.348553]]]},"properties":{"id":"670285-0","height_m":11}},{"type":"Feature","geometry":{"type":"Polygon","coordinates":[[[-71.067312,42.348542],[-71.067291,42.348554],[-71.067255,42.348574],[-71.067321,42.34864],[-71.067333,42.348652],[-71.067428,42.348596],[-71.067417,42.348586],[-71.067347,42.348521],[-71.067312,42.348542]]]},"properties":{"id":"670286-0","height_m":9.87}},{"type":"Feature","geometry":{"type":"Polygon","coordinates":[[[-71.067064,42.348683],[-71.067041,42.348696],[-71.067008,42.348715],[-71.067073,42.348781],[-71.067085,42.348793],[-71.067181,42.348738],[-71.067169,42.348727],[-71.067097,42.348664],[-71.067064,42.348683]]]},"properties":{"id":"670287-0","height_m":10.04}},{"type":"Feature","geometry":{"type":"Polygon","coordinates":[[[-71.067008,42.348715],[-71.066994,42.348723],[-71.066926,42.348762],[-71.06693,42.348766],[-71.066994,42.348827],[-71.066996,42.348825],[-71.067073,42.348781],[-71.067008,42.348715],[-71.067008,42.348715]]]},"properties":{"id":"670288-0","height_m":11.25}},{"type":"Feature","geometry":{"type":"Polygon","coordinates":[[[-71.067362,42.348513],[-71.067348,42.348521],[-71.067347,42.348521],[-71.067417,42.348586],[-71.067491,42.348543],[-71.067423,42.348478],[-71.067362,42.348513]]]},"properties":{"id":"670289-0","height_m":11.03}},{"type":"Feature","geometry":{"type":"Polygon","coordinates":[[[-71.057581,42.348686],[-71.05756,42.348738],[-71.057529,42.348814],[-71.057701,42.348852],[-71.057721,42.348857],[-71.057795,42.348873],[-71.057988,42.348915],[-71.057993,42.348903],[-71.058013,42.348851],[-71.058017,42.348842],[-71.058019,42.348836],[-71.05804,42.348784],[-71.058046,42.348771],[-71.058067,42.348718],[-71.05807,42.348711],[-71.058071,42.348706],[-71.057613,42.348605],[-71.057581,42.348686]]]},"properties":{"id":"670291-0","height_m":47.29}},{"type":"Feature","geometry":{"type":"Polygon","coordinates":[[[-71.06932,42.348812],[-71.069306,42.348818],[-71.069267,42.348834],[-71.069257,42.348838],[-71.069202,42.34886],[-71.069189,42.348866],[-71.069137,42.348887],[-71.069138,42.348889],[-71.069164,42.348956],[-71.069166,42.348959],[-71.069336,42.348922],[-71.069354,42.348919],[-71.069357,42.348918],[-71.069322,42.348811],[-71.06932,42.348812]]]},"properties":{"id":"670292-0","height_m":13.44}},{"type":"Feature","geometry":{"type":"Polygon","coordinates":[[[-71.061845,42.348283],[-71.061839,42.348299],[-71.061824,42.348336],[-71.061817,42.348354],[-71.061685,42.348679],[-71.061684,42.348682],[-71.061814,42.348712],[-71.061824,42.348687],[-71.061875,42.348558],[-71.061886,42.34853],[-71.061895,42.348508],[-71.061945,42.348382],[-71.062026,42.348184],[-71.062034,42.348165],[-71.062037,42.348157],[-71.061907,42.348129],[-71.061845,42.348283]]]},"properties":{"id":"670298-0","height_m":12.14}},{"type":"Feature","geometry":{"type":"Polygon","coordinates":[[[-71.061584,42.348939],[-71.061778,42.348981],[-71.061848,42.3488],[-71.061867,42.348804],[-71.061895,42.34873],[-71.061878,42.348726],[-71.061814,42.348712],[-71.061684,42.348682],[-71.061678,42.348681],[-71.061668,42.348706],[-71.06165,42.348751],[-71.06165,42.348753],[-71.061656,42.348755],[-71.061655,42.348758],[-71.061584,42.348939]]]},"properties":{"id":"670299-0","height_m":18.76}},{"type":"Feature","geometry":{"type":"Polygon","coordinates":[[[-71.061895,42.348508],[-71.062216,42.348582],[-71.062217,42.34858],[-71.062229,42.348553],[-71.06225,42.348502],[-71.062146,42.34848],[-71.062166,42.348433],[-71.062101,42.348418],[-71.06201,42.348397],[-71.061945,42.348382],[-71.061895,42.348508]]]},"properties":{"id":"670300-0","height_m":7.09}},{"type":"Feature","geometry":{"type":"Polygon","coordinates":[[[-71.062166,42.348433],[-71.062146,42.34848],[-71.06225,42.348502],[-71.06226,42.348505],[-71.062271,42.348474],[-71.062328,42.348329],[-71.062332,42.348318],[-71.062339,42.348302],[-71.062367,42.34823],[-71.062255,42.348206],[-71.062166,42.348433]]]},"properties":{"id":"670301-0","height_m":12.07}},{"type":"Feature","geometry":{"type":"Polygon","coordinates":[[[-71.06814,42.348829],[-71.068181,42.348904],[-71.068243,42.348874],[-71.068411,42.348794],[-71.068336,42.348723],[-71.068334,42.348719],[-71.06814,42.348829]]]},"properties":{"id":"670302-0","height_m":18.07}},{"type":"Feature","geometry":{"type":"Polygon","coordinates":[[[-71.068181,42.348904],[-71.068239,42.349006],[-71.068267,42.349011],[-71.068322,42.348988],[-71.068273,42.348913],[-71.068243,42.348874],[-71.068181,42.348904]]]},"properties":{"id":"670303-0","height_m":13.64}},{"type":"Feature","geometry":{"type":"Polygon","coordinates":[[[-71.068446,42.348787],[-71.068476,42.348826],[-71.068469,42.348829],[-71.068462,42.348832],[-71.068519,42.348906],[-71.068586,42.348877],[-71.068528,42.348802],[-71.068499,42.348764],[-71.068446,42.348787]]]},"properties":{"id":"670304-0","height_m":11.21}},{"type":"Feature","geometry":{"type":"Polygon","coordinates":[[[-71.068336,42.348723],[-71.068411,42.348794],[-71.068486,42.348749],[-71.068412,42.348678],[-71.068336,42.348723]]]},"properties":{"id":"670305-0","height_m":11.47}},{"type":"Feature","geometry":{"type":"Polygon","coordinates":[[[-71.068623,42.348762],[-71.068602,42.34877],[-71.068601,42.348771],[-71.06866,42.348845],[-71.068718,42.348821],[-71.06866,42.348746],[-71.068657,42.348747],[-71.068626,42.348708],[-71.068592,42.348722],[-71.068596,42.348727],[-71.068623,42.348762]]]},"properties":{"id":"670306-0","height_m":9.35}},{"type":"Feature","geometry":{"type":"Polygon","coordinates":[[[-71.068412,42.348678],[-71.068486,42.348749],[-71.068499,42.348742],[-71.068547,42.348713],[-71.068551,42.348711],[-71.068476,42.34864],[-71.068412,42.348678]]]},"properties":{"id":"670307-0","height_m":11.81}},{"type":"Feature","geometry":{"type":"Polygon","coordinates":[[[-71.068528,42.348802],[-71.068586,42.348877],[-71.06866,42.348845],[-71.068601,42.348771],[-71.068528,42.348802]]]},"properties":{"id":"670308-0","height_m":9.3}},{"type":"Feature","geometry":{"type":"Polygon","coordinates":[[[-71.068476,42.34864],[-71.068551,42.348711],[-71.068557,42.348707],[-71.068604,42.34868],[-71.068609,42.348676],[-71.068536,42.348604],[-71.068476,42.34864]]]},"properties":{"id":"670309-0","height_m":8.84}},{"type":"Feature","geometry":{"type":"Polygon","coordinates":[[[-71.068396,42.34886],[-71.068341,42.348883],[-71.068331,42.348888],[-71.068389,42.348962],[-71.068458,42.348932],[-71.0684,42.348858],[-71.068396,42.34886]]]},"properties":{"id":"670310-0","height_m":9.67}},{"type":"Feature","geometry":{"type":"Polygon","coordinates":[[[-71.068273,42.348913],[-71.068322,42.348988],[-71.068324,42.348989],[-71.068389,42.348962],[-71.068331,42.348888],[-71.068273,42.348913]]]},"properties":{"id":"670311-0","height_m":9.93}},{"type":"Feature","geometry":{"type":"Polygon","coordinates":[[[-71.068414,42.348852],[-71.0684,42.348858],[-71.068458,42.348932],[-71.068519,42.348906],[-71.068462,42.348832],[-71.068414,42.348852]]]},"properties":{"id":"670312-0","height_m":9.89}},{"type":"Feature","geometry":{"type":"Polygon","coordinates":[[[-71.06619,42.34882],[-71.066179,42.34882],[-71.066169,42.348822],[-71.066158,42.348823],[-71.066148,42.348826],[-71.066139,42.348829],[-71.06613,42.348833],[-71.066121,42.348837],[-71.066113,42.348841],[-71.066105,42.348846],[-71.066097,42.348851],[-71.066091,42.348857],[-71.066085,42.348863],[-71.066079,42.34887],[-71.066074,42.348877],[-71.06607,42.348884],[-71.066067,42.348891],[-71.066064,42.348898],[-71.066062,42.348906],[-71.066061,42.348913],[-71.06606,42.348921],[-71.066061,42.348928],[-71.066062,42.348936],[-71.066064,42.348944],[-71.066066,42.348951],[-71.06607,42.348958],[-71.066074,42.348965],[-71.066079,42.348972],[-71.066084,42.348978],[-71.06609,42.348985],[-71.066097,42.34899],[-71.066104,42.348996],[-71.066112,42.349001],[-71.06612,42.349005],[-71.066129,42.349009],[-71.066138,42.349013],[-71.066147,42.349016],[-71.066157,42.349019],[-71.066167,42.349021],[-71.066177,42.349022],[-71.066188,42.349023],[-71.066198,42.349023],[-71.066208,42.349023],[-71.066218,42.349022],[-71.066228,42.349021],[-71.066238,42.349019],[-71.066248,42.349016],[-71.066257,42.349013],[-71.066266,42.349009],[-71.066275,42.349005],[-71.066283,42.349],[-71.066291,42.348995],[-71.066298,42.34899],[-71.066305,42.348984],[-71.066311,42.348978],[-71.066316,42.348971],[-71.066321,42.348964],[-71.066325,42.348957],[-71.066328,42.34895],[-71.066331,42.348943],[-71.066332,42.348935],[-71.066333,42.348928],[-71.066334,42.34892],[-71.066333,42.348912],[-71.066332,42.348905],[-71.06633,42.348897],[-71.066327,42.34889],[-71.066323,42.348883],[-71.066319,42.348876],[-71.066314,42.348869],[-71.066309,42.348863],[-71.066303,42.348857],[-71.066296,42.348851],[-71.066288,42.348846],[-71.06628,42.348841],[-71.066272,42.348836],[-71.066263,42.348832],[-71.066253,42.348829],[-71.066243,42.348826],[-71.066233,42.348823],[-71.066222,42.348821],[-71.066212,42.34882],[-71.066201,42.34882],[-71.06619,42.34882]]]},"properties":{"id":"670313-0","height_m":12.38}},{"type":"Feature","geometry":{"type":"Polygon","coordinates":[[[-71.069188,42.349053],[-71.069199,42.349081],[-71.069227,42.349076],[-71.069226,42.349075],[-71.069216,42.349047],[-71.069188,42.349053]]]},"properties":{"id":"670314-0","height_m":2.78}},{"type":"Feature","geometry":{"type":"Polygon","coordinates":[[[-71.067679,42.348596],[-71.067754,42.348668],[-71.067757,42.348671],[-71.067815,42.348637],[-71.067712,42.34854],[-71.067708,42.348542],[-71.067639,42.348477],[-71.067585,42.348509],[-71.067597,42.348519],[-71.067679,42.348596]]]},"properties":{"id":"670316-0","height_m":13.41}},{"type":"Feature","geometry":{"type":"Polygon","coordinates":[[[-71.067129,42.348795],[-71.0672,42.348862],[-71.067177,42.348875],[-71.067174,42.348877],[-71.067259,42.34896],[-71.067331,42.348919],[-71.067325,42.348914],[-71.067206,42.348798],[-71.067175,42.348768],[-71.067129,42.348795]]]},"properties":{"id":"670317-0","height_m":11.61}},{"type":"Feature","geometry":{"type":"Polygon","coordinates":[[[-71.067384,42.348882],[-71.067447,42.348846],[-71.067372,42.348775],[-71.067339,42.348795],[-71.067282,42.348741],[-71.067259,42.34872],[-71.06723,42.348737],[-71.067335,42.348836],[-71.067325,42.348842],[-71.067356,42.348871],[-71.067366,42.348865],[-71.067384,42.348882]]]},"properties":{"id":"670318-0","height_m":9.15}},{"type":"Feature","geometry":{"type":"Polygon","coordinates":[[[-71.067372,42.348775],[-71.067447,42.348846],[-71.067506,42.348812],[-71.067432,42.348741],[-71.067399,42.348759],[-71.067344,42.348706],[-71.067315,42.348722],[-71.067372,42.348775]]]},"properties":{"id":"670319-0","height_m":8.85}},{"type":"Feature","geometry":{"type":"Polygon","coordinates":[[[-71.066926,42.349022],[-71.067013,42.3491],[-71.06708,42.349062],[-71.066999,42.34899],[-71.06699,42.348982],[-71.066926,42.349022]]]},"properties":{"id":"670320-0","height_m":10.61}},{"type":"Feature","geometry":{"type":"Polygon","coordinates":[[[-71.067056,42.348954],[-71.067139,42.349029],[-71.067204,42.348991],[-71.06712,42.348915],[-71.067056,42.348954]]]},"properties":{"id":"670321-0","height_m":10.15}},{"type":"Feature","geometry":{"type":"Polygon","coordinates":[[[-71.067549,42.348669],[-71.067503,42.348696],[-71.067492,42.348703],[-71.067569,42.348775],[-71.067634,42.348737],[-71.067558,42.348667],[-71.067556,42.348665],[-71.067549,42.348669]]]},"properties":{"id":"670322-0","height_m":9.18}},{"type":"Feature","geometry":{"type":"Polygon","coordinates":[[[-71.067159,42.348886],[-71.067116,42.348911],[-71.06712,42.348915],[-71.067204,42.348991],[-71.067259,42.34896],[-71.067174,42.348877],[-71.067159,42.348886]]]},"properties":{"id":"670323-0","height_m":11.52}},{"type":"Feature","geometry":{"type":"Polygon","coordinates":[[[-71.066999,42.34899],[-71.06708,42.349062],[-71.067139,42.349029],[-71.067056,42.348954],[-71.066999,42.34899]]]},"properties":{"id":"670324-0","height_m":10.06}},{"type":"Feature","geometry":{"type":"Polygon","coordinates":[[[-71.067613,42.348634],[-71.06756,42.348666],[-71.067558,42.348667],[-71.067634,42.348737],[-71.067694,42.348702],[-71.067619,42.348631],[-71.067613,42.348634]]]},"properties":{"id":"670325-0","height_m":8.47}},{"type":"Feature","geometry":{"type":"Polygon","coordinates":[[[-71.067666,42.348604],[-71.067641,42.348618],[-71.067619,42.348631],[-71.067694,42.348702],[-71.067754,42.348668],[-71.067679,42.348596],[-71.067666,42.348604]]]},"properties":{"id":"670326-0","height_m":8.47}},{"type":"Feature","geometry":{"type":"Polygon","coordinates":[[[-71.067051,42.348853],[-71.067116,42.348911],[-71.067159,42.348886],[-71.067113,42.348843],[-71.067096,42.348827],[-71.067051,42.348853]]]},"properties":{"id":"670327-0","height_m":6.77}},{"type":"Feature","geometry":{"type":"Polygon","coordinates":[[[-71.067513,42.348922],[-71.067589,42.348993],[-71.067632,42.349032],[-71.067634,42.349034],[-71.067688,42.349084],[-71.067753,42.349046],[-71.067583,42.348889],[-71.067577,42.348884],[-71.067513,42.348922]]]},"properties":{"id":"670329-0","height_m":15.84}},{"type":"Feature","geometry":{"type":"Polygon","coordinates":[[[-71.067331,42.349031],[-71.067461,42.34915],[-71.067553,42.349135],[-71.067518,42.349104],[-71.06747,42.349059],[-71.067397,42.348992],[-71.067331,42.349031]]]},"properties":{"id":"670330-0","height_m":7.57}},{"type":"Feature","geometry":{"type":"Polygon","coordinates":[[[-71.067452,42.348959],[-71.067525,42.349026],[-71.067573,42.349071],[-71.067601,42.349055],[-71.067599,42.349053],[-71.067555,42.349013],[-71.067589,42.348993],[-71.067513,42.348922],[-71.067452,42.348959]]]},"properties":{"id":"670331-0","height_m":9.55}},{"type":"Feature","geometry":{"type":"Polygon","coordinates":[[[-71.067397,42.348992],[-71.06747,42.349059],[-71.067525,42.349026],[-71.067452,42.348959],[-71.067397,42.348992]]]},"properties":{"id":"670332-0","height_m":9.15}},{"type":"Feature","geometry":{"type":"Polygon","coordinates":[[[-71.068535,42.349132],[-71.068553,42.349125],[-71.068609,42.349101],[-71.068536,42.349005],[-71.068427,42.349051],[-71.06848,42.349121],[-71.068515,42.349107],[-71.068535,42.349132]]]},"properties":{"id":"670333-0","height_m":7.44}},{"type":"Feature","geometry":{"type":"Polygon","coordinates":[[[-71.068596,42.34898],[-71.06865,42.349051],[-71.068674,42.349082],[-71.068697,42.34907],[-71.068737,42.349053],[-71.068714,42.349024],[-71.06866,42.348953],[-71.068596,42.34898]]]},"properties":{"id":"670334-0","height_m":7.14}},{"type":"Feature","geometry":{"type":"Polygon","coordinates":[[[-71.068737,42.349053],[-71.068697,42.34907],[-71.068715,42.349116],[-71.068835,42.349092],[-71.068833,42.349086],[-71.06881,42.349022],[-71.068737,42.349053]]]},"properties":{"id":"670335-0","height_m":10.32}},{"type":"Feature","geometry":{"type":"Polygon","coordinates":[[[-71.068446,42.349141],[-71.068463,42.349164],[-71.068501,42.349148],[-71.06848,42.349121],[-71.068427,42.349051],[-71.068361,42.349079],[-71.068365,42.349085],[-71.068396,42.349126],[-71.068414,42.349149],[-71.068415,42.34915],[-71.068415,42.34915],[-71.068443,42.349138],[-71.068446,42.349141]]]},"properties":{"id":"670336-0","height_m":10.43}},{"type":"Feature","geometry":{"type":"Polygon","coordinates":[[[-71.068883,42.34886],[-71.068949,42.348946],[-71.068956,42.348943],[-71.069014,42.348919],[-71.069002,42.348904],[-71.068948,42.348833],[-71.068883,42.34886]]]},"properties":{"id":"670337-0","height_m":12.44}},{"type":"Feature","geometry":{"type":"Polygon","coordinates":[[[-71.068715,42.349116],[-71.068724,42.349139],[-71.068735,42.34917],[-71.068855,42.349145],[-71.068835,42.349092],[-71.068715,42.349116]]]},"properties":{"id":"670338-0","height_m":10.7}},{"type":"Feature","geometry":{"type":"Polygon","coordinates":[[[-71.068536,42.349005],[-71.068609,42.349101],[-71.068641,42.349088],[-71.068622,42.349062],[-71.06865,42.349051],[-71.068596,42.34898],[-71.068536,42.349005]]]},"properties":{"id":"670339-0","height_m":7.19}},{"type":"Feature","geometry":{"type":"Polygon","coordinates":[[[-71.068715,42.348931],[-71.068768,42.349001],[-71.06883,42.348975],[-71.068776,42.348905],[-71.068715,42.348931]]]},"properties":{"id":"670340-0","height_m":12.46}},{"type":"Feature","geometry":{"type":"Polygon","coordinates":[[[-71.069004,42.348809],[-71.069058,42.34888],[-71.069081,42.348871],[-71.069114,42.348857],[-71.069119,42.348855],[-71.069064,42.348784],[-71.069004,42.348809]]]},"properties":{"id":"670341-0","height_m":13.1}},{"type":"Feature","geometry":{"type":"Polygon","coordinates":[[[-71.069064,42.348784],[-71.069119,42.348855],[-71.069167,42.348835],[-71.069176,42.348831],[-71.069174,42.348828],[-71.069122,42.34876],[-71.069064,42.348784]]]},"properties":{"id":"670342-0","height_m":12.83}},{"type":"Feature","geometry":{"type":"Polygon","coordinates":[[[-71.069122,42.34876],[-71.069174,42.348828],[-71.069176,42.348827],[-71.069233,42.348803],[-71.069234,42.348802],[-71.069183,42.348734],[-71.069122,42.34876]]]},"properties":{"id":"670343-0","height_m":11.17}},{"type":"Feature","geometry":{"type":"Polygon","coordinates":[[[-71.068948,42.348833],[-71.069002,42.348904],[-71.069039,42.348888],[-71.069058,42.34888],[-71.069004,42.348809],[-71.068948,42.348833]]]},"properties":{"id":"670344-0","height_m":12.96}},{"type":"Feature","geometry":{"type":"Polygon","coordinates":[[[-71.069183,42.348734],[-71.069234,42.348802],[-71.069245,42.348798],[-71.069291,42.348779],[-71.06929,42.348777],[-71.069239,42.348711],[-71.069183,42.348734]]]},"properties":{"id":"670345-0","height_m":11.89}},{"type":"Feature","geometry":{"type":"Polygon","coordinates":[[[-71.06866,42.348953],[-71.068714,42.349024],[-71.068768,42.349001],[-71.068715,42.348931],[-71.06866,42.348953]]]},"properties":{"id":"670346-0","height_m":10.62}},{"type":"Feature","geometry":{"type":"Polygon","coordinates":[[[-71.069239,42.348711],[-71.06929,42.348777],[-71.069291,42.348776],[-71.069299,42.348773],[-71.069307,42.348769],[-71.069287,42.348702],[-71.069271,42.348697],[-71.069239,42.348711]]]},"properties":{"id":"670347-0","height_m":3.55}},{"type":"Feature","geometry":{"type":"Polygon","coordinates":[[[-71.067218,42.349088],[-71.067371,42.34923],[-71.067448,42.349191],[-71.067445,42.349188],[-71.067291,42.349045],[-71.067218,42.349088]]]},"properties":{"id":"670348-0","height_m":12.3}},{"type":"Feature","geometry":{"type":"Polygon","coordinates":[[[-71.067325,42.349252],[-71.067326,42.349252],[-71.067328,42.349251],[-71.067371,42.34923],[-71.067218,42.349088],[-71.067166,42.349119],[-71.067244,42.349191],[-71.067254,42.349185],[-71.067325,42.349252]]]},"properties":{"id":"670349-0","height_m":8.31}},{"type":"Feature","geometry":{"type":"Polygon","coordinates":[[[-71.067086,42.349161],[-71.067172,42.349244],[-71.067227,42.349297],[-71.067228,42.349298],[-71.067233,42.349295],[-71.067301,42.349265],[-71.067301,42.349265],[-71.067301,42.349264],[-71.067148,42.349124],[-71.067086,42.349161]]]},"properties":{"id":"670350-0","height_m":11.6}},{"type":"Feature","geometry":{"type":"Polygon","coordinates":[[[-71.066707,42.348908],[-71.066699,42.348916],[-71.066688,42.348928],[-71.066677,42.348941],[-71.066667,42.348954],[-71.066657,42.348967],[-71.066648,42.34898],[-71.06664,42.348994],[-71.066633,42.349008],[-71.066627,42.349022],[-71.066621,42.349036],[-71.066616,42.34905],[-71.066612,42.349065],[-71.066608,42.34908],[-71.066606,42.349094],[-71.066604,42.349109],[-71.066603,42.349124],[-71.066602,42.349139],[-71.066603,42.349154],[-71.066604,42.349169],[-71.066606,42.349183],[-71.066612,42.349209],[-71.066634,42.349314],[-71.066648,42.349326],[-71.066794,42.349237],[-71.066751,42.349197],[-71.0667,42.349151],[-71.066709,42.349145],[-71.066684,42.349125],[-71.066638,42.349084],[-71.066635,42.349064],[-71.066696,42.349026],[-71.066783,42.348972],[-71.06671,42.348904],[-71.066707,42.348908]]]},"properties":{"id":"670351-0","height_m":9.52}},{"type":"Feature","geometry":{"type":"Polygon","coordinates":[[[-71.066789,42.349109],[-71.066777,42.349117],[-71.06681,42.349146],[-71.066801,42.349151],[-71.066811,42.34916],[-71.066855,42.3492],[-71.06696,42.349136],[-71.066874,42.349056],[-71.066789,42.349109]]]},"properties":{"id":"670352-0","height_m":9.52}},{"type":"Feature","geometry":{"type":"Polygon","coordinates":[[[-71.06674,42.349065],[-71.066756,42.349079],[-71.066789,42.349109],[-71.066874,42.349056],[-71.06683,42.349015],[-71.06674,42.349065]]]},"properties":{"id":"670353-0","height_m":9.52}},{"type":"Feature","geometry":{"type":"Polygon","coordinates":[[[-71.066696,42.349026],[-71.06674,42.349065],[-71.06683,42.349015],[-71.066783,42.348972],[-71.066696,42.349026]]]},"properties":{"id":"670354-0","height_m":9.52}},{"type":"Feature","geometry":{"type":"Polygon","coordinates":[[[-71.066751,42.349197],[-71.066794,42.349237],[-71.066855,42.3492],[-71.066811,42.34916],[-71.066751,42.349197]]]},"properties":{"id":"670355-0","height_m":9.02}},{"type":"Feature","geometry":{"type":"Polygon","coordinates":[[[-71.060744,42.349244],[-71.060808,42.34927],[-71.060865,42.349194],[-71.060891,42.34916],[-71.060787,42.349136],[-71.060744,42.349244]]]},"properties":{"id":"670357-0","height_m":10}},{"type":"Feature","geometry":{"type":"Polygon","coordinates":[[[-71.060878,42.349299],[-71.060941,42.349325],[-71.060963,42.349334],[-71.06097,42.349337],[-71.060999,42.349269],[-71.061007,42.349251],[-71.061004,42.34925],[-71.06102,42.349213],[-71.060994,42.349204],[-71.060969,42.349237],[-71.060958,42.349232],[-71.060959,42.349231],[-71.060945,42.349225],[-71.060936,42.349221],[-71.060935,42.349223],[-71.060878,42.349299]]]},"properties":{"id":"670358-0","height_m":9.65}},{"type":"Feature","geometry":{"type":"Polygon","coordinates":[[[-71.060866,42.348934],[-71.06086,42.348949],[-71.060859,42.34895],[-71.060978,42.348976],[-71.061035,42.34899],[-71.061036,42.348986],[-71.061052,42.34895],[-71.061054,42.348944],[-71.060996,42.348932],[-71.060997,42.348929],[-71.060886,42.348904],[-71.06088,42.348903],[-71.060878,42.348902],[-71.060866,42.348934]]]},"properties":{"id":"670359-0","height_m":11.42}},{"type":"Feature","geometry":{"type":"Polygon","coordinates":[[[-71.060804,42.34909],[-71.060922,42.349116],[-71.060995,42.349132],[-71.060996,42.349129],[-71.061004,42.349108],[-71.060931,42.349092],[-71.060939,42.349072],[-71.06094,42.349069],[-71.060941,42.349067],[-71.060824,42.349041],[-71.060804,42.34909]]]},"properties":{"id":"670360-0","height_m":10.42}},{"type":"Feature","geometry":{"type":"Polygon","coordinates":[[[-71.060808,42.34927],[-71.060878,42.349299],[-71.060935,42.349223],[-71.060865,42.349194],[-71.060808,42.34927]]]},"properties":{"id":"670361-0","height_m":10.18}},{"type":"Feature","geometry":{"type":"Polygon","coordinates":[[[-71.060841,42.348997],[-71.060959,42.349023],[-71.060978,42.348976],[-71.060859,42.34895],[-71.060841,42.348997]]]},"properties":{"id":"670362-0","height_m":10.44}},{"type":"Feature","geometry":{"type":"Polygon","coordinates":[[[-71.060787,42.349136],[-71.060891,42.34916],[-71.060903,42.349163],[-71.060922,42.349116],[-71.060804,42.34909],[-71.060787,42.349136]]]},"properties":{"id":"670363-0","height_m":10.31}},{"type":"Feature","geometry":{"type":"Polygon","coordinates":[[[-71.060824,42.349041],[-71.060941,42.349067],[-71.060949,42.349047],[-71.060959,42.349024],[-71.060959,42.349023],[-71.060841,42.348997],[-71.060824,42.349041]]]},"properties":{"id":"670364-0","height_m":10.33}},{"type":"Feature","geometry":{"type":"Polygon","coordinates":[[[-71.069382,42.349053],[-71.069212,42.349085],[-71.069325,42.349365],[-71.069327,42.349369],[-71.06948,42.349338],[-71.069483,42.349337],[-71.069385,42.349052],[-71.069382,42.349053]]]},"properties":{"id":"670365-0","height_m":8.38}},{"type":"Feature","geometry":{"type":"Polygon","coordinates":[[[-71.061161,42.348956],[-71.061286,42.348983],[-71.061299,42.34895],[-71.061377,42.348967],[-71.061436,42.348818],[-71.061358,42.348802],[-71.061371,42.34877],[-71.061248,42.348743],[-71.061247,42.348745],[-71.061242,42.348758],[-71.061236,42.348775],[-71.061155,42.348757],[-71.061129,42.348824],[-71.061116,42.348821],[-71.06111,42.348835],[-71.061121,42.348837],[-71.061094,42.348905],[-71.061174,42.348923],[-71.061168,42.348937],[-71.061161,42.348956]]]},"properties":{"id":"670366-0","height_m":15.55}},{"type":"Feature","geometry":{"type":"Polygon","coordinates":[[[-71.061083,42.349084],[-71.061206,42.34911],[-71.061335,42.349139],[-71.061362,42.349071],[-71.061358,42.34907],[-71.061109,42.34902],[-71.061083,42.349084]]]},"properties":{"id":"670367-0","height_m":12.16}},{"type":"Feature","geometry":{"type":"Polygon","coordinates":[[[-71.061107,42.349019],[-71.061109,42.34902],[-71.061358,42.34907],[-71.061384,42.349005],[-71.061286,42.348983],[-71.061161,42.348956],[-71.061159,42.348956],[-71.061134,42.34895],[-71.061107,42.349019]]]},"properties":{"id":"670368-0","height_m":10.28}},{"type":"Feature","geometry":{"type":"Polygon","coordinates":[[[-71.061145,42.349177],[-71.061175,42.349183],[-71.061161,42.349219],[-71.061289,42.349246],[-71.061292,42.349247],[-71.061306,42.349214],[-71.061312,42.349197],[-71.061335,42.349139],[-71.061206,42.34911],[-71.061199,42.349128],[-71.061167,42.349121],[-71.061145,42.349177]]]},"properties":{"id":"670369-0","height_m":13.36}},{"type":"Feature","geometry":{"type":"Polygon","coordinates":[[[-71.060984,42.349342],[-71.061052,42.34937],[-71.061103,42.3493],[-71.061017,42.349264],[-71.061008,42.349287],[-71.061005,42.349287],[-71.060984,42.349342]]]},"properties":{"id":"670370-0","height_m":9.98}},{"type":"Feature","geometry":{"type":"Polygon","coordinates":[[[-71.06116,42.349221],[-71.061146,42.349257],[-71.061142,42.349267],[-71.061269,42.349298],[-71.061289,42.349246],[-71.061161,42.349219],[-71.06116,42.349221]]]},"properties":{"id":"670371-0","height_m":12.8}},{"type":"Feature","geometry":{"type":"Polygon","coordinates":[[[-71.061052,42.34937],[-71.061126,42.3494],[-71.061178,42.34933],[-71.061103,42.3493],[-71.061052,42.34937]]]},"properties":{"id":"670372-0","height_m":9.93}},{"type":"Feature","geometry":{"type":"Polygon","coordinates":[[[-71.061126,42.3494],[-71.061184,42.349423],[-71.061196,42.349428],[-71.061244,42.349357],[-71.061178,42.34933],[-71.061126,42.3494]]]},"properties":{"id":"670373-0","height_m":10.62}},{"type":"Feature","geometry":{"type":"Polygon","coordinates":[[[-71.068638,42.34925],[-71.068633,42.349251],[-71.06873,42.349498],[-71.068971,42.349446],[-71.068874,42.349198],[-71.068638,42.34925]]]},"properties":{"id":"670374-0","height_m":23.8}},{"type":"Feature","geometry":{"type":"Polygon","coordinates":[[[-71.065989,42.349405],[-71.066005,42.349432],[-71.066003,42.349432],[-71.066031,42.349481],[-71.066043,42.349503],[-71.066047,42.349501],[-71.066107,42.349483],[-71.066067,42.349413],[-71.066051,42.349385],[-71.065989,42.349405]]]},"properties":{"id":"670375-0","height_m":9.2}},{"type":"Feature","geometry":{"type":"Polygon","coordinates":[[[-71.066073,42.349374],[-71.06609,42.349405],[-71.066067,42.349413],[-71.066107,42.349483],[-71.066169,42.349463],[-71.066138,42.349409],[-71.066111,42.349362],[-71.066073,42.349374]]]},"properties":{"id":"670376-0","height_m":12.48}},{"type":"Feature","geometry":{"type":"Polygon","coordinates":[[[-71.068567,42.349324],[-71.068395,42.349357],[-71.068471,42.349553],[-71.068712,42.349501],[-71.068637,42.349309],[-71.068567,42.349324]]]},"properties":{"id":"670377-0","height_m":7.94}},{"type":"Feature","geometry":{"type":"Polygon","coordinates":[[[-71.068372,42.349304],[-71.068385,42.349339],[-71.068391,42.349353],[-71.068393,42.349358],[-71.068395,42.349357],[-71.068567,42.349324],[-71.068564,42.349314],[-71.068551,42.349281],[-71.068545,42.349267],[-71.068372,42.349304]]]},"properties":{"id":"670378-0","height_m":7.34}},{"type":"Feature","geometry":{"type":"Polygon","coordinates":[[[-71.068372,42.349304],[-71.068545,42.349267],[-71.068536,42.349242],[-71.068528,42.349244],[-71.068476,42.349255],[-71.068466,42.34923],[-71.068464,42.349223],[-71.06835,42.349247],[-71.068372,42.349304]]]},"properties":{"id":"670379-0","height_m":9.55}},{"type":"Feature","geometry":{"type":"Polygon","coordinates":[[[-71.068425,42.349174],[-71.068332,42.349194],[-71.068329,42.349194],[-71.06835,42.349247],[-71.068464,42.349223],[-71.068461,42.349217],[-71.068443,42.34917],[-71.068425,42.349174]]]},"properties":{"id":"670380-0","height_m":9.87}},{"type":"Feature","geometry":{"type":"Polygon","coordinates":[[[-71.066722,42.349383],[-71.066957,42.349566],[-71.067075,42.349516],[-71.066994,42.349411],[-71.067027,42.349398],[-71.067017,42.349388],[-71.066987,42.349361],[-71.066959,42.349377],[-71.066869,42.349294],[-71.066722,42.349383]]]},"properties":{"id":"670381-0","height_m":8.05}},{"type":"Feature","geometry":{"type":"Polygon","coordinates":[[[-71.067896,42.349022],[-71.067921,42.349008],[-71.067968,42.348988],[-71.068058,42.348949],[-71.067986,42.348822],[-71.06798,42.348825],[-71.067974,42.348828],[-71.067934,42.348848],[-71.067889,42.348871],[-71.067855,42.348839],[-71.067831,42.348851],[-71.067867,42.348886],[-71.067833,42.348905],[-71.067797,42.34887],[-71.067769,42.348884],[-71.067806,42.348918],[-71.067783,42.348931],[-71.067746,42.348898],[-71.06771,42.34892],[-71.067745,42.348953],[-71.067749,42.34895],[-71.067779,42.348934],[-71.067833,42.348986],[-71.067837,42.34899],[-71.067839,42.348992],[-71.067856,42.348982],[-71.067896,42.349022]]]},"properties":{"id":"670382-0","height_m":8.72}},{"type":"Feature","geometry":{"type":"Polygon","coordinates":[[[-71.067968,42.348988],[-71.067996,42.349024],[-71.067982,42.349031],[-71.067983,42.349032],[-71.06804,42.349105],[-71.068041,42.349107],[-71.068125,42.349072],[-71.068081,42.348993],[-71.068083,42.348993],[-71.068058,42.348949],[-71.067968,42.348988]]]},"properties":{"id":"670383-0","height_m":9.98}},{"type":"Feature","geometry":{"type":"Polygon","coordinates":[[[-71.067562,42.349312],[-71.067638,42.349279],[-71.06758,42.349203],[-71.067562,42.349211],[-71.067526,42.349166],[-71.067473,42.349189],[-71.067481,42.349199],[-71.067477,42.349201],[-71.067562,42.349312]]]},"properties":{"id":"670384-0","height_m":14.44}},{"type":"Feature","geometry":{"type":"Polygon","coordinates":[[[-71.067302,42.349277],[-71.067329,42.349312],[-71.067283,42.349332],[-71.067341,42.349407],[-71.067421,42.349374],[-71.067335,42.349263],[-71.067302,42.349277]]]},"properties":{"id":"670385-0","height_m":11.12}},{"type":"Feature","geometry":{"type":"Polygon","coordinates":[[[-71.067124,42.349495],[-71.06713,42.349493],[-71.067075,42.349422],[-71.067083,42.349418],[-71.06714,42.349492],[-71.067212,42.349462],[-71.067153,42.349385],[-71.067108,42.349405],[-71.067087,42.349376],[-71.067084,42.349371],[-71.067043,42.34939],[-71.067124,42.349495]]]},"properties":{"id":"670386-0","height_m":13.01}},{"type":"Feature","geometry":{"type":"Polygon","coordinates":[[[-71.066867,42.349292],[-71.066869,42.349294],[-71.066959,42.349377],[-71.066987,42.349361],[-71.067017,42.349343],[-71.067012,42.349339],[-71.067018,42.349335],[-71.066932,42.349253],[-71.066867,42.349292]]]},"properties":{"id":"670387-0","height_m":12.75}},{"type":"Feature","geometry":{"type":"Polygon","coordinates":[[[-71.067153,42.349385],[-71.067212,42.349462],[-71.067285,42.349431],[-71.067226,42.349354],[-71.067185,42.349371],[-71.067161,42.349341],[-71.06716,42.34934],[-71.067128,42.349354],[-71.067131,42.349358],[-71.067153,42.349385]]]},"properties":{"id":"670388-0","height_m":13.08}},{"type":"Feature","geometry":{"type":"Polygon","coordinates":[[[-71.067446,42.349214],[-71.067449,42.349218],[-71.067473,42.349249],[-71.067446,42.34926],[-71.067436,42.349265],[-71.06743,42.349267],[-71.067488,42.349343],[-71.067562,42.349312],[-71.067477,42.349201],[-71.067446,42.349214]]]},"properties":{"id":"670389-0","height_m":12.4}},{"type":"Feature","geometry":{"type":"Polygon","coordinates":[[[-71.067645,42.349129],[-71.067647,42.349132],[-71.067672,42.349163],[-71.067649,42.349173],[-71.067708,42.34925],[-71.067774,42.349222],[-71.067688,42.34911],[-71.067645,42.349129]]]},"properties":{"id":"670390-0","height_m":11.41}},{"type":"Feature","geometry":{"type":"Polygon","coordinates":[[[-71.067849,42.34919],[-71.067913,42.349163],[-71.067854,42.349086],[-71.067853,42.349087],[-71.067835,42.349094],[-71.067808,42.34906],[-71.067798,42.349065],[-71.067797,42.349063],[-71.067792,42.349065],[-71.067762,42.349078],[-71.067849,42.34919]]]},"properties":{"id":"670391-0","height_m":13.14}},{"type":"Feature","geometry":{"type":"Polygon","coordinates":[[[-71.067226,42.349354],[-71.067285,42.349431],[-71.067341,42.349407],[-71.067283,42.349332],[-71.067271,42.349337],[-71.067243,42.349301],[-71.067199,42.34932],[-71.067203,42.349325],[-71.067226,42.349354]]]},"properties":{"id":"670392-0","height_m":12.6}},{"type":"Feature","geometry":{"type":"Polygon","coordinates":[[[-71.067754,42.348781],[-71.067831,42.348851],[-71.067855,42.348839],[-71.067897,42.348814],[-71.067818,42.348743],[-71.067754,42.348781]]]},"properties":{"id":"670393-0","height_m":8.98}},{"type":"Feature","geometry":{"type":"Polygon","coordinates":[[[-71.067818,42.348743],[-71.067897,42.348814],[-71.067897,42.348814],[-71.067953,42.348781],[-71.067957,42.348779],[-71.06788,42.348707],[-71.067818,42.348743]]]},"properties":{"id":"670394-0","height_m":8.82}},{"type":"Feature","geometry":{"type":"Polygon","coordinates":[[[-71.067582,42.349202],[-71.06758,42.349203],[-71.067638,42.349279],[-71.067708,42.34925],[-71.067649,42.349173],[-71.067582,42.349202]]]},"properties":{"id":"670395-0","height_m":11.8}},{"type":"Feature","geometry":{"type":"Polygon","coordinates":[[[-71.067062,42.349175],[-71.067039,42.349189],[-71.067023,42.349198],[-71.067114,42.349283],[-71.06712,42.349279],[-71.067129,42.349274],[-71.067163,42.349253],[-71.067165,42.349252],[-71.067162,42.349249],[-71.067074,42.349168],[-71.067062,42.349175]]]},"properties":{"id":"670396-0","height_m":13.96}},{"type":"Feature","geometry":{"type":"Polygon","coordinates":[[[-71.067695,42.348816],[-71.067769,42.348884],[-71.067797,42.34887],[-71.067831,42.348851],[-71.067754,42.348781],[-71.067695,42.348816]]]},"properties":{"id":"670397-0","height_m":9.02}},{"type":"Feature","geometry":{"type":"Polygon","coordinates":[[[-71.067027,42.349398],[-71.066994,42.349411],[-71.067075,42.349516],[-71.067124,42.349495],[-71.067043,42.34939],[-71.067027,42.349398]]]},"properties":{"id":"670398-0","height_m":4.72}},{"type":"Feature","geometry":{"type":"Polygon","coordinates":[[[-71.067636,42.34885],[-71.067649,42.348862],[-71.06771,42.34892],[-71.067746,42.348898],[-71.067769,42.348884],[-71.067695,42.348816],[-71.067636,42.34885]]]},"properties":{"id":"670399-0","height_m":8.96}},{"type":"Feature","geometry":{"type":"Polygon","coordinates":[[[-71.066932,42.349253],[-71.067018,42.349335],[-71.067024,42.349341],[-71.067065,42.349317],[-71.067071,42.349313],[-71.066976,42.349226],[-71.066932,42.349253]]]},"properties":{"id":"670400-0","height_m":13.28}},{"type":"Feature","geometry":{"type":"Polygon","coordinates":[[[-71.066976,42.349226],[-71.067071,42.349313],[-71.067072,42.349312],[-71.067093,42.3493],[-71.06709,42.349297],[-71.067112,42.349284],[-71.067114,42.349283],[-71.067023,42.349198],[-71.066976,42.349226]]]},"properties":{"id":"670401-0","height_m":13.35}},{"type":"Feature","geometry":{"type":"Polygon","coordinates":[[[-71.066111,42.349527],[-71.066165,42.349625],[-71.066215,42.34961],[-71.066168,42.349524],[-71.066162,42.349512],[-71.066111,42.349527]]]},"properties":{"id":"670402-0","height_m":8.63}},{"type":"Feature","geometry":{"type":"Polygon","coordinates":[[[-71.066071,42.349539],[-71.066068,42.34954],[-71.06612,42.349637],[-71.066121,42.349638],[-71.066146,42.349631],[-71.066165,42.349625],[-71.066111,42.349527],[-71.066071,42.349539]]]},"properties":{"id":"670403-0","height_m":8.42}},{"type":"Feature","geometry":{"type":"Polygon","coordinates":[[[-71.068178,42.349458],[-71.068138,42.349466],[-71.068048,42.349486],[-71.068045,42.349486],[-71.067929,42.349511],[-71.067982,42.349652],[-71.068295,42.349585],[-71.0683,42.349583],[-71.068304,42.34958],[-71.068308,42.349577],[-71.068312,42.349573],[-71.068314,42.349569],[-71.068316,42.349565],[-71.068317,42.34956],[-71.068317,42.349556],[-71.068316,42.349551],[-71.068272,42.349438],[-71.068178,42.349458]]]},"properties":{"id":"670404-0","height_m":10.49}},{"type":"Feature","geometry":{"type":"Polygon","coordinates":[[[-71.067906,42.349667],[-71.067908,42.349674],[-71.067984,42.349657],[-71.067982,42.349652],[-71.067929,42.349511],[-71.067923,42.349494],[-71.067922,42.349492],[-71.067854,42.349506],[-71.067852,42.349503],[-71.067842,42.349505],[-71.067906,42.349667]]]},"properties":{"id":"670405-0","height_m":7.2}},{"type":"Feature","geometry":{"type":"Polygon","coordinates":[[[-71.061349,42.349469],[-71.061355,42.34947],[-71.061347,42.349489],[-71.061544,42.349578],[-71.06156,42.349583],[-71.061695,42.349213],[-71.061478,42.349165],[-71.06147,42.349186],[-71.061464,42.349185],[-71.061446,42.34923],[-71.061452,42.349231],[-71.061438,42.349265],[-71.061432,42.349263],[-71.061414,42.349309],[-71.06142,42.34931],[-71.061406,42.349344],[-71.061401,42.349343],[-71.061382,42.349389],[-71.061387,42.34939],[-71.061374,42.349423],[-71.061368,42.349422],[-71.061349,42.349469]]]},"properties":{"id":"670406-0","height_m":22.02}},{"type":"Feature","geometry":{"type":"Polygon","coordinates":[[[-71.061531,42.349019],[-71.061549,42.349023],[-71.061548,42.349026],[-71.061544,42.349036],[-71.061543,42.349037],[-71.061748,42.349082],[-71.061766,42.349036],[-71.061544,42.348987],[-71.061531,42.349019]]]},"properties":{"id":"670407-0","height_m":14.28}},{"type":"Feature","geometry":{"type":"Polygon","coordinates":[[[-71.061508,42.349079],[-71.061729,42.349128],[-71.061748,42.349082],[-71.061543,42.349037],[-71.061542,42.349039],[-71.061538,42.349051],[-71.061538,42.349051],[-71.061521,42.349047],[-71.06152,42.349047],[-71.061508,42.349079]]]},"properties":{"id":"670408-0","height_m":14.19}},{"type":"Feature","geometry":{"type":"Polygon","coordinates":[[[-71.061504,42.34912],[-71.061503,42.349124],[-71.061712,42.34917],[-71.061729,42.349128],[-71.061508,42.349079],[-71.061497,42.349105],[-71.061512,42.349109],[-71.061512,42.349109],[-71.06151,42.349116],[-71.061506,42.349115],[-71.061504,42.34912]]]},"properties":{"id":"670409-0","height_m":14.84}},{"type":"Feature","geometry":{"type":"Polygon","coordinates":[[[-71.061489,42.349139],[-71.061478,42.349164],[-71.061478,42.349165],[-71.061695,42.349213],[-71.061712,42.34917],[-71.061503,42.349124],[-71.061502,42.349125],[-71.061497,42.349137],[-71.061497,42.349138],[-71.061484,42.349135],[-71.061483,42.349137],[-71.061489,42.349139]]]},"properties":{"id":"670410-0","height_m":14.13}},{"type":"Feature","geometry":{"type":"Polygon","coordinates":[[[-71.061545,42.348977],[-71.061548,42.348978],[-71.061544,42.348987],[-71.061766,42.349036],[-71.061782,42.348998],[-71.061783,42.348996],[-71.061577,42.34895],[-71.061576,42.348953],[-71.061572,42.348964],[-71.061572,42.348964],[-71.061553,42.34896],[-71.061552,42.34896],[-71.061545,42.348977]]]},"properties":{"id":"670411-0","height_m":14.29}},{"type":"Feature","geometry":{"type":"Polygon","coordinates":[[[-71.067226,42.349649],[-71.067114,42.349696],[-71.067232,42.349813],[-71.067574,42.349743],[-71.067532,42.349661],[-71.067524,42.349641],[-71.067511,42.349603],[-71.067543,42.34959],[-71.067541,42.349587],[-71.067516,42.349553],[-71.067503,42.349535],[-71.067473,42.349547],[-71.067408,42.349574],[-71.067343,42.349601],[-71.067345,42.349604],[-71.067474,42.349548],[-71.067503,42.349587],[-71.067346,42.349647],[-71.067318,42.349611],[-71.067278,42.349628],[-71.067226,42.349649]]]},"properties":{"id":"670412-0","height_m":7.28}},{"type":"Feature","geometry":{"type":"Polygon","coordinates":[[[-71.06789,42.34942],[-71.067849,42.349429],[-71.067821,42.349435],[-71.067823,42.349441],[-71.067844,42.349497],[-71.067956,42.34947],[-71.067988,42.349456],[-71.068043,42.349434],[-71.068181,42.349376],[-71.068238,42.349353],[-71.068217,42.349298],[-71.068027,42.349376],[-71.068022,42.34937],[-71.067984,42.349387],[-71.067954,42.3494],[-71.067919,42.349354],[-71.067869,42.34929],[-71.067808,42.349317],[-71.06789,42.34942]]]},"properties":{"id":"670413-0","height_m":7.63}},{"type":"Feature","geometry":{"type":"Polygon","coordinates":[[[-71.067722,42.349562],[-71.067724,42.349568],[-71.067729,42.349583],[-71.067771,42.349699],[-71.067842,42.349683],[-71.067842,42.349681],[-71.06779,42.349548],[-71.067722,42.349562]]]},"properties":{"id":"670414-0","height_m":16.44}},{"type":"Feature","geometry":{"type":"Polygon","coordinates":[[[-71.067179,42.349593],[-71.067067,42.349639],[-71.067073,42.349648],[-71.067091,42.349673],[-71.067094,42.349677],[-71.06711,42.349697],[-71.067114,42.349696],[-71.067226,42.349649],[-71.067196,42.349611],[-71.067187,42.349599],[-71.067182,42.349592],[-71.067179,42.349593]]]},"properties":{"id":"670415-0","height_m":11.64}},{"type":"Feature","geometry":{"type":"Polygon","coordinates":[[[-71.067663,42.349596],[-71.067662,42.349596],[-71.067666,42.349608],[-71.067674,42.349629],[-71.067705,42.349713],[-71.067771,42.349699],[-71.067729,42.349583],[-71.067663,42.349596]]]},"properties":{"id":"670416-0","height_m":16.69}},{"type":"Feature","geometry":{"type":"Polygon","coordinates":[[[-71.068,42.349232],[-71.068046,42.349294],[-71.068052,42.349302],[-71.068118,42.349272],[-71.068065,42.349204],[-71.068,42.349232]]]},"properties":{"id":"670417-0","height_m":12.39}},{"type":"Feature","geometry":{"type":"Polygon","coordinates":[[[-71.06742,42.349479],[-71.067473,42.349547],[-71.067503,42.349535],[-71.067539,42.34952],[-71.067537,42.349517],[-71.067487,42.349453],[-71.067485,42.349451],[-71.06742,42.349479]]]},"properties":{"id":"670418-0","height_m":12.51}},{"type":"Feature","geometry":{"type":"Polygon","coordinates":[[[-71.067354,42.349505],[-71.067355,42.349507],[-71.067408,42.349574],[-71.067473,42.349547],[-71.06742,42.349479],[-71.067418,42.349477],[-71.067354,42.349505]]]},"properties":{"id":"670419-0","height_m":12.77}},{"type":"Feature","geometry":{"type":"Polygon","coordinates":[[[-71.067673,42.349371],[-71.067729,42.349437],[-71.067792,42.34941],[-71.067739,42.349342],[-71.067673,42.349371]]]},"properties":{"id":"670420-0","height_m":12.84}},{"type":"Feature","geometry":{"type":"Polygon","coordinates":[[[-71.067611,42.349398],[-71.067613,42.3494],[-71.067664,42.349465],[-71.067702,42.34945],[-71.067729,42.349437],[-71.067673,42.349371],[-71.067611,42.349398]]]},"properties":{"id":"670421-0","height_m":12.31}},{"type":"Feature","geometry":{"type":"Polygon","coordinates":[[[-71.067343,42.349601],[-71.067408,42.349574],[-71.067355,42.349507],[-71.067306,42.349528],[-71.067314,42.349539],[-71.067301,42.349545],[-71.067293,42.349534],[-71.067289,42.349536],[-71.067337,42.349596],[-71.067338,42.349596],[-71.067343,42.349601]]]},"properties":{"id":"670422-0","height_m":11.33}},{"type":"Feature","geometry":{"type":"Polygon","coordinates":[[[-71.067576,42.349648],[-71.067566,42.34965],[-71.067542,42.349655],[-71.067544,42.349659],[-71.067532,42.349661],[-71.067574,42.349743],[-71.067575,42.349745],[-71.067629,42.349733],[-71.067596,42.349644],[-71.067576,42.349648]]]},"properties":{"id":"670423-0","height_m":9.96}},{"type":"Feature","geometry":{"type":"Polygon","coordinates":[[[-71.068139,42.349273],[-71.06816,42.349264],[-71.068153,42.349256],[-71.068172,42.349247],[-71.068127,42.349177],[-71.068065,42.349204],[-71.068118,42.349272],[-71.068132,42.349265],[-71.068139,42.349273]]]},"properties":{"id":"670424-0","height_m":10.67}},{"type":"Feature","geometry":{"type":"Polygon","coordinates":[[[-71.067227,42.349563],[-71.067278,42.349628],[-71.067318,42.349611],[-71.067315,42.349607],[-71.067337,42.349596],[-71.067289,42.349536],[-71.067227,42.349563]]]},"properties":{"id":"670425-0","height_m":11.24}},{"type":"Feature","geometry":{"type":"Polygon","coordinates":[[[-71.067193,42.349577],[-71.067213,42.349604],[-71.067196,42.349611],[-71.067226,42.349649],[-71.067278,42.349628],[-71.067227,42.349563],[-71.067193,42.349577]]]},"properties":{"id":"670426-0","height_m":7.76}},{"type":"Feature","geometry":{"type":"Polygon","coordinates":[[[-71.067714,42.349491],[-71.06774,42.349549],[-71.067786,42.349539],[-71.067762,42.34948],[-71.067714,42.349491]]]},"properties":{"id":"670427-0","height_m":10.5}},{"type":"Feature","geometry":{"type":"Polygon","coordinates":[[[-71.067646,42.349506],[-71.067665,42.349552],[-71.067668,42.349561],[-71.06767,42.349565],[-71.067706,42.349557],[-71.067681,42.349499],[-71.067646,42.349506]]]},"properties":{"id":"670428-0","height_m":10.94}},{"type":"Feature","geometry":{"type":"Polygon","coordinates":[[[-71.067681,42.349499],[-71.067706,42.349557],[-71.06774,42.349549],[-71.067714,42.349491],[-71.067681,42.349499]]]},"properties":{"id":"670429-0","height_m":11.33}},{"type":"Feature","geometry":{"type":"Polygon","coordinates":[[[-71.067693,42.349462],[-71.067714,42.349491],[-71.067762,42.34948],[-71.067754,42.349461],[-71.067754,42.34946],[-71.067747,42.349462],[-71.067729,42.349437],[-71.067702,42.34945],[-71.067707,42.349457],[-71.067693,42.349462]]]},"properties":{"id":"670430-0","height_m":9.92}},{"type":"Feature","geometry":{"type":"Polygon","coordinates":[[[-71.068496,42.349646],[-71.068498,42.349651],[-71.068522,42.349728],[-71.068527,42.349746],[-71.068551,42.349823],[-71.068553,42.349829],[-71.068815,42.349785],[-71.068813,42.349777],[-71.068753,42.349603],[-71.068496,42.349646]]]},"properties":{"id":"670431-0","height_m":8.99}},{"type":"Feature","geometry":{"type":"Polygon","coordinates":[[[-71.069412,42.349458],[-71.069438,42.349528],[-71.069446,42.349551],[-71.069418,42.349556],[-71.069385,42.349563],[-71.069388,42.349571],[-71.069418,42.349675],[-71.069578,42.349647],[-71.06958,42.349647],[-71.069515,42.349437],[-71.069412,42.349458]]]},"properties":{"id":"670432-0","height_m":10.61}},{"type":"Feature","geometry":{"type":"Polygon","coordinates":[[[-71.068947,42.349555],[-71.069005,42.349744],[-71.069068,42.349734],[-71.069045,42.349656],[-71.069038,42.34963],[-71.069032,42.34961],[-71.069009,42.349542],[-71.068947,42.349555]]]},"properties":{"id":"670433-0","height_m":7.68}},{"type":"Feature","geometry":{"type":"Polygon","coordinates":[[[-71.069326,42.349581],[-71.069356,42.349685],[-71.069418,42.349675],[-71.069388,42.349571],[-71.069326,42.349581]]]},"properties":{"id":"670434-0","height_m":11.29}},{"type":"Feature","geometry":{"type":"Polygon","coordinates":[[[-71.069207,42.349601],[-71.069237,42.349705],[-71.069299,42.349695],[-71.069268,42.349591],[-71.069207,42.349601]]]},"properties":{"id":"670435-0","height_m":11.01}},{"type":"Feature","geometry":{"type":"Polygon","coordinates":[[[-71.069149,42.349611],[-71.069157,42.349638],[-71.069179,42.349715],[-71.069237,42.349705],[-71.069207,42.349601],[-71.069149,42.349611]]]},"properties":{"id":"670436-0","height_m":10.6}},{"type":"Feature","geometry":{"type":"Polygon","coordinates":[[[-71.069268,42.349591],[-71.069299,42.349695],[-71.069356,42.349685],[-71.069326,42.349581],[-71.069268,42.349591]]]},"properties":{"id":"670437-0","height_m":11.25}},{"type":"Feature","geometry":{"type":"Polygon","coordinates":[[[-71.069009,42.349542],[-71.069032,42.34961],[-71.069112,42.349591],[-71.069092,42.349525],[-71.069009,42.349542]]]},"properties":{"id":"670438-0","height_m":9.35}},{"type":"Feature","geometry":{"type":"Polygon","coordinates":[[[-71.069219,42.349498],[-71.069242,42.349565],[-71.069244,42.34957],[-71.069309,42.349555],[-71.069286,42.349484],[-71.069219,42.349498]]]},"properties":{"id":"670439-0","height_m":9.21}},{"type":"Feature","geometry":{"type":"Polygon","coordinates":[[[-71.069045,42.349656],[-71.069068,42.349734],[-71.069126,42.349724],[-71.069103,42.349647],[-71.069045,42.349656]]]},"properties":{"id":"670440-0","height_m":10.46}},{"type":"Feature","geometry":{"type":"Polygon","coordinates":[[[-71.069103,42.349647],[-71.069126,42.349724],[-71.069179,42.349715],[-71.069157,42.349638],[-71.069103,42.349647]]]},"properties":{"id":"670441-0","height_m":10.71}},{"type":"Feature","geometry":{"type":"Polygon","coordinates":[[[-71.066017,42.349806],[-71.066023,42.34986],[-71.066083,42.349856],[-71.066076,42.349802],[-71.066017,42.349806]]]},"properties":{"id":"670443-0","height_m":3.63}},{"type":"Feature","geometry":{"type":"Polygon","coordinates":[[[-71.066088,42.3498],[-71.066094,42.349856],[-71.066095,42.349865],[-71.066303,42.349853],[-71.066296,42.349789],[-71.066088,42.3498]]]},"properties":{"id":"670444-0","height_m":3.43}},{"type":"Feature","geometry":{"type":"Polygon","coordinates":[[[-71.05915,42.349762],[-71.059105,42.349866],[-71.059244,42.349899],[-71.059245,42.349897],[-71.059245,42.349896],[-71.059318,42.349727],[-71.059318,42.349726],[-71.059237,42.349706],[-71.05924,42.349701],[-71.059225,42.349697],[-71.059222,42.349703],[-71.059179,42.349693],[-71.05915,42.349762]]]},"properties":{"id":"670446-0","height_m":5.25}},{"type":"Feature","geometry":{"type":"Polygon","coordinates":[[[-71.068059,42.349742],[-71.067996,42.349755],[-71.067957,42.349763],[-71.068009,42.349923],[-71.068054,42.349915],[-71.068104,42.349906],[-71.068152,42.349897],[-71.068099,42.349734],[-71.068059,42.349742]]]},"properties":{"id":"670447-0","height_m":8.28}},{"type":"Feature","geometry":{"type":"Polygon","coordinates":[[[-71.067548,42.349848],[-71.067477,42.349863],[-71.067476,42.349863],[-71.067493,42.349913],[-71.067528,42.350009],[-71.067643,42.349988],[-71.067594,42.349838],[-71.067548,42.349848]]]},"properties":{"id":"670448-0","height_m":4.21}},{"type":"Feature","geometry":{"type":"Polygon","coordinates":[[[-71.068099,42.349734],[-71.068152,42.349897],[-71.068237,42.349882],[-71.068209,42.349796],[-71.068183,42.349716],[-71.068099,42.349734]]]},"properties":{"id":"670449-0","height_m":8.02}},{"type":"Feature","geometry":{"type":"Polygon","coordinates":[[[-71.067348,42.349939],[-71.067356,42.349951],[-71.067407,42.350029],[-71.067408,42.350031],[-71.067528,42.350009],[-71.067493,42.349913],[-71.067348,42.349939]]]},"properties":{"id":"670450-0","height_m":9.84}},{"type":"Feature","geometry":{"type":"Polygon","coordinates":[[[-71.068282,42.349782],[-71.06831,42.349869],[-71.068387,42.349855],[-71.068356,42.349767],[-71.068282,42.349782]]]},"properties":{"id":"670451-0","height_m":7.51}},{"type":"Feature","geometry":{"type":"Polygon","coordinates":[[[-71.068209,42.349796],[-71.068237,42.349882],[-71.06831,42.349869],[-71.068282,42.349782],[-71.068209,42.349796]]]},"properties":{"id":"670452-0","height_m":8.02}},{"type":"Feature","geometry":{"type":"Polygon","coordinates":[[[-71.068256,42.349701],[-71.068282,42.349782],[-71.068356,42.349767],[-71.068328,42.349686],[-71.068256,42.349701]]]},"properties":{"id":"670453-0","height_m":11.07}},{"type":"Feature","geometry":{"type":"Polygon","coordinates":[[[-71.068183,42.349716],[-71.068209,42.349796],[-71.068282,42.349782],[-71.068256,42.349701],[-71.068183,42.349716]]]},"properties":{"id":"670454-0","height_m":11.07}},{"type":"Feature","geometry":{"type":"Polygon","coordinates":[[[-71.061139,42.350043],[-71.061199,42.350056],[-71.061223,42.349999],[-71.061162,42.349985],[-71.061139,42.350043]]]},"properties":{"id":"670455-0","height_m":3.11}},{"type":"Feature","geometry":{"type":"Polygon","coordinates":[[[-71.061182,42.35015],[-71.06131,42.350179],[-71.061369,42.350031],[-71.061242,42.350003],[-71.061182,42.35015]]]},"properties":{"id":"670456-0","height_m":7.1}},{"type":"Feature","geometry":{"type":"Polygon","coordinates":[[[-71.068252,42.350099],[-71.068246,42.3501],[-71.068246,42.3501],[-71.068265,42.35016],[-71.068326,42.350149],[-71.068472,42.350121],[-71.068453,42.350063],[-71.068252,42.350099]]]},"properties":{"id":"670457-0","height_m":7.29}},{"type":"Feature","geometry":{"type":"Polygon","coordinates":[[[-71.068472,42.350121],[-71.068326,42.350149],[-71.068331,42.350165],[-71.068345,42.350208],[-71.068492,42.350181],[-71.068495,42.350181],[-71.068481,42.350138],[-71.068476,42.350121],[-71.068472,42.350121]]]},"properties":{"id":"670458-0","height_m":7.47}},{"type":"Feature","geometry":{"type":"Polygon","coordinates":[[[-71.068157,42.350161],[-71.068115,42.350168],[-71.068114,42.350169],[-71.068114,42.350169],[-71.068138,42.350244],[-71.0682,42.350234],[-71.068161,42.350116],[-71.068133,42.350121],[-71.068144,42.350154],[-71.068154,42.350153],[-71.068157,42.350161]]]},"properties":{"id":"670459-0","height_m":9.45}},{"type":"Feature","geometry":{"type":"Polygon","coordinates":[[[-71.068055,42.350179],[-71.068048,42.35018],[-71.068072,42.350254],[-71.068073,42.350256],[-71.068138,42.350244],[-71.068114,42.350169],[-71.068055,42.350179]]]},"properties":{"id":"670460-0","height_m":8.88}},{"type":"Feature","geometry":{"type":"Polygon","coordinates":[[[-71.06826,42.350177],[-71.068274,42.35022],[-71.068345,42.350208],[-71.068331,42.350165],[-71.06826,42.350177]]]},"properties":{"id":"670461-0","height_m":10.37}},{"type":"Feature","geometry":{"type":"Polygon","coordinates":[[[-71.06038,42.350207],[-71.060828,42.350333],[-71.060966,42.349994],[-71.060964,42.349993],[-71.060896,42.349978],[-71.060868,42.349972],[-71.060509,42.349891],[-71.060508,42.349891],[-71.06038,42.350207]]]},"properties":{"id":"670462-0","height_m":47.19}},{"type":"Feature","geometry":{"type":"Polygon","coordinates":[[[-71.068687,42.350366],[-71.068718,42.350378],[-71.068726,42.350381],[-71.069372,42.350203],[-71.069339,42.350149],[-71.069335,42.350136],[-71.069332,42.350123],[-71.069314,42.350128],[-71.069293,42.350085],[-71.069292,42.350085],[-71.069266,42.350092],[-71.069256,42.350072],[-71.068869,42.350178],[-71.068879,42.350198],[-71.068859,42.350204],[-71.068847,42.350155],[-71.068829,42.350082],[-71.06882,42.350049],[-71.068811,42.350017],[-71.069049,42.349975],[-71.069046,42.349965],[-71.069004,42.349832],[-71.068974,42.34984],[-71.068972,42.349831],[-71.068579,42.3499],[-71.068687,42.350366]]]},"properties":{"id":"670463-0","height_m":18.9}},{"type":"Feature","geometry":{"type":"Polygon","coordinates":[[[-71.06823,42.350343],[-71.068056,42.350376],[-71.06811,42.350553],[-71.068281,42.350504],[-71.06823,42.350343]]]},"properties":{"id":"670464-0","height_m":14.73}},{"type":"Feature","geometry":{"type":"Polygon","coordinates":[[[-71.062219,42.350481],[-71.062207,42.350503],[-71.062312,42.350535],[-71.062473,42.350335],[-71.062451,42.350325],[-71.062409,42.350307],[-71.062367,42.350288],[-71.062187,42.350236],[-71.062162,42.350228],[-71.061962,42.35017],[-71.061965,42.350164],[-71.061946,42.350158],[-71.0619,42.350144],[-71.061894,42.350142],[-71.06188,42.350138],[-71.061876,42.350146],[-71.061853,42.350186],[-71.061849,42.350185],[-71.06178,42.350309],[-71.061786,42.350311],[-71.061761,42.350356],[-71.061773,42.35036],[-71.061849,42.350383],[-71.061856,42.35037],[-71.062219,42.350481]]]},"properties":{"id":"670465-0","height_m":20.14}},{"type":"Feature","geometry":{"type":"Polygon","coordinates":[[[-71.061673,42.350559],[-71.062184,42.350689],[-71.06219,42.350681],[-71.062229,42.350631],[-71.06222,42.350627],[-71.062261,42.350573],[-71.062273,42.350556],[-71.062291,42.350533],[-71.062046,42.350458],[-71.062044,42.350463],[-71.061972,42.350445],[-71.061977,42.350434],[-71.061908,42.350417],[-71.061909,42.350416],[-71.061836,42.350397],[-71.061837,42.350395],[-71.061764,42.350377],[-71.061746,42.350372],[-71.061673,42.350559]]]},"properties":{"id":"670475-0","height_m":38.16}},{"type":"Feature","geometry":{"type":"Polygon","coordinates":[[[-71.059839,42.350509],[-71.059845,42.350472],[-71.060058,42.350516],[-71.060076,42.35047],[-71.060101,42.350404],[-71.060116,42.350367],[-71.059867,42.350296],[-71.059851,42.350339],[-71.059811,42.350441],[-71.059808,42.350451],[-71.059804,42.350465],[-71.059794,42.350499],[-71.059839,42.350509]]]},"properties":{"id":"670476-0","height_m":16.93}},{"type":"Feature","geometry":{"type":"Polygon","coordinates":[[[-71.059789,42.350634],[-71.059816,42.35064],[-71.060011,42.350682],[-71.060019,42.350684],[-71.06004,42.35063],[-71.060032,42.350628],[-71.060021,42.350626],[-71.059811,42.350581],[-71.059789,42.350634]]]},"properties":{"id":"670477-0","height_m":8.27}},{"type":"Feature","geometry":{"type":"Polygon","coordinates":[[[-71.058321,42.350124],[-71.058706,42.35021],[-71.058744,42.350114],[-71.058759,42.350117],[-71.058767,42.350099],[-71.058751,42.350096],[-71.058776,42.350034],[-71.058372,42.349945],[-71.058371,42.349948],[-71.058321,42.350124]]]},"properties":{"id":"670478-0","height_m":31.68}},{"type":"Feature","geometry":{"type":"Polygon","coordinates":[[[-71.058274,42.35029],[-71.058641,42.350371],[-71.058706,42.35021],[-71.058321,42.350124],[-71.058274,42.35029]]]},"properties":{"id":"670479-0","height_m":10.83}},{"type":"Feature","geometry":{"type":"Polygon","coordinates":[[[-71.058225,42.35046],[-71.058574,42.350538],[-71.058641,42.350371],[-71.058274,42.35029],[-71.058225,42.35046]]]},"properties":{"id":"670480-0","height_m":31.19}},{"type":"Feature","geometry":{"type":"Polygon","coordinates":[[[-71.058209,42.350516],[-71.058203,42.350538],[-71.058193,42.350574],[-71.058538,42.350651],[-71.058542,42.350652],[-71.058581,42.350557],[-71.058586,42.350543],[-71.058587,42.350541],[-71.058574,42.350538],[-71.058225,42.35046],[-71.058209,42.350516]]]},"properties":{"id":"670481-0","height_m":19.97}},{"type":"Feature","geometry":{"type":"Polygon","coordinates":[[[-71.058177,42.350631],[-71.058512,42.350705],[-71.058516,42.350706],[-71.058538,42.350651],[-71.058193,42.350574],[-71.058177,42.350631]]]},"properties":{"id":"670482-0","height_m":17.38}},{"type":"Feature","geometry":{"type":"Polygon","coordinates":[[[-71.05816,42.350689],[-71.058486,42.350762],[-71.05849,42.350762],[-71.058512,42.350706],[-71.058512,42.350705],[-71.058177,42.350631],[-71.05816,42.350689]]]},"properties":{"id":"670483-0","height_m":17.38}},{"type":"Feature","geometry":{"type":"Polygon","coordinates":[[[-71.06166,42.350866],[-71.061665,42.350867],[-71.062006,42.350941],[-71.062036,42.350875],[-71.062031,42.350874],[-71.061985,42.350862],[-71.061701,42.35079],[-71.061693,42.350788],[-71.06166,42.350866]]]},"properties":{"id":"670494-0","height_m":21.15}},{"type":"Feature","geometry":{"type":"Polygon","coordinates":[[[-71.058996,42.350102],[-71.058689,42.350861],[-71.058721,42.350897],[-71.059143,42.350991],[-71.059198,42.350975],[-71.059223,42.350914],[-71.059314,42.350687],[-71.059322,42.350669],[-71.059382,42.35052],[-71.059395,42.350487],[-71.059504,42.350218],[-71.059505,42.350215],[-71.059471,42.35018],[-71.059047,42.350086],[-71.058996,42.350102]]]},"properties":{"id":"670507-0","height_m":20.86}},{"type":"Feature","geometry":{"type":"Polygon","coordinates":[[[-71.065374,42.351002],[-71.065776,42.351025],[-71.065781,42.350979],[-71.065833,42.350983],[-71.065991,42.350995],[-71.065972,42.350797],[-71.065968,42.350759],[-71.065959,42.350666],[-71.065761,42.350681],[-71.065738,42.35069],[-71.065712,42.350691],[-71.06561,42.350697],[-71.065608,42.350701],[-71.065605,42.350714],[-71.06521,42.350652],[-71.065139,42.350903],[-71.065222,42.350869],[-71.065158,42.350936],[-71.06538,42.350949],[-71.065374,42.351002]]]},"properties":{"id":"670508-0","height_m":58.71}},{"type":"Feature","geometry":{"type":"Polygon","coordinates":[[[-71.0607,42.350649],[-71.06071,42.350623],[-71.060713,42.350623],[-71.06073,42.350584],[-71.060744,42.350547],[-71.060747,42.35054],[-71.06074,42.350539],[-71.060695,42.350526],[-71.060689,42.350525],[-71.060645,42.350513],[-71.060642,42.350512],[-71.060552,42.350488],[-71.060543,42.350485],[-71.060522,42.35048],[-71.060515,42.350478],[-71.060516,42.35048],[-71.060491,42.35047],[-71.060485,42.350472],[-71.060472,42.350463],[-71.060456,42.35047],[-71.060438,42.350478],[-71.060433,42.350473],[-71.060395,42.350464],[-71.060381,42.350499],[-71.060399,42.350504],[-71.060407,42.350518],[-71.060493,42.350538],[-71.060468,42.350598],[-71.0607,42.350649]]]},"properties":{"id":"670513-0","height_m":24.99}},{"type":"Feature","geometry":{"type":"Polygon","coordinates":[[[-71.06031,42.350921],[-71.060377,42.350936],[-71.060568,42.350978],[-71.060591,42.350922],[-71.060362,42.35087],[-71.06036,42.350874],[-71.060365,42.350876],[-71.060355,42.3509],[-71.060349,42.350898],[-71.060358,42.350878],[-71.060254,42.350854],[-71.060257,42.350846],[-71.060126,42.350816],[-71.060124,42.350819],[-71.060103,42.350872],[-71.060107,42.350873],[-71.060107,42.350874],[-71.06031,42.350921]]]},"properties":{"id":"670514-0","height_m":15.15}},{"type":"Feature","geometry":{"type":"Polygon","coordinates":[[[-71.060407,42.350761],[-71.060362,42.35087],[-71.060591,42.350922],[-71.060635,42.35081],[-71.06034,42.350745],[-71.060407,42.350761]]]},"properties":{"id":"670515-0","height_m":12.14}},{"type":"Feature","geometry":{"type":"Polygon","coordinates":[[[-71.060057,42.350988],[-71.060117,42.351001],[-71.060192,42.351018],[-71.060264,42.351033],[-71.06031,42.350921],[-71.060107,42.350874],[-71.060107,42.350874],[-71.060064,42.350978],[-71.060063,42.350978],[-71.060061,42.350978],[-71.060057,42.350988]]]},"properties":{"id":"670516-0","height_m":15.15}},{"type":"Feature","geometry":{"type":"Polygon","coordinates":[[[-71.06026,42.350486],[-71.060244,42.350525],[-71.060237,42.350542],[-71.060223,42.350576],[-71.060213,42.350601],[-71.060199,42.350635],[-71.060193,42.35065],[-71.060327,42.35068],[-71.060348,42.350628],[-71.06039,42.350524],[-71.060394,42.350515],[-71.06026,42.350485],[-71.06026,42.350486]]]},"properties":{"id":"670517-0","height_m":13.85}},{"type":"Feature","geometry":{"type":"Polygon","coordinates":[[[-71.060348,42.350628],[-71.060679,42.350701],[-71.06068,42.350699],[-71.0607,42.350649],[-71.060468,42.350598],[-71.060458,42.350622],[-71.060443,42.350619],[-71.060453,42.350594],[-71.060426,42.350588],[-71.060438,42.35056],[-71.060466,42.350567],[-71.060475,42.350543],[-71.06039,42.350524],[-71.060348,42.350628]]]},"properties":{"id":"670518-0","height_m":11.47}},{"type":"Feature","geometry":{"type":"Polygon","coordinates":[[[-71.060264,42.351033],[-71.060332,42.351048],[-71.060416,42.351067],[-71.06055,42.351095],[-71.060552,42.35109],[-71.060559,42.351073],[-71.060571,42.351043],[-71.060354,42.350995],[-71.060377,42.350936],[-71.06031,42.350921],[-71.060264,42.351033]]]},"properties":{"id":"670519-0","height_m":15.15}},{"type":"Feature","geometry":{"type":"Polygon","coordinates":[[[-71.060043,42.351184],[-71.060117,42.3512],[-71.060118,42.3512],[-71.060192,42.351018],[-71.060117,42.351001],[-71.060043,42.351184]]]},"properties":{"id":"670520-0","height_m":15.15}},{"type":"Feature","geometry":{"type":"Polygon","coordinates":[[[-71.060118,42.3512],[-71.06019,42.351216],[-71.060264,42.351034],[-71.060264,42.351033],[-71.060192,42.351018],[-71.060118,42.3512]]]},"properties":{"id":"670521-0","height_m":15.15}},{"type":"Feature","geometry":{"type":"Polygon","coordinates":[[[-71.060266,42.351234],[-71.060271,42.351235],[-71.060469,42.351279],[-71.060489,42.35123],[-71.060496,42.351215],[-71.060292,42.35117],[-71.060266,42.351234]]]},"properties":{"id":"670522-0","height_m":13.97}},{"type":"Feature","geometry":{"type":"Polygon","coordinates":[[[-71.060046,42.350986],[-71.059972,42.351168],[-71.060043,42.351184],[-71.060117,42.351001],[-71.060057,42.350988],[-71.060046,42.350986],[-71.060046,42.350986]]]},"properties":{"id":"670523-0","height_m":15.15}},{"type":"Feature","geometry":{"type":"Polygon","coordinates":[[[-71.060354,42.350995],[-71.060571,42.351043],[-71.060574,42.351037],[-71.060595,42.350984],[-71.060568,42.350978],[-71.060377,42.350936],[-71.060354,42.350995]]]},"properties":{"id":"670524-0","height_m":15.58}},{"type":"Feature","geometry":{"type":"Polygon","coordinates":[[[-71.060264,42.351034],[-71.06019,42.351216],[-71.060252,42.35123],[-71.060257,42.351231],[-71.060332,42.351048],[-71.060264,42.351033],[-71.060264,42.351034]]]},"properties":{"id":"670525-0","height_m":15.15}},{"type":"Feature","geometry":{"type":"Polygon","coordinates":[[[-71.060292,42.35117],[-71.060496,42.351215],[-71.060496,42.351214],[-71.060513,42.351172],[-71.06052,42.351156],[-71.060393,42.351125],[-71.060318,42.351108],[-71.060292,42.35117]]]},"properties":{"id":"670526-0","height_m":15.15}},{"type":"Feature","geometry":{"type":"Polygon","coordinates":[[[-71.060393,42.351125],[-71.06052,42.351156],[-71.060525,42.351157],[-71.06055,42.351095],[-71.060416,42.351067],[-71.060393,42.351125]]]},"properties":{"id":"670527-0","height_m":15.15}},{"type":"Feature","geometry":{"type":"Polygon","coordinates":[[[-71.060302,42.350738],[-71.060303,42.350736],[-71.060304,42.350737],[-71.060327,42.35068],[-71.060193,42.35065],[-71.060192,42.350653],[-71.060183,42.350676],[-71.060178,42.350686],[-71.060177,42.350689],[-71.06017,42.350708],[-71.060169,42.350708],[-71.060302,42.350738]]]},"properties":{"id":"670528-0","height_m":13.65}},{"type":"Feature","geometry":{"type":"Polygon","coordinates":[[[-71.060166,42.350717],[-71.060155,42.350744],[-71.060147,42.350764],[-71.060279,42.350793],[-71.060302,42.350738],[-71.060169,42.350708],[-71.060166,42.350717]]]},"properties":{"id":"670529-0","height_m":14.11}},{"type":"Feature","geometry":{"type":"Polygon","coordinates":[[[-71.060131,42.350802],[-71.060126,42.350816],[-71.060257,42.350846],[-71.060279,42.350793],[-71.060147,42.350764],[-71.060131,42.350802]]]},"properties":{"id":"670530-0","height_m":14.05}},{"type":"Feature","geometry":{"type":"Polygon","coordinates":[[[-71.068592,42.350621],[-71.068521,42.350641],[-71.068508,42.350644],[-71.068469,42.350655],[-71.068456,42.350659],[-71.068418,42.350669],[-71.068404,42.350673],[-71.068316,42.350697],[-71.068302,42.350701],[-71.068265,42.350712],[-71.068251,42.350715],[-71.068214,42.350726],[-71.068142,42.350745],[-71.068113,42.350754],[-71.068096,42.350758],[-71.06806,42.350768],[-71.068044,42.350773],[-71.068007,42.350783],[-71.067921,42.350806],[-71.067782,42.350845],[-71.067753,42.350853],[-71.06774,42.350857],[-71.067668,42.350876],[-71.067651,42.350881],[-71.067653,42.350892],[-71.067662,42.350949],[-71.067663,42.350958],[-71.067668,42.35099],[-71.06767,42.351],[-71.067675,42.35103],[-71.067676,42.351039],[-71.067681,42.35107],[-71.067683,42.351079],[-71.067687,42.35111],[-71.067689,42.351121],[-71.0677,42.351189],[-71.067702,42.351199],[-71.067707,42.35123],[-71.067708,42.35124],[-71.067713,42.351271],[-71.067715,42.35128],[-71.067724,42.351337],[-71.067726,42.351349],[-71.067741,42.35135],[-71.067805,42.351356],[-71.067819,42.351357],[-71.06786,42.351361],[-71.067926,42.351368],[-71.067968,42.351371],[-71.067984,42.351373],[-71.068027,42.351377],[-71.068031,42.351377],[-71.068077,42.351382],[-71.068114,42.351385],[-71.068126,42.351386],[-71.068135,42.351386],[-71.068138,42.351386],[-71.06815,42.351385],[-71.068161,42.351384],[-71.068173,42.351383],[-71.068184,42.351381],[-71.068196,42.351378],[-71.068207,42.351375],[-71.068217,42.351371],[-71.068228,42.351367],[-71.068238,42.351363],[-71.068247,42.351358],[-71.068257,42.351352],[-71.068265,42.351346],[-71.068265,42.351346],[-71.068287,42.351328],[-71.068314,42.351307],[-71.068432,42.351211],[-71.068459,42.351189],[-71.068467,42.351182],[-71.068495,42.35116],[-71.068504,42.351153],[-71.068532,42.35113],[-71.06854,42.351124],[-71.068567,42.351101],[-71.068577,42.351094],[-71.068604,42.351072],[-71.068614,42.351064],[-71.068641,42.351041],[-71.068651,42.351033],[-71.068695,42.350998],[-71.068703,42.350991],[-71.068701,42.350982],[-71.068688,42.350927],[-71.068686,42.350919],[-71.068678,42.350885],[-71.068676,42.35088],[-71.068669,42.350849],[-71.068666,42.350837],[-71.068663,42.350826],[-71.068656,42.350798],[-71.068649,42.350768],[-71.068647,42.350758],[-71.068639,42.350729],[-71.068637,42.350719],[-71.068627,42.350677],[-71.068612,42.350616],[-71.068592,42.350621]]]},"properties":{"id":"670535-0","height_m":27.2}},{"type":"Feature","geometry":{"type":"Polygon","coordinates":[[[-71.056401,42.351249],[-71.056752,42.351391],[-71.056756,42.351393],[-71.056784,42.351384],[-71.05694,42.351044],[-71.056543,42.350948],[-71.056521,42.350995],[-71.056518,42.350994],[-71.056401,42.351249]]]},"properties":{"id":"670536-0","height_m":23.86}},{"type":"Feature","geometry":{"type":"Polygon","coordinates":[[[-71.060698,42.351127],[-71.060913,42.351178],[-71.060888,42.351242],[-71.061136,42.351299],[-71.061136,42.351297],[-71.061139,42.351296],[-71.061139,42.351296],[-71.061226,42.351073],[-71.061227,42.351071],[-71.061224,42.351071],[-71.061106,42.351046],[-71.061105,42.351049],[-71.060981,42.351018],[-71.060979,42.351023],[-71.060962,42.351019],[-71.060961,42.351019],[-71.060962,42.351017],[-71.060904,42.351006],[-71.060903,42.351009],[-71.060769,42.350979],[-71.060749,42.351027],[-71.060741,42.351025],[-71.060699,42.351125],[-71.060698,42.351127]]]},"properties":{"id":"670537-0","height_m":22.67}},{"type":"Feature","geometry":{"type":"Polygon","coordinates":[[[-71.063027,42.351108],[-71.063015,42.351107],[-71.062974,42.351245],[-71.062965,42.351277],[-71.062961,42.35129],[-71.062973,42.351291],[-71.062971,42.351302],[-71.063221,42.351345],[-71.063225,42.351329],[-71.063218,42.351329],[-71.063263,42.351135],[-71.063258,42.351135],[-71.063027,42.351108]]]},"properties":{"id":"670539-0","height_m":8.04}},{"type":"Feature","geometry":{"type":"Polygon","coordinates":[[[-71.057091,42.350843],[-71.057181,42.350857],[-71.05722,42.350666],[-71.057129,42.350643],[-71.05694,42.350597],[-71.056938,42.350603],[-71.056847,42.350791],[-71.056876,42.350798],[-71.056884,42.350781],[-71.057078,42.350829],[-71.057073,42.350839],[-71.057091,42.350843]]]},"properties":{"id":"670540-0","height_m":21.8}},{"type":"Feature","geometry":{"type":"Polygon","coordinates":[[[-71.058057,42.351069],[-71.058349,42.351128],[-71.058414,42.350953],[-71.05824,42.35091],[-71.058212,42.350903],[-71.058104,42.350876],[-71.058088,42.350927],[-71.058096,42.350928],[-71.058057,42.351069]]]},"properties":{"id":"670553-0","height_m":24.08}},{"type":"Feature","geometry":{"type":"Polygon","coordinates":[[[-71.058535,42.351257],[-71.058523,42.351286],[-71.058362,42.351689],[-71.058527,42.351725],[-71.058558,42.351732],[-71.058577,42.351715],[-71.058586,42.351707],[-71.058615,42.351682],[-71.058642,42.351657],[-71.058669,42.351632],[-71.058695,42.351606],[-71.058721,42.35158],[-71.058746,42.351554],[-71.05877,42.351527],[-71.058793,42.3515],[-71.058816,42.351472],[-71.058838,42.351445],[-71.05886,42.351417],[-71.058881,42.351388],[-71.058901,42.35136],[-71.05892,42.351331],[-71.058938,42.351302],[-71.058956,42.351272],[-71.058973,42.351243],[-71.05899,42.351213],[-71.059005,42.351183],[-71.05903,42.351122],[-71.059038,42.351101],[-71.058988,42.351089],[-71.058633,42.351011],[-71.058535,42.351257]]]},"properties":{"id":"670568-0","height_m":17.25}},{"type":"Feature","geometry":{"type":"Polygon","coordinates":[[[-71.060483,42.351424],[-71.060388,42.351402],[-71.060369,42.351415],[-71.0604,42.351513],[-71.060444,42.351522],[-71.060483,42.351424]]]},"properties":{"id":"670572-0","height_m":12.92}},{"type":"Feature","geometry":{"type":"Polygon","coordinates":[[[-71.060886,42.351733],[-71.061064,42.351696],[-71.06106,42.351669],[-71.061055,42.35164],[-71.061051,42.351612],[-71.061047,42.351582],[-71.061041,42.351545],[-71.060999,42.351535],[-71.060997,42.351537],[-71.060855,42.351502],[-71.060817,42.351597],[-71.060836,42.35163],[-71.060845,42.351625],[-71.060886,42.351733]]]},"properties":{"id":"670573-0","height_m":35.34}},{"type":"Feature","geometry":{"type":"Polygon","coordinates":[[[-71.060923,42.351845],[-71.060924,42.351847],[-71.061083,42.351822],[-71.061074,42.351763],[-71.061065,42.351703],[-71.061064,42.351696],[-71.060886,42.351733],[-71.060902,42.351775],[-71.060893,42.351777],[-71.060901,42.351805],[-71.060911,42.351803],[-71.060923,42.351845]]]},"properties":{"id":"670574-0","height_m":19.9}},{"type":"Feature","geometry":{"type":"Polygon","coordinates":[[[-71.060945,42.351945],[-71.060947,42.351952],[-71.06096,42.351998],[-71.06096,42.352001],[-71.060962,42.352005],[-71.061077,42.35199],[-71.061108,42.351986],[-71.061098,42.351921],[-71.060945,42.351945]]]},"properties":{"id":"670575-0","height_m":15.09}},{"type":"Feature","geometry":{"type":"Polygon","coordinates":[[[-71.060924,42.351847],[-71.060931,42.351871],[-71.060925,42.351873],[-71.060934,42.351904],[-71.060934,42.351906],[-71.061092,42.351882],[-71.061091,42.351879],[-71.061083,42.351822],[-71.060924,42.351847]]]},"properties":{"id":"670576-0","height_m":19.9}},{"type":"Feature","geometry":{"type":"Polygon","coordinates":[[[-71.060934,42.351906],[-71.060939,42.351925],[-71.060942,42.351933],[-71.060945,42.351944],[-71.060945,42.351945],[-71.061098,42.351921],[-71.061092,42.351882],[-71.060934,42.351906]]]},"properties":{"id":"670577-0","height_m":19.9}},{"type":"Feature","geometry":{"type":"Polygon","coordinates":[[[-71.060799,42.351976],[-71.060816,42.352029],[-71.06093,42.352009],[-71.060929,42.352006],[-71.060928,42.352002],[-71.060914,42.351956],[-71.060799,42.351976]]]},"properties":{"id":"670578-0","height_m":11.92}},{"type":"Feature","geometry":{"type":"Polygon","coordinates":[[[-71.06074,42.35179],[-71.060756,42.351839],[-71.060871,42.351819],[-71.060869,42.351811],[-71.060855,42.35177],[-71.06074,42.35179]]]},"properties":{"id":"670579-0","height_m":12.31}},{"type":"Feature","geometry":{"type":"Polygon","coordinates":[[[-71.060712,42.3517],[-71.060727,42.351749],[-71.060843,42.351729],[-71.06084,42.351721],[-71.060828,42.35168],[-71.060712,42.3517]]]},"properties":{"id":"670580-0","height_m":11.95}},{"type":"Feature","geometry":{"type":"Polygon","coordinates":[[[-71.060756,42.351839],[-71.060771,42.351888],[-71.060886,42.351868],[-71.060871,42.351819],[-71.060756,42.351839]]]},"properties":{"id":"670581-0","height_m":12.33}},{"type":"Feature","geometry":{"type":"Polygon","coordinates":[[[-71.060771,42.351888],[-71.060785,42.351932],[-71.0609,42.351912],[-71.060886,42.351868],[-71.060771,42.351888]]]},"properties":{"id":"670582-0","height_m":12.65}},{"type":"Feature","geometry":{"type":"Polygon","coordinates":[[[-71.060699,42.351658],[-71.060712,42.3517],[-71.060828,42.35168],[-71.06082,42.351657],[-71.060814,42.351636],[-71.060699,42.351658]]]},"properties":{"id":"670583-0","height_m":12.02}},{"type":"Feature","geometry":{"type":"Polygon","coordinates":[[[-71.060785,42.351932],[-71.060799,42.351976],[-71.060914,42.351956],[-71.0609,42.351912],[-71.060785,42.351932]]]},"properties":{"id":"670584-0","height_m":12.32}},{"type":"Feature","geometry":{"type":"Polygon","coordinates":[[[-71.060727,42.351749],[-71.06074,42.35179],[-71.060855,42.35177],[-71.060847,42.351744],[-71.060843,42.351729],[-71.060727,42.351749]]]},"properties":{"id":"670585-0","height_m":12.28}},{"type":"Feature","geometry":{"type":"Polygon","coordinates":[[[-71.05999,42.351484],[-71.060091,42.351475],[-71.060079,42.351435],[-71.060117,42.351342],[-71.060083,42.351334],[-71.059977,42.351309],[-71.059964,42.35134],[-71.059938,42.351405],[-71.059954,42.351482],[-71.059989,42.351477],[-71.05999,42.351484]]]},"properties":{"id":"670586-0","height_m":21.47}},{"type":"Feature","geometry":{"type":"Polygon","coordinates":[[[-71.059996,42.351497],[-71.06001,42.351602],[-71.060091,42.351595],[-71.060076,42.351494],[-71.060076,42.35149],[-71.059996,42.351497]]]},"properties":{"id":"670587-0","height_m":7.43}},{"type":"Feature","geometry":{"type":"Polygon","coordinates":[[[-71.061359,42.35189],[-71.061394,42.352062],[-71.061549,42.352054],[-71.06153,42.351882],[-71.061359,42.35189]]]},"properties":{"id":"670588-0","height_m":17.26}},{"type":"Feature","geometry":{"type":"Polygon","coordinates":[[[-71.05972,42.351456],[-71.059712,42.351456],[-71.059741,42.351633],[-71.059744,42.351633],[-71.059954,42.351614],[-71.059953,42.351608],[-71.059935,42.3515],[-71.059925,42.351437],[-71.05972,42.351456]]]},"properties":{"id":"670589-0","height_m":22.55}},{"type":"Feature","geometry":{"type":"Polygon","coordinates":[[[-71.059756,42.351267],[-71.059751,42.351281],[-71.059744,42.3513],[-71.059738,42.351315],[-71.059709,42.351391],[-71.05972,42.351456],[-71.059925,42.351437],[-71.05992,42.351404],[-71.059962,42.351307],[-71.059929,42.3513],[-71.059758,42.351262],[-71.059756,42.351267]]]},"properties":{"id":"670590-0","height_m":21.5}},{"type":"Feature","geometry":{"type":"Polygon","coordinates":[[[-71.059744,42.351633],[-71.059746,42.351641],[-71.059742,42.351642],[-71.059752,42.351701],[-71.059761,42.351756],[-71.059762,42.35176],[-71.059974,42.351741],[-71.059954,42.35162],[-71.059955,42.351619],[-71.059954,42.351614],[-71.059744,42.351633]]]},"properties":{"id":"670591-0","height_m":18.86}},{"type":"Feature","geometry":{"type":"Polygon","coordinates":[[[-71.059762,42.35176],[-71.059781,42.351877],[-71.059784,42.351877],[-71.059993,42.351858],[-71.059974,42.351741],[-71.059762,42.35176]]]},"properties":{"id":"670592-0","height_m":18.44}},{"type":"Feature","geometry":{"type":"Polygon","coordinates":[[[-71.059784,42.351877],[-71.059788,42.351897],[-71.0598,42.351973],[-71.059804,42.351994],[-71.060012,42.351975],[-71.059993,42.351858],[-71.059784,42.351877]]]},"properties":{"id":"670593-0","height_m":18.99}},{"type":"Feature","geometry":{"type":"Polygon","coordinates":[[[-71.059824,42.352121],[-71.060033,42.352102],[-71.060023,42.352037],[-71.059814,42.352056],[-71.059807,42.352057],[-71.059817,42.35212],[-71.059821,42.352119],[-71.059824,42.352119],[-71.059824,42.352121]]]},"properties":{"id":"670594-0","height_m":18.42}},{"type":"Feature","geometry":{"type":"Polygon","coordinates":[[[-71.059804,42.351994],[-71.059814,42.352056],[-71.060023,42.352037],[-71.060012,42.351975],[-71.059804,42.351994]]]},"properties":{"id":"670595-0","height_m":18.61}},{"type":"Feature","geometry":{"type":"Polygon","coordinates":[[[-71.062773,42.352165],[-71.062772,42.35217],[-71.063461,42.352245],[-71.063472,42.352195],[-71.06349,42.352019],[-71.062817,42.351944],[-71.062773,42.352165]]]},"properties":{"id":"670618-0","height_m":25.51}},{"type":"Feature","geometry":{"type":"Polygon","coordinates":[[[-71.057734,42.352178],[-71.057928,42.35224],[-71.057932,42.352241],[-71.057935,42.352241],[-71.057939,42.352241],[-71.057943,42.352241],[-71.057946,42.352239],[-71.057949,42.352238],[-71.057952,42.352235],[-71.057953,42.352233],[-71.058114,42.35174],[-71.058115,42.351737],[-71.058115,42.351734],[-71.058114,42.351731],[-71.058113,42.351727],[-71.05811,42.351725],[-71.058107,42.351722],[-71.058103,42.35172],[-71.058099,42.351719],[-71.057885,42.351686],[-71.057883,42.351691],[-71.057843,42.351821],[-71.057834,42.351848],[-71.057833,42.351851],[-71.057868,42.351857],[-71.057811,42.352043],[-71.057778,42.352037],[-71.057777,42.352039],[-71.057734,42.352178]]]},"properties":{"id":"670619-0","height_m":30.3}},{"type":"Feature","geometry":{"type":"Polygon","coordinates":[[[-71.064172,42.352275],[-71.064178,42.352276],[-71.064449,42.352283],[-71.064484,42.352263],[-71.064506,42.352176],[-71.064616,42.351742],[-71.064531,42.351732],[-71.064465,42.351724],[-71.064293,42.351704],[-71.064288,42.351726],[-71.064287,42.351734],[-71.064296,42.351735],[-71.064285,42.351787],[-71.064212,42.352131],[-71.064203,42.35213],[-71.064172,42.352275]]]},"properties":{"id":"670620-0","height_m":39.65}},{"type":"Feature","geometry":{"type":"Polygon","coordinates":[[[-71.062004,42.35221],[-71.062033,42.352378],[-71.062113,42.352372],[-71.062087,42.352204],[-71.062004,42.35221]]]},"properties":{"id":"670636-0","height_m":16.54}},{"type":"Feature","geometry":{"type":"Polygon","coordinates":[[[-71.061758,42.352399],[-71.061761,42.35241],[-71.061926,42.35239],[-71.061926,42.352388],[-71.061923,42.352361],[-71.061915,42.352362],[-71.061887,42.352201],[-71.061804,42.352207],[-71.061808,42.352225],[-71.061791,42.352226],[-71.061773,42.352227],[-71.061727,42.352231],[-71.061723,42.352231],[-71.061758,42.352399]]]},"properties":{"id":"670648-0","height_m":19.14}},{"type":"Feature","geometry":{"type":"Polygon","coordinates":[[[-71.061621,42.3523],[-71.061514,42.352311],[-71.061514,42.352312],[-71.06152,42.352345],[-71.061454,42.352351],[-71.061465,42.352415],[-71.061467,42.35243],[-71.061645,42.352413],[-71.061642,42.352398],[-71.061625,42.3523],[-71.061621,42.3523]]]},"properties":{"id":"670649-0","height_m":8.55}},{"type":"Feature","geometry":{"type":"Polygon","coordinates":[[[-71.059619,42.351805],[-71.059577,42.351808],[-71.059581,42.351832],[-71.059392,42.351848],[-71.059386,42.351848],[-71.059395,42.351911],[-71.059424,42.352103],[-71.059483,42.352098],[-71.05948,42.352081],[-71.059665,42.352066],[-71.059626,42.351804],[-71.059619,42.351805]]]},"properties":{"id":"670654-0","height_m":24.28}},{"type":"Feature","geometry":{"type":"Polygon","coordinates":[[[-71.059695,42.352262],[-71.059451,42.352282],[-71.059473,42.352426],[-71.059478,42.352461],[-71.059748,42.352478],[-71.05974,42.352423],[-71.059715,42.35226],[-71.059695,42.352262]]]},"properties":{"id":"670655-0","height_m":23.81}},{"type":"Feature","geometry":{"type":"Polygon","coordinates":[[[-71.05948,42.352081],[-71.059483,42.352098],[-71.059424,42.352103],[-71.059451,42.352282],[-71.059695,42.352262],[-71.059665,42.352066],[-71.05948,42.352081]]]},"properties":{"id":"670656-0","height_m":20.4}},{"type":"Feature","geometry":{"type":"Polygon","coordinates":[[[-71.065286,42.352891],[-71.065338,42.352902],[-71.065312,42.352972],[-71.065332,42.352976],[-71.065378,42.352986],[-71.065421,42.352871],[-71.06536,42.352858],[-71.065361,42.352856],[-71.065303,42.352844],[-71.065286,42.352891]]]},"properties":{"id":"670706-0","height_m":4.97}},{"type":"Feature","geometry":{"type":"Polygon","coordinates":[[[-71.061534,42.353083],[-71.061521,42.353084],[-71.061522,42.353095],[-71.062391,42.353058],[-71.062426,42.353031],[-71.062426,42.353029],[-71.062433,42.352878],[-71.062435,42.352831],[-71.062436,42.352815],[-71.06243,42.352814],[-71.062433,42.352778],[-71.062434,42.352764],[-71.062436,42.352726],[-71.062441,42.352725],[-71.062451,42.352518],[-71.062452,42.352508],[-71.062412,42.352483],[-71.061487,42.352561],[-71.061488,42.352571],[-71.061499,42.35257],[-71.061534,42.353083]]]},"properties":{"id":"670710-0","height_m":30.31}},{"type":"Feature","geometry":{"type":"Polygon","coordinates":[[[-71.063834,42.353383],[-71.063826,42.353406],[-71.063796,42.353489],[-71.064036,42.35355],[-71.064052,42.353554],[-71.064083,42.353466],[-71.064094,42.353433],[-71.064097,42.353425],[-71.063837,42.353375],[-71.063834,42.353383]]]},"properties":{"id":"670752-0","height_m":15.02}},{"type":"Feature","geometry":{"type":"Polygon","coordinates":[[[-71.063187,42.353764],[-71.063522,42.353779],[-71.063523,42.353778],[-71.06355,42.353737],[-71.063655,42.353538],[-71.063669,42.353512],[-71.063673,42.353503],[-71.063699,42.353388],[-71.063651,42.353352],[-71.063594,42.35335],[-71.063514,42.353346],[-71.063501,42.353346],[-71.06342,42.353343],[-71.063407,42.353342],[-71.063328,42.353339],[-71.063315,42.353339],[-71.063214,42.353335],[-71.063204,42.353334],[-71.0632,42.353479],[-71.06325,42.353482],[-71.063314,42.353485],[-71.063313,42.35351],[-71.063312,42.35353],[-71.063307,42.353662],[-71.063196,42.35366],[-71.063187,42.353764]]]},"properties":{"id":"670786-0","height_m":34.88}},{"type":"Feature","geometry":{"type":"Polygon","coordinates":[[[-71.054091,42.353668],[-71.054208,42.353782],[-71.054259,42.353832],[-71.054281,42.35382],[-71.054593,42.353645],[-71.054425,42.35348],[-71.054091,42.353668]]]},"properties":{"id":"670801-0","height_m":18.66}},{"type":"Feature","geometry":{"type":"Polygon","coordinates":[[[-71.058709,42.354058],[-71.058862,42.354173],[-71.058972,42.354071],[-71.058944,42.354054],[-71.05903,42.353974],[-71.058912,42.353904],[-71.058917,42.353899],[-71.058905,42.353892],[-71.058902,42.35389],[-71.058895,42.353885],[-71.058709,42.354058]]]},"properties":{"id":"670863-0","height_m":43.86}},{"type":"Feature","geometry":{"type":"Polygon","coordinates":[[[-71.059133,42.353667],[-71.059138,42.35367],[-71.05926,42.353743],[-71.059286,42.353759],[-71.059412,42.353834],[-71.059472,42.353778],[-71.059194,42.353612],[-71.059133,42.353667]]]},"properties":{"id":"670864-0","height_m":24.24}},{"type":"Feature","geometry":{"type":"Polygon","coordinates":[[[-71.058972,42.354071],[-71.058862,42.354173],[-71.058939,42.354231],[-71.058944,42.354227],[-71.059133,42.354047],[-71.059075,42.354013],[-71.059085,42.354003],[-71.05906,42.353989],[-71.058972,42.354071]]]},"properties":{"id":"670865-0","height_m":24.22}},{"type":"Feature","geometry":{"type":"Polygon","coordinates":[[[-71.059586,42.353668],[-71.059638,42.35362],[-71.059614,42.353606],[-71.059617,42.353604],[-71.059499,42.353534],[-71.059361,42.353452],[-71.059304,42.353504],[-71.05956,42.353657],[-71.059563,42.353654],[-71.059586,42.353668]]]},"properties":{"id":"670866-0","height_m":39.08}},{"type":"Feature","geometry":{"type":"Polygon","coordinates":[[[-71.05919,42.353609],[-71.059194,42.353612],[-71.059472,42.353778],[-71.059527,42.353727],[-71.059245,42.353558],[-71.05919,42.353609]]]},"properties":{"id":"670867-0","height_m":22.32}},{"type":"Feature","geometry":{"type":"Polygon","coordinates":[[[-71.059245,42.353558],[-71.059527,42.353727],[-71.059535,42.353719],[-71.05951,42.353704],[-71.05956,42.353657],[-71.059304,42.353504],[-71.059245,42.353558]]]},"properties":{"id":"670868-0","height_m":22.73}},{"type":"Feature","geometry":{"type":"Polygon","coordinates":[[[-71.059229,42.353898],[-71.059269,42.35392],[-71.059321,42.353872],[-71.059331,42.353877],[-71.059338,42.353871],[-71.059085,42.353719],[-71.05902,42.353778],[-71.059024,42.35378],[-71.059229,42.353898]]]},"properties":{"id":"670869-0","height_m":21.14}},{"type":"Feature","geometry":{"type":"Polygon","coordinates":[[[-71.059085,42.353719],[-71.059338,42.353871],[-71.059359,42.353884],[-71.059412,42.353834],[-71.059286,42.353759],[-71.05926,42.353743],[-71.059138,42.35367],[-71.059085,42.353719]]]},"properties":{"id":"670870-0","height_m":24.24}},{"type":"Feature","geometry":{"type":"Polygon","coordinates":[[[-71.059499,42.353534],[-71.059537,42.353498],[-71.059585,42.353526],[-71.059592,42.35352],[-71.05941,42.353411],[-71.059368,42.353449],[-71.059365,42.353448],[-71.059361,42.353452],[-71.059499,42.353534]]]},"properties":{"id":"670871-0","height_m":39.08}},{"type":"Feature","geometry":{"type":"Polygon","coordinates":[[[-71.065494,42.3543],[-71.065487,42.354301],[-71.065481,42.354302],[-71.065474,42.354305],[-71.065469,42.354307],[-71.065463,42.35431],[-71.065458,42.354314],[-71.065454,42.354318],[-71.06545,42.354322],[-71.065447,42.354327],[-71.065445,42.354332],[-71.065444,42.354336],[-71.065443,42.354342],[-71.065443,42.354347],[-71.065443,42.354352],[-71.065445,42.354357],[-71.065447,42.354361],[-71.06545,42.354366],[-71.065454,42.35437],[-71.065458,42.354374],[-71.065463,42.354378],[-71.065468,42.354381],[-71.065474,42.354384],[-71.06548,42.354386],[-71.065487,42.354388],[-71.065493,42.354389],[-71.0655,42.35439],[-71.065507,42.35439],[-71.065514,42.35439],[-71.065521,42.354388],[-71.065527,42.354387],[-71.065534,42.354385],[-71.06554,42.354382],[-71.065545,42.354379],[-71.06555,42.354375],[-71.065554,42.354371],[-71.065558,42.354367],[-71.065561,42.354362],[-71.065563,42.354357],[-71.065564,42.354352],[-71.065565,42.354347],[-71.065565,42.354342],[-71.065564,42.354337],[-71.065563,42.354332],[-71.06556,42.354327],[-71.065557,42.354323],[-71.065554,42.354318],[-71.06555,42.354314],[-71.065545,42.354311],[-71.065539,42.354308],[-71.065534,42.354305],[-71.065528,42.354303],[-71.065521,42.354301],[-71.065514,42.3543],[-71.065508,42.354299],[-71.065501,42.354299],[-71.065494,42.3543]]]},"properties":{"id":"670872-0","height_m":8.97}},{"type":"Feature","geometry":{"type":"Polygon","coordinates":[[[-71.056736,42.354113],[-71.056413,42.354145],[-71.056399,42.354161],[-71.056444,42.354409],[-71.056452,42.354414],[-71.056463,42.354421],[-71.056798,42.354388],[-71.056807,42.354379],[-71.056813,42.354373],[-71.056801,42.354305],[-71.05678,42.35419],[-71.056776,42.35417],[-71.056768,42.354123],[-71.056749,42.354112],[-71.056736,42.354113]]]},"properties":{"id":"670873-0","height_m":47.11}},{"type":"Feature","geometry":{"type":"Polygon","coordinates":[[[-71.068049,42.35474],[-71.068088,42.354813],[-71.068185,42.354784],[-71.068146,42.354712],[-71.068049,42.35474]]]},"properties":{"id":"670938-0","height_m":4.39}},{"type":"Feature","geometry":{"type":"Polygon","coordinates":[[[-71.066924,42.354813],[-71.06692,42.354821],[-71.066907,42.354844],[-71.066925,42.354875],[-71.066967,42.354888],[-71.06701,42.354876],[-71.067012,42.354871],[-71.067026,42.354843],[-71.067008,42.354813],[-71.066967,42.3548],[-71.066924,42.354813]]]},"properties":{"id":"670939-0","height_m":4.11}},{"type":"Feature","geometry":{"type":"Polygon","coordinates":[[[-71.063846,42.35486],[-71.063912,42.354877],[-71.063935,42.354829],[-71.063869,42.354811],[-71.063846,42.35486]]]},"properties":{"id":"670940-0","height_m":3.49}},{"type":"Feature","geometry":{"type":"Polygon","coordinates":[[[-71.054179,42.354736],[-71.054194,42.35475],[-71.054166,42.354767],[-71.054148,42.354777],[-71.054145,42.354779],[-71.054271,42.354898],[-71.054467,42.354714],[-71.054479,42.354703],[-71.054486,42.354629],[-71.054323,42.354469],[-71.054281,42.354429],[-71.054098,42.354251],[-71.054098,42.354251],[-71.053904,42.35435],[-71.053885,42.35436],[-71.053774,42.354416],[-71.053776,42.354418],[-71.053884,42.354523],[-71.054053,42.354687],[-71.054099,42.35466],[-71.054179,42.354736]]]},"properties":{"id":"670941-0","height_m":45.35}},{"type":"Feature","geometry":{"type":"Polygon","coordinates":[[[-71.069102,42.354889],[-71.069091,42.354892],[-71.069096,42.3549],[-71.069073,42.354907],[-71.069077,42.354915],[-71.069079,42.354917],[-71.069089,42.354935],[-71.069104,42.354961],[-71.069122,42.354995],[-71.069152,42.354986],[-71.069183,42.354976],[-71.069211,42.354968],[-71.069208,42.354962],[-71.069162,42.35488],[-71.069139,42.354888],[-71.069134,42.354879],[-71.069125,42.354882],[-71.069102,42.354889]]]},"properties":{"id":"670961-0","height_m":4.97}},{"type":"Feature","geometry":{"type":"Polygon","coordinates":[[[-71.061214,42.354932],[-71.06106,42.355076],[-71.061331,42.355215],[-71.061373,42.355233],[-71.061545,42.355046],[-71.061514,42.35503],[-71.061426,42.354983],[-71.061328,42.354932],[-71.061254,42.354893],[-71.061214,42.354932]]]},"properties":{"id":"670992-0","height_m":25.2}},{"type":"Feature","geometry":{"type":"Polygon","coordinates":[[[-71.063869,42.352843],[-71.063861,42.352963],[-71.064257,42.352984],[-71.064266,42.352985],[-71.064309,42.35284],[-71.064239,42.352835],[-71.064238,42.352838],[-71.064009,42.352825],[-71.063971,42.352823],[-71.063906,42.352819],[-71.063869,42.352843]]]},"properties":{"id":"671055-0","height_m":38.84}},{"type":"Feature","geometry":{"type":"Polygon","coordinates":[[[-71.062487,42.354691],[-71.062655,42.354776],[-71.062955,42.354488],[-71.062858,42.354457],[-71.062756,42.354434],[-71.062487,42.354691]]]},"properties":{"id":"671056-0","height_m":22.99}},{"type":"Feature","geometry":{"type":"Polygon","coordinates":[[[-71.06209,42.354085],[-71.062488,42.354164],[-71.062563,42.35398],[-71.062227,42.353936],[-71.062227,42.353936],[-71.062226,42.353938],[-71.062176,42.353997],[-71.062176,42.353998],[-71.062174,42.353997],[-71.06209,42.354085]]]},"properties":{"id":"671057-0","height_m":19.35}},{"type":"Feature","geometry":{"type":"Polygon","coordinates":[[[-71.061945,42.354934],[-71.061928,42.354951],[-71.06186,42.35504],[-71.061926,42.355074],[-71.062045,42.355136],[-71.06221,42.35496],[-71.062159,42.354935],[-71.062017,42.354866],[-71.061945,42.354934]]]},"properties":{"id":"671058-0","height_m":20.91}},{"type":"Feature","geometry":{"type":"Polygon","coordinates":[[[-71.062455,42.354936],[-71.062414,42.354975],[-71.062357,42.355031],[-71.062438,42.355076],[-71.062469,42.355094],[-71.0625,42.355067],[-71.062636,42.354937],[-71.062662,42.35491],[-71.062552,42.354846],[-71.062455,42.354936]]]},"properties":{"id":"671059-0","height_m":20.06}},{"type":"Feature","geometry":{"type":"Polygon","coordinates":[[[-71.061841,42.354934],[-71.061779,42.354998],[-71.06186,42.35504],[-71.061928,42.354951],[-71.061945,42.354934],[-71.062017,42.354866],[-71.061941,42.354829],[-71.061841,42.354934]]]},"properties":{"id":"671060-0","height_m":20.91}},{"type":"Feature","geometry":{"type":"Polygon","coordinates":[[[-71.062662,42.35491],[-71.062636,42.354937],[-71.0625,42.355067],[-71.062526,42.355082],[-71.06259,42.355118],[-71.062751,42.354949],[-71.062729,42.354937],[-71.062668,42.354905],[-71.062662,42.35491]]]},"properties":{"id":"671061-0","height_m":28.77}},{"type":"Feature","geometry":{"type":"Polygon","coordinates":[[[-71.062159,42.354935],[-71.06221,42.35496],[-71.062351,42.355028],[-71.062357,42.355031],[-71.062414,42.354975],[-71.062337,42.354936],[-71.062217,42.354875],[-71.062204,42.354889],[-71.062136,42.354855],[-71.062134,42.354858],[-71.062062,42.354822],[-71.062017,42.354866],[-71.062159,42.354935]]]},"properties":{"id":"671062-0","height_m":5.26}},{"type":"Feature","geometry":{"type":"Polygon","coordinates":[[[-71.062217,42.354875],[-71.062337,42.354936],[-71.062414,42.354975],[-71.062455,42.354936],[-71.062552,42.354846],[-71.062555,42.354843],[-71.062343,42.354737],[-71.062217,42.354875]]]},"properties":{"id":"671063-0","height_m":20.06}},{"type":"Feature","geometry":{"type":"Polygon","coordinates":[[[-71.053841,42.35492],[-71.053938,42.355018],[-71.054154,42.354904],[-71.054159,42.354902],[-71.054158,42.3549],[-71.054162,42.354898],[-71.054083,42.354819],[-71.054065,42.354801],[-71.053841,42.35492]]]},"properties":{"id":"671064-0","height_m":19.96}},{"type":"Feature","geometry":{"type":"Polygon","coordinates":[[[-71.054154,42.354904],[-71.053938,42.355018],[-71.054027,42.355108],[-71.054048,42.355107],[-71.054202,42.354963],[-71.054203,42.354945],[-71.054162,42.354904],[-71.054159,42.354902],[-71.054154,42.354904]]]},"properties":{"id":"671065-0","height_m":20.18}},{"type":"Feature","geometry":{"type":"Polygon","coordinates":[[[-71.069355,42.345654],[-71.069374,42.345659],[-71.069374,42.345658],[-71.069398,42.345615],[-71.069399,42.345612],[-71.069404,42.345614],[-71.069406,42.34561],[-71.069461,42.34551],[-71.069463,42.345506],[-71.06944,42.345499],[-71.069421,42.345494],[-71.069435,42.34547],[-71.069292,42.345427],[-71.069279,42.345451],[-71.069265,42.345447],[-71.069206,42.345555],[-71.069219,42.345559],[-71.069194,42.345605],[-71.069339,42.345649],[-71.069365,42.345602],[-71.069379,42.345606],[-71.069355,42.345654]]]},"properties":{"id":"671100-0","height_m":20.88}},{"type":"Feature","geometry":{"type":"Polygon","coordinates":[[[-71.065204,42.34641],[-71.065107,42.346651],[-71.065441,42.346692],[-71.065765,42.346773],[-71.065849,42.346552],[-71.065511,42.346477],[-71.065204,42.34641]]]},"properties":{"id":"671101-0","height_m":42.06}},{"type":"Feature","geometry":{"type":"Polygon","coordinates":[[[-71.065717,42.346111],[-71.065706,42.346139],[-71.06594,42.346192],[-71.065945,42.34618],[-71.065979,42.346098],[-71.065889,42.346077],[-71.065789,42.346054],[-71.065745,42.346044],[-71.065717,42.346111]]]},"properties":{"id":"671102-0","height_m":8.52}},{"type":"Feature","geometry":{"type":"Polygon","coordinates":[[[-71.06561,42.346306],[-71.06557,42.346404],[-71.065614,42.346414],[-71.065677,42.346261],[-71.065633,42.346251],[-71.06561,42.346306]]]},"properties":{"id":"671103-0","height_m":4.05}},{"type":"Feature","geometry":{"type":"Polygon","coordinates":[[[-71.065614,42.346414],[-71.065808,42.346458],[-71.06581,42.346454],[-71.065872,42.346305],[-71.065923,42.346317],[-71.065945,42.346322],[-71.065953,42.346324],[-71.065979,42.346262],[-71.065973,42.346261],[-71.065987,42.346226],[-71.065994,42.346228],[-71.066003,42.346207],[-71.06594,42.346192],[-71.065706,42.346139],[-71.065717,42.346111],[-71.065464,42.346053],[-71.06545,42.34605],[-71.065389,42.346195],[-71.065591,42.346241],[-71.065633,42.346251],[-71.065677,42.346261],[-71.065614,42.346414]]]},"properties":{"id":"671104-0","height_m":11.57}},{"type":"Feature","geometry":{"type":"Polygon","coordinates":[[[-71.064782,42.346593],[-71.064881,42.346614],[-71.0649,42.346565],[-71.064801,42.346545],[-71.064782,42.346593]]]},"properties":{"id":"671105-0","height_m":4.32}},{"type":"Feature","geometry":{"type":"Polygon","coordinates":[[[-71.06499,42.346111],[-71.065113,42.346138],[-71.065122,42.346113],[-71.065,42.346086],[-71.06499,42.346111]]]},"properties":{"id":"671106-0","height_m":4.76}},{"type":"Feature","geometry":{"type":"Polygon","coordinates":[[[-71.064402,42.346483],[-71.064464,42.346495],[-71.064476,42.346449],[-71.064417,42.346438],[-71.064402,42.346483]]]},"properties":{"id":"671107-0","height_m":8.55}},{"type":"Feature","geometry":{"type":"Polygon","coordinates":[[[-71.064024,42.346118],[-71.064133,42.34614],[-71.064156,42.346088],[-71.064043,42.346066],[-71.064024,42.346118]]]},"properties":{"id":"671108-0","height_m":8.06}},{"type":"Feature","geometry":{"type":"Polygon","coordinates":[[[-71.064402,42.346483],[-71.064417,42.346438],[-71.064476,42.346449],[-71.064518,42.346286],[-71.064538,42.346211],[-71.064549,42.346166],[-71.064352,42.346127],[-71.064165,42.34609],[-71.064156,42.346088],[-71.064133,42.34614],[-71.064024,42.346118],[-71.064043,42.346066],[-71.063937,42.346046],[-71.063668,42.345989],[-71.063661,42.345988],[-71.063654,42.345987],[-71.063647,42.345988],[-71.06364,42.345989],[-71.063633,42.34599],[-71.063627,42.345992],[-71.063621,42.345995],[-71.063615,42.345998],[-71.06361,42.346002],[-71.063605,42.346006],[-71.063602,42.34601],[-71.063599,42.346015],[-71.063596,42.34602],[-71.063593,42.346028],[-71.063586,42.346048],[-71.063579,42.346066],[-71.063569,42.346093],[-71.063566,42.346102],[-71.063511,42.346252],[-71.063571,42.346265],[-71.063556,42.346312],[-71.064402,42.346483]]]},"properties":{"id":"671109-0","height_m":5.86}},{"type":"Feature","geometry":{"type":"Polygon","coordinates":[[[-71.064359,42.345743],[-71.064608,42.345802],[-71.064613,42.34579],[-71.064618,42.345778],[-71.064368,42.345721],[-71.064359,42.345743]]]},"properties":{"id":"671110-0","height_m":38.85}},{"type":"Feature","geometry":{"type":"Polygon","coordinates":[[[-71.064184,42.34593],[-71.064175,42.345953],[-71.06418,42.345954],[-71.064171,42.345974],[-71.064265,42.345996],[-71.064505,42.34605],[-71.064514,42.34603],[-71.064536,42.34598],[-71.064195,42.345901],[-71.064184,42.34593]]]},"properties":{"id":"671111-0","height_m":38.41}},{"type":"Feature","geometry":{"type":"Polygon","coordinates":[[[-71.064536,42.34598],[-71.064514,42.34603],[-71.064606,42.346051],[-71.064608,42.346047],[-71.064603,42.346046],[-71.064698,42.345815],[-71.064695,42.345815],[-71.064697,42.345809],[-71.064613,42.34579],[-71.064608,42.345802],[-71.064359,42.345743],[-71.064339,42.345796],[-71.064243,42.345774],[-71.064255,42.345743],[-71.06408,42.345704],[-71.064082,42.345699],[-71.064039,42.345689],[-71.06396,42.345884],[-71.064002,42.345889],[-71.064184,42.34593],[-71.064195,42.345901],[-71.064536,42.34598]]]},"properties":{"id":"671112-0","height_m":42.68}},{"type":"Feature","geometry":{"type":"Polygon","coordinates":[[[-71.064623,42.345765],[-71.064618,42.345778],[-71.064613,42.34579],[-71.064697,42.345809],[-71.064695,42.345815],[-71.064698,42.345815],[-71.064703,42.345817],[-71.064717,42.345783],[-71.064682,42.345775],[-71.064624,42.345762],[-71.064623,42.345765]]]},"properties":{"id":"671113-0","height_m":47.12}},{"type":"Feature","geometry":{"type":"Polygon","coordinates":[[[-71.06398,42.345943],[-71.064167,42.345985],[-71.06418,42.345954],[-71.064175,42.345953],[-71.064184,42.34593],[-71.064002,42.345889],[-71.06398,42.345943]]]},"properties":{"id":"671114-0","height_m":45.61}},{"type":"Feature","geometry":{"type":"Polygon","coordinates":[[[-71.064082,42.345699],[-71.06408,42.345704],[-71.064255,42.345743],[-71.064243,42.345774],[-71.064339,42.345796],[-71.064359,42.345743],[-71.064368,42.345721],[-71.064375,42.345705],[-71.064377,42.3457],[-71.064106,42.345638],[-71.064082,42.345699]]]},"properties":{"id":"671115-0","height_m":46.57}},{"type":"Feature","geometry":{"type":"Polygon","coordinates":[[[-71.064501,42.346059],[-71.064604,42.346082],[-71.064617,42.346049],[-71.064608,42.346047],[-71.064606,42.346051],[-71.064514,42.34603],[-71.064505,42.34605],[-71.064501,42.346059]]]},"properties":{"id":"671116-0","height_m":46.81}},{"type":"Feature","geometry":{"type":"Polygon","coordinates":[[[-71.066014,42.345995],[-71.066087,42.346014],[-71.066095,42.346016],[-71.066123,42.345958],[-71.066116,42.345956],[-71.066043,42.345937],[-71.066014,42.345995]]]},"properties":{"id":"671117-0","height_m":30.67}},{"type":"Feature","geometry":{"type":"Polygon","coordinates":[[[-71.065608,42.34596],[-71.066056,42.346079],[-71.066087,42.346014],[-71.066014,42.345995],[-71.066043,42.345937],[-71.066116,42.345956],[-71.066147,42.345891],[-71.066139,42.345889],[-71.065713,42.345776],[-71.065694,42.345814],[-71.065647,42.345801],[-71.065598,42.345816],[-71.06557,42.345873],[-71.065593,42.34591],[-71.065628,42.345919],[-71.065608,42.34596]]]},"properties":{"id":"671118-0","height_m":18.62}},{"type":"Feature","geometry":{"type":"Polygon","coordinates":[[[-71.066867,42.346041],[-71.066982,42.346072],[-71.067018,42.345999],[-71.066988,42.345991],[-71.06693,42.345975],[-71.066903,42.345968],[-71.066867,42.346041]]]},"properties":{"id":"671119-0","height_m":5.23}},{"type":"Feature","geometry":{"type":"Polygon","coordinates":[[[-71.068245,42.34621],[-71.068242,42.346217],[-71.068403,42.346265],[-71.068387,42.346293],[-71.068732,42.346397],[-71.068762,42.346406],[-71.068776,42.346381],[-71.068712,42.346361],[-71.068702,42.346358],[-71.068668,42.346348],[-71.068682,42.346322],[-71.068253,42.346193],[-71.068245,42.34621]]]},"properties":{"id":"671120-0","height_m":4.87}},{"type":"Feature","geometry":{"type":"Polygon","coordinates":[[[-71.068929,42.34627],[-71.068944,42.346274],[-71.069025,42.346299],[-71.069027,42.346296],[-71.06905,42.346254],[-71.069052,42.34625],[-71.068969,42.346225],[-71.068956,42.346221],[-71.068929,42.34627]]]},"properties":{"id":"671121-0","height_m":7.68}},{"type":"Feature","geometry":{"type":"Polygon","coordinates":[[[-71.069042,42.345682],[-71.06904,42.345685],[-71.069061,42.345691],[-71.069045,42.345719],[-71.069058,42.345723],[-71.069121,42.345742],[-71.069135,42.345717],[-71.06912,42.345712],[-71.069181,42.345601],[-71.069194,42.345605],[-71.069219,42.345559],[-71.069206,42.345555],[-71.069265,42.345447],[-71.069202,42.345428],[-71.069185,42.345423],[-71.069184,42.345425],[-71.069127,42.345529],[-71.069125,42.345533],[-71.069143,42.345538],[-71.069118,42.345583],[-71.069099,42.345577],[-71.069098,42.345579],[-71.069042,42.345682]]]},"properties":{"id":"671122-0","height_m":5.54}},{"type":"Feature","geometry":{"type":"Polygon","coordinates":[[[-71.068253,42.346193],[-71.068682,42.346322],[-71.068767,42.346166],[-71.06868,42.34614],[-71.068688,42.346125],[-71.068341,42.34602],[-71.068334,42.346018],[-71.068253,42.346193]]]},"properties":{"id":"671123-0","height_m":4.85}},{"type":"Feature","geometry":{"type":"Polygon","coordinates":[[[-71.068969,42.346225],[-71.069052,42.34625],[-71.069055,42.346251],[-71.069057,42.346248],[-71.06911,42.346151],[-71.069114,42.346144],[-71.069088,42.346137],[-71.06908,42.346134],[-71.069027,42.346118],[-71.068969,42.346225]]]},"properties":{"id":"671124-0","height_m":5.3}},{"type":"Feature","geometry":{"type":"Polygon","coordinates":[[[-71.068776,42.346381],[-71.068854,42.346404],[-71.068869,42.346377],[-71.068885,42.346381],[-71.068944,42.346274],[-71.068929,42.34627],[-71.068786,42.346226],[-71.068773,42.346222],[-71.068772,42.346223],[-71.068713,42.346332],[-71.068726,42.346335],[-71.068712,42.346361],[-71.068776,42.346381]]]},"properties":{"id":"671125-0","height_m":20.34}},{"type":"Feature","geometry":{"type":"Polygon","coordinates":[[[-71.068885,42.346381],[-71.06893,42.346395],[-71.068946,42.3464],[-71.06897,42.346407],[-71.068972,42.346403],[-71.069026,42.346304],[-71.069029,42.346299],[-71.069025,42.346299],[-71.068944,42.346274],[-71.068885,42.346381]]]},"properties":{"id":"671126-0","height_m":5.15}},{"type":"Feature","geometry":{"type":"Polygon","coordinates":[[[-71.069062,42.346058],[-71.069067,42.346059],[-71.069102,42.34607],[-71.069112,42.346073],[-71.069123,42.346076],[-71.069147,42.346083],[-71.069149,42.34608],[-71.069203,42.34598],[-71.069206,42.345976],[-71.069201,42.345975],[-71.069121,42.345951],[-71.069062,42.346058]]]},"properties":{"id":"671127-0","height_m":5.39}},{"type":"Feature","geometry":{"type":"Polygon","coordinates":[[[-71.068786,42.346226],[-71.068929,42.34627],[-71.068956,42.346221],[-71.068969,42.346225],[-71.069027,42.346118],[-71.069013,42.346114],[-71.069046,42.346053],[-71.069062,42.346058],[-71.069121,42.345951],[-71.069104,42.345946],[-71.068961,42.345902],[-71.068946,42.345898],[-71.068887,42.346004],[-71.068887,42.346006],[-71.068903,42.346011],[-71.068871,42.346069],[-71.06887,42.346072],[-71.068855,42.346067],[-71.068795,42.346176],[-71.068795,42.346177],[-71.06881,42.346181],[-71.068803,42.346194],[-71.068806,42.346195],[-71.068795,42.346213],[-71.068794,42.346213],[-71.068786,42.346226]]]},"properties":{"id":"671128-0","height_m":20.58}},{"type":"Feature","geometry":{"type":"Polygon","coordinates":[[[-71.069355,42.345654],[-71.069339,42.345649],[-71.069194,42.345605],[-71.069181,42.345601],[-71.06912,42.345712],[-71.069135,42.345717],[-71.069121,42.345742],[-71.069058,42.345723],[-71.069046,42.345745],[-71.069045,42.345748],[-71.069031,42.345744],[-71.068972,42.345851],[-71.06897,42.345854],[-71.068985,42.345859],[-71.06898,42.345869],[-71.068982,42.345869],[-71.06897,42.34589],[-71.068968,42.34589],[-71.068962,42.345901],[-71.068961,42.345902],[-71.069104,42.345946],[-71.06913,42.345899],[-71.069144,42.345903],[-71.069203,42.345795],[-71.069189,42.34579],[-71.069204,42.345762],[-71.069264,42.34578],[-71.069277,42.345757],[-71.069293,42.345762],[-71.069294,42.345762],[-71.069355,42.345654]]]},"properties":{"id":"671129-0","height_m":20.84}},{"type":"Feature","geometry":{"type":"Polygon","coordinates":[[[-71.068584,42.347038],[-71.068585,42.347036],[-71.068597,42.347013],[-71.068637,42.347025],[-71.068639,42.34702],[-71.068694,42.346921],[-71.068696,42.346916],[-71.068692,42.346915],[-71.068693,42.346914],[-71.068715,42.346872],[-71.068717,42.346868],[-71.068721,42.346869],[-71.068724,42.346864],[-71.068777,42.346766],[-71.06878,42.346761],[-71.068739,42.346749],[-71.068752,42.346726],[-71.068609,42.346683],[-71.068597,42.346705],[-71.068581,42.346701],[-71.068521,42.34681],[-71.068536,42.346814],[-71.068511,42.34686],[-71.068498,42.346856],[-71.068438,42.346966],[-71.068453,42.346971],[-71.06844,42.346994],[-71.068467,42.347002],[-71.068584,42.347038]]]},"properties":{"id":"671130-0","height_m":19.98}},{"type":"Feature","geometry":{"type":"Polygon","coordinates":[[[-71.068336,42.346964],[-71.068349,42.34694],[-71.068357,42.346942],[-71.068417,42.346832],[-71.068408,42.34683],[-71.068434,42.346784],[-71.068442,42.346786],[-71.068502,42.346677],[-71.068493,42.346674],[-71.068506,42.346652],[-71.068236,42.34657],[-71.068077,42.346522],[-71.068062,42.346517],[-71.067955,42.346712],[-71.067961,42.346714],[-71.068002,42.346726],[-71.068005,42.346727],[-71.068222,42.346792],[-71.068157,42.34691],[-71.068158,42.34691],[-71.068336,42.346964]]]},"properties":{"id":"671131-0","height_m":4.33}},{"type":"Feature","geometry":{"type":"Polygon","coordinates":[[[-71.068357,42.346942],[-71.068438,42.346966],[-71.068498,42.346856],[-71.068511,42.34686],[-71.068536,42.346814],[-71.068521,42.34681],[-71.068581,42.346701],[-71.068502,42.346677],[-71.068442,42.346786],[-71.068459,42.346791],[-71.068433,42.346837],[-71.068417,42.346832],[-71.068357,42.346942]]]},"properties":{"id":"671132-0","height_m":4.73}},{"type":"Feature","geometry":{"type":"Polygon","coordinates":[[[-71.068698,42.346599],[-71.068765,42.346619],[-71.068784,42.346584],[-71.068824,42.346596],[-71.068849,42.346551],[-71.06881,42.346539],[-71.068829,42.346503],[-71.068762,42.346483],[-71.068744,42.346515],[-71.068707,42.346504],[-71.06868,42.346555],[-71.068716,42.346566],[-71.068698,42.346599]]]},"properties":{"id":"671133-0","height_m":26.24}},{"type":"Feature","geometry":{"type":"Polygon","coordinates":[[[-71.068166,42.346441],[-71.068232,42.346461],[-71.068254,42.346423],[-71.068297,42.346436],[-71.068321,42.346391],[-71.068278,42.346379],[-71.068296,42.346345],[-71.068229,42.346325],[-71.068211,42.346358],[-71.068173,42.346347],[-71.068173,42.346347],[-71.068149,42.346392],[-71.068186,42.346404],[-71.068166,42.346441]]]},"properties":{"id":"671134-0","height_m":26.15}},{"type":"Feature","geometry":{"type":"Polygon","coordinates":[[[-71.065367,42.345934],[-71.065302,42.346101],[-71.065283,42.346148],[-71.065271,42.346174],[-71.065361,42.346193],[-71.065456,42.345951],[-71.065368,42.345932],[-71.065367,42.345934]]]},"properties":{"id":"671135-0","height_m":8.08}},{"type":"Feature","geometry":{"type":"Polygon","coordinates":[[[-71.063493,42.346299],[-71.063556,42.346312],[-71.063571,42.346265],[-71.063511,42.346252],[-71.063493,42.346299]]]},"properties":{"id":"671158-0","height_m":8.09}},{"type":"Feature","geometry":{"type":"Polygon","coordinates":[[[-71.068296,42.346345],[-71.068278,42.346379],[-71.068321,42.346391],[-71.068332,42.346395],[-71.068332,42.346394],[-71.068387,42.346293],[-71.068403,42.346265],[-71.068242,42.346217],[-71.068242,42.346218],[-71.068229,42.346245],[-71.068214,42.346241],[-71.068158,42.346343],[-71.068173,42.346347],[-71.068173,42.346347],[-71.068211,42.346358],[-71.068229,42.346325],[-71.068296,42.346345]]]},"properties":{"id":"671162-0","height_m":20.02}},{"type":"Feature","geometry":{"type":"Polygon","coordinates":[[[-71.068077,42.346492],[-71.068091,42.346496],[-71.068077,42.346522],[-71.068236,42.34657],[-71.06825,42.346544],[-71.068306,42.346442],[-71.068308,42.346439],[-71.068297,42.346436],[-71.068254,42.346423],[-71.068232,42.346461],[-71.068166,42.346441],[-71.068186,42.346404],[-71.068149,42.346392],[-71.068149,42.346393],[-71.068134,42.346388],[-71.068077,42.346492]]]},"properties":{"id":"671163-0","height_m":20.02}},{"type":"Feature","geometry":{"type":"Polygon","coordinates":[[[-71.068609,42.346683],[-71.068752,42.346726],[-71.068766,42.346699],[-71.068783,42.346704],[-71.068839,42.346601],[-71.068824,42.346596],[-71.068784,42.346584],[-71.068765,42.346619],[-71.068698,42.346599],[-71.068716,42.346566],[-71.06868,42.346555],[-71.068651,42.346546],[-71.068595,42.346648],[-71.068622,42.346656],[-71.068609,42.346683]]]},"properties":{"id":"671164-0","height_m":20.18}},{"type":"Feature","geometry":{"type":"Polygon","coordinates":[[[-71.068829,42.346503],[-71.06881,42.346539],[-71.068849,42.346551],[-71.068865,42.346555],[-71.068921,42.346452],[-71.068902,42.346446],[-71.068915,42.346423],[-71.068854,42.346404],[-71.068776,42.346381],[-71.068762,42.346406],[-71.068732,42.346397],[-71.068678,42.346496],[-71.068707,42.346504],[-71.068744,42.346515],[-71.068762,42.346483],[-71.068829,42.346503]]]},"properties":{"id":"671165-0","height_m":20.18}},{"type":"Feature","geometry":{"type":"Polygon","coordinates":[[[-71.065576,42.345811],[-71.065598,42.345816],[-71.065647,42.345801],[-71.065694,42.345814],[-71.065713,42.345776],[-71.06572,42.345761],[-71.065721,42.345758],[-71.065754,42.345767],[-71.065779,42.345714],[-71.065751,42.345707],[-71.065703,42.345694],[-71.065653,42.345681],[-71.06564,42.345677],[-71.065576,42.345811]]]},"properties":{"id":"671166-0","height_m":17.06}},{"type":"Feature","geometry":{"type":"Polygon","coordinates":[[[-71.065526,42.345966],[-71.065587,42.345982],[-71.065599,42.345957],[-71.065608,42.34596],[-71.065628,42.345919],[-71.065593,42.34591],[-71.06557,42.345873],[-71.065526,42.345966]]]},"properties":{"id":"671167-0","height_m":17.06}},{"type":"Feature","geometry":{"type":"Polygon","coordinates":[[[-71.064797,42.346544],[-71.064801,42.346545],[-71.0649,42.346565],[-71.065098,42.346608],[-71.0651,42.346609],[-71.065101,42.346606],[-71.065262,42.346198],[-71.065254,42.346197],[-71.065243,42.346226],[-71.065236,42.346225],[-71.065205,42.346303],[-71.065136,42.346288],[-71.06518,42.346177],[-71.065223,42.346186],[-71.065241,42.346139],[-71.065231,42.346137],[-71.065138,42.346116],[-71.065134,42.346115],[-71.065122,42.346113],[-71.065113,42.346138],[-71.06499,42.346111],[-71.065,42.346086],[-71.064976,42.346081],[-71.06489,42.346309],[-71.064797,42.346544]]]},"properties":{"id":"671168-0","height_m":4.35}},{"type":"Feature","geometry":{"type":"Polygon","coordinates":[[[-71.065136,42.346288],[-71.065205,42.346303],[-71.065236,42.346225],[-71.065243,42.346226],[-71.065254,42.346197],[-71.065262,42.346198],[-71.065267,42.346184],[-71.065269,42.346181],[-71.065271,42.346174],[-71.065283,42.346148],[-71.065241,42.346139],[-71.065223,42.346186],[-71.06518,42.346177],[-71.065136,42.346288]]]},"properties":{"id":"671169-0","height_m":4.35}},{"type":"Feature","geometry":{"type":"Polygon","coordinates":[[[-71.062448,42.348644],[-71.062456,42.348646],[-71.062514,42.348655],[-71.063332,42.348779],[-71.063365,42.348783],[-71.063369,42.34877],[-71.063385,42.348715],[-71.063419,42.3486],[-71.063402,42.348599],[-71.063402,42.348582],[-71.063421,42.348586],[-71.063476,42.348381],[-71.063238,42.348345],[-71.063236,42.348351],[-71.063189,42.348525],[-71.063183,42.348546],[-71.063177,42.348546],[-71.063037,42.348528],[-71.06304,42.348522],[-71.062924,42.348503],[-71.062922,42.34851],[-71.062768,42.348482],[-71.06282,42.348288],[-71.062822,42.348282],[-71.062604,42.34825],[-71.062588,42.34829],[-71.062448,42.348644]]]},"properties":{"id":"671170-0","height_m":19.98}},{"type":"Feature","geometry":{"type":"Polygon","coordinates":[[[-71.062961,42.348952],[-71.062937,42.348997],[-71.062977,42.349008],[-71.062984,42.34901],[-71.063011,42.348955],[-71.063042,42.348892],[-71.062562,42.348758],[-71.062559,42.348762],[-71.062503,42.348877],[-71.062821,42.348965],[-71.062846,42.348921],[-71.062961,42.348952]]]},"properties":{"id":"671171-0","height_m":18.42}},{"type":"Feature","geometry":{"type":"Polygon","coordinates":[[[-71.062821,42.348965],[-71.062825,42.348966],[-71.062937,42.348997],[-71.062961,42.348952],[-71.062846,42.348921],[-71.062821,42.348965]]]},"properties":{"id":"671172-0","height_m":22.61}},{"type":"Feature","geometry":{"type":"Polygon","coordinates":[[[-71.063683,42.351403],[-71.06384,42.351432],[-71.063851,42.351401],[-71.063855,42.351401],[-71.063891,42.351281],[-71.063888,42.35128],[-71.063928,42.35115],[-71.063893,42.351145],[-71.063893,42.351145],[-71.063887,42.351142],[-71.063881,42.35114],[-71.063875,42.351138],[-71.063869,42.351138],[-71.063864,42.351138],[-71.063858,42.351139],[-71.063853,42.351141],[-71.063848,42.351143],[-71.063835,42.351141],[-71.063836,42.35114],[-71.063833,42.351138],[-71.063829,42.351135],[-71.063826,42.351133],[-71.063821,42.351132],[-71.063817,42.351131],[-71.063812,42.351131],[-71.063807,42.351131],[-71.063803,42.351132],[-71.063799,42.351133],[-71.063795,42.351135],[-71.063791,42.351138],[-71.06379,42.351137],[-71.063757,42.351133],[-71.06376,42.35112],[-71.063677,42.351111],[-71.063623,42.351394],[-71.063623,42.351394],[-71.063623,42.351396],[-71.063683,42.351403]]]},"properties":{"id":"671173-0","height_m":12.03}},{"type":"Feature","geometry":{"type":"Polygon","coordinates":[[[-71.063242,42.351313],[-71.063631,42.351352],[-71.063677,42.351111],[-71.06329,42.35107],[-71.063242,42.351313]]]},"properties":{"id":"671174-0","height_m":23.69}},{"type":"Feature","geometry":{"type":"Polygon","coordinates":[[[-71.062336,42.351301],[-71.062354,42.351299],[-71.06239,42.351298],[-71.062431,42.351313],[-71.062765,42.351379],[-71.062766,42.351375],[-71.062765,42.351375],[-71.062762,42.351375],[-71.062806,42.351228],[-71.062744,42.35122],[-71.062566,42.351146],[-71.06242,42.3511],[-71.062333,42.351281],[-71.062336,42.351301]]]},"properties":{"id":"671175-0","height_m":22.02}},{"type":"Feature","geometry":{"type":"Polygon","coordinates":[[[-71.062448,42.349272],[-71.062451,42.349273],[-71.062538,42.349171],[-71.062517,42.349167],[-71.062539,42.349158],[-71.062594,42.349172],[-71.062586,42.349182],[-71.062616,42.349188],[-71.062641,42.349157],[-71.062461,42.349108],[-71.062443,42.349148],[-71.062419,42.349141],[-71.062404,42.349164],[-71.062357,42.349142],[-71.06237,42.349117],[-71.062318,42.349104],[-71.062333,42.349071],[-71.062296,42.349062],[-71.062293,42.349066],[-71.06227,42.349093],[-71.06227,42.349094],[-71.062254,42.349112],[-71.062259,42.349123],[-71.062252,42.349141],[-71.062239,42.349149],[-71.062234,42.34916],[-71.06224,42.349171],[-71.062237,42.349175],[-71.062236,42.349176],[-71.062368,42.349236],[-71.062372,42.349247],[-71.062386,42.349253],[-71.062402,42.349251],[-71.062448,42.349272]]]},"properties":{"id":"671176-0","height_m":18.69}},{"type":"Feature","geometry":{"type":"Polygon","coordinates":[[[-71.060977,42.350805],[-71.061055,42.350822],[-71.061112,42.350744],[-71.061125,42.350748],[-71.061338,42.35079],[-71.061345,42.350773],[-71.061357,42.350743],[-71.06136,42.350735],[-71.061034,42.350663],[-71.060977,42.350805]]]},"properties":{"id":"671177-0","height_m":13.1}},{"type":"Feature","geometry":{"type":"Polygon","coordinates":[[[-71.054058,42.35122],[-71.053963,42.351347],[-71.054203,42.351446],[-71.054116,42.351567],[-71.054088,42.351605],[-71.054219,42.35166],[-71.054347,42.351712],[-71.054578,42.351402],[-71.054581,42.351397],[-71.054563,42.35139],[-71.054558,42.351388],[-71.054472,42.351352],[-71.054468,42.351351],[-71.054392,42.35132],[-71.053908,42.351122],[-71.0536,42.350996],[-71.053486,42.351149],[-71.053366,42.351309],[-71.053563,42.35139],[-71.053681,42.351231],[-71.053777,42.351104],[-71.054058,42.35122]]]},"properties":{"id":"671178-0","height_m":59.79}},{"type":"Feature","geometry":{"type":"Polygon","coordinates":[[[-71.053898,42.351744],[-71.053904,42.351748],[-71.05415,42.351877],[-71.054156,42.351871],[-71.054181,42.351844],[-71.054202,42.351822],[-71.054246,42.351775],[-71.054282,42.351737],[-71.054305,42.351713],[-71.054209,42.351674],[-71.054219,42.35166],[-71.054088,42.351605],[-71.054031,42.351681],[-71.053722,42.351554],[-71.053506,42.351466],[-71.053563,42.35139],[-71.053366,42.351309],[-71.053486,42.351149],[-71.053399,42.351113],[-71.05336,42.351097],[-71.053351,42.35111],[-71.05324,42.351258],[-71.053235,42.351265],[-71.053203,42.351252],[-71.053177,42.351287],[-71.053158,42.351313],[-71.053157,42.351313],[-71.053155,42.351317],[-71.05313,42.35135],[-71.053123,42.351359],[-71.053089,42.351405],[-71.053695,42.351653],[-71.05369,42.351659],[-71.053898,42.351744]]]},"properties":{"id":"671179-0","height_m":52.33}},{"type":"Feature","geometry":{"type":"Polygon","coordinates":[[[-71.057084,42.349781],[-71.057068,42.349818],[-71.057032,42.349898],[-71.057331,42.349963],[-71.057329,42.349974],[-71.057456,42.34999],[-71.057504,42.349752],[-71.057505,42.349748],[-71.057133,42.349667],[-71.057084,42.349781]]]},"properties":{"id":"671180-0","height_m":38.28}},{"type":"Feature","geometry":{"type":"Polygon","coordinates":[[[-71.057298,42.350547],[-71.057303,42.350549],[-71.057308,42.35055],[-71.057314,42.35055],[-71.057319,42.35055],[-71.057325,42.350549],[-71.05733,42.350547],[-71.057334,42.350545],[-71.057338,42.350543],[-71.057342,42.35054],[-71.057345,42.350536],[-71.057347,42.350532],[-71.057348,42.350529],[-71.057349,42.350525],[-71.057395,42.350292],[-71.057407,42.350233],[-71.057413,42.350205],[-71.057456,42.34999],[-71.057329,42.349974],[-71.057331,42.349963],[-71.057032,42.349898],[-71.057016,42.349937],[-71.05695,42.350087],[-71.05699,42.350099],[-71.057031,42.350107],[-71.057057,42.350113],[-71.057287,42.350169],[-71.057318,42.350179],[-71.057316,42.350191],[-71.057347,42.350197],[-71.057294,42.350472],[-71.057293,42.350475],[-71.057292,42.350478],[-71.057289,42.350481],[-71.057287,42.350483],[-71.057284,42.350485],[-71.05728,42.350487],[-71.057276,42.350489],[-71.057272,42.35049],[-71.057268,42.35049],[-71.057263,42.35049],[-71.057259,42.35049],[-71.057255,42.350489],[-71.057001,42.350426],[-71.056998,42.350427],[-71.05699,42.35043],[-71.056982,42.350432],[-71.056974,42.350434],[-71.056965,42.350435],[-71.056956,42.350436],[-71.056946,42.350437],[-71.056937,42.350437],[-71.05692,42.350411],[-71.056885,42.350425],[-71.056882,42.350422],[-71.056873,42.350442],[-71.056873,42.350443],[-71.057298,42.350547]]]},"properties":{"id":"671181-0","height_m":23.84}},{"type":"Feature","geometry":{"type":"Polygon","coordinates":[[[-71.056132,42.351654],[-71.056125,42.351668],[-71.056115,42.351689],[-71.056111,42.351698],[-71.056101,42.351719],[-71.056097,42.351727],[-71.056087,42.351748],[-71.056079,42.351765],[-71.056102,42.351771],[-71.056145,42.351782],[-71.05616,42.351786],[-71.056201,42.351796],[-71.056217,42.351801],[-71.056257,42.351811],[-71.056274,42.351816],[-71.056314,42.351826],[-71.056388,42.351845],[-71.056417,42.351853],[-71.056503,42.351875],[-71.056552,42.351747],[-71.05656,42.351735],[-71.056389,42.351689],[-71.056524,42.351411],[-71.056512,42.351407],[-71.056478,42.351394],[-71.056465,42.35139],[-71.056424,42.351374],[-71.056409,42.351369],[-71.056373,42.351356],[-71.056365,42.351353],[-71.056357,42.35135],[-71.056319,42.351339],[-71.056294,42.351331],[-71.056285,42.351349],[-71.056275,42.351369],[-71.056271,42.351379],[-71.05626,42.351399],[-71.056256,42.351409],[-71.056246,42.351429],[-71.056236,42.351448],[-71.056238,42.351449],[-71.056225,42.351475],[-71.056215,42.351495],[-71.056197,42.351531],[-71.05618,42.351566],[-71.056161,42.351603],[-71.056151,42.351623],[-71.056145,42.351634],[-71.056138,42.351648],[-71.056135,42.351647],[-71.056132,42.351654]]]},"properties":{"id":"671182-0","height_m":38.23}},{"type":"Feature","geometry":{"type":"Polygon","coordinates":[[[-71.056427,42.351611],[-71.056606,42.351668],[-71.056722,42.351498],[-71.05672,42.351497],[-71.056681,42.35148],[-71.056645,42.351464],[-71.056638,42.351461],[-71.056604,42.351446],[-71.056603,42.351446],[-71.056527,42.351412],[-71.056525,42.351411],[-71.056524,42.351411],[-71.056427,42.351611]]]},"properties":{"id":"671183-0","height_m":38.23}},{"type":"Feature","geometry":{"type":"Polygon","coordinates":[[[-71.056937,42.350437],[-71.056946,42.350437],[-71.056956,42.350436],[-71.056965,42.350435],[-71.056974,42.350434],[-71.056982,42.350432],[-71.05699,42.35043],[-71.056998,42.350427],[-71.057006,42.350424],[-71.057014,42.35042],[-71.057021,42.350416],[-71.057027,42.350412],[-71.057034,42.350407],[-71.05704,42.350402],[-71.057045,42.350397],[-71.057049,42.350392],[-71.057052,42.350386],[-71.057055,42.350381],[-71.057057,42.350375],[-71.057059,42.350369],[-71.05706,42.350363],[-71.057061,42.350357],[-71.057061,42.350351],[-71.057061,42.350345],[-71.057059,42.350339],[-71.057058,42.350333],[-71.057056,42.350327],[-71.057053,42.350321],[-71.05705,42.350316],[-71.057046,42.35031],[-71.057042,42.350305],[-71.057037,42.3503],[-71.057032,42.350295],[-71.057026,42.350291],[-71.05702,42.350287],[-71.057014,42.350283],[-71.057007,42.35028],[-71.057,42.350276],[-71.056993,42.350274],[-71.056986,42.350271],[-71.056978,42.350269],[-71.05697,42.350268],[-71.056962,42.350267],[-71.056954,42.350266],[-71.056945,42.350266],[-71.056937,42.350266],[-71.056928,42.350267],[-71.05692,42.350269],[-71.056911,42.35027],[-71.056903,42.350272],[-71.056895,42.350275],[-71.056888,42.350278],[-71.05688,42.350281],[-71.056873,42.350285],[-71.056867,42.350289],[-71.056859,42.350295],[-71.056853,42.3503],[-71.056847,42.350306],[-71.056864,42.350331],[-71.056828,42.350343],[-71.056828,42.350351],[-71.056828,42.350358],[-71.05683,42.350365],[-71.056832,42.350372],[-71.056832,42.350372],[-71.056835,42.350379],[-71.056838,42.350385],[-71.056843,42.350392],[-71.056848,42.350398],[-71.056853,42.350403],[-71.056856,42.350405],[-71.05686,42.350409],[-71.056867,42.350414],[-71.056874,42.350418],[-71.056882,42.350422],[-71.056885,42.350425],[-71.05692,42.350411],[-71.056937,42.350437]]]},"properties":{"id":"671184-0","height_m":46.49}},{"type":"Feature","geometry":{"type":"Polygon","coordinates":[[[-71.057045,42.350113],[-71.057041,42.350114],[-71.057037,42.350115],[-71.057034,42.350117],[-71.057031,42.350119],[-71.057028,42.350121],[-71.057026,42.350123],[-71.056954,42.350266],[-71.056962,42.350267],[-71.05697,42.350268],[-71.056978,42.350269],[-71.056986,42.350271],[-71.056993,42.350274],[-71.057,42.350276],[-71.057007,42.35028],[-71.057014,42.350283],[-71.05702,42.350287],[-71.057026,42.350291],[-71.057032,42.350295],[-71.057037,42.3503],[-71.057042,42.350305],[-71.057046,42.35031],[-71.05705,42.350316],[-71.057053,42.350321],[-71.057056,42.350327],[-71.057058,42.350333],[-71.057059,42.350339],[-71.057061,42.350345],[-71.057061,42.350351],[-71.057061,42.350357],[-71.05706,42.350363],[-71.057059,42.350369],[-71.057057,42.350375],[-71.057055,42.350381],[-71.057052,42.350386],[-71.057049,42.350392],[-71.057045,42.350397],[-71.057091,42.350408],[-71.057211,42.350438],[-71.057219,42.350437],[-71.057228,42.350434],[-71.057233,42.350431],[-71.057236,42.350427],[-71.057238,42.350423],[-71.057256,42.350333],[-71.057287,42.350169],[-71.057057,42.350113],[-71.057053,42.350113],[-71.057049,42.350113],[-71.057045,42.350113]]]},"properties":{"id":"671185-0","height_m":44.31}},{"type":"Feature","geometry":{"type":"Polygon","coordinates":[[[-71.056197,42.350595],[-71.056213,42.350566],[-71.05625,42.350576],[-71.056268,42.350539],[-71.056231,42.350529],[-71.056251,42.35049],[-71.056282,42.350427],[-71.056291,42.350409],[-71.056188,42.35038],[-71.056184,42.350388],[-71.056083,42.350359],[-71.055991,42.350539],[-71.056197,42.350595]]]},"properties":{"id":"671186-0","height_m":25.08}},{"type":"Feature","geometry":{"type":"Polygon","coordinates":[[[-71.061404,42.348367],[-71.061398,42.348382],[-71.061385,42.348414],[-71.061461,42.348431],[-71.061442,42.348485],[-71.061561,42.348512],[-71.061568,42.348496],[-71.061597,42.348425],[-71.061605,42.348407],[-71.061406,42.348364],[-71.061404,42.348367]]]},"properties":{"id":"671187-0","height_m":13.57}},{"type":"Feature","geometry":{"type":"Polygon","coordinates":[[[-71.061433,42.348511],[-71.06142,42.348543],[-71.061538,42.34857],[-71.061543,42.348558],[-71.061554,42.34853],[-71.061561,42.348512],[-71.061442,42.348485],[-71.061433,42.348511]]]},"properties":{"id":"671188-0","height_m":13.66}},{"type":"Feature","geometry":{"type":"Polygon","coordinates":[[[-71.061342,42.348577],[-71.061517,42.348619],[-71.061524,42.348603],[-71.061525,42.348601],[-71.061536,42.348575],[-71.061538,42.34857],[-71.06142,42.348543],[-71.061409,42.348569],[-71.061351,42.348556],[-71.061347,42.348567],[-71.061342,42.348577]]]},"properties":{"id":"671189-0","height_m":14.23}},{"type":"Feature","geometry":{"type":"Polygon","coordinates":[[[-71.062346,42.349029],[-71.062427,42.34905],[-71.062447,42.349056],[-71.062469,42.349011],[-71.062452,42.349007],[-71.062448,42.349017],[-71.062379,42.348998],[-71.062402,42.348952],[-71.062459,42.348967],[-71.062503,42.348877],[-71.062559,42.348762],[-71.062425,42.348727],[-71.062418,42.348741],[-71.062414,42.348751],[-71.062412,42.34875],[-71.062409,42.348753],[-71.062394,42.348793],[-71.062437,42.348806],[-71.062414,42.348849],[-71.062434,42.348855],[-71.062346,42.349029]]]},"properties":{"id":"671190-0","height_m":19.72}},{"type":"Feature","geometry":{"type":"Polygon","coordinates":[[[-71.062289,42.349058],[-71.062296,42.349062],[-71.062333,42.349071],[-71.062407,42.349092],[-71.062427,42.34905],[-71.062346,42.349029],[-71.062434,42.348855],[-71.062414,42.348849],[-71.062437,42.348806],[-71.062394,42.348793],[-71.062289,42.349058]]]},"properties":{"id":"671191-0","height_m":19.6}},{"type":"Feature","geometry":{"type":"Polygon","coordinates":[[[-71.062459,42.348967],[-71.06247,42.34897],[-71.062725,42.349041],[-71.062778,42.349055],[-71.062825,42.348966],[-71.062821,42.348965],[-71.062503,42.348877],[-71.062459,42.348967]]]},"properties":{"id":"671192-0","height_m":6.47}},{"type":"Feature","geometry":{"type":"Polygon","coordinates":[[[-71.061924,42.349957],[-71.061927,42.349958],[-71.061929,42.349959],[-71.061945,42.349966],[-71.06196,42.349972],[-71.062065,42.350014],[-71.062007,42.350094],[-71.062206,42.350173],[-71.062248,42.350191],[-71.062502,42.350298],[-71.062606,42.350162],[-71.062631,42.350129],[-71.062636,42.350123],[-71.062571,42.350096],[-71.06256,42.350059],[-71.062146,42.349886],[-71.062095,42.349895],[-71.061969,42.349845],[-71.061954,42.349883],[-71.061924,42.349957]]]},"properties":{"id":"671193-0","height_m":39.09}},{"type":"Feature","geometry":{"type":"Polygon","coordinates":[[[-71.062047,42.350138],[-71.062031,42.350175],[-71.062174,42.350215],[-71.062194,42.350189],[-71.062206,42.350173],[-71.062007,42.350094],[-71.062065,42.350014],[-71.06196,42.349972],[-71.061899,42.350104],[-71.061896,42.350111],[-71.061915,42.350116],[-71.061962,42.350128],[-71.061982,42.350134],[-71.061993,42.350121],[-71.062047,42.350138]]]},"properties":{"id":"671194-0","height_m":39.09}},{"type":"Feature","geometry":{"type":"Polygon","coordinates":[[[-71.061695,42.351243],[-71.061692,42.351396],[-71.061736,42.351395],[-71.061889,42.35139],[-71.06211,42.351383],[-71.062088,42.351252],[-71.06209,42.351252],[-71.06209,42.351248],[-71.062088,42.351236],[-71.062074,42.351151],[-71.062073,42.351144],[-71.062072,42.351143],[-71.062061,42.351015],[-71.061801,42.350948],[-71.061695,42.351243]]]},"properties":{"id":"671195-0","height_m":23.55}},{"type":"Feature","geometry":{"type":"Polygon","coordinates":[[[-71.061462,42.35114],[-71.061659,42.351168],[-71.061704,42.351173],[-71.061725,42.35111],[-71.061708,42.351107],[-71.061719,42.351074],[-71.061743,42.351078],[-71.061786,42.350946],[-71.061667,42.350924],[-71.061666,42.350922],[-71.06165,42.350918],[-71.06156,42.350899],[-71.061545,42.350895],[-71.06154,42.350894],[-71.061537,42.350903],[-71.061526,42.350931],[-71.061515,42.350962],[-71.061518,42.350963],[-71.061492,42.351027],[-71.061492,42.351028],[-71.061462,42.35114]]]},"properties":{"id":"671196-0","height_m":13.33}},{"type":"Feature","geometry":{"type":"Polygon","coordinates":[[[-71.061419,42.351211],[-71.061352,42.351379],[-71.061377,42.351402],[-71.06138,42.351406],[-71.061403,42.351405],[-71.06166,42.351397],[-71.061692,42.351396],[-71.061695,42.351243],[-71.061659,42.351241],[-71.061659,42.351168],[-71.061462,42.35114],[-71.061448,42.351138],[-71.061419,42.351211]]]},"properties":{"id":"671197-0","height_m":38.4}},{"type":"Feature","geometry":{"type":"Polygon","coordinates":[[[-71.061192,42.350822],[-71.061312,42.35085],[-71.061321,42.350852],[-71.061321,42.350852],[-71.061323,42.350848],[-71.061346,42.350791],[-71.061346,42.350791],[-71.061338,42.35079],[-71.061213,42.350765],[-71.061192,42.350822]]]},"properties":{"id":"671198-0","height_m":13.24}},{"type":"Feature","geometry":{"type":"Polygon","coordinates":[[[-71.060304,42.350737],[-71.06034,42.350745],[-71.060635,42.35081],[-71.060679,42.350701],[-71.060448,42.35065],[-71.060426,42.350702],[-71.060327,42.35068],[-71.060304,42.350737]]]},"properties":{"id":"671199-0","height_m":9.25}},{"type":"Feature","geometry":{"type":"Polygon","coordinates":[[[-71.057806,42.350816],[-71.057751,42.350803],[-71.057709,42.350793],[-71.057558,42.350757],[-71.057527,42.350772],[-71.057476,42.351034],[-71.057746,42.351066],[-71.057756,42.351022],[-71.057806,42.350816]]]},"properties":{"id":"671200-0","height_m":23.86}},{"type":"Feature","geometry":{"type":"Polygon","coordinates":[[[-71.060112,42.351485],[-71.060076,42.351494],[-71.060091,42.351595],[-71.060133,42.351591],[-71.060132,42.351582],[-71.060177,42.351576],[-71.060159,42.351517],[-71.060283,42.351496],[-71.060267,42.351445],[-71.060265,42.351441],[-71.060256,42.351413],[-71.060255,42.35141],[-71.060248,42.351387],[-71.060247,42.351384],[-71.060247,42.351383],[-71.060245,42.351379],[-71.060245,42.351379],[-71.060242,42.351375],[-71.060238,42.351372],[-71.060234,42.351369],[-71.060229,42.351367],[-71.060225,42.351365],[-71.060224,42.351365],[-71.06022,42.351364],[-71.060193,42.351358],[-71.060117,42.351342],[-71.060079,42.351435],[-71.060091,42.351475],[-71.060109,42.351472],[-71.060112,42.351485]]]},"properties":{"id":"671201-0","height_m":4.7}},{"type":"Feature","geometry":{"type":"Polygon","coordinates":[[[-71.062613,42.349348],[-71.062635,42.349358],[-71.062692,42.349384],[-71.062732,42.349335],[-71.062765,42.34935],[-71.062776,42.349336],[-71.062745,42.349322],[-71.062821,42.349229],[-71.062678,42.349167],[-71.062552,42.34932],[-71.062613,42.349348]]]},"properties":{"id":"671202-0","height_m":13.03}},{"type":"Feature","geometry":{"type":"Polygon","coordinates":[[[-71.062776,42.349336],[-71.062765,42.34935],[-71.062725,42.349398],[-71.062938,42.349495],[-71.062966,42.349461],[-71.063064,42.349342],[-71.063011,42.349318],[-71.062863,42.349248],[-71.062852,42.349243],[-71.062776,42.349336]]]},"properties":{"id":"671203-0","height_m":18.61}},{"type":"Feature","geometry":{"type":"Polygon","coordinates":[[[-71.061789,42.349665],[-71.061795,42.34965],[-71.061812,42.349653],[-71.061856,42.349544],[-71.061843,42.349541],[-71.061896,42.349408],[-71.061917,42.349413],[-71.061975,42.34927],[-71.061967,42.349268],[-71.061871,42.349247],[-71.061867,42.349256],[-71.061805,42.349243],[-71.061708,42.349216],[-71.061695,42.349213],[-71.06156,42.349583],[-71.061595,42.349594],[-71.061621,42.349603],[-71.06162,42.349604],[-71.061622,42.349605],[-71.061711,42.349642],[-71.061716,42.34963],[-71.061734,42.349634],[-71.06173,42.349644],[-71.061789,42.349665]]]},"properties":{"id":"671204-0","height_m":50.36}},{"type":"Feature","geometry":{"type":"Polygon","coordinates":[[[-71.061708,42.349216],[-71.061805,42.349243],[-71.061816,42.349217],[-71.061839,42.34916],[-71.061833,42.349158],[-71.061745,42.349139],[-71.06174,42.349138],[-71.061708,42.349216]]]},"properties":{"id":"671205-0","height_m":4.28}},{"type":"Feature","geometry":{"type":"Polygon","coordinates":[[[-71.061304,42.349576],[-71.061293,42.349604],[-71.061249,42.34972],[-71.061241,42.34974],[-71.061196,42.349845],[-71.061218,42.349854],[-71.061373,42.349917],[-71.061438,42.349944],[-71.061666,42.350038],[-71.061778,42.349762],[-71.061542,42.349664],[-71.061516,42.349654],[-71.061307,42.349568],[-71.061304,42.349576]]]},"properties":{"id":"671206-0","height_m":34.1}},{"type":"Feature","geometry":{"type":"Polygon","coordinates":[[[-71.061001,42.350379],[-71.061234,42.350432],[-71.061232,42.350437],[-71.061484,42.350494],[-71.061577,42.350269],[-71.061581,42.35027],[-71.061671,42.35004],[-71.061666,42.350038],[-71.061438,42.349944],[-71.061418,42.349993],[-71.061327,42.350214],[-71.06109,42.35016],[-71.061089,42.350161],[-71.061074,42.350198],[-71.061076,42.350199],[-71.061001,42.350379]]]},"properties":{"id":"671207-0","height_m":30.28}},{"type":"Feature","geometry":{"type":"Polygon","coordinates":[[[-71.058248,42.350777],[-71.058459,42.35083],[-71.058486,42.350762],[-71.058276,42.350715],[-71.058248,42.350777]]]},"properties":{"id":"671208-0","height_m":10.5}},{"type":"Feature","geometry":{"type":"Polygon","coordinates":[[[-71.057668,42.350021],[-71.057668,42.350023],[-71.057869,42.35005],[-71.057879,42.350006],[-71.057948,42.350015],[-71.058006,42.349861],[-71.057874,42.34983],[-71.057859,42.34986],[-71.057827,42.349853],[-71.057801,42.34992],[-71.057832,42.349928],[-71.057822,42.349948],[-71.057688,42.349927],[-71.057668,42.350021]]]},"properties":{"id":"671209-0","height_m":22.62}},{"type":"Feature","geometry":{"type":"Polygon","coordinates":[[[-71.057605,42.350329],[-71.057604,42.350332],[-71.057597,42.350363],[-71.057546,42.350612],[-71.057696,42.350648],[-71.057738,42.350426],[-71.057867,42.35044],[-71.05791,42.350263],[-71.057831,42.350251],[-71.057808,42.350361],[-71.057605,42.350329]]]},"properties":{"id":"671210-0","height_m":29.73}},{"type":"Feature","geometry":{"type":"Polygon","coordinates":[[[-71.058011,42.350048],[-71.058245,42.350086],[-71.058249,42.350073],[-71.058244,42.350072],[-71.058286,42.349933],[-71.058289,42.349924],[-71.05823,42.349911],[-71.058227,42.349917],[-71.058078,42.349882],[-71.058011,42.350048]]]},"properties":{"id":"671211-0","height_m":5.88}},{"type":"Feature","geometry":{"type":"Polygon","coordinates":[[[-71.057869,42.35005],[-71.057893,42.350053],[-71.057901,42.35003],[-71.058011,42.350048],[-71.058078,42.349882],[-71.05808,42.349878],[-71.058006,42.349861],[-71.057948,42.350015],[-71.057879,42.350006],[-71.057869,42.35005]]]},"properties":{"id":"671212-0","height_m":12.73}},{"type":"Feature","geometry":{"type":"Polygon","coordinates":[[[-71.057696,42.350648],[-71.058064,42.350738],[-71.058065,42.350735],[-71.058121,42.350539],[-71.058127,42.350518],[-71.058188,42.350307],[-71.05791,42.350263],[-71.057867,42.35044],[-71.057738,42.350426],[-71.057696,42.350648]]]},"properties":{"id":"671213-0","height_m":21.66}},{"type":"Feature","geometry":{"type":"Polygon","coordinates":[[[-71.05765,42.350107],[-71.057867,42.350139],[-71.057857,42.350178],[-71.0582,42.350232],[-71.058245,42.350086],[-71.058011,42.350048],[-71.057901,42.35003],[-71.057893,42.350053],[-71.057869,42.35005],[-71.057668,42.350023],[-71.05765,42.350107]]]},"properties":{"id":"671214-0","height_m":21.97}},{"type":"Feature","geometry":{"type":"Polygon","coordinates":[[[-71.058142,42.350751],[-71.058248,42.350777],[-71.058276,42.350715],[-71.05816,42.350689],[-71.058142,42.350751]]]},"properties":{"id":"671215-0","height_m":17.38}},{"type":"Feature","geometry":{"type":"Polygon","coordinates":[[[-71.05787,42.349554],[-71.057869,42.349555],[-71.057854,42.349595],[-71.057853,42.349597],[-71.057943,42.349617],[-71.057962,42.349568],[-71.057872,42.349548],[-71.05787,42.349554]]]},"properties":{"id":"671216-0","height_m":4.41}},{"type":"Feature","geometry":{"type":"Polygon","coordinates":[[[-71.058054,42.349342],[-71.058407,42.349419],[-71.058424,42.349376],[-71.058404,42.349372],[-71.058072,42.349298],[-71.058054,42.349342]]]},"properties":{"id":"671217-0","height_m":9.17}},{"type":"Feature","geometry":{"type":"Polygon","coordinates":[[[-71.057859,42.349433],[-71.057861,42.349433],[-71.057864,42.349434],[-71.058004,42.349465],[-71.058072,42.349298],[-71.057926,42.349266],[-71.057859,42.349433]]]},"properties":{"id":"671218-0","height_m":9.17}},{"type":"Feature","geometry":{"type":"Polygon","coordinates":[[[-71.057943,42.349617],[-71.058297,42.349696],[-71.058313,42.349655],[-71.057959,42.349577],[-71.057943,42.349617]]]},"properties":{"id":"671219-0","height_m":25.39}},{"type":"Feature","geometry":{"type":"Polygon","coordinates":[[[-71.062407,42.349092],[-71.062461,42.349108],[-71.062641,42.349157],[-71.062645,42.349152],[-71.062714,42.349068],[-71.062719,42.349058],[-71.06273,42.349061],[-71.062735,42.349051],[-71.062724,42.349048],[-71.062725,42.349041],[-71.06247,42.34897],[-71.062452,42.349007],[-71.062469,42.349011],[-71.062447,42.349056],[-71.062427,42.34905],[-71.062407,42.349092]]]},"properties":{"id":"671220-0","height_m":16.27}},{"type":"Feature","geometry":{"type":"Polygon","coordinates":[[[-71.062645,42.349152],[-71.062678,42.349167],[-71.062821,42.349229],[-71.062841,42.349206],[-71.06292,42.349121],[-71.062932,42.349097],[-71.062838,42.34907],[-71.062828,42.349091],[-71.062837,42.349126],[-71.062714,42.349068],[-71.062645,42.349152]]]},"properties":{"id":"671221-0","height_m":15.32}},{"type":"Feature","geometry":{"type":"Polygon","coordinates":[[[-71.062778,42.349055],[-71.062838,42.34907],[-71.062932,42.349097],[-71.062977,42.349008],[-71.062937,42.348997],[-71.062825,42.348966],[-71.062778,42.349055]]]},"properties":{"id":"671222-0","height_m":12.52}},{"type":"Feature","geometry":{"type":"Polygon","coordinates":[[[-71.055161,42.352308],[-71.055216,42.352296],[-71.055283,42.35228],[-71.055338,42.352268],[-71.055328,42.352244],[-71.055343,42.352238],[-71.055357,42.352232],[-71.055372,42.352225],[-71.055385,42.352218],[-71.055399,42.35221],[-71.055412,42.352202],[-71.055418,42.352207],[-71.055458,42.352178],[-71.055451,42.352173],[-71.055464,42.352162],[-71.055476,42.352151],[-71.055487,42.35214],[-71.055498,42.352129],[-71.055508,42.352117],[-71.055517,42.352105],[-71.055526,42.352092],[-71.055534,42.352079],[-71.055541,42.352066],[-71.055549,42.352069],[-71.05562,42.351928],[-71.055615,42.351926],[-71.055768,42.35162],[-71.055711,42.351604],[-71.055688,42.351598],[-71.055498,42.351545],[-71.055477,42.351583],[-71.055492,42.351587],[-71.055361,42.351851],[-71.055372,42.351852],[-71.055315,42.351966],[-71.054902,42.352062],[-71.054836,42.352028],[-71.054845,42.35202],[-71.054822,42.352009],[-71.054846,42.351984],[-71.054479,42.351779],[-71.054478,42.35178],[-71.054345,42.351916],[-71.054313,42.351949],[-71.054307,42.351954],[-71.054359,42.351982],[-71.054364,42.351976],[-71.054672,42.352141],[-71.054667,42.352145],[-71.054833,42.352232],[-71.054839,42.352227],[-71.054857,42.352235],[-71.054875,42.352243],[-71.054894,42.35225],[-71.054913,42.352257],[-71.054933,42.352263],[-71.054953,42.352268],[-71.054973,42.352273],[-71.054994,42.352278],[-71.054993,42.352283],[-71.055048,42.352291],[-71.05505,42.352285],[-71.055069,42.352286],[-71.055089,42.352286],[-71.055109,42.352286],[-71.055129,42.352285],[-71.055148,42.352284],[-71.055161,42.352308]]]},"properties":{"id":"671223-0","height_m":28.65}},{"type":"Feature","geometry":{"type":"Polygon","coordinates":[[[-71.066977,42.350189],[-71.066984,42.350199],[-71.067067,42.350166],[-71.067092,42.350172],[-71.067095,42.350155],[-71.067186,42.350118],[-71.067206,42.350123],[-71.067225,42.350114],[-71.06723,42.3501],[-71.067221,42.350086],[-71.067198,42.350081],[-71.06718,42.350055],[-71.067157,42.35003],[-71.067158,42.350018],[-71.067149,42.350008],[-71.067136,42.350007],[-71.067112,42.349982],[-71.067113,42.349971],[-71.067104,42.349962],[-71.067093,42.349961],[-71.067056,42.349921],[-71.067057,42.34991],[-71.067048,42.3499],[-71.067033,42.349899],[-71.067024,42.349888],[-71.066868,42.349954],[-71.067018,42.350132],[-71.066954,42.350158],[-71.066977,42.350189]]]},"properties":{"id":"671226-0","height_m":15.8}},{"type":"Feature","geometry":{"type":"Polygon","coordinates":[[[-71.068751,42.349596],[-71.068753,42.349603],[-71.068783,42.349691],[-71.068852,42.349677],[-71.068816,42.349582],[-71.068751,42.349596]]]},"properties":{"id":"671227-0","height_m":11.77}},{"type":"Feature","geometry":{"type":"Polygon","coordinates":[[[-71.068776,42.348905],[-71.06883,42.348975],[-71.068936,42.34893],[-71.068883,42.34886],[-71.068776,42.348905]]]},"properties":{"id":"671228-0","height_m":13.29}},{"type":"Feature","geometry":{"type":"Polygon","coordinates":[[[-71.068904,42.34965],[-71.068909,42.349665],[-71.068852,42.349677],[-71.068783,42.349691],[-71.068813,42.349777],[-71.069005,42.349744],[-71.068972,42.349638],[-71.068904,42.34965]]]},"properties":{"id":"671229-0","height_m":9.03}},{"type":"Feature","geometry":{"type":"Polygon","coordinates":[[[-71.063744,42.351947],[-71.063816,42.351952],[-71.063816,42.35196],[-71.063854,42.351962],[-71.063856,42.351956],[-71.063865,42.351914],[-71.063876,42.351916],[-71.063883,42.351802],[-71.063873,42.351801],[-71.063791,42.351792],[-71.063787,42.351842],[-71.063585,42.351838],[-71.063575,42.351904],[-71.063584,42.351904],[-71.063744,42.351908],[-71.063744,42.351947]]]},"properties":{"id":"671231-0","height_m":7.81}},{"type":"Feature","geometry":{"type":"Polygon","coordinates":[[[-71.063743,42.352071],[-71.063977,42.352078],[-71.063975,42.352108],[-71.063965,42.352261],[-71.064109,42.352263],[-71.064168,42.351982],[-71.064153,42.35198],[-71.064004,42.351968],[-71.063854,42.351962],[-71.063816,42.35196],[-71.063816,42.351952],[-71.063744,42.351947],[-71.063743,42.352071]]]},"properties":{"id":"671232-0","height_m":22.59}},{"type":"Feature","geometry":{"type":"Polygon","coordinates":[[[-71.063551,42.352103],[-71.063724,42.35211],[-71.063726,42.352071],[-71.063743,42.352071],[-71.063744,42.351908],[-71.063584,42.351904],[-71.063573,42.351984],[-71.06356,42.351983],[-71.063551,42.352103]]]},"properties":{"id":"671233-0","height_m":23.84}},{"type":"Feature","geometry":{"type":"Polygon","coordinates":[[[-71.063585,42.351628],[-71.063579,42.351629],[-71.063579,42.35163],[-71.063579,42.351631],[-71.063554,42.351766],[-71.063596,42.35177],[-71.063791,42.351792],[-71.063873,42.351801],[-71.063902,42.351667],[-71.063902,42.351665],[-71.063587,42.351628],[-71.063585,42.351628]]]},"properties":{"id":"671234-0","height_m":5.9}},{"type":"Feature","geometry":{"type":"Polygon","coordinates":[[[-71.060075,42.351985],[-71.060159,42.351969],[-71.060158,42.351984],[-71.060253,42.351977],[-71.060245,42.351953],[-71.06043,42.35192],[-71.060397,42.351813],[-71.060221,42.351846],[-71.060212,42.351846],[-71.060213,42.351849],[-71.060056,42.351864],[-71.060075,42.351985]]]},"properties":{"id":"671235-0","height_m":18.69}},{"type":"Feature","geometry":{"type":"Polygon","coordinates":[[[-71.060253,42.351977],[-71.060265,42.35201],[-71.060448,42.351979],[-71.06043,42.35192],[-71.060245,42.351953],[-71.060253,42.351977]]]},"properties":{"id":"671236-0","height_m":13.56}},{"type":"Feature","geometry":{"type":"Polygon","coordinates":[[[-71.060177,42.351575],[-71.060259,42.351839],[-71.060397,42.351813],[-71.060384,42.351805],[-71.060303,42.351554],[-71.060177,42.351575]]]},"properties":{"id":"671237-0","height_m":13.36}},{"type":"Feature","geometry":{"type":"Polygon","coordinates":[[[-71.06605,42.350103],[-71.066046,42.350103],[-71.06605,42.35014],[-71.066132,42.350135],[-71.066127,42.350098],[-71.06605,42.350103]]]},"properties":{"id":"671294-0","height_m":23.71}},{"type":"Feature","geometry":{"type":"Polygon","coordinates":[[[-71.066069,42.350293],[-71.066534,42.350263],[-71.066509,42.350143],[-71.066451,42.350148],[-71.066448,42.350129],[-71.066401,42.350133],[-71.066395,42.350095],[-71.066329,42.350099],[-71.066328,42.350085],[-71.066127,42.350098],[-71.066132,42.350135],[-71.06605,42.35014],[-71.066069,42.350293]]]},"properties":{"id":"671295-0","height_m":20.91}},{"type":"Feature","geometry":{"type":"Polygon","coordinates":[[[-71.066395,42.350095],[-71.066497,42.350086],[-71.066479,42.349998],[-71.066475,42.349977],[-71.066452,42.349867],[-71.066463,42.349859],[-71.066461,42.349843],[-71.066448,42.349835],[-71.066443,42.349836],[-71.066302,42.349845],[-71.066309,42.349902],[-71.066356,42.349899],[-71.066359,42.349919],[-71.066309,42.349922],[-71.066326,42.350075],[-71.066327,42.350083],[-71.066393,42.350073],[-71.066395,42.350095]]]},"properties":{"id":"671296-0","height_m":17.26}},{"type":"Feature","geometry":{"type":"Polygon","coordinates":[[[-71.066451,42.350148],[-71.066509,42.350143],[-71.066497,42.350086],[-71.066395,42.350095],[-71.066401,42.350133],[-71.066448,42.350129],[-71.066451,42.350148]]]},"properties":{"id":"671297-0","height_m":25.26}},{"type":"Feature","geometry":{"type":"Polygon","coordinates":[[[-71.066019,42.349899],[-71.066027,42.349972],[-71.066033,42.350015],[-71.066042,42.35009],[-71.066048,42.35009],[-71.066082,42.350088],[-71.066326,42.350075],[-71.066309,42.349922],[-71.066304,42.34988],[-71.066019,42.349899]]]},"properties":{"id":"671298-0","height_m":14.78}},{"type":"Feature","geometry":{"type":"Polygon","coordinates":[[[-71.065758,42.350337],[-71.065756,42.350338],[-71.065759,42.350361],[-71.06576,42.35037],[-71.065932,42.350361],[-71.06593,42.350327],[-71.065758,42.350337]]]},"properties":{"id":"671299-0","height_m":7.31}},{"type":"Feature","geometry":{"type":"Polygon","coordinates":[[[-71.065601,42.350393],[-71.065605,42.350393],[-71.065608,42.350393],[-71.065611,42.350393],[-71.065615,42.350393],[-71.065618,42.350393],[-71.065621,42.350393],[-71.065625,42.350393],[-71.065628,42.350394],[-71.065631,42.350394],[-71.065635,42.350394],[-71.065638,42.350394],[-71.065641,42.350394],[-71.065645,42.350395],[-71.065648,42.350395],[-71.065651,42.350395],[-71.065654,42.350395],[-71.065658,42.350396],[-71.065661,42.350396],[-71.065664,42.350396],[-71.065667,42.350397],[-71.06567,42.350397],[-71.065673,42.350397],[-71.065676,42.350398],[-71.065679,42.350398],[-71.065682,42.350399],[-71.065685,42.350399],[-71.065688,42.3504],[-71.065691,42.3504],[-71.065694,42.350401],[-71.065696,42.350401],[-71.065699,42.350402],[-71.065702,42.350402],[-71.065705,42.350403],[-71.065707,42.350403],[-71.06571,42.350404],[-71.065712,42.350404],[-71.065715,42.350405],[-71.065717,42.350406],[-71.065719,42.350406],[-71.065722,42.350407],[-71.065724,42.350407],[-71.065726,42.350408],[-71.065728,42.350409],[-71.06573,42.350409],[-71.065732,42.35041],[-71.065734,42.350411],[-71.065736,42.350411],[-71.065738,42.350412],[-71.06574,42.350413],[-71.065741,42.350414],[-71.065743,42.350414],[-71.065745,42.350415],[-71.065746,42.350416],[-71.065748,42.350417],[-71.065749,42.350417],[-71.065746,42.350385],[-71.065762,42.350384],[-71.06576,42.35037],[-71.065759,42.350361],[-71.065528,42.350376],[-71.065523,42.350396],[-71.065531,42.350396],[-71.065539,42.350396],[-71.065547,42.350395],[-71.065555,42.350395],[-71.065563,42.350395],[-71.065571,42.350394],[-71.065579,42.350394],[-71.065587,42.350393],[-71.065595,42.350393],[-71.065598,42.350393],[-71.065601,42.350393]]]},"properties":{"id":"671300-0","height_m":5.19}},{"type":"Feature","geometry":{"type":"Polygon","coordinates":[[[-71.065439,42.35046],[-71.065439,42.350466],[-71.065439,42.350472],[-71.065439,42.350477],[-71.06544,42.350483],[-71.06544,42.350488],[-71.06544,42.350494],[-71.065441,42.350499],[-71.065441,42.350505],[-71.065442,42.35051],[-71.065443,42.350516],[-71.065443,42.350522],[-71.065444,42.350527],[-71.065445,42.350533],[-71.065446,42.350538],[-71.065447,42.350544],[-71.065448,42.350549],[-71.065435,42.35055],[-71.065417,42.350617],[-71.065544,42.350637],[-71.065556,42.350619],[-71.065571,42.350619],[-71.065569,42.350605],[-71.065611,42.350603],[-71.065617,42.350603],[-71.065622,42.350602],[-71.065627,42.350602],[-71.065631,42.350601],[-71.065636,42.3506],[-71.065641,42.3506],[-71.065646,42.350599],[-71.065651,42.350598],[-71.065656,42.350597],[-71.065661,42.350596],[-71.065666,42.350596],[-71.065671,42.350595],[-71.065676,42.350593],[-71.065681,42.350592],[-71.065685,42.350591],[-71.06569,42.35059],[-71.065695,42.350589],[-71.0657,42.350587],[-71.065704,42.350586],[-71.065709,42.350585],[-71.065714,42.350583],[-71.065718,42.350582],[-71.065723,42.35058],[-71.065727,42.350578],[-71.065761,42.350565],[-71.065761,42.350558],[-71.065774,42.35055],[-71.065764,42.35043],[-71.06575,42.350423],[-71.065749,42.350417],[-71.065748,42.350417],[-71.065746,42.350416],[-71.065745,42.350415],[-71.065743,42.350414],[-71.065741,42.350414],[-71.06574,42.350413],[-71.065738,42.350412],[-71.065736,42.350411],[-71.065734,42.350411],[-71.065732,42.35041],[-71.06573,42.350409],[-71.065728,42.350409],[-71.065726,42.350408],[-71.065724,42.350407],[-71.065722,42.350407],[-71.065719,42.350406],[-71.065717,42.350406],[-71.065715,42.350405],[-71.065712,42.350404],[-71.06571,42.350404],[-71.065707,42.350403],[-71.065705,42.350403],[-71.065702,42.350402],[-71.065699,42.350402],[-71.065696,42.350401],[-71.065694,42.350401],[-71.065691,42.3504],[-71.065688,42.3504],[-71.065685,42.350399],[-71.065682,42.350399],[-71.065679,42.350398],[-71.065676,42.350398],[-71.065673,42.350397],[-71.06567,42.350397],[-71.065667,42.350397],[-71.065664,42.350396],[-71.065661,42.350396],[-71.065658,42.350396],[-71.065654,42.350395],[-71.065651,42.350395],[-71.065648,42.350395],[-71.065645,42.350395],[-71.065641,42.350394],[-71.065638,42.350394],[-71.065635,42.350394],[-71.065631,42.350394],[-71.065628,42.350394],[-71.065625,42.350393],[-71.065621,42.350393],[-71.065618,42.350393],[-71.065615,42.350393],[-71.065611,42.350393],[-71.065608,42.350393],[-71.065605,42.350393],[-71.065601,42.350393],[-71.065598,42.350393],[-71.065595,42.350393],[-71.065587,42.350393],[-71.065579,42.350394],[-71.065571,42.350394],[-71.065563,42.350395],[-71.065555,42.350395],[-71.065547,42.350395],[-71.065539,42.350396],[-71.065531,42.350396],[-71.065523,42.350396],[-71.065528,42.350376],[-71.065537,42.350338],[-71.065537,42.350337],[-71.065473,42.350327],[-71.065439,42.35046]]]},"properties":{"id":"671301-0","height_m":17.63}},{"type":"Feature","geometry":{"type":"Polygon","coordinates":[[[-71.06569,42.35059],[-71.065685,42.350591],[-71.065681,42.350592],[-71.065676,42.350593],[-71.065671,42.350595],[-71.065666,42.350596],[-71.065661,42.350596],[-71.065656,42.350597],[-71.065651,42.350598],[-71.065646,42.350599],[-71.065641,42.3506],[-71.065636,42.3506],[-71.065631,42.350601],[-71.065627,42.350602],[-71.065622,42.350602],[-71.065617,42.350603],[-71.065611,42.350603],[-71.065569,42.350605],[-71.065571,42.350619],[-71.065556,42.350619],[-71.065544,42.350637],[-71.065674,42.350657],[-71.065673,42.35064],[-71.065672,42.350627],[-71.065794,42.350622],[-71.065953,42.350615],[-71.06595,42.350581],[-71.065764,42.35059],[-71.065761,42.350565],[-71.065727,42.350578],[-71.065723,42.35058],[-71.065718,42.350582],[-71.065714,42.350583],[-71.065709,42.350585],[-71.065704,42.350586],[-71.0657,42.350587],[-71.065695,42.350589],[-71.06569,42.35059]]]},"properties":{"id":"671302-0","height_m":6.13}},{"type":"Feature","geometry":{"type":"Polygon","coordinates":[[[-71.065413,42.3505],[-71.065375,42.350611],[-71.065417,42.350617],[-71.065435,42.35055],[-71.065448,42.350549],[-71.065447,42.350544],[-71.065446,42.350538],[-71.065445,42.350533],[-71.065444,42.350527],[-71.065443,42.350522],[-71.065443,42.350516],[-71.065442,42.35051],[-71.065441,42.350505],[-71.065441,42.350499],[-71.065413,42.3505]]]},"properties":{"id":"671303-0","height_m":13.64}},{"type":"Feature","geometry":{"type":"Polygon","coordinates":[[[-71.065308,42.350308],[-71.065281,42.350401],[-71.06528,42.350406],[-71.065447,42.350431],[-71.065473,42.350327],[-71.06531,42.3503],[-71.065308,42.350308]]]},"properties":{"id":"671304-0","height_m":9.87}},{"type":"Feature","geometry":{"type":"Polygon","coordinates":[[[-71.065227,42.350588],[-71.065287,42.350597],[-71.065339,42.350605],[-71.065375,42.350611],[-71.065413,42.3505],[-71.065402,42.350499],[-71.065412,42.350456],[-71.065439,42.35046],[-71.065447,42.350431],[-71.06528,42.350406],[-71.065279,42.350409],[-71.065227,42.350588]]]},"properties":{"id":"671305-0","height_m":7.46}},{"type":"Feature","geometry":{"type":"Polygon","coordinates":[[[-71.06576,42.35037],[-71.065762,42.350384],[-71.065746,42.350385],[-71.065749,42.350417],[-71.06575,42.350423],[-71.065764,42.35043],[-71.065774,42.35055],[-71.065761,42.350558],[-71.065761,42.350565],[-71.065764,42.35059],[-71.06595,42.350581],[-71.065932,42.350361],[-71.06576,42.35037]]]},"properties":{"id":"671306-0","height_m":24.73}},{"type":"Feature","geometry":{"type":"Polygon","coordinates":[[[-71.065992,42.349644],[-71.066007,42.34967],[-71.066009,42.349673],[-71.066095,42.349646],[-71.066094,42.349644],[-71.066057,42.349579],[-71.066045,42.349582],[-71.066036,42.349567],[-71.066048,42.349563],[-71.066006,42.349489],[-71.065943,42.349482],[-71.065931,42.349536],[-71.065992,42.349644]]]},"properties":{"id":"671307-0","height_m":11.35}},{"type":"Feature","geometry":{"type":"Polygon","coordinates":[[[-71.065714,42.349541],[-71.065729,42.349543],[-71.065734,42.349544],[-71.065783,42.349549],[-71.065792,42.349508],[-71.065827,42.349512],[-71.065836,42.34947],[-71.065813,42.349467],[-71.06581,42.349467],[-71.065731,42.349458],[-71.065714,42.349541]]]},"properties":{"id":"671308-0","height_m":21.6}},{"type":"Feature","geometry":{"type":"Polygon","coordinates":[[[-71.065783,42.349549],[-71.065806,42.349552],[-71.065813,42.349553],[-71.065817,42.349553],[-71.065867,42.34964],[-71.065868,42.349642],[-71.065903,42.349703],[-71.065904,42.349705],[-71.065981,42.349681],[-71.065981,42.349679],[-71.065974,42.34965],[-71.065992,42.349644],[-71.065931,42.349536],[-71.065943,42.349482],[-71.065836,42.34947],[-71.065827,42.349512],[-71.065792,42.349508],[-71.065783,42.349549]]]},"properties":{"id":"671309-0","height_m":16.39}},{"type":"Feature","geometry":{"type":"Polygon","coordinates":[[[-71.06566,42.349801],[-71.065586,42.349822],[-71.065585,42.34983],[-71.065519,42.349852],[-71.065552,42.349897],[-71.065692,42.349918],[-71.065709,42.34988],[-71.065731,42.349865],[-71.065672,42.349798],[-71.06566,42.349801]]]},"properties":{"id":"671310-0","height_m":55.26}},{"type":"Feature","geometry":{"type":"Polygon","coordinates":[[[-71.065686,42.349976],[-71.065698,42.350083],[-71.065714,42.350233],[-71.065916,42.350219],[-71.065902,42.350086],[-71.065896,42.350027],[-71.065881,42.34989],[-71.065879,42.349887],[-71.065833,42.349834],[-71.065776,42.349769],[-71.065672,42.349798],[-71.065731,42.349865],[-71.065709,42.34988],[-71.065692,42.349918],[-71.065552,42.349897],[-71.065519,42.349852],[-71.065431,42.349881],[-71.06543,42.349885],[-71.065395,42.350008],[-71.065394,42.350014],[-71.06538,42.350061],[-71.065378,42.350067],[-71.065343,42.350191],[-71.065341,42.3502],[-71.065528,42.350227],[-71.065571,42.350081],[-71.065605,42.349965],[-71.065686,42.349976]]]},"properties":{"id":"671311-0","height_m":47.92}},{"type":"Feature","geometry":{"type":"Polygon","coordinates":[[[-71.065571,42.350081],[-71.065698,42.350083],[-71.065686,42.349976],[-71.065605,42.349965],[-71.065571,42.350081]]]},"properties":{"id":"671312-0","height_m":22.68}},{"type":"Feature","geometry":{"type":"Polygon","coordinates":[[[-71.065431,42.349881],[-71.065519,42.349852],[-71.065585,42.34983],[-71.065586,42.349822],[-71.06566,42.349801],[-71.065691,42.349651],[-71.065714,42.349541],[-71.065731,42.349458],[-71.06573,42.349457],[-71.065726,42.349457],[-71.06562,42.349445],[-71.065614,42.349472],[-71.065563,42.349466],[-71.065556,42.349465],[-71.065521,42.349461],[-71.065521,42.349461],[-71.065452,42.349796],[-71.065435,42.349875],[-71.065435,42.349877],[-71.065432,42.349877],[-71.065431,42.349881]]]},"properties":{"id":"671313-0","height_m":20.98}},{"type":"Feature","geometry":{"type":"Polygon","coordinates":[[[-71.065901,42.34853],[-71.065928,42.348534],[-71.065917,42.348586],[-71.066037,42.3486],[-71.066041,42.3486],[-71.066067,42.348603],[-71.06607,42.348604],[-71.066306,42.348631],[-71.066311,42.348632],[-71.066336,42.348635],[-71.066342,42.348635],[-71.066455,42.348649],[-71.066458,42.348649],[-71.066483,42.348529],[-71.066481,42.348529],[-71.066365,42.348516],[-71.066362,42.348515],[-71.066336,42.348512],[-71.066331,42.348512],[-71.066216,42.348498],[-71.066211,42.348498],[-71.066095,42.348484],[-71.066091,42.348484],[-71.066064,42.34848],[-71.06606,42.34848],[-71.065946,42.348467],[-71.065925,42.348464],[-71.06591,42.348462],[-71.065901,42.34853]]]},"properties":{"id":"671314-0","height_m":27.91}},{"type":"Feature","geometry":{"type":"Polygon","coordinates":[[[-71.065804,42.348522],[-71.065878,42.348531],[-71.0659,42.348533],[-71.065901,42.34853],[-71.06591,42.348462],[-71.065819,42.348453],[-71.065804,42.348522]]]},"properties":{"id":"671315-0","height_m":38.46}},{"type":"Feature","geometry":{"type":"Polygon","coordinates":[[[-71.064576,42.348261],[-71.064571,42.348279],[-71.064561,42.348316],[-71.064644,42.348329],[-71.064655,42.348291],[-71.064661,42.34827],[-71.064585,42.348258],[-71.064577,42.348257],[-71.064576,42.348261]]]},"properties":{"id":"671316-0","height_m":43.03}},{"type":"Feature","geometry":{"type":"Polygon","coordinates":[[[-71.06444,42.348386],[-71.064805,42.348442],[-71.064806,42.348442],[-71.064807,42.348438],[-71.064816,42.348407],[-71.064823,42.348381],[-71.064844,42.348384],[-71.06486,42.348323],[-71.064876,42.348261],[-71.064864,42.348259],[-71.064866,42.348251],[-71.064882,42.348195],[-71.064721,42.34817],[-71.06471,42.348209],[-71.064702,42.348236],[-71.06468,42.348232],[-71.064672,42.348231],[-71.064671,42.348232],[-71.064661,42.34827],[-71.064655,42.348291],[-71.064747,42.348305],[-71.06473,42.348368],[-71.064637,42.348354],[-71.064644,42.348329],[-71.064561,42.348316],[-71.064571,42.348279],[-71.064559,42.348277],[-71.064544,42.348275],[-71.064533,42.348273],[-71.064497,42.348267],[-71.064489,42.348296],[-71.064466,42.348292],[-71.06444,42.348386]]]},"properties":{"id":"671317-0","height_m":43.54}},{"type":"Feature","geometry":{"type":"Polygon","coordinates":[[[-71.065118,42.348463],[-71.065126,42.348471],[-71.065129,42.348475],[-71.065279,42.3484],[-71.065307,42.348404],[-71.065297,42.348392],[-71.065299,42.348391],[-71.065352,42.348365],[-71.065353,42.348365],[-71.065381,42.348396],[-71.065402,42.34842],[-71.065423,42.34841],[-71.065427,42.34839],[-71.065361,42.348315],[-71.065328,42.348279],[-71.065313,42.348292],[-71.065328,42.348309],[-71.065253,42.348344],[-71.065118,42.348463]]]},"properties":{"id":"671318-0","height_m":4.62}},{"type":"Feature","geometry":{"type":"Polygon","coordinates":[[[-71.066783,42.350031],[-71.066789,42.350058],[-71.066798,42.350102],[-71.066804,42.350129],[-71.066806,42.350137],[-71.066811,42.350164],[-71.066813,42.350173],[-71.066818,42.350198],[-71.066821,42.350213],[-71.066833,42.350218],[-71.066902,42.35021],[-71.06695,42.350204],[-71.066949,42.3502],[-71.066977,42.350189],[-71.066954,42.350158],[-71.067018,42.350132],[-71.066868,42.349954],[-71.06682,42.349976],[-71.066793,42.349938],[-71.066766,42.349948],[-71.066783,42.350031]]]},"properties":{"id":"671319-0","height_m":6.81}},{"type":"Feature","geometry":{"type":"Polygon","coordinates":[[[-71.06468,42.34902],[-71.064801,42.348963],[-71.064815,42.348979],[-71.06493,42.349112],[-71.064862,42.349144],[-71.064864,42.349147],[-71.064869,42.349151],[-71.06492,42.349208],[-71.06498,42.34918],[-71.065051,42.349147],[-71.06514,42.349105],[-71.065182,42.349085],[-71.064954,42.34882],[-71.064654,42.348965],[-71.064521,42.348942],[-71.064518,42.348969],[-71.064509,42.348969],[-71.064474,42.349049],[-71.064498,42.349077],[-71.064662,42.348999],[-71.06468,42.34902]]]},"properties":{"id":"671320-0","height_m":27.01}},{"type":"Feature","geometry":{"type":"Polygon","coordinates":[[[-71.064634,42.348962],[-71.064654,42.348965],[-71.064921,42.348836],[-71.064898,42.348807],[-71.064724,42.348875],[-71.06466,42.348867],[-71.064634,42.348962]]]},"properties":{"id":"671321-0","height_m":23.28}},{"type":"Feature","geometry":{"type":"Polygon","coordinates":[[[-71.065182,42.349085],[-71.065221,42.349066],[-71.065279,42.349075],[-71.065314,42.348948],[-71.065309,42.348948],[-71.065315,42.348927],[-71.065319,42.348928],[-71.06533,42.348887],[-71.065301,42.348883],[-71.065314,42.348836],[-71.065322,42.348809],[-71.065323,42.348802],[-71.065272,42.348795],[-71.065279,42.348767],[-71.065286,42.348743],[-71.065287,42.348739],[-71.065277,42.348738],[-71.065254,42.348734],[-71.065264,42.348698],[-71.065275,42.3487],[-71.065279,42.348688],[-71.065188,42.348674],[-71.06517,42.348671],[-71.065164,42.348692],[-71.065108,42.348683],[-71.065101,42.348682],[-71.065058,42.348676],[-71.065061,42.348665],[-71.065051,42.348664],[-71.064981,42.348653],[-71.064992,42.348617],[-71.064844,42.348594],[-71.064841,42.348605],[-71.064837,42.34862],[-71.064745,42.348606],[-71.064341,42.348545],[-71.064334,42.348568],[-71.064395,42.348579],[-71.064959,42.348666],[-71.064926,42.348787],[-71.064914,42.348785],[-71.064911,42.348803],[-71.064898,42.348807],[-71.064921,42.348836],[-71.064954,42.34882],[-71.065182,42.349085]]]},"properties":{"id":"671322-0","height_m":6.65}},{"type":"Feature","geometry":{"type":"Polygon","coordinates":[[[-71.064127,42.348996],[-71.064129,42.348997],[-71.064275,42.349019],[-71.064319,42.349026],[-71.064408,42.349039],[-71.064474,42.349049],[-71.064509,42.348969],[-71.064518,42.348969],[-71.064521,42.348942],[-71.064634,42.348962],[-71.06466,42.348867],[-71.06454,42.348847],[-71.064533,42.348867],[-71.064292,42.348832],[-71.064299,42.348802],[-71.064338,42.348809],[-71.064397,42.348601],[-71.06439,42.348601],[-71.064395,42.348579],[-71.064334,42.348568],[-71.064311,42.348564],[-71.064308,42.348564],[-71.064305,42.348577],[-71.064286,42.348574],[-71.064283,42.348583],[-71.064275,42.348582],[-71.064275,42.348584],[-71.064218,42.348789],[-71.064211,42.348815],[-71.064187,42.348811],[-71.064158,42.348915],[-71.064148,42.348951],[-71.064147,42.348958],[-71.064138,42.348956],[-71.064127,42.348996]]]},"properties":{"id":"671323-0","height_m":7.98}},{"type":"Feature","geometry":{"type":"Polygon","coordinates":[[[-71.066094,42.350569],[-71.066276,42.350561],[-71.066339,42.350558],[-71.06633,42.350453],[-71.06633,42.350449],[-71.066218,42.350455],[-71.066221,42.350482],[-71.066191,42.350483],[-71.066189,42.350456],[-71.066084,42.350461],[-71.066094,42.350569]]]},"properties":{"id":"671324-0","height_m":16}},{"type":"Feature","geometry":{"type":"Polygon","coordinates":[[[-71.066107,42.350706],[-71.06611,42.350735],[-71.066115,42.350789],[-71.066118,42.350817],[-71.066119,42.350829],[-71.066258,42.350825],[-71.066403,42.350822],[-71.066395,42.350782],[-71.066385,42.35067],[-71.066287,42.350674],[-71.066278,42.350579],[-71.066276,42.350561],[-71.066094,42.350569],[-71.066096,42.350595],[-71.066102,42.350654],[-71.066107,42.350706]]]},"properties":{"id":"671325-0","height_m":11.06}},{"type":"Feature","geometry":{"type":"Polygon","coordinates":[[[-71.066131,42.35096],[-71.066133,42.350981],[-71.066195,42.350969],[-71.066259,42.350956],[-71.066668,42.350876],[-71.066653,42.350815],[-71.066592,42.35057],[-71.0666,42.350569],[-71.066576,42.350457],[-71.066572,42.350458],[-71.066566,42.350458],[-71.066443,42.350465],[-71.066442,42.350459],[-71.066368,42.350465],[-71.066377,42.350517],[-71.066413,42.350514],[-71.066412,42.350505],[-71.066454,42.350501],[-71.06646,42.350539],[-71.066417,42.350543],[-71.066414,42.350523],[-71.066378,42.350526],[-71.066386,42.35058],[-71.066401,42.350579],[-71.066419,42.350781],[-71.066395,42.350782],[-71.066403,42.350822],[-71.066404,42.35083],[-71.06635,42.350839],[-71.06626,42.350845],[-71.066258,42.350825],[-71.066119,42.350829],[-71.066119,42.350834],[-71.066131,42.35096]]]},"properties":{"id":"671326-0","height_m":19.8}},{"type":"Feature","geometry":{"type":"Polygon","coordinates":[[[-71.066726,42.349767],[-71.066745,42.349868],[-71.066917,42.349774],[-71.066856,42.349717],[-71.066726,42.349767]]]},"properties":{"id":"671327-0","height_m":6.26}},{"type":"Feature","geometry":{"type":"Polygon","coordinates":[[[-71.066745,42.349868],[-71.066793,42.349938],[-71.06682,42.349976],[-71.066868,42.349954],[-71.067024,42.349888],[-71.067029,42.349885],[-71.066986,42.349842],[-71.066918,42.349775],[-71.066917,42.349774],[-71.066745,42.349868]]]},"properties":{"id":"671328-0","height_m":18.27}},{"type":"Feature","geometry":{"type":"Polygon","coordinates":[[[-71.067206,42.348798],[-71.067246,42.348837],[-71.067282,42.348818],[-71.06724,42.348778],[-71.067206,42.348798]]]},"properties":{"id":"671329-0","height_m":4.5}},{"type":"Feature","geometry":{"type":"Polygon","coordinates":[[[-71.067282,42.348818],[-71.067246,42.348837],[-71.067325,42.348914],[-71.067373,42.348887],[-71.067356,42.348871],[-71.067325,42.348842],[-71.067293,42.348812],[-71.067282,42.348818]]]},"properties":{"id":"671330-0","height_m":8.41}},{"type":"Feature","geometry":{"type":"Polygon","coordinates":[[[-71.067335,42.349263],[-71.067362,42.349297],[-71.067402,42.34928],[-71.067374,42.349245],[-71.067335,42.349263]]]},"properties":{"id":"671331-0","height_m":11.12}},{"type":"Feature","geometry":{"type":"Polygon","coordinates":[[[-71.067402,42.34928],[-71.067362,42.349297],[-71.067421,42.349374],[-71.067472,42.349352],[-71.06747,42.34935],[-71.067488,42.349343],[-71.06743,42.349267],[-71.067402,42.34928]]]},"properties":{"id":"671332-0","height_m":12.93}},{"type":"Feature","geometry":{"type":"Polygon","coordinates":[[[-71.067398,42.34871],[-71.067432,42.348741],[-71.067506,42.348812],[-71.067569,42.348775],[-71.067492,42.348703],[-71.067482,42.348694],[-71.067472,42.348699],[-71.067451,42.348679],[-71.067398,42.34871]]]},"properties":{"id":"671333-0","height_m":8.91}},{"type":"Feature","geometry":{"type":"Polygon","coordinates":[[[-71.067487,42.349453],[-71.067537,42.349517],[-71.06754,42.349516],[-71.067576,42.349501],[-71.067601,42.349491],[-71.06755,42.349428],[-71.067549,42.349426],[-71.067487,42.349453]]]},"properties":{"id":"671334-0","height_m":12.91}},{"type":"Feature","geometry":{"type":"Polygon","coordinates":[[[-71.06761,42.349886],[-71.067643,42.349988],[-71.067797,42.349961],[-71.067763,42.349858],[-71.06761,42.349886]]]},"properties":{"id":"671335-0","height_m":7.64}},{"type":"Feature","geometry":{"type":"Polygon","coordinates":[[[-71.067702,42.349816],[-71.067594,42.349838],[-71.06761,42.349886],[-71.067763,42.349858],[-71.067746,42.349807],[-71.067702,42.349816]]]},"properties":{"id":"671336-0","height_m":14.13}},{"type":"Feature","geometry":{"type":"Polygon","coordinates":[[[-71.067763,42.349803],[-71.067746,42.349807],[-71.067763,42.349858],[-71.06782,42.349848],[-71.067803,42.349795],[-71.067763,42.349803]]]},"properties":{"id":"671337-0","height_m":14.13}},{"type":"Feature","geometry":{"type":"Polygon","coordinates":[[[-71.067715,42.349145],[-71.067774,42.349222],[-71.067849,42.34919],[-71.067789,42.349113],[-71.067715,42.349145]]]},"properties":{"id":"671338-0","height_m":13.13}},{"type":"Feature","geometry":{"type":"Polygon","coordinates":[[[-71.067739,42.349342],[-71.067792,42.34941],[-71.067825,42.349396],[-71.067859,42.349382],[-71.067808,42.349317],[-71.067806,42.349313],[-71.067739,42.349342]]]},"properties":{"id":"671339-0","height_m":12.23}},{"type":"Feature","geometry":{"type":"Polygon","coordinates":[[[-71.067763,42.349858],[-71.067797,42.349961],[-71.067854,42.349951],[-71.06782,42.349848],[-71.067763,42.349858]]]},"properties":{"id":"671340-0","height_m":7.66}},{"type":"Feature","geometry":{"type":"Polygon","coordinates":[[[-71.06755,42.349428],[-71.067601,42.349491],[-71.067623,42.349482],[-71.067664,42.349465],[-71.067613,42.3494],[-71.06755,42.349428]]]},"properties":{"id":"671341-0","height_m":12.4}},{"type":"Feature","geometry":{"type":"Polygon","coordinates":[[[-71.067637,42.349636],[-71.067605,42.349642],[-71.067596,42.349644],[-71.067629,42.349733],[-71.067706,42.349717],[-71.067705,42.349713],[-71.067674,42.349629],[-71.067637,42.349636]]]},"properties":{"id":"671342-0","height_m":10.47}},{"type":"Feature","geometry":{"type":"Polygon","coordinates":[[[-71.067803,42.349795],[-71.06782,42.349848],[-71.067883,42.349837],[-71.067865,42.349782],[-71.067803,42.349795]]]},"properties":{"id":"671343-0","height_m":14.27}},{"type":"Feature","geometry":{"type":"Polygon","coordinates":[[[-71.067877,42.349076],[-71.067854,42.349086],[-71.067913,42.349163],[-71.067978,42.349135],[-71.067976,42.349132],[-71.067919,42.349059],[-71.067877,42.349076]]]},"properties":{"id":"671344-0","height_m":12.82}},{"type":"Feature","geometry":{"type":"Polygon","coordinates":[[[-71.067865,42.349782],[-71.067883,42.349837],[-71.067975,42.34982],[-71.067957,42.349763],[-71.067865,42.349782]]]},"properties":{"id":"671345-0","height_m":6.61}},{"type":"Feature","geometry":{"type":"Polygon","coordinates":[[[-71.067867,42.349287],[-71.067869,42.34929],[-71.067919,42.349354],[-71.067949,42.349342],[-71.067987,42.349326],[-71.067934,42.349258],[-71.067867,42.349287]]]},"properties":{"id":"671346-0","height_m":10.28}},{"type":"Feature","geometry":{"type":"Polygon","coordinates":[[[-71.067883,42.349837],[-71.067916,42.34994],[-71.068009,42.349923],[-71.067975,42.34982],[-71.067883,42.349837]]]},"properties":{"id":"671347-0","height_m":9.65}},{"type":"Feature","geometry":{"type":"Polygon","coordinates":[[[-71.067951,42.349046],[-71.067919,42.349059],[-71.067976,42.349132],[-71.06804,42.349105],[-71.067983,42.349032],[-71.067951,42.349046]]]},"properties":{"id":"671348-0","height_m":10.28}},{"type":"Feature","geometry":{"type":"Polygon","coordinates":[[[-71.067934,42.349258],[-71.067987,42.349326],[-71.068007,42.349317],[-71.068031,42.349306],[-71.068028,42.349302],[-71.068046,42.349294],[-71.068,42.349232],[-71.067999,42.34923],[-71.067934,42.349258]]]},"properties":{"id":"671349-0","height_m":12.08}},{"type":"Feature","geometry":{"type":"Polygon","coordinates":[[[-71.068879,42.349569],[-71.068904,42.34965],[-71.068972,42.349638],[-71.068947,42.349555],[-71.068879,42.349569]]]},"properties":{"id":"671350-0","height_m":9}},{"type":"Feature","geometry":{"type":"Polygon","coordinates":[[[-71.069286,42.349484],[-71.069309,42.349555],[-71.069377,42.349538],[-71.069354,42.34947],[-71.069286,42.349484]]]},"properties":{"id":"671351-0","height_m":8.79}},{"type":"Feature","geometry":{"type":"Polygon","coordinates":[[[-71.069354,42.34947],[-71.069377,42.349538],[-71.069411,42.349532],[-71.069438,42.349528],[-71.069412,42.349458],[-71.069354,42.34947]]]},"properties":{"id":"671352-0","height_m":8.52}},{"type":"Feature","geometry":{"type":"Polygon","coordinates":[[[-71.069297,42.350006],[-71.069332,42.350123],[-71.069336,42.350135],[-71.069453,42.350116],[-71.069508,42.350106],[-71.069727,42.350069],[-71.069685,42.34995],[-71.069522,42.349982],[-71.069482,42.34987],[-71.069645,42.349839],[-71.069604,42.349722],[-71.069279,42.349777],[-71.069143,42.3498],[-71.069178,42.349938],[-71.069271,42.349923],[-71.069297,42.350006]]]},"properties":{"id":"671353-0","height_m":47.13}},{"type":"Feature","geometry":{"type":"Polygon","coordinates":[[[-71.068816,42.349582],[-71.068852,42.349677],[-71.068909,42.349665],[-71.068904,42.34965],[-71.068879,42.349569],[-71.068816,42.349582]]]},"properties":{"id":"671354-0","height_m":9.95}},{"type":"Feature","geometry":{"type":"Polygon","coordinates":[[[-71.068515,42.35213],[-71.068549,42.352224],[-71.068552,42.352223],[-71.068631,42.352208],[-71.068651,42.352204],[-71.068734,42.352187],[-71.068753,42.352183],[-71.068833,42.352167],[-71.068833,42.352167],[-71.068799,42.352074],[-71.068515,42.35213]]]},"properties":{"id":"671373-0","height_m":27.32}},{"type":"Feature","geometry":{"type":"Polygon","coordinates":[[[-71.068474,42.352019],[-71.068477,42.352027],[-71.068515,42.35213],[-71.068799,42.352074],[-71.068761,42.35197],[-71.068759,42.351962],[-71.068474,42.352019]]]},"properties":{"id":"671374-0","height_m":18.38}},{"type":"Feature","geometry":{"type":"Polygon","coordinates":[[[-71.067634,42.352312],[-71.067646,42.352322],[-71.06765,42.352326],[-71.067659,42.352332],[-71.067669,42.352338],[-71.067689,42.352348],[-71.067711,42.352357],[-71.067731,42.352363],[-71.067735,42.352364],[-71.06775,42.352366],[-71.067759,42.352368],[-71.067783,42.35237],[-71.067808,42.35237],[-71.067832,42.352367],[-71.067833,42.352367],[-71.067852,42.352363],[-71.06793,42.352348],[-71.067951,42.352344],[-71.068032,42.352327],[-71.068052,42.352323],[-71.068133,42.352307],[-71.068153,42.352303],[-71.068233,42.352287],[-71.068252,42.352283],[-71.06833,42.352268],[-71.06835,42.352264],[-71.06843,42.352248],[-71.068462,42.352241],[-71.068526,42.352229],[-71.068549,42.352224],[-71.068477,42.352027],[-71.06826,42.35207],[-71.068264,42.352081],[-71.067782,42.352177],[-71.067794,42.352211],[-71.06789,42.352192],[-71.067924,42.352287],[-71.067801,42.352311],[-71.067772,42.352231],[-71.067745,42.352237],[-71.067727,42.352188],[-71.067584,42.352217],[-71.067589,42.352232],[-71.067598,42.352256],[-71.067603,42.35227],[-71.067604,42.352272],[-71.067614,42.352289],[-71.06762,42.352297],[-71.067634,42.352312]]]},"properties":{"id":"671375-0","height_m":38.19}},{"type":"Feature","geometry":{"type":"Polygon","coordinates":[[[-71.067801,42.352311],[-71.067924,42.352287],[-71.06789,42.352192],[-71.067794,42.352211],[-71.067782,42.352177],[-71.067743,42.352185],[-71.067727,42.352188],[-71.067745,42.352237],[-71.067772,42.352231],[-71.067801,42.352311]]]},"properties":{"id":"671376-0","height_m":42.35}},{"type":"Feature","geometry":{"type":"Polygon","coordinates":[[[-71.067224,42.351434],[-71.067481,42.351371],[-71.06754,42.351356],[-71.067561,42.351351],[-71.067488,42.350916],[-71.06706,42.35101],[-71.067048,42.351051],[-71.067079,42.351118],[-71.067087,42.351116],[-71.067224,42.351434]]]},"properties":{"id":"671377-0","height_m":56.08}},{"type":"Feature","geometry":{"type":"Polygon","coordinates":[[[-71.067224,42.351434],[-71.067225,42.351437],[-71.067279,42.351563],[-71.067289,42.351585],[-71.067548,42.351521],[-71.067531,42.351482],[-71.067525,42.351471],[-71.067534,42.351469],[-71.067534,42.351468],[-71.067523,42.351397],[-71.067522,42.351397],[-71.067495,42.351404],[-71.067481,42.351371],[-71.067224,42.351434]]]},"properties":{"id":"671378-0","height_m":56.3}},{"type":"Feature","geometry":{"type":"Polygon","coordinates":[[[-71.067709,42.35151],[-71.067641,42.351515],[-71.067548,42.351521],[-71.067289,42.351585],[-71.067361,42.351752],[-71.067412,42.351752],[-71.067591,42.351733],[-71.067589,42.35173],[-71.067757,42.351719],[-71.067733,42.351508],[-71.067709,42.35151]]]},"properties":{"id":"671379-0","height_m":56.46}},{"type":"Feature","geometry":{"type":"Polygon","coordinates":[[[-71.064213,42.35162],[-71.064211,42.351626],[-71.064624,42.351674],[-71.064631,42.351675],[-71.064664,42.351553],[-71.064659,42.351553],[-71.064416,42.351527],[-71.064412,42.351547],[-71.064384,42.351544],[-71.064388,42.351523],[-71.064364,42.35152],[-71.064332,42.351517],[-71.064315,42.351514],[-71.06428,42.35151],[-71.064242,42.351506],[-71.064236,42.351532],[-71.064231,42.351532],[-71.064229,42.351543],[-71.064213,42.35162]]]},"properties":{"id":"671380-0","height_m":34.06}},{"type":"Feature","geometry":{"type":"Polygon","coordinates":[[[-71.064402,42.35145],[-71.064415,42.351452],[-71.064412,42.351466],[-71.064671,42.351497],[-71.064692,42.351419],[-71.064694,42.35142],[-71.064717,42.351336],[-71.064711,42.351335],[-71.064712,42.351329],[-71.064726,42.351278],[-71.064727,42.351276],[-71.064729,42.351277],[-71.064729,42.351274],[-71.064745,42.351218],[-71.064729,42.351217],[-71.064728,42.351219],[-71.064722,42.351218],[-71.064591,42.351205],[-71.064591,42.351203],[-71.064518,42.351194],[-71.064502,42.351183],[-71.064481,42.35119],[-71.064478,42.351206],[-71.064441,42.351361],[-71.064464,42.351364],[-71.064463,42.351368],[-71.06445,42.351366],[-71.064441,42.351411],[-71.064426,42.35141],[-71.064421,42.351429],[-71.064407,42.351428],[-71.064402,42.35145]]]},"properties":{"id":"671381-0","height_m":14.4}},{"type":"Feature","geometry":{"type":"Polygon","coordinates":[[[-71.064352,42.351312],[-71.064346,42.351341],[-71.064355,42.351342],[-71.06442,42.351351],[-71.064438,42.351288],[-71.064435,42.351287],[-71.064456,42.351203],[-71.06446,42.35119],[-71.064438,42.351187],[-71.06414,42.351156],[-71.0641,42.351297],[-71.064277,42.351321],[-71.064282,42.351304],[-71.064352,42.351312]]]},"properties":{"id":"671382-0","height_m":12.07}},{"type":"Feature","geometry":{"type":"Polygon","coordinates":[[[-71.069249,42.351696],[-71.069075,42.351732],[-71.069122,42.35186],[-71.06914,42.35191],[-71.069208,42.352096],[-71.069369,42.352064],[-71.069367,42.352058],[-71.069317,42.351902],[-71.069249,42.351716],[-71.069255,42.351715],[-71.069249,42.351696]]]},"properties":{"id":"671383-0","height_m":27.54}},{"type":"Feature","geometry":{"type":"Polygon","coordinates":[[[-71.063855,42.348085],[-71.063868,42.348087],[-71.063864,42.3481],[-71.063863,42.348106],[-71.06388,42.348109],[-71.063916,42.348114],[-71.063898,42.348177],[-71.064017,42.348194],[-71.064037,42.348112],[-71.06392,42.348094],[-71.063947,42.347999],[-71.064065,42.348018],[-71.064072,42.347997],[-71.064087,42.347943],[-71.064088,42.347938],[-71.063968,42.347919],[-71.063952,42.347979],[-71.063903,42.347971],[-71.063897,42.347991],[-71.063883,42.347989],[-71.063855,42.348085]]]},"properties":{"id":"671387-0","height_m":29.07}},{"type":"Feature","geometry":{"type":"Polygon","coordinates":[[[-71.065318,42.347764],[-71.065274,42.347785],[-71.0653,42.347814],[-71.065371,42.347781],[-71.065384,42.347774],[-71.065373,42.347761],[-71.065363,42.34775],[-71.065359,42.347745],[-71.065318,42.347764]]]},"properties":{"id":"671389-0","height_m":17}},{"type":"Feature","geometry":{"type":"Polygon","coordinates":[[[-71.064513,42.348159],[-71.064539,42.348189],[-71.064623,42.348148],[-71.064596,42.348118],[-71.064513,42.348159]]]},"properties":{"id":"671390-0","height_m":16.96}},{"type":"Feature","geometry":{"type":"Polygon","coordinates":[[[-71.06518,42.348106],[-71.065126,42.348152],[-71.064946,42.348305],[-71.065033,42.348405],[-71.065048,42.348421],[-71.065094,42.348475],[-71.065096,42.348474],[-71.065118,42.348463],[-71.065253,42.348344],[-71.065328,42.348309],[-71.065313,42.348292],[-71.065328,42.348279],[-71.065385,42.348231],[-71.065388,42.348229],[-71.065381,42.348221],[-71.065382,42.34822],[-71.065453,42.348186],[-71.065457,42.348184],[-71.065475,42.348175],[-71.065478,42.348152],[-71.065467,42.348139],[-71.065484,42.348131],[-71.065464,42.348109],[-71.065463,42.348107],[-71.065475,42.348101],[-71.065472,42.348099],[-71.065448,42.348071],[-71.065412,42.34803],[-71.065401,42.348017],[-71.065391,42.348022],[-71.06538,42.34801],[-71.06518,42.348106]]]},"properties":{"id":"671391-0","height_m":3.75}},{"type":"Feature","geometry":{"type":"Polygon","coordinates":[[[-71.06471,42.348144],[-71.064721,42.34817],[-71.064882,42.348195],[-71.064866,42.348251],[-71.064893,42.348253],[-71.064912,42.348275],[-71.064906,42.3483],[-71.064907,42.348301],[-71.064928,42.348322],[-71.064946,42.348305],[-71.065126,42.348152],[-71.06518,42.348106],[-71.06538,42.34801],[-71.065391,42.348022],[-71.065401,42.348017],[-71.065415,42.34801],[-71.065404,42.347997],[-71.06551,42.347947],[-71.06552,42.347941],[-71.065529,42.347903],[-71.065512,42.347883],[-71.065471,42.347837],[-71.065491,42.347827],[-71.065483,42.347819],[-71.065406,42.347807],[-71.065392,42.347805],[-71.06471,42.348144]]]},"properties":{"id":"671392-0","height_m":5.38}},{"type":"Feature","geometry":{"type":"Polygon","coordinates":[[[-71.064072,42.347997],[-71.064099,42.348001],[-71.064113,42.347947],[-71.064087,42.347943],[-71.064072,42.347997]]]},"properties":{"id":"671393-0","height_m":3.9}},{"type":"Feature","geometry":{"type":"Polygon","coordinates":[[[-71.06392,42.348094],[-71.064037,42.348112],[-71.064067,42.348117],[-71.064093,42.348022],[-71.064065,42.348018],[-71.063947,42.347999],[-71.06392,42.348094]]]},"properties":{"id":"671394-0","height_m":33.47}},{"type":"Feature","geometry":{"type":"Polygon","coordinates":[[[-71.064587,42.347681],[-71.064641,42.347689],[-71.064656,42.347636],[-71.06473,42.347648],[-71.064738,42.347621],[-71.064754,42.347564],[-71.064731,42.347561],[-71.064723,42.347579],[-71.064602,42.34756],[-71.064599,42.347574],[-71.064615,42.347577],[-71.064587,42.347681]]]},"properties":{"id":"671395-0","height_m":9.45}},{"type":"Feature","geometry":{"type":"Polygon","coordinates":[[[-71.064566,42.347678],[-71.064587,42.347681],[-71.064615,42.347577],[-71.064599,42.347574],[-71.064602,42.34756],[-71.064723,42.347579],[-71.064731,42.347561],[-71.064604,42.347541],[-71.064566,42.347678]]]},"properties":{"id":"671396-0","height_m":10.78}},{"type":"Feature","geometry":{"type":"Polygon","coordinates":[[[-71.064526,42.347561],[-71.064543,42.347564],[-71.064516,42.34767],[-71.064566,42.347678],[-71.064604,42.347541],[-71.064731,42.347561],[-71.064754,42.347564],[-71.064762,42.347536],[-71.064768,42.347513],[-71.064742,42.347509],[-71.064737,42.347523],[-71.064579,42.3475],[-71.064568,42.347537],[-71.064564,42.347551],[-71.06453,42.347545],[-71.064526,42.347561]]]},"properties":{"id":"671397-0","height_m":5.39}},{"type":"Feature","geometry":{"type":"Polygon","coordinates":[[[-71.064738,42.347621],[-71.064878,42.347643],[-71.064894,42.347587],[-71.064902,42.347558],[-71.064762,42.347536],[-71.064738,42.347621]]]},"properties":{"id":"671398-0","height_m":13.97}},{"type":"Feature","geometry":{"type":"Polygon","coordinates":[[[-71.064462,42.347777],[-71.064466,42.347777],[-71.064481,42.34778],[-71.064503,42.347783],[-71.064503,42.347783],[-71.06472,42.347816],[-71.064735,42.347763],[-71.06484,42.347779],[-71.064878,42.347643],[-71.064738,42.347621],[-71.06473,42.347648],[-71.064656,42.347636],[-71.064641,42.347689],[-71.064587,42.347681],[-71.064516,42.34767],[-71.064493,42.347667],[-71.064462,42.347777]]]},"properties":{"id":"671399-0","height_m":18.7}},{"type":"Feature","geometry":{"type":"Polygon","coordinates":[[[-71.064684,42.348162],[-71.064713,42.348169],[-71.064721,42.34817],[-71.06471,42.348144],[-71.065392,42.347805],[-71.065371,42.347781],[-71.0653,42.347814],[-71.065274,42.347785],[-71.065254,42.347795],[-71.065253,42.347799],[-71.065244,42.347838],[-71.065251,42.347844],[-71.065159,42.347887],[-71.065152,42.347881],[-71.064975,42.347854],[-71.064968,42.347879],[-71.064921,42.347901],[-71.064906,42.347956],[-71.064798,42.34794],[-71.06476,42.348073],[-71.064768,42.348079],[-71.064678,42.348123],[-71.064675,42.348118],[-71.064615,42.348109],[-71.064596,42.348118],[-71.064623,42.348148],[-71.064624,42.348148],[-71.064684,42.348162]]]},"properties":{"id":"671400-0","height_m":5.25}},{"type":"Feature","geometry":{"type":"Polygon","coordinates":[[[-71.064579,42.3475],[-71.064737,42.347523],[-71.064742,42.347509],[-71.064607,42.347489],[-71.064583,42.347485],[-71.064579,42.3475]]]},"properties":{"id":"671401-0","height_m":6.24}},{"type":"Feature","geometry":{"type":"Polygon","coordinates":[[[-71.064019,42.348187],[-71.064017,42.348194],[-71.063898,42.348177],[-71.063896,42.348177],[-71.063885,42.348181],[-71.06386,42.348177],[-71.063835,42.348173],[-71.063842,42.348147],[-71.063739,42.348131],[-71.063703,42.348126],[-71.063602,42.34811],[-71.063594,42.348138],[-71.063562,42.348133],[-71.063545,42.348131],[-71.063535,42.348118],[-71.063391,42.348097],[-71.063365,42.348193],[-71.063395,42.348197],[-71.063543,42.34822],[-71.063581,42.348225],[-71.063799,42.348258],[-71.063872,42.348269],[-71.063986,42.348286],[-71.06402,42.348291],[-71.064047,42.348191],[-71.064019,42.348187]]]},"properties":{"id":"671411-0","height_m":12.11}},{"type":"Feature","geometry":{"type":"Polygon","coordinates":[[[-71.063948,42.347908],[-71.063958,42.34791],[-71.063968,42.347919],[-71.063968,42.347919],[-71.064088,42.347938],[-71.064087,42.347943],[-71.064113,42.347947],[-71.064141,42.347843],[-71.063995,42.347821],[-71.063994,42.347825],[-71.063934,42.347816],[-71.063935,42.347811],[-71.06385,42.347798],[-71.063849,42.347803],[-71.063779,42.347793],[-71.06378,42.347788],[-71.063694,42.347775],[-71.063693,42.347778],[-71.063632,42.347769],[-71.063633,42.347766],[-71.063487,42.347744],[-71.06346,42.347843],[-71.063606,42.347866],[-71.06362,42.347858],[-71.063669,42.347866],[-71.063661,42.347891],[-71.063664,42.347892],[-71.063766,42.347907],[-71.0638,42.347913],[-71.063903,42.347928],[-71.06391,42.347902],[-71.063948,42.347908]]]},"properties":{"id":"671412-0","height_m":12.24}},{"type":"Feature","geometry":{"type":"Polygon","coordinates":[[[-71.063829,42.348081],[-71.063855,42.348085],[-71.063883,42.347989],[-71.063856,42.347985],[-71.063829,42.348081]]]},"properties":{"id":"671413-0","height_m":23.27}},{"type":"Feature","geometry":{"type":"Polygon","coordinates":[[[-71.063173,42.347584],[-71.063181,42.347589],[-71.063226,42.347618],[-71.063233,42.347622],[-71.063235,42.347619],[-71.063311,42.347552],[-71.063251,42.347515],[-71.063173,42.347584]]]},"properties":{"id":"671414-0","height_m":13.05}},{"type":"Feature","geometry":{"type":"Polygon","coordinates":[[[-71.063391,42.348097],[-71.063535,42.348118],[-71.063606,42.347866],[-71.06346,42.347843],[-71.063391,42.348097]]]},"properties":{"id":"671415-0","height_m":9.66}},{"type":"Feature","geometry":{"type":"Polygon","coordinates":[[[-71.056633,42.34926],[-71.056469,42.349583],[-71.056573,42.349612],[-71.056599,42.349564],[-71.056761,42.34923],[-71.056633,42.34926]]]},"properties":{"id":"671416-0","height_m":23.94}},{"type":"Feature","geometry":{"type":"Polygon","coordinates":[[[-71.063953,42.352267],[-71.063954,42.352261],[-71.063965,42.352261],[-71.063975,42.352108],[-71.06392,42.352107],[-71.06392,42.352111],[-71.063789,42.352108],[-71.06379,42.352102],[-71.063742,42.3521],[-71.063741,42.352111],[-71.063724,42.35211],[-71.06368,42.352108],[-71.063678,42.352129],[-71.063631,42.352127],[-71.063631,42.352137],[-71.063549,42.352134],[-71.063544,42.352215],[-71.063546,42.352215],[-71.063544,42.352244],[-71.063567,42.352245],[-71.063567,42.352256],[-71.063953,42.352267]]]},"properties":{"id":"671417-0","height_m":20.95}},{"type":"Feature","geometry":{"type":"Polygon","coordinates":[[[-71.06782,42.349848],[-71.067854,42.349951],[-71.067916,42.34994],[-71.067883,42.349837],[-71.06782,42.349848]]]},"properties":{"id":"671419-0","height_m":7.74}},{"type":"Feature","geometry":{"type":"Polygon","coordinates":[[[-71.057962,42.349568],[-71.057959,42.349577],[-71.058313,42.349655],[-71.058407,42.349419],[-71.058054,42.349342],[-71.058004,42.349465],[-71.057962,42.349568]]]},"properties":{"id":"671422-0","height_m":37.35}},{"type":"Feature","geometry":{"type":"Polygon","coordinates":[[[-71.068552,42.351436],[-71.068527,42.351455],[-71.068521,42.351463],[-71.068518,42.351468],[-71.068516,42.351474],[-71.068515,42.351479],[-71.068514,42.351485],[-71.068514,42.35149],[-71.068515,42.351496],[-71.068517,42.351501],[-71.068519,42.351506],[-71.068522,42.351511],[-71.068526,42.351516],[-71.068531,42.35152],[-71.068536,42.351524],[-71.068542,42.351528],[-71.068548,42.351531],[-71.068554,42.351534],[-71.068561,42.351536],[-71.068568,42.351538],[-71.068576,42.351539],[-71.068583,42.351539],[-71.06859,42.351539],[-71.068598,42.351538],[-71.068913,42.351482],[-71.068984,42.351469],[-71.069238,42.351424],[-71.069284,42.351416],[-71.069806,42.351323],[-71.06994,42.351215],[-71.070016,42.351153],[-71.070151,42.351044],[-71.070092,42.350908],[-71.07002,42.350925],[-71.069837,42.351078],[-71.069741,42.351158],[-71.069701,42.351191],[-71.069003,42.351313],[-71.069027,42.351389],[-71.068802,42.351426],[-71.06876,42.351373],[-71.068916,42.351248],[-71.068995,42.351301],[-71.069426,42.350942],[-71.069519,42.350864],[-71.069881,42.350581],[-71.069944,42.350567],[-71.069919,42.35051],[-71.069908,42.350485],[-71.069884,42.35043],[-71.069812,42.350417],[-71.069784,42.35044],[-71.06976,42.35046],[-71.069726,42.350487],[-71.069695,42.350512],[-71.069666,42.350536],[-71.069642,42.350555],[-71.069635,42.35056],[-71.069559,42.350622],[-71.069553,42.350626],[-71.06953,42.350645],[-71.069521,42.350653],[-71.069113,42.350982],[-71.069102,42.350991],[-71.069078,42.35101],[-71.069073,42.351014],[-71.069008,42.351067],[-71.068975,42.351094],[-71.068969,42.351098],[-71.068841,42.351202],[-71.068836,42.351206],[-71.0688,42.351235],[-71.068749,42.351276],[-71.068573,42.351418],[-71.068552,42.351436]]]},"properties":{"id":"671427-0","height_m":47.35}},{"type":"Feature","geometry":{"type":"Polygon","coordinates":[[[-71.069367,42.352058],[-71.069372,42.352057],[-71.069393,42.352053],[-71.069399,42.352052],[-71.0694,42.352054],[-71.069418,42.35205],[-71.069441,42.352046],[-71.069459,42.352042],[-71.069463,42.352041],[-71.069464,42.352042],[-71.069471,42.352042],[-71.069478,42.352043],[-71.069485,42.352043],[-71.069492,42.352042],[-71.069499,42.35204],[-71.069505,42.352038],[-71.069512,42.352036],[-71.069518,42.352033],[-71.069523,42.35203],[-71.069523,42.35203],[-71.069524,42.352029],[-71.06954,42.352026],[-71.06956,42.352022],[-71.069583,42.352017],[-71.069583,42.352015],[-71.069585,42.352014],[-71.06959,42.352012],[-71.069594,42.35201],[-71.069597,42.352007],[-71.0696,42.352004],[-71.069602,42.352],[-71.069604,42.351996],[-71.069605,42.351992],[-71.069605,42.351988],[-71.069612,42.351987],[-71.069653,42.351978],[-71.069667,42.351975],[-71.069674,42.351976],[-71.069681,42.351977],[-71.069688,42.351977],[-71.069695,42.351976],[-71.069702,42.351975],[-71.069709,42.351973],[-71.069715,42.35197],[-71.069721,42.351968],[-71.069727,42.351964],[-71.069741,42.351961],[-71.069782,42.351951],[-71.069792,42.351949],[-71.0698,42.351971],[-71.069829,42.351965],[-71.06983,42.351968],[-71.069851,42.351964],[-71.06987,42.35196],[-71.06989,42.351956],[-71.069898,42.351957],[-71.069905,42.351958],[-71.069909,42.351958],[-71.069912,42.351958],[-71.06992,42.351957],[-71.069927,42.351956],[-71.069934,42.351954],[-71.069937,42.351953],[-71.069941,42.351952],[-71.069947,42.351949],[-71.069953,42.351946],[-71.069959,42.351942],[-71.069974,42.351939],[-71.069996,42.351935],[-71.070017,42.351931],[-71.070016,42.351928],[-71.070042,42.351922],[-71.070035,42.351901],[-71.070044,42.3519],[-71.070085,42.351892],[-71.070102,42.351889],[-71.070109,42.35189],[-71.070116,42.351891],[-71.070123,42.35189],[-71.07013,42.35189],[-71.070137,42.351888],[-71.070143,42.351886],[-71.07015,42.351884],[-71.070155,42.35188],[-71.070161,42.351877],[-71.070173,42.351875],[-71.070216,42.351867],[-71.070226,42.351865],[-71.070228,42.351869],[-71.070232,42.351872],[-71.070236,42.351874],[-71.07024,42.351876],[-71.070245,42.351877],[-71.07025,42.351878],[-71.070255,42.351879],[-71.070262,42.351878],[-71.070262,42.35188],[-71.070281,42.351876],[-71.070301,42.351872],[-71.070318,42.351869],[-71.070323,42.35187],[-71.070325,42.35187],[-71.070332,42.351871],[-71.07034,42.351871],[-71.070348,42.351871],[-71.070355,42.35187],[-71.070363,42.351868],[-71.07037,42.351866],[-71.070377,42.351864],[-71.070383,42.35186],[-71.070384,42.35186],[-71.070393,42.351854],[-71.070403,42.351852],[-71.070423,42.351848],[-71.070446,42.351843],[-71.070445,42.351842],[-71.070451,42.35184],[-71.070456,42.351837],[-71.07046,42.351833],[-71.070463,42.351829],[-71.070466,42.351825],[-71.070468,42.35182],[-71.070469,42.351816],[-71.070468,42.351812],[-71.070469,42.351812],[-71.070465,42.351802],[-71.070459,42.351784],[-71.070455,42.351773],[-71.07044,42.351732],[-71.070436,42.351722],[-71.07043,42.351705],[-71.070426,42.351696],[-71.070421,42.351682],[-71.07039,42.351688],[-71.070398,42.35171],[-71.070214,42.351747],[-71.070206,42.351725],[-71.070175,42.351731],[-71.070107,42.351544],[-71.07005,42.351556],[-71.070049,42.351555],[-71.070018,42.351556],[-71.069998,42.351561],[-71.069979,42.351568],[-71.06998,42.35157],[-71.069921,42.351582],[-71.06999,42.351769],[-71.069959,42.351775],[-71.069967,42.351797],[-71.069782,42.351834],[-71.069774,42.351813],[-71.069744,42.351819],[-71.069675,42.351631],[-71.069615,42.351643],[-71.069614,42.351641],[-71.069589,42.351643],[-71.069567,42.351647],[-71.069548,42.351654],[-71.069549,42.351656],[-71.069491,42.351668],[-71.069496,42.35168],[-71.069559,42.351853],[-71.069526,42.35186],[-71.069526,42.35186],[-71.069535,42.351883],[-71.069351,42.35192],[-71.069343,42.351896],[-71.069317,42.351902],[-71.069367,42.352058]]]},"properties":{"id":"671429-0","height_m":24.75}},{"type":"Feature","geometry":{"type":"Polygon","coordinates":[[[-71.069309,42.351704],[-71.069249,42.351716],[-71.069317,42.351902],[-71.069343,42.351896],[-71.069284,42.351732],[-71.069468,42.351696],[-71.069526,42.35186],[-71.069559,42.351853],[-71.069496,42.35168],[-71.069491,42.351668],[-71.069424,42.351681],[-71.069415,42.351656],[-71.0693,42.351679],[-71.069309,42.351704]]]},"properties":{"id":"671435-0","height_m":40.04}},{"type":"Feature","geometry":{"type":"Polygon","coordinates":[[[-71.069343,42.351896],[-71.069351,42.35192],[-71.069535,42.351883],[-71.069526,42.35186],[-71.069343,42.351896]]]},"properties":{"id":"671436-0","height_m":40.04}},{"type":"Feature","geometry":{"type":"Polygon","coordinates":[[[-71.064065,42.348018],[-71.064093,42.348022],[-71.064099,42.348001],[-71.064072,42.347997],[-71.064065,42.348018]]]},"properties":{"id":"671448-0","height_m":23.39}},{"type":"Feature","geometry":{"type":"Polygon","coordinates":[[[-71.057003,42.350113],[-71.057002,42.350114],[-71.057001,42.350115],[-71.057,42.350116],[-71.056999,42.350117],[-71.056917,42.350269],[-71.05692,42.350269],[-71.056928,42.350267],[-71.056937,42.350266],[-71.056945,42.350266],[-71.056954,42.350266],[-71.057026,42.350123],[-71.057028,42.350121],[-71.057031,42.350119],[-71.057034,42.350117],[-71.057037,42.350115],[-71.057041,42.350114],[-71.057045,42.350113],[-71.057049,42.350113],[-71.057053,42.350113],[-71.057057,42.350113],[-71.057031,42.350107],[-71.057027,42.350107],[-71.057026,42.350107],[-71.057024,42.350107],[-71.057023,42.350107],[-71.057021,42.350107],[-71.05702,42.350107],[-71.057018,42.350108],[-71.057017,42.350108],[-71.057015,42.350108],[-71.057014,42.350108],[-71.057012,42.350109],[-71.057011,42.350109],[-71.057009,42.35011],[-71.057008,42.35011],[-71.057007,42.350111],[-71.057005,42.350112],[-71.057004,42.350112],[-71.057003,42.350113]]]},"properties":{"id":"671449-0","height_m":39.1}},{"type":"Feature","geometry":{"type":"Polygon","coordinates":[[[-71.05692,42.350098],[-71.056914,42.350109],[-71.056885,42.350167],[-71.056797,42.350339],[-71.0568,42.350339],[-71.056828,42.350343],[-71.056864,42.350331],[-71.056847,42.350306],[-71.056853,42.3503],[-71.056859,42.350295],[-71.056867,42.350289],[-71.056957,42.35011],[-71.056958,42.350109],[-71.056958,42.350108],[-71.056959,42.350107],[-71.05696,42.350106],[-71.05696,42.350105],[-71.056961,42.350104],[-71.056962,42.350104],[-71.056963,42.350103],[-71.056964,42.350102],[-71.056965,42.350101],[-71.056966,42.350101],[-71.056967,42.3501],[-71.056969,42.3501],[-71.05697,42.350099],[-71.056971,42.350099],[-71.056972,42.350098],[-71.056974,42.350098],[-71.056975,42.350098],[-71.056976,42.350098],[-71.056978,42.350097],[-71.056979,42.350097],[-71.056981,42.350097],[-71.056982,42.350097],[-71.056983,42.350097],[-71.056985,42.350097],[-71.056986,42.350098],[-71.056988,42.350098],[-71.056989,42.350098],[-71.05699,42.350099],[-71.05695,42.350087],[-71.056945,42.350086],[-71.056944,42.350087],[-71.05694,42.350087],[-71.056935,42.350088],[-71.05693,42.35009],[-71.056926,42.350092],[-71.056922,42.350095],[-71.05692,42.350098]]]},"properties":{"id":"671450-0","height_m":27.66}},{"type":"Feature","geometry":{"type":"Polygon","coordinates":[[[-71.057255,42.350489],[-71.057259,42.35049],[-71.057263,42.35049],[-71.057268,42.35049],[-71.057272,42.35049],[-71.057276,42.350489],[-71.05728,42.350487],[-71.057284,42.350485],[-71.057287,42.350483],[-71.057289,42.350481],[-71.057292,42.350478],[-71.057293,42.350475],[-71.057294,42.350472],[-71.057347,42.350197],[-71.057316,42.350191],[-71.057266,42.350445],[-71.057265,42.350448],[-71.057264,42.350451],[-71.057262,42.350454],[-71.057259,42.350456],[-71.057256,42.350459],[-71.057253,42.350461],[-71.057249,42.350462],[-71.057245,42.350464],[-71.057241,42.350464],[-71.057237,42.350465],[-71.057232,42.350465],[-71.057228,42.350464],[-71.057027,42.350412],[-71.057021,42.350416],[-71.057014,42.35042],[-71.057006,42.350424],[-71.057001,42.350426],[-71.057255,42.350489]]]},"properties":{"id":"671451-0","height_m":35.35}},{"type":"Feature","geometry":{"type":"Polygon","coordinates":[[[-71.056959,42.350107],[-71.056958,42.350108],[-71.056958,42.350109],[-71.056957,42.35011],[-71.056867,42.350289],[-71.056873,42.350285],[-71.05688,42.350281],[-71.056888,42.350278],[-71.056895,42.350275],[-71.056903,42.350272],[-71.056911,42.35027],[-71.056917,42.350269],[-71.056999,42.350117],[-71.057,42.350116],[-71.057001,42.350115],[-71.057002,42.350114],[-71.057003,42.350113],[-71.057004,42.350112],[-71.057005,42.350112],[-71.057007,42.350111],[-71.057008,42.35011],[-71.057009,42.35011],[-71.057011,42.350109],[-71.057012,42.350109],[-71.057014,42.350108],[-71.057015,42.350108],[-71.057017,42.350108],[-71.057018,42.350108],[-71.05702,42.350107],[-71.057021,42.350107],[-71.057023,42.350107],[-71.057024,42.350107],[-71.057026,42.350107],[-71.057027,42.350107],[-71.057031,42.350107],[-71.05699,42.350099],[-71.056989,42.350098],[-71.056988,42.350098],[-71.056986,42.350098],[-71.056985,42.350097],[-71.056983,42.350097],[-71.056982,42.350097],[-71.056981,42.350097],[-71.056979,42.350097],[-71.056978,42.350097],[-71.056976,42.350098],[-71.056975,42.350098],[-71.056974,42.350098],[-71.056972,42.350098],[-71.056971,42.350099],[-71.05697,42.350099],[-71.056969,42.3501],[-71.056967,42.3501],[-71.056966,42.350101],[-71.056965,42.350101],[-71.056964,42.350102],[-71.056963,42.350103],[-71.056962,42.350104],[-71.056961,42.350104],[-71.05696,42.350105],[-71.05696,42.350106],[-71.056959,42.350107]]]},"properties":{"id":"671452-0","height_m":35.35}},{"type":"Feature","geometry":{"type":"Polygon","coordinates":[[[-71.055342,42.350622],[-71.055354,42.35063],[-71.055358,42.350633],[-71.055367,42.350639],[-71.055379,42.350645],[-71.055381,42.350646],[-71.055387,42.35065],[-71.055395,42.350654],[-71.055409,42.35066],[-71.055415,42.350663],[-71.055424,42.350667],[-71.055428,42.350668],[-71.055439,42.350673],[-71.055451,42.350677],[-71.055454,42.350678],[-71.05547,42.350683],[-71.055486,42.350687],[-71.055502,42.350691],[-71.055505,42.350692],[-71.055519,42.350695],[-71.055529,42.350696],[-71.055535,42.350697],[-71.055546,42.350699],[-71.055552,42.3507],[-71.055567,42.350701],[-71.055569,42.350701],[-71.055586,42.350703],[-71.055591,42.350703],[-71.055603,42.350703],[-71.055615,42.350703],[-71.05562,42.350703],[-71.055637,42.350703],[-71.055654,42.350702],[-71.055671,42.350701],[-71.055678,42.3507],[-71.055687,42.350699],[-71.055704,42.350696],[-71.055708,42.350695],[-71.055721,42.350693],[-71.055724,42.350692],[-71.055737,42.350689],[-71.055747,42.350686],[-71.055753,42.350685],[-71.055769,42.35068],[-71.055782,42.350676],[-71.055784,42.350675],[-71.055799,42.350669],[-71.055814,42.350663],[-71.055815,42.350663],[-71.055828,42.350657],[-71.055842,42.35065],[-71.055856,42.350642],[-71.055869,42.350634],[-71.055882,42.350626],[-71.055894,42.350617],[-71.055899,42.350618],[-71.05592,42.350624],[-71.055934,42.350628],[-71.055957,42.350634],[-71.055978,42.35064],[-71.055997,42.350645],[-71.056125,42.350681],[-71.056154,42.350689],[-71.056171,42.350654],[-71.056238,42.350673],[-71.056263,42.350622],[-71.056194,42.350602],[-71.056197,42.350595],[-71.055991,42.350539],[-71.056083,42.350359],[-71.056128,42.350265],[-71.05623,42.350293],[-71.056188,42.35038],[-71.056291,42.350409],[-71.056296,42.3504],[-71.056305,42.350382],[-71.05632,42.350351],[-71.056339,42.350313],[-71.056408,42.350332],[-71.056434,42.350281],[-71.056367,42.350262],[-71.056381,42.350234],[-71.056405,42.350241],[-71.056407,42.350237],[-71.056635,42.349782],[-71.056609,42.349775],[-71.056615,42.349765],[-71.056626,42.349743],[-71.056654,42.349693],[-71.056662,42.349678],[-71.056617,42.349665],[-71.056662,42.349583],[-71.056657,42.349581],[-71.056653,42.34958],[-71.056607,42.349566],[-71.056601,42.349564],[-71.056599,42.349564],[-71.056573,42.349612],[-71.056469,42.349583],[-71.056633,42.34926],[-71.056761,42.34923],[-71.056775,42.349199],[-71.056765,42.349197],[-71.056759,42.349195],[-71.056685,42.349174],[-71.056676,42.349171],[-71.056617,42.349155],[-71.056607,42.349152],[-71.056596,42.349149],[-71.056529,42.349281],[-71.056473,42.349294],[-71.05645,42.349299],[-71.056422,42.349306],[-71.056393,42.349313],[-71.056376,42.349317],[-71.056298,42.349335],[-71.056273,42.349341],[-71.056247,42.349347],[-71.056224,42.349353],[-71.056196,42.349359],[-71.056174,42.349364],[-71.056096,42.349383],[-71.056071,42.349389],[-71.056047,42.349394],[-71.056024,42.3494],[-71.055998,42.349406],[-71.055973,42.349412],[-71.055894,42.349431],[-71.055861,42.349438],[-71.055795,42.349454],[-71.05577,42.34946],[-71.055694,42.349478],[-71.055671,42.349483],[-71.055605,42.349499],[-71.055596,42.349496],[-71.05557,42.349489],[-71.055563,42.349487],[-71.055493,42.349468],[-71.055487,42.349466],[-71.055393,42.349652],[-71.055387,42.349663],[-71.055305,42.349825],[-71.055025,42.350377],[-71.055043,42.350382],[-71.055071,42.35039],[-71.055114,42.350402],[-71.055256,42.350121],[-71.055311,42.350145],[-71.055172,42.350418],[-71.055173,42.350418],[-71.055195,42.350425],[-71.05522,42.350431],[-71.055223,42.350432],[-71.055224,42.350445],[-71.055227,42.350457],[-71.05523,42.35047],[-71.055233,42.350482],[-71.055238,42.350494],[-71.055243,42.350506],[-71.055243,42.350507],[-71.055248,42.350518],[-71.055255,42.350529],[-71.055256,42.350532],[-71.055262,42.350541],[-71.055269,42.350551],[-71.05527,42.350552],[-71.055278,42.350563],[-71.055282,42.350567],[-71.055287,42.350574],[-71.055296,42.350582],[-71.055297,42.350584],[-71.055307,42.350594],[-71.055313,42.350599],[-71.055318,42.350604],[-71.05533,42.350613],[-71.055342,42.350622]]]},"properties":{"id":"671453-0","height_m":18.66}},{"type":"Feature","geometry":{"type":"Polygon","coordinates":[[[-71.055114,42.350402],[-71.05512,42.350403],[-71.055141,42.350409],[-71.055155,42.350413],[-71.055172,42.350418],[-71.055311,42.350145],[-71.055256,42.350121],[-71.055114,42.350402]]]},"properties":{"id":"671454-0","height_m":29.79}},{"type":"Feature","geometry":{"type":"Polygon","coordinates":[[[-71.06434,42.34822],[-71.064365,42.348224],[-71.064376,42.348226],[-71.064513,42.348159],[-71.064596,42.348118],[-71.064615,42.348109],[-71.064525,42.348094],[-71.064545,42.348026],[-71.064693,42.34805],[-71.06469,42.348062],[-71.06476,42.348073],[-71.064798,42.34794],[-71.064906,42.347956],[-71.064921,42.347901],[-71.064968,42.347879],[-71.064975,42.347854],[-71.065152,42.347881],[-71.065169,42.347829],[-71.065146,42.347825],[-71.065177,42.347725],[-71.065271,42.347741],[-71.065254,42.347795],[-71.065274,42.347785],[-71.065318,42.347764],[-71.0653,42.347744],[-71.065318,42.347679],[-71.065319,42.347677],[-71.06525,42.347666],[-71.065257,42.347643],[-71.064894,42.347587],[-71.064878,42.347643],[-71.06484,42.347779],[-71.064735,42.347763],[-71.06472,42.347816],[-71.064503,42.347783],[-71.064503,42.347783],[-71.064429,42.348049],[-71.064407,42.348045],[-71.06439,42.348043],[-71.064389,42.348045],[-71.06434,42.34822]]]},"properties":{"id":"671467-0","height_m":14.11}},{"type":"Feature","geometry":{"type":"Polygon","coordinates":[[[-71.065752,42.348444],[-71.065752,42.348445],[-71.065775,42.348448],[-71.065819,42.348453],[-71.06591,42.348462],[-71.065995,42.348064],[-71.065995,42.348062],[-71.065837,42.348044],[-71.065836,42.348049],[-71.065752,42.348444]]]},"properties":{"id":"671468-0","height_m":35.94}},{"type":"Feature","geometry":{"type":"Polygon","coordinates":[[[-71.065402,42.350499],[-71.065413,42.3505],[-71.065441,42.350499],[-71.06544,42.350494],[-71.06544,42.350488],[-71.06544,42.350483],[-71.065439,42.350477],[-71.065439,42.350472],[-71.065439,42.350466],[-71.065439,42.35046],[-71.065412,42.350456],[-71.065402,42.350499]]]},"properties":{"id":"671469-0","height_m":17.41}},{"type":"Feature","geometry":{"type":"Polygon","coordinates":[[[-71.062841,42.349206],[-71.062882,42.349224],[-71.062863,42.349248],[-71.063004,42.349315],[-71.063027,42.349288],[-71.063,42.349276],[-71.063021,42.349251],[-71.062975,42.34923],[-71.062989,42.349214],[-71.06297,42.349177],[-71.062958,42.349171],[-71.062966,42.349161],[-71.062979,42.349145],[-71.06292,42.349121],[-71.062841,42.349206]]]},"properties":{"id":"671470-0","height_m":14.78}},{"type":"Feature","geometry":{"type":"Polygon","coordinates":[[[-71.069092,42.349525],[-71.069112,42.349591],[-71.069141,42.349585],[-71.069223,42.349569],[-71.069242,42.349565],[-71.069219,42.349498],[-71.069092,42.349525]]]},"properties":{"id":"671471-0","height_m":10.34}},{"type":"Feature","geometry":{"type":"Polygon","coordinates":[[[-71.056552,42.351747],[-71.056503,42.351875],[-71.057078,42.352025],[-71.057132,42.351739],[-71.057141,42.351687],[-71.057059,42.351648],[-71.057053,42.351656],[-71.056722,42.351498],[-71.056552,42.351747]]]},"properties":{"id":"671477-0","height_m":50.02}},{"type":"Feature","geometry":{"type":"Polygon","coordinates":[[[-71.057699,42.354619],[-71.057697,42.354622],[-71.057707,42.354625],[-71.057739,42.354635],[-71.057909,42.354363],[-71.057728,42.354303],[-71.057711,42.35433],[-71.05772,42.354333],[-71.057615,42.354496],[-71.057602,42.354492],[-71.057546,42.354581],[-71.057669,42.354619],[-71.057673,42.354611],[-71.057699,42.354619]]]},"properties":{"id":"671478-0","height_m":23.36}},{"type":"Feature","geometry":{"type":"Polygon","coordinates":[[[-71.063939,42.352429],[-71.06392,42.352627],[-71.063925,42.352627],[-71.063924,42.352637],[-71.064344,42.352661],[-71.064345,42.352657],[-71.064345,42.352657],[-71.064345,42.352657],[-71.064353,42.352644],[-71.064373,42.352435],[-71.064339,42.352409],[-71.063942,42.352395],[-71.063939,42.352429]]]},"properties":{"id":"671479-0","height_m":38.51}},{"type":"Feature","geometry":{"type":"Polygon","coordinates":[[[-71.063909,42.352792],[-71.063971,42.352795],[-71.064012,42.352797],[-71.064309,42.352812],[-71.064309,42.352812],[-71.064344,42.352661],[-71.063924,42.352637],[-71.063909,42.352792]]]},"properties":{"id":"671480-0","height_m":47.88}},{"type":"Feature","geometry":{"type":"Polygon","coordinates":[[[-71.060327,42.352375],[-71.060308,42.352378],[-71.060339,42.352504],[-71.060548,42.352506],[-71.060606,42.352497],[-71.0605,42.352135],[-71.060316,42.352167],[-71.060327,42.352204],[-71.060327,42.352204],[-71.060332,42.352219],[-71.060373,42.352211],[-71.060395,42.352333],[-71.060369,42.352328],[-71.060327,42.352375]]]},"properties":{"id":"671481-0","height_m":30.48}},{"type":"Feature","geometry":{"type":"Polygon","coordinates":[[[-71.060161,42.352505],[-71.060211,42.352505],[-71.060337,42.352504],[-71.060339,42.352504],[-71.060308,42.352378],[-71.060276,42.352208],[-71.060118,42.352221],[-71.060161,42.352505]]]},"properties":{"id":"671482-0","height_m":30.79}},{"type":"Feature","geometry":{"type":"Polygon","coordinates":[[[-71.05782,42.354656],[-71.057816,42.354662],[-71.057938,42.3547],[-71.057948,42.35469],[-71.058017,42.354621],[-71.058011,42.354617],[-71.058159,42.35447],[-71.05817,42.354476],[-71.058173,42.354473],[-71.058171,42.354471],[-71.058243,42.3544],[-71.058247,42.354396],[-71.058249,42.354397],[-71.058251,42.354395],[-71.058143,42.354336],[-71.058139,42.35434],[-71.058088,42.35431],[-71.058095,42.354303],[-71.058056,42.354281],[-71.058048,42.354289],[-71.058038,42.354283],[-71.058033,42.354288],[-71.058025,42.354285],[-71.058032,42.354277],[-71.058008,42.354268],[-71.058004,42.354273],[-71.05798,42.354261],[-71.057909,42.354363],[-71.057739,42.354635],[-71.057783,42.354649],[-71.057794,42.354652],[-71.057796,42.354648],[-71.05782,42.354656]]]},"properties":{"id":"671483-0","height_m":23.61}},{"type":"Feature","geometry":{"type":"Polygon","coordinates":[[[-71.057856,42.354091],[-71.057976,42.354134],[-71.058134,42.353886],[-71.05806,42.353838],[-71.058057,42.353841],[-71.058044,42.353831],[-71.058014,42.353836],[-71.057856,42.354091]]]},"properties":{"id":"671484-0","height_m":24.12}},{"type":"Feature","geometry":{"type":"Polygon","coordinates":[[[-71.059104,42.353521],[-71.059116,42.35351],[-71.059213,42.35342],[-71.05922,42.353403],[-71.059207,42.353385],[-71.059185,42.353377],[-71.058861,42.353373],[-71.059104,42.353521]]]},"properties":{"id":"671485-0","height_m":11.59}},{"type":"Feature","geometry":{"type":"Polygon","coordinates":[[[-71.058243,42.354151],[-71.058141,42.354297],[-71.058242,42.354355],[-71.05824,42.354357],[-71.05827,42.354374],[-71.058272,42.354373],[-71.05852,42.354135],[-71.05837,42.354038],[-71.058243,42.354151]]]},"properties":{"id":"671486-0","height_m":23.04}},{"type":"Feature","geometry":{"type":"Polygon","coordinates":[[[-71.058068,42.354169],[-71.058195,42.354219],[-71.058243,42.354151],[-71.05837,42.354038],[-71.058367,42.354037],[-71.058222,42.353943],[-71.058221,42.353942],[-71.058068,42.354169]]]},"properties":{"id":"671487-0","height_m":21.72}},{"type":"Feature","geometry":{"type":"Polygon","coordinates":[[[-71.058144,42.353678],[-71.058264,42.353363],[-71.05823,42.353365],[-71.058229,42.353363],[-71.058208,42.353364],[-71.058208,42.353367],[-71.0582,42.353367],[-71.058199,42.353364],[-71.058175,42.353365],[-71.058176,42.353369],[-71.058162,42.353369],[-71.058161,42.353366],[-71.058122,42.353368],[-71.058123,42.353371],[-71.058106,42.353372],[-71.058106,42.35337],[-71.058083,42.353371],[-71.058083,42.353373],[-71.058078,42.353374],[-71.058078,42.35337],[-71.058054,42.353371],[-71.058054,42.353376],[-71.058021,42.353377],[-71.058016,42.353373],[-71.057985,42.353392],[-71.05798,42.35339],[-71.057961,42.353442],[-71.057955,42.35346],[-71.057953,42.353466],[-71.057949,42.353477],[-71.057938,42.353506],[-71.057933,42.353509],[-71.057947,42.353542],[-71.057951,42.353542],[-71.058144,42.353678]]]},"properties":{"id":"671488-0","height_m":22.24}},{"type":"Feature","geometry":{"type":"Polygon","coordinates":[[[-71.057976,42.354134],[-71.058068,42.354169],[-71.058221,42.353942],[-71.058142,42.353891],[-71.058134,42.353886],[-71.057976,42.354134]]]},"properties":{"id":"671489-0","height_m":22.72}},{"type":"Feature","geometry":{"type":"Polygon","coordinates":[[[-71.058035,42.354248],[-71.058085,42.354175],[-71.058068,42.354169],[-71.057976,42.354134],[-71.057856,42.354091],[-71.057809,42.354167],[-71.058,42.354238],[-71.058004,42.35424],[-71.058009,42.354235],[-71.058035,42.354248]]]},"properties":{"id":"671490-0","height_m":21.93}},{"type":"Feature","geometry":{"type":"Polygon","coordinates":[[[-71.057726,42.354302],[-71.057728,42.354303],[-71.057909,42.354363],[-71.05798,42.354261],[-71.058,42.354238],[-71.057809,42.354167],[-71.057792,42.354194],[-71.057798,42.354196],[-71.05775,42.354275],[-71.057745,42.354273],[-71.057726,42.354302]]]},"properties":{"id":"671491-0","height_m":23.07}},{"type":"Feature","geometry":{"type":"Polygon","coordinates":[[[-71.058318,42.353791],[-71.058313,42.353795],[-71.05861,42.353988],[-71.058846,42.353765],[-71.058847,42.353764],[-71.058697,42.353676],[-71.058683,42.353689],[-71.058519,42.353592],[-71.058498,42.353614],[-71.058388,42.353552],[-71.058447,42.353361],[-71.058263,42.353356],[-71.058264,42.353363],[-71.058144,42.353678],[-71.058142,42.35368],[-71.058228,42.353739],[-71.058232,42.353736],[-71.058318,42.353791]]]},"properties":{"id":"671492-0","height_m":22.46}},{"type":"Feature","geometry":{"type":"Polygon","coordinates":[[[-71.058878,42.353731],[-71.058881,42.353729],[-71.058958,42.353657],[-71.059004,42.353614],[-71.059104,42.353521],[-71.058861,42.353373],[-71.058857,42.353371],[-71.058817,42.353371],[-71.058813,42.353369],[-71.058706,42.353366],[-71.058707,42.353349],[-71.058601,42.353346],[-71.0586,42.353363],[-71.058573,42.353362],[-71.058572,42.353365],[-71.058447,42.353361],[-71.058388,42.353552],[-71.058498,42.353614],[-71.058519,42.353592],[-71.058532,42.35358],[-71.058555,42.353594],[-71.05859,42.353561],[-71.058878,42.353731]]]},"properties":{"id":"671493-0","height_m":79.77}},{"type":"Feature","geometry":{"type":"Polygon","coordinates":[[[-71.056898,42.35408],[-71.056989,42.35411],[-71.057153,42.354166],[-71.057206,42.354184],[-71.05721,42.354185],[-71.057241,42.354196],[-71.057485,42.354278],[-71.057494,42.354281],[-71.057499,42.354273],[-71.057519,42.354242],[-71.057276,42.354162],[-71.057334,42.354063],[-71.057003,42.353951],[-71.056991,42.353971],[-71.056975,42.353966],[-71.05697,42.353964],[-71.056898,42.35408]]]},"properties":{"id":"671494-0","height_m":11.01}},{"type":"Feature","geometry":{"type":"Polygon","coordinates":[[[-71.055923,42.352162],[-71.055846,42.352326],[-71.055909,42.352342],[-71.05644,42.352475],[-71.056722,42.35237],[-71.056798,42.352204],[-71.056212,42.352057],[-71.055923,42.352162]]]},"properties":{"id":"671495-0","height_m":179.92}},{"type":"Feature","geometry":{"type":"Polygon","coordinates":[[[-71.055876,42.352367],[-71.056034,42.352612],[-71.056061,42.352617],[-71.056166,42.352579],[-71.056383,42.3525],[-71.05639,42.352493],[-71.056391,42.35248],[-71.056387,42.352475],[-71.056374,42.352473],[-71.056379,42.35246],[-71.055909,42.352342],[-71.055904,42.352353],[-71.055895,42.352352],[-71.055876,42.352367]]]},"properties":{"id":"671496-0","height_m":27.36}},{"type":"Feature","geometry":{"type":"Polygon","coordinates":[[[-71.05713,42.352969],[-71.057128,42.352971],[-71.057126,42.352973],[-71.057124,42.352975],[-71.057122,42.352977],[-71.05712,42.352979],[-71.057119,42.352982],[-71.057117,42.352984],[-71.057116,42.352986],[-71.057114,42.352988],[-71.057113,42.352991],[-71.057111,42.352993],[-71.05711,42.352995],[-71.057109,42.352998],[-71.057108,42.353],[-71.057107,42.353003],[-71.057106,42.353005],[-71.057105,42.353007],[-71.057104,42.35301],[-71.057103,42.353012],[-71.057102,42.353015],[-71.057102,42.353017],[-71.057101,42.35302],[-71.057101,42.353022],[-71.0571,42.353025],[-71.0571,42.353027],[-71.0571,42.35303],[-71.057099,42.353032],[-71.057099,42.353035],[-71.057099,42.353038],[-71.057099,42.35304],[-71.057099,42.353043],[-71.0571,42.353045],[-71.0571,42.353048],[-71.0571,42.35305],[-71.057101,42.353053],[-71.057101,42.353055],[-71.057102,42.353058],[-71.057102,42.35306],[-71.057103,42.353063],[-71.057104,42.353065],[-71.057104,42.353068],[-71.057105,42.35307],[-71.057106,42.353073],[-71.057107,42.353075],[-71.057109,42.353077],[-71.05711,42.35308],[-71.057111,42.353082],[-71.057112,42.353085],[-71.057114,42.353087],[-71.057115,42.353089],[-71.057117,42.353091],[-71.057118,42.353094],[-71.05712,42.353096],[-71.057122,42.353098],[-71.057123,42.3531],[-71.057125,42.353102],[-71.057127,42.353105],[-71.057129,42.353107],[-71.057131,42.353109],[-71.057133,42.353111],[-71.057135,42.353113],[-71.057138,42.353115],[-71.05714,42.353117],[-71.057142,42.353118],[-71.057145,42.35312],[-71.057147,42.353122],[-71.057149,42.353124],[-71.057152,42.353126],[-71.057155,42.353127],[-71.057157,42.353129],[-71.05716,42.35313],[-71.057163,42.353132],[-71.057165,42.353133],[-71.057168,42.353135],[-71.057171,42.353136],[-71.057174,42.353138],[-71.057177,42.353139],[-71.05718,42.35314],[-71.057183,42.353142],[-71.057186,42.353143],[-71.057189,42.353144],[-71.057192,42.353145],[-71.057195,42.353146],[-71.057198,42.353147],[-71.057201,42.353148],[-71.057205,42.353149],[-71.057208,42.35315],[-71.057211,42.35315],[-71.057214,42.353151],[-71.057218,42.353152],[-71.057221,42.353152],[-71.057224,42.353153],[-71.057228,42.353153],[-71.057226,42.353162],[-71.057263,42.353165],[-71.057259,42.353188],[-71.057266,42.353188],[-71.057276,42.353127],[-71.057191,42.353119],[-71.057195,42.353096],[-71.057179,42.353095],[-71.057181,42.353087],[-71.057172,42.353072],[-71.057167,42.353051],[-71.057168,42.353024],[-71.057177,42.353003],[-71.057188,42.352988],[-71.057201,42.352975],[-71.057203,42.352968],[-71.057217,42.352969],[-71.05722,42.352946],[-71.057307,42.352954],[-71.057316,42.352897],[-71.057309,42.352896],[-71.057307,42.352903],[-71.057307,42.352903],[-71.057304,42.352917],[-71.057267,42.352913],[-71.057266,42.35292],[-71.057263,42.35292],[-71.057259,42.35292],[-71.057256,42.35292],[-71.057252,42.35292],[-71.057249,42.35292],[-71.057246,42.35292],[-71.057242,42.352921],[-71.057239,42.352921],[-71.057235,42.352921],[-71.057232,42.352922],[-71.057229,42.352922],[-71.057225,42.352923],[-71.057222,42.352923],[-71.057219,42.352924],[-71.057215,42.352924],[-71.057212,42.352925],[-71.057209,42.352926],[-71.057206,42.352927],[-71.057202,42.352928],[-71.057199,42.352929],[-71.057196,42.35293],[-71.057193,42.352931],[-71.05719,42.352932],[-71.057187,42.352933],[-71.057184,42.352934],[-71.057181,42.352935],[-71.057178,42.352936],[-71.057175,42.352938],[-71.057172,42.352939],[-71.057169,42.35294],[-71.057166,42.352942],[-71.057163,42.352943],[-71.057161,42.352945],[-71.057158,42.352947],[-71.057155,42.352948],[-71.057153,42.35295],[-71.05715,42.352952],[-71.057148,42.352953],[-71.057145,42.352955],[-71.057143,42.352957],[-71.05714,42.352959],[-71.057138,42.352961],[-71.057136,42.352963],[-71.057134,42.352965],[-71.057132,42.352967],[-71.05713,42.352969]]]},"properties":{"id":"671497-0","height_m":76.93}},{"type":"Feature","geometry":{"type":"Polygon","coordinates":[[[-71.055628,42.354474],[-71.055641,42.354487],[-71.055671,42.354591],[-71.056231,42.354504],[-71.056174,42.354302],[-71.056126,42.354308],[-71.056124,42.354313],[-71.056034,42.354324],[-71.056043,42.354337],[-71.055919,42.354368],[-71.05576,42.354407],[-71.055745,42.354392],[-71.055628,42.354474]]]},"properties":{"id":"671498-0","height_m":35}},{"type":"Feature","geometry":{"type":"Polygon","coordinates":[[[-71.05556,42.353827],[-71.055578,42.353819],[-71.055585,42.353816],[-71.055626,42.353798],[-71.055637,42.353812],[-71.055823,42.353729],[-71.055799,42.353703],[-71.055622,42.353518],[-71.055614,42.353523],[-71.055589,42.353497],[-71.055586,42.353499],[-71.055421,42.353589],[-71.055419,42.353591],[-71.055434,42.353606],[-71.055404,42.353623],[-71.055399,42.353625],[-71.055376,42.353638],[-71.05556,42.353827]]]},"properties":{"id":"671499-0","height_m":44.33}},{"type":"Feature","geometry":{"type":"Polygon","coordinates":[[[-71.055258,42.35365],[-71.055158,42.353704],[-71.05502,42.35378],[-71.054915,42.353838],[-71.054928,42.35385],[-71.055156,42.35408],[-71.055162,42.354085],[-71.055228,42.354018],[-71.055375,42.353911],[-71.055468,42.353874],[-71.055484,42.353868],[-71.055258,42.35365]]]},"properties":{"id":"671500-0","height_m":21.16}},{"type":"Feature","geometry":{"type":"Polygon","coordinates":[[[-71.055872,42.353669],[-71.055799,42.353703],[-71.055823,42.353729],[-71.055915,42.353689],[-71.055913,42.353686],[-71.05596,42.353665],[-71.055962,42.353667],[-71.056064,42.353622],[-71.056023,42.353542],[-71.05602,42.353543],[-71.055965,42.353436],[-71.055937,42.353383],[-71.055942,42.353381],[-71.055939,42.353377],[-71.055936,42.35337],[-71.055919,42.353337],[-71.055897,42.353294],[-71.055849,42.353321],[-71.055813,42.353341],[-71.055804,42.353345],[-71.055799,42.353348],[-71.0558,42.353349],[-71.055736,42.353385],[-71.055727,42.353389],[-71.055715,42.353396],[-71.055706,42.353401],[-71.055663,42.353425],[-71.05566,42.353422],[-71.055647,42.353429],[-71.055638,42.353434],[-71.055582,42.353464],[-71.055573,42.353469],[-71.055584,42.35348],[-71.055622,42.353518],[-71.055691,42.353481],[-71.055872,42.353669]]]},"properties":{"id":"671501-0","height_m":27.24}},{"type":"Feature","geometry":{"type":"Polygon","coordinates":[[[-71.055622,42.353518],[-71.055799,42.353703],[-71.055872,42.353669],[-71.055691,42.353481],[-71.055622,42.353518]]]},"properties":{"id":"671502-0","height_m":27.24}},{"type":"Feature","geometry":{"type":"Polygon","coordinates":[[[-71.056787,42.353755],[-71.056675,42.353796],[-71.056712,42.353856],[-71.056977,42.35377],[-71.056982,42.353769],[-71.056981,42.353743],[-71.056974,42.353639],[-71.056831,42.35369],[-71.056774,42.353606],[-71.056966,42.353521],[-71.056964,42.353493],[-71.056971,42.353492],[-71.056956,42.35343],[-71.056948,42.353395],[-71.056941,42.353395],[-71.05692,42.353398],[-71.056898,42.353402],[-71.056877,42.353407],[-71.056856,42.353413],[-71.056836,42.353419],[-71.056816,42.353425],[-71.056796,42.353433],[-71.056776,42.353441],[-71.056757,42.353449],[-71.056521,42.353559],[-71.05653,42.35357],[-71.056569,42.353632],[-71.056682,42.353584],[-71.056787,42.353755]]]},"properties":{"id":"671503-0","height_m":38.61}},{"type":"Feature","geometry":{"type":"Polygon","coordinates":[[[-71.056391,42.35248],[-71.05639,42.352493],[-71.056383,42.3525],[-71.056166,42.352579],[-71.056147,42.352607],[-71.056276,42.352641],[-71.056859,42.352484],[-71.056874,42.352465],[-71.056889,42.352445],[-71.056903,42.352425],[-71.056916,42.352405],[-71.056928,42.352384],[-71.05694,42.352364],[-71.056951,42.352343],[-71.056962,42.352321],[-71.056971,42.3523],[-71.05698,42.352279],[-71.056988,42.352257],[-71.057,42.352232],[-71.05699,42.352229],[-71.056333,42.352064],[-71.056249,42.352043],[-71.056202,42.352031],[-71.056166,42.352044],[-71.056134,42.352056],[-71.05594,42.352127],[-71.055923,42.352162],[-71.056212,42.352057],[-71.056798,42.352204],[-71.056722,42.35237],[-71.05644,42.352475],[-71.056379,42.35246],[-71.056374,42.352473],[-71.056387,42.352475],[-71.056391,42.35248]]]},"properties":{"id":"671504-0","height_m":52.27}},{"type":"Feature","geometry":{"type":"Polygon","coordinates":[[[-71.059283,42.352791],[-71.059285,42.352799],[-71.05931,42.352801],[-71.059338,42.353013],[-71.05937,42.35301],[-71.05936,42.352946],[-71.059352,42.352894],[-71.05935,42.352878],[-71.059341,42.352821],[-71.059339,42.352807],[-71.059345,42.352807],[-71.059337,42.352738],[-71.059341,42.352738],[-71.059318,42.352574],[-71.058902,42.352524],[-71.058901,42.352532],[-71.058885,42.35253],[-71.058874,42.352583],[-71.058873,42.352588],[-71.058176,42.352542],[-71.058151,42.352558],[-71.058142,42.35255],[-71.058071,42.352594],[-71.058079,42.352601],[-71.058055,42.352616],[-71.058017,42.35285],[-71.058011,42.352884],[-71.058004,42.352927],[-71.058089,42.352931],[-71.058094,42.352898],[-71.058139,42.352902],[-71.05814,42.352897],[-71.058145,42.352862],[-71.058092,42.352859],[-71.058097,42.352814],[-71.058042,42.352811],[-71.058045,42.352784],[-71.058065,42.352629],[-71.058126,42.352633],[-71.058131,42.352588],[-71.058177,42.352591],[-71.058182,42.352549],[-71.058754,42.352587],[-71.058749,42.352628],[-71.058802,42.352632],[-71.058798,42.352668],[-71.058851,42.352671],[-71.058838,42.352776],[-71.058889,42.352777],[-71.058889,42.352769],[-71.059283,42.352791]]]},"properties":{"id":"671505-0","height_m":119.12}},{"type":"Feature","geometry":{"type":"Polygon","coordinates":[[[-71.059659,42.353965],[-71.059745,42.354017],[-71.059769,42.353996],[-71.059795,42.353973],[-71.059707,42.353921],[-71.059659,42.353965]]]},"properties":{"id":"671506-0","height_m":8.98}},{"type":"Feature","geometry":{"type":"Polygon","coordinates":[[[-71.059577,42.353511],[-71.059592,42.35352],[-71.059633,42.353544],[-71.059636,42.353547],[-71.059638,42.353551],[-71.059639,42.353554],[-71.059639,42.353558],[-71.059638,42.353562],[-71.059619,42.353579],[-71.059664,42.353606],[-71.059789,42.35348],[-71.059662,42.353426],[-71.059658,42.353425],[-71.059577,42.353511]]]},"properties":{"id":"671507-0","height_m":8.9}},{"type":"Feature","geometry":{"type":"Polygon","coordinates":[[[-71.05988,42.353282],[-71.059895,42.35329],[-71.060009,42.353168],[-71.060084,42.353206],[-71.060198,42.353083],[-71.060183,42.353075],[-71.060129,42.353047],[-71.060156,42.353018],[-71.060152,42.353015],[-71.060028,42.352952],[-71.059736,42.352806],[-71.059657,42.352762],[-71.059553,42.352772],[-71.059559,42.352814],[-71.059606,42.353106],[-71.059612,42.353145],[-71.05988,42.353282]]]},"properties":{"id":"671508-0","height_m":31.74}},{"type":"Feature","geometry":{"type":"Polygon","coordinates":[[[-71.059531,42.352816],[-71.059577,42.353108],[-71.059606,42.353106],[-71.059559,42.352814],[-71.059531,42.352816]]]},"properties":{"id":"671509-0","height_m":10.74}},{"type":"Feature","geometry":{"type":"Polygon","coordinates":[[[-71.060084,42.353206],[-71.060096,42.353212],[-71.060099,42.353214],[-71.060176,42.353253],[-71.06021,42.353271],[-71.060325,42.353148],[-71.060289,42.353129],[-71.060214,42.353091],[-71.060198,42.353083],[-71.060084,42.353206]]]},"properties":{"id":"671510-0","height_m":23.88}},{"type":"Feature","geometry":{"type":"Polygon","coordinates":[[[-71.061277,42.35336],[-71.061284,42.353363],[-71.061342,42.353234],[-71.06136,42.353145],[-71.061317,42.353123],[-71.061278,42.353165],[-71.061211,42.353132],[-71.061159,42.35319],[-71.061073,42.353148],[-71.061125,42.35309],[-71.061054,42.353055],[-71.061094,42.35301],[-71.060971,42.35295],[-71.060815,42.353125],[-71.06081,42.353131],[-71.061277,42.35336]]]},"properties":{"id":"671511-0","height_m":38.71}},{"type":"Feature","geometry":{"type":"Polygon","coordinates":[[[-71.061211,42.353132],[-71.061278,42.353165],[-71.061317,42.353123],[-71.06136,42.353145],[-71.06134,42.352871],[-71.061255,42.35288],[-71.06112,42.352809],[-71.061104,42.352801],[-71.061103,42.352802],[-71.060971,42.35295],[-71.061094,42.35301],[-71.061054,42.353055],[-71.061125,42.35309],[-71.061211,42.353132]]]},"properties":{"id":"671512-0","height_m":38.71}},{"type":"Feature","geometry":{"type":"Polygon","coordinates":[[[-71.061255,42.35288],[-71.06134,42.352871],[-71.061339,42.35287],[-71.061347,42.35287],[-71.061336,42.35258],[-71.061194,42.352592],[-71.061142,42.352783],[-71.061141,42.352785],[-71.06112,42.352809],[-71.061255,42.35288]]]},"properties":{"id":"671513-0","height_m":38.37}},{"type":"Feature","geometry":{"type":"Polygon","coordinates":[[[-71.060197,42.35274],[-71.060326,42.352759],[-71.060353,42.352761],[-71.060338,42.35264],[-71.060329,42.35264],[-71.060263,42.35264],[-71.060264,42.352647],[-71.060188,42.352643],[-71.060188,42.352646],[-71.060197,42.35274]]]},"properties":{"id":"671514-0","height_m":8.06}},{"type":"Feature","geometry":{"type":"Polygon","coordinates":[[[-71.061315,42.351674],[-71.061326,42.351726],[-71.061352,42.351859],[-71.061624,42.351848],[-71.061641,42.351847],[-71.06164,42.351832],[-71.061607,42.35166],[-71.061532,42.351664],[-71.061514,42.351538],[-71.061513,42.351535],[-71.061289,42.351543],[-71.061315,42.351674]]]},"properties":{"id":"671515-0","height_m":32.02}},{"type":"Feature","geometry":{"type":"Polygon","coordinates":[[[-71.061627,42.351891],[-71.061638,42.352035],[-71.061638,42.352037],[-71.061697,42.352035],[-71.06169,42.351899],[-71.062111,42.351866],[-71.062113,42.351886],[-71.062148,42.351881],[-71.06213,42.351739],[-71.062193,42.351747],[-71.062187,42.351691],[-71.062209,42.351553],[-71.06213,42.351536],[-71.062023,42.351525],[-71.061514,42.351538],[-71.061532,42.351664],[-71.061607,42.35166],[-71.06164,42.351832],[-71.061649,42.351832],[-71.061649,42.351829],[-71.061671,42.351828],[-71.061671,42.35183],[-71.061681,42.35183],[-71.061681,42.351828],[-71.061732,42.351826],[-71.061732,42.351827],[-71.061744,42.351826],[-71.061744,42.351822],[-71.061817,42.351819],[-71.061817,42.351822],[-71.061832,42.351821],[-71.061831,42.351819],[-71.061878,42.351817],[-71.061878,42.351819],[-71.061892,42.351818],[-71.061892,42.351816],[-71.061937,42.351815],[-71.061938,42.35182],[-71.061947,42.35182],[-71.061947,42.351818],[-71.062029,42.351814],[-71.062029,42.351817],[-71.062042,42.351816],[-71.062043,42.351818],[-71.062047,42.351818],[-71.062048,42.351832],[-71.061684,42.351847],[-71.061685,42.351851],[-71.061625,42.351853],[-71.061627,42.351891]]]},"properties":{"id":"671516-0","height_m":29.1}},{"type":"Feature","geometry":{"type":"Polygon","coordinates":[[[-71.062205,42.352366],[-71.062206,42.352372],[-71.062361,42.35236],[-71.062481,42.35235],[-71.062499,42.352341],[-71.062515,42.352288],[-71.062533,42.35223],[-71.062568,42.352116],[-71.06257,42.352112],[-71.062561,42.352111],[-71.062249,42.352081],[-71.06223,42.352201],[-71.062186,42.352194],[-71.062205,42.352366]]]},"properties":{"id":"671517-0","height_m":21.9}},{"type":"Feature","geometry":{"type":"Polygon","coordinates":[[[-71.060709,42.352497],[-71.061084,42.352464],[-71.061117,42.352277],[-71.061041,42.352292],[-71.061028,42.352262],[-71.060841,42.352292],[-71.060776,42.352083],[-71.060742,42.351969],[-71.060551,42.351995],[-71.060709,42.352497]]]},"properties":{"id":"671518-0","height_m":39.93}},{"type":"Feature","geometry":{"type":"Polygon","coordinates":[[[-71.060841,42.352292],[-71.061028,42.352262],[-71.061041,42.352292],[-71.061117,42.352277],[-71.061116,42.352254],[-71.061125,42.352254],[-71.061106,42.352027],[-71.060795,42.352076],[-71.060795,42.352078],[-71.060776,42.352083],[-71.060841,42.352292]]]},"properties":{"id":"671519-0","height_m":12.44}},{"type":"Feature","geometry":{"type":"Polygon","coordinates":[[[-71.060551,42.351994],[-71.060551,42.351994],[-71.060551,42.351995],[-71.060742,42.351969],[-71.06074,42.351962],[-71.060737,42.351962],[-71.060656,42.351696],[-71.060526,42.351718],[-71.06047,42.351727],[-71.060551,42.351994]]]},"properties":{"id":"671520-0","height_m":19.98}},{"type":"Feature","geometry":{"type":"Polygon","coordinates":[[[-71.054207,42.352892],[-71.054215,42.35288],[-71.054244,42.352892],[-71.054341,42.352761],[-71.054434,42.352636],[-71.054476,42.352579],[-71.054449,42.352568],[-71.054458,42.352556],[-71.054198,42.35245],[-71.054191,42.35246],[-71.054166,42.35245],[-71.054124,42.352505],[-71.05403,42.352633],[-71.053934,42.352762],[-71.053959,42.352772],[-71.053951,42.352785],[-71.054207,42.352892]]]},"properties":{"id":"671521-0","height_m":169.62}},{"type":"Feature","geometry":{"type":"Polygon","coordinates":[[[-71.053896,42.352834],[-71.053883,42.352852],[-71.053896,42.352858],[-71.054169,42.35297],[-71.054221,42.352897],[-71.054207,42.352892],[-71.053951,42.352785],[-71.053937,42.352779],[-71.053896,42.352834]]]},"properties":{"id":"671522-0","height_m":182.77}},{"type":"Feature","geometry":{"type":"Polygon","coordinates":[[[-71.054185,42.352444],[-71.054198,42.35245],[-71.054458,42.352556],[-71.054473,42.352562],[-71.054526,42.35249],[-71.054239,42.352372],[-71.054185,42.352444]]]},"properties":{"id":"671523-0","height_m":182.93}},{"type":"Feature","geometry":{"type":"Polygon","coordinates":[[[-71.056112,42.354258],[-71.055996,42.354274],[-71.056034,42.354324],[-71.056124,42.354313],[-71.056126,42.354308],[-71.056174,42.354302],[-71.05619,42.3543],[-71.056092,42.353765],[-71.055891,42.353852],[-71.055898,42.353909],[-71.056036,42.353849],[-71.056112,42.354258]]]},"properties":{"id":"671524-0","height_m":39.56}},{"type":"Feature","geometry":{"type":"Polygon","coordinates":[[[-71.056345,42.353902],[-71.056347,42.353906],[-71.05635,42.353911],[-71.056353,42.353915],[-71.056357,42.353918],[-71.056362,42.353922],[-71.056367,42.353925],[-71.056372,42.353927],[-71.056378,42.353929],[-71.056385,42.35393],[-71.056391,42.35393],[-71.056397,42.35393],[-71.056471,42.353921],[-71.056459,42.353885],[-71.056394,42.353895],[-71.056358,42.353685],[-71.056414,42.353656],[-71.056391,42.353626],[-71.05634,42.35365],[-71.056334,42.353653],[-71.056328,42.353657],[-71.056324,42.35366],[-71.056319,42.353664],[-71.056316,42.353669],[-71.056313,42.353674],[-71.056311,42.353679],[-71.05631,42.353684],[-71.056309,42.353689],[-71.05631,42.353694],[-71.056345,42.353902]]]},"properties":{"id":"671525-0","height_m":59.31}},{"type":"Feature","geometry":{"type":"Polygon","coordinates":[[[-71.05762,42.353144],[-71.057671,42.353149],[-71.057665,42.353189],[-71.057731,42.353195],[-71.057796,42.352781],[-71.057775,42.352779],[-71.057776,42.35277],[-71.057748,42.352767],[-71.057749,42.352759],[-71.057742,42.352759],[-71.057742,42.352755],[-71.057723,42.352747],[-71.057703,42.352739],[-71.057688,42.352735],[-71.057668,42.352733],[-71.057647,42.352734],[-71.05762,42.352738],[-71.057597,42.352742],[-71.057597,42.352746],[-71.057586,42.352745],[-71.057585,42.35275],[-71.05756,42.352748],[-71.057559,42.352759],[-71.057549,42.352758],[-71.057548,42.352762],[-71.057532,42.352761],[-71.057529,42.352778],[-71.057509,42.352907],[-71.057393,42.352897],[-71.057392,42.3529],[-71.057341,42.352896],[-71.057342,42.352891],[-71.05731,42.352888],[-71.057309,42.352896],[-71.057316,42.352897],[-71.057415,42.352905],[-71.057409,42.35294],[-71.057604,42.352958],[-71.057609,42.352923],[-71.057708,42.352932],[-71.057696,42.353006],[-71.057643,42.353001],[-71.05762,42.353144]]]},"properties":{"id":"671526-0","height_m":77.02}},{"type":"Feature","geometry":{"type":"Polygon","coordinates":[[[-71.068761,42.35197],[-71.068833,42.352167],[-71.068853,42.352163],[-71.068932,42.352147],[-71.068956,42.352143],[-71.06902,42.35213],[-71.069053,42.352123],[-71.069047,42.352105],[-71.069029,42.352056],[-71.06902,42.35203],[-71.068995,42.351962],[-71.068982,42.351926],[-71.068761,42.35197]]]},"properties":{"id":"671567-0","height_m":38.68}},{"type":"Feature","geometry":{"type":"Polygon","coordinates":[[[-71.06826,42.35207],[-71.068477,42.352027],[-71.068474,42.352019],[-71.068759,42.351962],[-71.068761,42.35197],[-71.068982,42.351926],[-71.068976,42.351909],[-71.068951,42.351843],[-71.068942,42.351817],[-71.068926,42.351772],[-71.068918,42.351752],[-71.068872,42.351761],[-71.068846,42.351767],[-71.068773,42.351781],[-71.068744,42.351787],[-71.068671,42.351802],[-71.068646,42.351807],[-71.068574,42.351821],[-71.068545,42.351827],[-71.068475,42.351841],[-71.068444,42.351847],[-71.068372,42.351862],[-71.068342,42.351868],[-71.068204,42.351895],[-71.068197,42.351897],[-71.06826,42.35207]]]},"properties":{"id":"671568-0","height_m":52.4}},{"type":"Feature","geometry":{"type":"Polygon","coordinates":[[[-71.066024,42.351799],[-71.066023,42.351811],[-71.06603,42.351817],[-71.066032,42.351817],[-71.066032,42.351831],[-71.066135,42.351838],[-71.066214,42.351843],[-71.066217,42.351816],[-71.066192,42.351815],[-71.066195,42.351766],[-71.066185,42.351765],[-71.066187,42.351731],[-71.06604,42.351731],[-71.066039,42.351741],[-71.066036,42.351741],[-71.066028,42.351747],[-71.066027,42.351761],[-71.066034,42.351765],[-71.066036,42.351766],[-71.066035,42.351793],[-71.066034,42.351793],[-71.066024,42.351799]]]},"properties":{"id":"671569-0","height_m":13.76}},{"type":"Feature","geometry":{"type":"Polygon","coordinates":[[[-71.066029,42.351867],[-71.066133,42.351874],[-71.066135,42.351838],[-71.066032,42.351831],[-71.066029,42.351867]]]},"properties":{"id":"671570-0","height_m":11.16}},{"type":"Feature","geometry":{"type":"Polygon","coordinates":[[[-71.066214,42.351843],[-71.066222,42.351844],[-71.066219,42.35188],[-71.066295,42.351885],[-71.066296,42.35187],[-71.066299,42.351819],[-71.066293,42.351819],[-71.066251,42.351817],[-71.066217,42.351816],[-71.066214,42.351843]]]},"properties":{"id":"671571-0","height_m":12.11}},{"type":"Feature","geometry":{"type":"Polygon","coordinates":[[[-71.066133,42.351874],[-71.066219,42.35188],[-71.066222,42.351844],[-71.066135,42.351838],[-71.066133,42.351874]]]},"properties":{"id":"671572-0","height_m":9.79}},{"type":"Feature","geometry":{"type":"Polygon","coordinates":[[[-71.06599,42.352165],[-71.06608,42.35217],[-71.066082,42.352156],[-71.06627,42.352169],[-71.066279,42.352029],[-71.066286,42.352029],[-71.066295,42.351885],[-71.066029,42.351867],[-71.066028,42.351867],[-71.066019,42.351935],[-71.066023,42.351936],[-71.066022,42.351939],[-71.066013,42.352005],[-71.066012,42.352014],[-71.066009,42.352034],[-71.066008,42.352038],[-71.066005,42.352059],[-71.066004,42.352064],[-71.066001,42.352085],[-71.065996,42.352125],[-71.065993,42.352144],[-71.06599,42.352165]]]},"properties":{"id":"671573-0","height_m":13.51}},{"type":"Feature","geometry":{"type":"Polygon","coordinates":[[[-71.066258,42.352198],[-71.066248,42.352324],[-71.066298,42.352325],[-71.066306,42.352197],[-71.066344,42.352199],[-71.066352,42.352081],[-71.066297,42.352079],[-71.066302,42.352079],[-71.066289,42.352186],[-71.06626,42.352184],[-71.066258,42.352198]]]},"properties":{"id":"671574-0","height_m":15.04}},{"type":"Feature","geometry":{"type":"Polygon","coordinates":[[[-71.066063,42.352392],[-71.066152,42.352395],[-71.066168,42.352192],[-71.06617,42.352176],[-71.06608,42.35217],[-71.066063,42.352392]]]},"properties":{"id":"671575-0","height_m":17.18}},{"type":"Feature","geometry":{"type":"Polygon","coordinates":[[[-71.066152,42.352395],[-71.066151,42.352404],[-71.066242,42.352407],[-71.066243,42.3524],[-71.066248,42.352324],[-71.066258,42.352198],[-71.066168,42.352192],[-71.066152,42.352395]]]},"properties":{"id":"671576-0","height_m":26.36}},{"type":"Feature","geometry":{"type":"Polygon","coordinates":[[[-71.066051,42.352386],[-71.066051,42.352391],[-71.066063,42.352392],[-71.06608,42.35217],[-71.06599,42.352165],[-71.065987,42.352165],[-71.065985,42.352191],[-71.065984,42.352213],[-71.065983,42.352218],[-71.065967,42.352225],[-71.065966,42.35224],[-71.065977,42.35225],[-71.065976,42.352258],[-71.065964,42.352267],[-71.065963,42.352281],[-71.065975,42.352291],[-71.065975,42.352299],[-71.06596,42.352308],[-71.065959,42.352322],[-71.065971,42.352331],[-71.065967,42.352387],[-71.065981,42.352388],[-71.065981,42.352383],[-71.066051,42.352386]]]},"properties":{"id":"671577-0","height_m":25.17}},{"type":"Feature","geometry":{"type":"Polygon","coordinates":[[[-71.060646,42.352822],[-71.0607,42.35283],[-71.060851,42.352905],[-71.060873,42.35288],[-71.060905,42.352844],[-71.060951,42.352792],[-71.060956,42.352786],[-71.060958,42.352784],[-71.060963,42.352778],[-71.060967,42.352771],[-71.060971,42.352765],[-71.060973,42.352762],[-71.060976,42.352756],[-71.060981,42.352746],[-71.060985,42.352736],[-71.060988,42.352727],[-71.06099,42.35272],[-71.060992,42.35271],[-71.060994,42.3527],[-71.060995,42.352689],[-71.060995,42.352679],[-71.060994,42.352666],[-71.060993,42.352658],[-71.060985,42.352601],[-71.060954,42.352604],[-71.060554,42.352642],[-71.060476,42.352641],[-71.060475,42.352641],[-71.060497,42.352778],[-71.060639,42.352766],[-71.060646,42.352822]]]},"properties":{"id":"671578-0","height_m":30.6}},{"type":"Feature","geometry":{"type":"Polygon","coordinates":[[[-71.059053,42.353268],[-71.059165,42.353272],[-71.059165,42.35327],[-71.05925,42.353267],[-71.05925,42.35327],[-71.059264,42.353266],[-71.059276,42.353263],[-71.059287,42.353259],[-71.059298,42.353255],[-71.059309,42.35325],[-71.059319,42.353244],[-71.059329,42.353238],[-71.059338,42.353232],[-71.059347,42.353225],[-71.059355,42.353218],[-71.059363,42.35321],[-71.059369,42.353202],[-71.059375,42.353194],[-71.059381,42.353185],[-71.059385,42.353177],[-71.059389,42.353168],[-71.059392,42.353157],[-71.059388,42.353157],[-71.059385,42.353095],[-71.05939,42.353095],[-71.059376,42.35301],[-71.05937,42.35301],[-71.059338,42.353013],[-71.05931,42.352801],[-71.059285,42.352799],[-71.059283,42.352791],[-71.058889,42.352769],[-71.058889,42.352777],[-71.058838,42.352776],[-71.058831,42.352837],[-71.058829,42.35285],[-71.058828,42.352861],[-71.058775,42.352858],[-71.058769,42.352904],[-71.058716,42.3529],[-71.058712,42.352935],[-71.058705,42.352935],[-71.058679,42.352933],[-71.05814,42.352897],[-71.058139,42.352902],[-71.058517,42.352933],[-71.058516,42.352945],[-71.058289,42.352927],[-71.058285,42.352952],[-71.058151,42.352941],[-71.058152,42.352937],[-71.058089,42.352931],[-71.058004,42.352927],[-71.057997,42.352927],[-71.057947,42.353231],[-71.05799,42.353263],[-71.058104,42.353257],[-71.058104,42.353251],[-71.058332,42.353239],[-71.058333,42.353246],[-71.058472,42.353238],[-71.058486,42.353238],[-71.058509,42.352998],[-71.058543,42.353001],[-71.058515,42.353228],[-71.058607,42.353238],[-71.05873,42.353252],[-71.058731,42.353245],[-71.059053,42.353259],[-71.059053,42.353268]]]},"properties":{"id":"671580-0","height_m":30.36}},{"type":"Feature","geometry":{"type":"Polygon","coordinates":[[[-71.05717,42.353637],[-71.057168,42.35364],[-71.057139,42.353688],[-71.056984,42.35394],[-71.056989,42.353942],[-71.057242,42.354027],[-71.057259,42.353999],[-71.057173,42.35397],[-71.057385,42.353625],[-71.057474,42.353653],[-71.057549,42.353532],[-71.057554,42.353522],[-71.057546,42.353519],[-71.057544,42.353519],[-71.057473,42.353495],[-71.057466,42.353492],[-71.057389,42.353466],[-71.057382,42.353464],[-71.057312,42.35344],[-71.057295,42.353434],[-71.057287,42.353446],[-71.057263,42.353486],[-71.057261,42.353488],[-71.057232,42.353536],[-71.057229,42.35354],[-71.057202,42.353585],[-71.057199,42.353589],[-71.05717,42.353637]]]},"properties":{"id":"671581-0","height_m":106.28}},{"type":"Feature","geometry":{"type":"Polygon","coordinates":[[[-71.057535,42.354247],[-71.057624,42.354102],[-71.057633,42.354088],[-71.057637,42.354081],[-71.057644,42.35407],[-71.057657,42.354049],[-71.057659,42.354045],[-71.057688,42.353998],[-71.05769,42.353995],[-71.057719,42.353948],[-71.057721,42.353944],[-71.057749,42.353899],[-71.057751,42.353895],[-71.05778,42.353849],[-71.057782,42.353845],[-71.05781,42.353799],[-71.057813,42.353795],[-71.057838,42.353754],[-71.057846,42.353741],[-71.057835,42.353737],[-71.057764,42.353713],[-71.057759,42.353712],[-71.057679,42.353685],[-71.057673,42.353682],[-71.057606,42.35366],[-71.0576,42.353658],[-71.057588,42.353654],[-71.057568,42.353685],[-71.057744,42.353748],[-71.057533,42.354095],[-71.057353,42.354031],[-71.057334,42.354063],[-71.057276,42.354162],[-71.057519,42.354242],[-71.057519,42.354242],[-71.057535,42.354247]]]},"properties":{"id":"671582-0","height_m":106.28}},{"type":"Feature","geometry":{"type":"Polygon","coordinates":[[[-71.066243,42.3524],[-71.066342,42.352404],[-71.066503,42.352411],[-71.066702,42.352419],[-71.066702,42.352421],[-71.066876,42.352428],[-71.066892,42.352418],[-71.066893,42.352357],[-71.066887,42.352356],[-71.066886,42.352263],[-71.066873,42.352119],[-71.066803,42.352118],[-71.066804,42.352105],[-71.066871,42.352105],[-71.066865,42.352007],[-71.066637,42.352007],[-71.066637,42.352014],[-71.066634,42.352014],[-71.066372,42.352004],[-71.066309,42.352002],[-71.066302,42.352002],[-71.066297,42.352079],[-71.066352,42.352081],[-71.066344,42.352199],[-71.066306,42.352197],[-71.066298,42.352325],[-71.066248,42.352324],[-71.066243,42.3524]]]},"properties":{"id":"671583-0","height_m":41.38}},{"type":"Feature","geometry":{"type":"Polygon","coordinates":[[[-71.059395,42.354312],[-71.059549,42.354171],[-71.059556,42.354175],[-71.059608,42.354127],[-71.059612,42.354124],[-71.059414,42.353996],[-71.059406,42.354004],[-71.059394,42.354083],[-71.059133,42.354047],[-71.058944,42.354227],[-71.059005,42.354271],[-71.059011,42.354265],[-71.059395,42.354312]]]},"properties":{"id":"671584-0","height_m":43.86}},{"type":"Feature","geometry":{"type":"Polygon","coordinates":[[[-71.059682,42.353588],[-71.059998,42.35377],[-71.060133,42.353635],[-71.059811,42.353458],[-71.059789,42.35348],[-71.059682,42.353588]]]},"properties":{"id":"671585-0","height_m":39.08}},{"type":"Feature","geometry":{"type":"Polygon","coordinates":[[[-71.059561,42.353734],[-71.05975,42.353848],[-71.059795,42.353807],[-71.059603,42.353695],[-71.059561,42.353734]]]},"properties":{"id":"671586-0","height_m":39.08}},{"type":"Feature","geometry":{"type":"Polygon","coordinates":[[[-71.05941,42.353411],[-71.059577,42.353511],[-71.059658,42.353425],[-71.059597,42.353398],[-71.059596,42.353398],[-71.059532,42.353395],[-71.059496,42.353393],[-71.059432,42.35339],[-71.05941,42.353411]]]},"properties":{"id":"671587-0","height_m":39.08}},{"type":"Feature","geometry":{"type":"Polygon","coordinates":[[[-71.060273,42.352855],[-71.06027,42.35286],[-71.060268,42.352864],[-71.06039,42.352924],[-71.060458,42.352958],[-71.060699,42.353076],[-71.060851,42.352905],[-71.0607,42.35283],[-71.060646,42.352822],[-71.060639,42.352766],[-71.060497,42.352778],[-71.060475,42.352641],[-71.060338,42.35264],[-71.060353,42.352761],[-71.060326,42.352759],[-71.060273,42.352855]]]},"properties":{"id":"671588-0","height_m":21.7}},{"type":"Feature","geometry":{"type":"Polygon","coordinates":[[[-71.056369,42.353472],[-71.056404,42.353486],[-71.05666,42.353366],[-71.05665,42.353319],[-71.056638,42.353263],[-71.056438,42.35318],[-71.056426,42.353175],[-71.056348,42.353143],[-71.056338,42.353139],[-71.056251,42.353103],[-71.056242,42.353099],[-71.056237,42.353097],[-71.055998,42.353225],[-71.055999,42.353228],[-71.056001,42.353237],[-71.05602,42.353309],[-71.056026,42.35333],[-71.056369,42.353472]]]},"properties":{"id":"671589-0","height_m":65.72}},{"type":"Feature","geometry":{"type":"Polygon","coordinates":[[[-71.054341,42.352761],[-71.054395,42.352783],[-71.054487,42.352659],[-71.054434,42.352636],[-71.054341,42.352761]]]},"properties":{"id":"671590-0","height_m":22.09}},{"type":"Feature","geometry":{"type":"Polygon","coordinates":[[[-71.054392,42.354238],[-71.054403,42.354242],[-71.054409,42.354249],[-71.054413,42.354259],[-71.054422,42.354269],[-71.054433,42.354273],[-71.054439,42.35428],[-71.054441,42.354289],[-71.05445,42.354297],[-71.054461,42.354303],[-71.054467,42.354309],[-71.05447,42.354319],[-71.05448,42.354329],[-71.05449,42.354334],[-71.054496,42.35434],[-71.0545,42.35435],[-71.054508,42.354359],[-71.054519,42.354363],[-71.054525,42.35437],[-71.054527,42.354379],[-71.054536,42.354388],[-71.054549,42.354394],[-71.054554,42.3544],[-71.054558,42.35441],[-71.054567,42.354419],[-71.054577,42.354423],[-71.054583,42.35443],[-71.054586,42.35444],[-71.054595,42.354449],[-71.054606,42.354454],[-71.054613,42.354461],[-71.054619,42.354471],[-71.054632,42.354477],[-71.054647,42.354478],[-71.054657,42.35448],[-71.054669,42.354485],[-71.054686,42.354485],[-71.0547,42.354479],[-71.05471,42.354477],[-71.054722,42.354475],[-71.054736,42.354469],[-71.054742,42.354458],[-71.054749,42.354453],[-71.05476,42.354448],[-71.054774,42.354437],[-71.054778,42.354427],[-71.054784,42.354421],[-71.054796,42.354417],[-71.05481,42.354403],[-71.054814,42.354394],[-71.054821,42.354389],[-71.054832,42.354384],[-71.054846,42.354372],[-71.05485,42.354363],[-71.054856,42.354356],[-71.054867,42.354352],[-71.054881,42.35434],[-71.054885,42.354331],[-71.054892,42.354324],[-71.054904,42.35432],[-71.054917,42.354308],[-71.054921,42.354298],[-71.054927,42.354292],[-71.05494,42.354288],[-71.054954,42.354275],[-71.054957,42.354266],[-71.054964,42.354261],[-71.054974,42.354255],[-71.054988,42.354244],[-71.054992,42.354234],[-71.054998,42.354229],[-71.055011,42.354223],[-71.055023,42.354212],[-71.055027,42.354202],[-71.055034,42.354196],[-71.055049,42.354192],[-71.055061,42.354179],[-71.055063,42.354167],[-71.055068,42.35416],[-71.055079,42.354153],[-71.055081,42.354146],[-71.055083,42.354139],[-71.055077,42.354128],[-71.055076,42.354119],[-71.05508,42.35411],[-71.055073,42.354096],[-71.055057,42.354087],[-71.055053,42.35408],[-71.055051,42.354072],[-71.055043,42.354063],[-71.055031,42.354058],[-71.055025,42.354052],[-71.055022,42.354042],[-71.055015,42.354034],[-71.055003,42.354028],[-71.054997,42.354021],[-71.054995,42.354012],[-71.054986,42.354003],[-71.054974,42.353998],[-71.054973,42.353998],[-71.054968,42.353991],[-71.054965,42.353982],[-71.054956,42.353972],[-71.054945,42.353967],[-71.054939,42.353961],[-71.054937,42.353951],[-71.05493,42.353943],[-71.054916,42.353937],[-71.054911,42.353932],[-71.054903,42.35392],[-71.054889,42.353912],[-71.05487,42.353909],[-71.054861,42.353906],[-71.054851,42.353901],[-71.054834,42.353899],[-71.054818,42.353903],[-71.054809,42.353904],[-71.054793,42.353902],[-71.054776,42.353908],[-71.054768,42.353918],[-71.054759,42.353922],[-71.054747,42.353923],[-71.05473,42.353932],[-71.054724,42.353941],[-71.054715,42.353946],[-71.054702,42.353947],[-71.054686,42.353956],[-71.054677,42.353964],[-71.05467,42.353968],[-71.054656,42.353971],[-71.054642,42.353979],[-71.054635,42.353987],[-71.054627,42.353992],[-71.054614,42.353994],[-71.054597,42.354002],[-71.05459,42.35401],[-71.054585,42.354013],[-71.054584,42.354014],[-71.05457,42.354017],[-71.054569,42.354017],[-71.054553,42.354026],[-71.054552,42.354027],[-71.054546,42.354033],[-71.054538,42.354038],[-71.05453,42.354039],[-71.054529,42.354039],[-71.054525,42.35404],[-71.054509,42.354048],[-71.054503,42.354057],[-71.054492,42.354062],[-71.054482,42.354064],[-71.054466,42.354072],[-71.054458,42.354081],[-71.05445,42.354085],[-71.054437,42.354087],[-71.054421,42.354095],[-71.054414,42.354103],[-71.054406,42.354107],[-71.054391,42.354111],[-71.054378,42.354122],[-71.054374,42.354133],[-71.05437,42.35414],[-71.054359,42.354149],[-71.054355,42.354162],[-71.054361,42.354174],[-71.054361,42.354182],[-71.054358,42.354189],[-71.054364,42.354206],[-71.054375,42.354213],[-71.054381,42.35422],[-71.054384,42.354229],[-71.054392,42.354238]]]},"properties":{"id":"671591-0","height_m":121.2}},{"type":"Feature","geometry":{"type":"Polygon","coordinates":[[[-71.056471,42.353921],[-71.056586,42.353906],[-71.056696,42.353867],[-71.056693,42.353862],[-71.056712,42.353856],[-71.056675,42.353796],[-71.056787,42.353755],[-71.056682,42.353584],[-71.056569,42.353632],[-71.05653,42.35357],[-71.056511,42.353578],[-71.056506,42.353573],[-71.056391,42.353626],[-71.056414,42.353656],[-71.056358,42.353685],[-71.056394,42.353895],[-71.056459,42.353885],[-71.056471,42.353921]]]},"properties":{"id":"671592-0","height_m":64.48}},{"type":"Feature","geometry":{"type":"Polygon","coordinates":[[[-71.062199,42.352076],[-71.062249,42.352081],[-71.062561,42.352111],[-71.062586,42.352021],[-71.062653,42.35178],[-71.062653,42.351778],[-71.062645,42.351777],[-71.062678,42.351664],[-71.062585,42.35165],[-71.062591,42.351633],[-71.062212,42.351555],[-71.062209,42.351553],[-71.062187,42.351691],[-71.062193,42.351747],[-71.06213,42.351739],[-71.062148,42.351881],[-71.062166,42.351879],[-71.062247,42.351901],[-71.062297,42.351722],[-71.062312,42.351725],[-71.062319,42.351688],[-71.062467,42.351715],[-71.062454,42.351755],[-71.062581,42.351766],[-71.062548,42.351874],[-71.062563,42.351875],[-71.062547,42.35194],[-71.062534,42.351938],[-71.0625,42.352045],[-71.06238,42.352026],[-71.06237,42.352065],[-71.062221,42.352037],[-71.062199,42.352035],[-71.062199,42.352076]]]},"properties":{"id":"671593-0","height_m":93.43}},{"type":"Feature","geometry":{"type":"Polygon","coordinates":[[[-71.061721,42.35212],[-71.061722,42.352133],[-71.061723,42.352155],[-71.061723,42.35216],[-71.061773,42.352158],[-71.061881,42.352153],[-71.06191,42.352152],[-71.061994,42.352149],[-71.062172,42.352141],[-71.062173,42.352139],[-71.062168,42.352073],[-71.062199,42.352076],[-71.062199,42.352035],[-71.06213,42.352029],[-71.062128,42.35204],[-71.06179,42.352051],[-71.061785,42.352035],[-71.061697,42.352035],[-71.061699,42.352053],[-71.061721,42.35212]]]},"properties":{"id":"671594-0","height_m":93.43}},{"type":"Feature","geometry":{"type":"Polygon","coordinates":[[[-71.057173,42.35397],[-71.057259,42.353999],[-71.057353,42.354031],[-71.057533,42.354095],[-71.057744,42.353748],[-71.057568,42.353685],[-71.057562,42.353683],[-71.057474,42.353653],[-71.057385,42.353625],[-71.057173,42.35397]]]},"properties":{"id":"671595-0","height_m":128.05}},{"type":"Feature","geometry":{"type":"Polygon","coordinates":[[[-71.054673,42.34932],[-71.054581,42.349459],[-71.055026,42.349621],[-71.055243,42.349297],[-71.055315,42.349324],[-71.055334,42.349294],[-71.055174,42.349235],[-71.055389,42.348911],[-71.055063,42.348791],[-71.054792,42.349194],[-71.05475,42.349178],[-71.054693,42.349265],[-71.054626,42.349239],[-71.054593,42.349289],[-71.054673,42.34932]]]},"properties":{"id":"671596-0","height_m":24.45}},{"type":"Feature","geometry":{"type":"Polygon","coordinates":[[[-71.064965,42.346419],[-71.065047,42.346434],[-71.065075,42.346362],[-71.064995,42.346346],[-71.064965,42.346419]]]},"properties":{"id":"671597-0","height_m":4.16}},{"type":"Feature","geometry":{"type":"Polygon","coordinates":[[[-71.053546,42.350751],[-71.053536,42.350766],[-71.053515,42.350797],[-71.053477,42.350853],[-71.053909,42.351013],[-71.054058,42.351068],[-71.054304,42.350693],[-71.054341,42.350706],[-71.05439,42.350632],[-71.054356,42.35062],[-71.05455,42.350325],[-71.054589,42.350338],[-71.054637,42.350265],[-71.054603,42.350253],[-71.054797,42.349957],[-71.054834,42.34997],[-71.054881,42.349898],[-71.054849,42.349886],[-71.055026,42.349621],[-71.054581,42.349459],[-71.054519,42.349437],[-71.054447,42.34941],[-71.054346,42.349559],[-71.053915,42.350202],[-71.053776,42.350409],[-71.053774,42.350412],[-71.053771,42.350416],[-71.053546,42.350751]]]},"properties":{"id":"671613-0","height_m":30.19}},{"type":"Feature","geometry":{"type":"Polygon","coordinates":[[[-71.055026,42.349621],[-71.055234,42.349697],[-71.055302,42.349595],[-71.05537,42.34956],[-71.055343,42.34953],[-71.055464,42.349351],[-71.055533,42.349319],[-71.055507,42.349289],[-71.055628,42.349108],[-71.055697,42.349076],[-71.055669,42.349045],[-71.055794,42.34886],[-71.055863,42.348826],[-71.055837,42.348797],[-71.055958,42.348616],[-71.056027,42.348582],[-71.055999,42.348554],[-71.056121,42.348373],[-71.05619,42.348339],[-71.056163,42.34831],[-71.056288,42.348124],[-71.056357,42.34809],[-71.05633,42.34806],[-71.056451,42.34788],[-71.056521,42.347846],[-71.056492,42.347817],[-71.056613,42.347637],[-71.056683,42.347603],[-71.056653,42.347574],[-71.056671,42.347546],[-71.056673,42.347544],[-71.05667,42.347543],[-71.056012,42.347301],[-71.055952,42.347278],[-71.055908,42.347262],[-71.055467,42.347919],[-71.055446,42.34795],[-71.055048,42.348542],[-71.055028,42.348571],[-71.054533,42.349309],[-71.054589,42.349329],[-71.054519,42.349437],[-71.054581,42.349459],[-71.054673,42.34932],[-71.054593,42.349289],[-71.054626,42.349239],[-71.054693,42.349265],[-71.05475,42.349178],[-71.054792,42.349194],[-71.055063,42.348791],[-71.055389,42.348911],[-71.055174,42.349235],[-71.055334,42.349294],[-71.055315,42.349324],[-71.055243,42.349297],[-71.055026,42.349621]]]},"properties":{"id":"671614-0","height_m":17.79}},{"type":"Feature","geometry":{"type":"Polygon","coordinates":[[[-71.063624,42.348823],[-71.063713,42.348837],[-71.063707,42.348861],[-71.063751,42.348868],[-71.063758,42.34884],[-71.063751,42.348839],[-71.063853,42.348473],[-71.063727,42.348454],[-71.063624,42.348823]]]},"properties":{"id":"671615-0","height_m":43.07}},{"type":"Feature","geometry":{"type":"Polygon","coordinates":[[[-71.062445,42.350745],[-71.062474,42.350753],[-71.062487,42.350756],[-71.062483,42.350761],[-71.062508,42.350769],[-71.062517,42.350756],[-71.062506,42.350752],[-71.062523,42.350729],[-71.062587,42.350643],[-71.062626,42.35066],[-71.062652,42.350568],[-71.062689,42.350571],[-71.062714,42.350474],[-71.06266,42.350451],[-71.062559,42.350408],[-71.062526,42.350394],[-71.062375,42.35059],[-71.062362,42.350607],[-71.062285,42.350707],[-71.062302,42.350713],[-71.062303,42.350709],[-71.062445,42.350745]]]},"properties":{"id":"671616-0","height_m":49.42}},{"type":"Feature","geometry":{"type":"Polygon","coordinates":[[[-71.065076,42.349651],[-71.065157,42.349664],[-71.065169,42.349617],[-71.065089,42.349605],[-71.065076,42.349651]]]},"properties":{"id":"671617-0","height_m":34.28}},{"type":"Feature","geometry":{"type":"Polygon","coordinates":[[[-71.064283,42.349971],[-71.064364,42.349983],[-71.064382,42.349921],[-71.064301,42.349908],[-71.064283,42.349971]]]},"properties":{"id":"671618-0","height_m":37.35}},{"type":"Feature","geometry":{"type":"Polygon","coordinates":[[[-71.064301,42.349908],[-71.064382,42.349921],[-71.064364,42.349983],[-71.06486,42.350062],[-71.065038,42.350089],[-71.065043,42.35009],[-71.065125,42.349781],[-71.065131,42.349758],[-71.065151,42.349685],[-71.065156,42.349665],[-71.065157,42.349664],[-71.065076,42.349651],[-71.065089,42.349605],[-71.064416,42.349501],[-71.064412,42.349515],[-71.064397,42.349572],[-71.064395,42.349572],[-71.064301,42.349908]]]},"properties":{"id":"671619-0","height_m":26.53}},{"type":"Feature","geometry":{"type":"Polygon","coordinates":[[[-71.064136,42.349752],[-71.064136,42.349752],[-71.064137,42.349757],[-71.064138,42.349762],[-71.064139,42.349767],[-71.06414,42.349772],[-71.06414,42.349777],[-71.064141,42.349782],[-71.064142,42.349786],[-71.064142,42.349791],[-71.064142,42.349796],[-71.064143,42.349801],[-71.064143,42.349806],[-71.064143,42.349811],[-71.064143,42.349816],[-71.064143,42.349821],[-71.064143,42.349826],[-71.064143,42.349831],[-71.064143,42.349835],[-71.064142,42.34984],[-71.064142,42.349845],[-71.064141,42.34985],[-71.064141,42.349855],[-71.06414,42.34986],[-71.064139,42.349865],[-71.064139,42.34987],[-71.064138,42.349875],[-71.064137,42.349879],[-71.064136,42.349884],[-71.064132,42.349893],[-71.064203,42.349907],[-71.064205,42.349903],[-71.064206,42.349899],[-71.064207,42.349895],[-71.064209,42.34989],[-71.06421,42.349886],[-71.064211,42.349882],[-71.064212,42.349877],[-71.064213,42.349873],[-71.064214,42.349869],[-71.064214,42.349864],[-71.064215,42.34986],[-71.064216,42.349856],[-71.064216,42.349851],[-71.064217,42.349847],[-71.064217,42.349843],[-71.064218,42.349838],[-71.064218,42.349834],[-71.064218,42.349829],[-71.064218,42.349825],[-71.064218,42.349821],[-71.064218,42.349816],[-71.064218,42.349812],[-71.064218,42.349808],[-71.064218,42.349803],[-71.064217,42.349799],[-71.064217,42.349794],[-71.064217,42.34979],[-71.064216,42.349786],[-71.064215,42.349781],[-71.064215,42.349777],[-71.064214,42.349773],[-71.064213,42.349768],[-71.064212,42.349764],[-71.064211,42.34976],[-71.06421,42.349755],[-71.06421,42.349751],[-71.064208,42.349746],[-71.064207,42.34974],[-71.064136,42.349752]]]},"properties":{"id":"671620-0","height_m":37.08}},{"type":"Feature","geometry":{"type":"Polygon","coordinates":[[[-71.063907,42.3495],[-71.063912,42.349501],[-71.063918,42.349502],[-71.063923,42.349504],[-71.063929,42.349505],[-71.063934,42.349507],[-71.06394,42.349508],[-71.063945,42.34951],[-71.06395,42.349512],[-71.063956,42.349513],[-71.063961,42.349515],[-71.063966,42.349517],[-71.063971,42.349519],[-71.063977,42.349521],[-71.063982,42.349523],[-71.063987,42.349525],[-71.063992,42.349527],[-71.063997,42.349529],[-71.064002,42.349531],[-71.064007,42.349533],[-71.064012,42.349536],[-71.064017,42.349538],[-71.064022,42.34954],[-71.064027,42.349543],[-71.064032,42.349545],[-71.064036,42.349548],[-71.064041,42.34955],[-71.064046,42.349553],[-71.06405,42.349555],[-71.064055,42.349558],[-71.064059,42.349561],[-71.064064,42.349563],[-71.064068,42.349566],[-71.064073,42.349569],[-71.064077,42.349572],[-71.064081,42.349575],[-71.064086,42.349578],[-71.06409,42.349581],[-71.064094,42.349584],[-71.064098,42.349587],[-71.064102,42.34959],[-71.064106,42.349593],[-71.06411,42.349596],[-71.064114,42.3496],[-71.064118,42.349603],[-71.064121,42.349606],[-71.064125,42.34961],[-71.064129,42.349613],[-71.064132,42.349616],[-71.064136,42.34962],[-71.064139,42.349623],[-71.064143,42.349627],[-71.064146,42.34963],[-71.064149,42.349634],[-71.064152,42.349637],[-71.064156,42.349641],[-71.064159,42.349645],[-71.064162,42.349648],[-71.064165,42.349652],[-71.064168,42.349656],[-71.06417,42.34966],[-71.064173,42.349663],[-71.064176,42.349667],[-71.064178,42.349671],[-71.064181,42.349675],[-71.064184,42.349679],[-71.064186,42.349683],[-71.064188,42.349687],[-71.064191,42.349691],[-71.064193,42.349695],[-71.064195,42.349699],[-71.064197,42.349703],[-71.064199,42.349707],[-71.064201,42.349711],[-71.064202,42.349714],[-71.064204,42.349717],[-71.064205,42.349721],[-71.064206,42.349724],[-71.064208,42.349727],[-71.064209,42.349731],[-71.06421,42.349734],[-71.064211,42.349737],[-71.064212,42.349741],[-71.064213,42.349744],[-71.064214,42.349747],[-71.064215,42.349751],[-71.064216,42.349754],[-71.064217,42.349758],[-71.064218,42.349761],[-71.064218,42.349764],[-71.064219,42.349768],[-71.06422,42.349771],[-71.06422,42.349775],[-71.064221,42.349778],[-71.064222,42.349782],[-71.064222,42.349785],[-71.064223,42.349789],[-71.064223,42.349792],[-71.064223,42.349796],[-71.064224,42.349799],[-71.064224,42.349802],[-71.064224,42.349806],[-71.064224,42.349809],[-71.064225,42.349813],[-71.064225,42.349816],[-71.064225,42.34982],[-71.064225,42.349823],[-71.064225,42.349826],[-71.064225,42.34983],[-71.064225,42.349833],[-71.064224,42.349837],[-71.064224,42.34984],[-71.064224,42.349843],[-71.064224,42.349847],[-71.064223,42.34985],[-71.064223,42.349853],[-71.064223,42.349856],[-71.064222,42.34986],[-71.064222,42.349863],[-71.064221,42.349866],[-71.06422,42.349869],[-71.06422,42.349873],[-71.064219,42.349876],[-71.064218,42.349879],[-71.064218,42.349882],[-71.064217,42.349885],[-71.064216,42.349888],[-71.064215,42.349891],[-71.064214,42.349894],[-71.064213,42.349897],[-71.064212,42.3499],[-71.064211,42.349903],[-71.06421,42.349906],[-71.064209,42.349909],[-71.064208,42.349912],[-71.064206,42.349915],[-71.064205,42.349917],[-71.064204,42.34992],[-71.064202,42.349923],[-71.064201,42.349925],[-71.0642,42.349928],[-71.064198,42.349931],[-71.064197,42.349933],[-71.064195,42.349936],[-71.064193,42.349938],[-71.064192,42.349941],[-71.06419,42.349943],[-71.064189,42.349946],[-71.064187,42.349948],[-71.064185,42.34995],[-71.064183,42.349952],[-71.064181,42.349955],[-71.06418,42.349957],[-71.064178,42.349959],[-71.064176,42.349961],[-71.064174,42.349963],[-71.064172,42.349965],[-71.064281,42.349978],[-71.064283,42.349971],[-71.064301,42.349908],[-71.064395,42.349572],[-71.064343,42.349564],[-71.063925,42.3495],[-71.063815,42.349483],[-71.063791,42.34948],[-71.063736,42.349471],[-71.063907,42.3495]]]},"properties":{"id":"671621-0","height_m":28.51}},{"type":"Feature","geometry":{"type":"Polygon","coordinates":[[[-71.064314,42.35002],[-71.064221,42.35017],[-71.06469,42.350337],[-71.064691,42.350335],[-71.064699,42.350337],[-71.064713,42.350315],[-71.064656,42.350297],[-71.064737,42.350164],[-71.064332,42.350026],[-71.064314,42.35002]]]},"properties":{"id":"671622-0","height_m":19.16}},{"type":"Feature","geometry":{"type":"Polygon","coordinates":[[[-71.064517,42.350517],[-71.064541,42.350491],[-71.064624,42.350358],[-71.064668,42.350372],[-71.06469,42.350337],[-71.064221,42.35017],[-71.064181,42.350235],[-71.06415,42.350286],[-71.06399,42.350542],[-71.064037,42.350558],[-71.064369,42.350668],[-71.064511,42.350524],[-71.064517,42.350517]]]},"properties":{"id":"671623-0","height_m":28.06}},{"type":"Feature","geometry":{"type":"Polygon","coordinates":[[[-71.064625,42.350535],[-71.06461,42.350585],[-71.064888,42.350626],[-71.0649,42.350628],[-71.064921,42.350547],[-71.065001,42.350248],[-71.064992,42.350245],[-71.064826,42.350187],[-71.064794,42.350177],[-71.064741,42.350158],[-71.064737,42.350164],[-71.064656,42.350297],[-71.064713,42.350315],[-71.064789,42.350341],[-71.064772,42.350401],[-71.06475,42.350398],[-71.064746,42.350411],[-71.064708,42.350405],[-71.064696,42.350446],[-71.064652,42.350439],[-71.064625,42.350535]]]},"properties":{"id":"671624-0","height_m":47.81}},{"type":"Feature","geometry":{"type":"Polygon","coordinates":[[[-71.063937,42.350718],[-71.064338,42.350854],[-71.064341,42.350847],[-71.064419,42.350685],[-71.064369,42.350668],[-71.064037,42.350558],[-71.063937,42.350718]]]},"properties":{"id":"671625-0","height_m":32.47}},{"type":"Feature","geometry":{"type":"Polygon","coordinates":[[[-71.053681,42.351231],[-71.053963,42.351347],[-71.054058,42.35122],[-71.053777,42.351104],[-71.053681,42.351231]]]},"properties":{"id":"671626-0","height_m":63.18}},{"type":"Feature","geometry":{"type":"Polygon","coordinates":[[[-71.054116,42.351567],[-71.054203,42.351446],[-71.053963,42.351347],[-71.053681,42.351231],[-71.053563,42.35139],[-71.053506,42.351466],[-71.053722,42.351554],[-71.053807,42.351441],[-71.054116,42.351567]]]},"properties":{"id":"671627-0","height_m":68.05}},{"type":"Feature","geometry":{"type":"Polygon","coordinates":[[[-71.053722,42.351554],[-71.054031,42.351681],[-71.054088,42.351605],[-71.054116,42.351567],[-71.053807,42.351441],[-71.053722,42.351554]]]},"properties":{"id":"671628-0","height_m":67.98}},{"type":"Feature","geometry":{"type":"Polygon","coordinates":[[[-71.054058,42.351068],[-71.054337,42.351171],[-71.054619,42.350752],[-71.054606,42.350748],[-71.054625,42.35072],[-71.054636,42.350724],[-71.054863,42.350386],[-71.054851,42.350382],[-71.054872,42.350351],[-71.054883,42.350355],[-71.05511,42.350017],[-71.055098,42.350012],[-71.055117,42.349984],[-71.055129,42.349989],[-71.055307,42.349724],[-71.055234,42.349697],[-71.055026,42.349621],[-71.054849,42.349886],[-71.054881,42.349898],[-71.054834,42.34997],[-71.054797,42.349957],[-71.054603,42.350253],[-71.054637,42.350265],[-71.054589,42.350338],[-71.05455,42.350325],[-71.054356,42.35062],[-71.05439,42.350632],[-71.054341,42.350706],[-71.054304,42.350693],[-71.054058,42.351068]]]},"properties":{"id":"671629-0","height_m":8.02}},{"type":"Feature","geometry":{"type":"Polygon","coordinates":[[[-71.05595,42.349559],[-71.055934,42.349592],[-71.056098,42.349637],[-71.056114,42.3496],[-71.056215,42.349578],[-71.056261,42.349488],[-71.05595,42.349559]]]},"properties":{"id":"671630-0","height_m":23.81}},{"type":"Feature","geometry":{"type":"Polygon","coordinates":[[[-71.055761,42.350466],[-71.055847,42.350489],[-71.055887,42.350409],[-71.055801,42.350385],[-71.055761,42.350466]]]},"properties":{"id":"671631-0","height_m":23.67}},{"type":"Feature","geometry":{"type":"Polygon","coordinates":[[[-71.055627,42.35031],[-71.055624,42.35031],[-71.055621,42.35031],[-71.055619,42.35031],[-71.055616,42.35031],[-71.055613,42.350311],[-71.05561,42.350311],[-71.055608,42.350311],[-71.055605,42.350312],[-71.055602,42.350312],[-71.0556,42.350313],[-71.055597,42.350313],[-71.055595,42.350314],[-71.055592,42.350315],[-71.05559,42.350316],[-71.055587,42.350316],[-71.055585,42.350317],[-71.055582,42.350318],[-71.05558,42.350319],[-71.055577,42.35032],[-71.055575,42.350321],[-71.055573,42.350322],[-71.05557,42.350323],[-71.055568,42.350325],[-71.055566,42.350326],[-71.055564,42.350327],[-71.055562,42.350329],[-71.05556,42.35033],[-71.055558,42.350331],[-71.055556,42.350333],[-71.055554,42.350334],[-71.055552,42.350336],[-71.055551,42.350337],[-71.055549,42.350339],[-71.055547,42.350341],[-71.055546,42.350342],[-71.055544,42.350344],[-71.055543,42.350346],[-71.055541,42.350347],[-71.05554,42.350349],[-71.055539,42.350351],[-71.055538,42.350353],[-71.055536,42.350355],[-71.055535,42.350357],[-71.055534,42.350358],[-71.055534,42.35036],[-71.055533,42.350362],[-71.055532,42.350364],[-71.055531,42.350366],[-71.055531,42.350368],[-71.05553,42.35037],[-71.05553,42.350372],[-71.055529,42.350374],[-71.055529,42.350376],[-71.055529,42.350378],[-71.055528,42.35038],[-71.055528,42.350382],[-71.055528,42.350384],[-71.055528,42.350386],[-71.055528,42.350388],[-71.055529,42.35039],[-71.055529,42.350392],[-71.055529,42.350394],[-71.055529,42.350396],[-71.05553,42.350398],[-71.055531,42.3504],[-71.055531,42.350402],[-71.055532,42.350404],[-71.055533,42.350406],[-71.055533,42.350408],[-71.055534,42.35041],[-71.055535,42.350412],[-71.055536,42.350414],[-71.055537,42.350416],[-71.055539,42.350418],[-71.05554,42.350419],[-71.055541,42.350421],[-71.055543,42.350423],[-71.055544,42.350425],[-71.055546,42.350426],[-71.055547,42.350428],[-71.055549,42.35043],[-71.05555,42.350431],[-71.055552,42.350433],[-71.055554,42.350434],[-71.055556,42.350436],[-71.055558,42.350437],[-71.05556,42.350439],[-71.055562,42.35044],[-71.055564,42.350441],[-71.055566,42.350443],[-71.055568,42.350444],[-71.05557,42.350445],[-71.055572,42.350446],[-71.055575,42.350447],[-71.055577,42.350448],[-71.055579,42.350449],[-71.055582,42.35045],[-71.055584,42.350451],[-71.055587,42.350452],[-71.055589,42.350453],[-71.055592,42.350454],[-71.055594,42.350455],[-71.055597,42.350455],[-71.0556,42.350456],[-71.055602,42.350456],[-71.055605,42.350457],[-71.055607,42.350457],[-71.05561,42.350458],[-71.055613,42.350458],[-71.055616,42.350459],[-71.055618,42.350459],[-71.055621,42.350459],[-71.055624,42.350459],[-71.055626,42.350459],[-71.055629,42.350459],[-71.055632,42.350459],[-71.055635,42.350459],[-71.055637,42.350459],[-71.05564,42.350459],[-71.055643,42.350459],[-71.055646,42.350458],[-71.055648,42.350458],[-71.055651,42.350458],[-71.055654,42.350457],[-71.055656,42.350457],[-71.055659,42.350456],[-71.055662,42.350456],[-71.055664,42.350455],[-71.055667,42.350454],[-71.055669,42.350453],[-71.055672,42.350453],[-71.055674,42.350452],[-71.055677,42.350451],[-71.055679,42.35045],[-71.055681,42.350449],[-71.055684,42.350448],[-71.055686,42.350447],[-71.055688,42.350446],[-71.055691,42.350444],[-71.055693,42.350443],[-71.055695,42.350442],[-71.055697,42.350441],[-71.055699,42.350439],[-71.055701,42.350438],[-71.055703,42.350436],[-71.055705,42.350435],[-71.055707,42.350433],[-71.055708,42.350432],[-71.05571,42.35043],[-71.055712,42.350428],[-71.055713,42.350427],[-71.055715,42.350425],[-71.055716,42.350423],[-71.055718,42.350422],[-71.055719,42.35042],[-71.05572,42.350418],[-71.055721,42.350416],[-71.055722,42.350414],[-71.055723,42.350412],[-71.055724,42.350411],[-71.055725,42.350409],[-71.055726,42.350407],[-71.055727,42.350405],[-71.055728,42.350403],[-71.055728,42.350401],[-71.055729,42.350399],[-71.055729,42.350397],[-71.05573,42.350395],[-71.05573,42.350393],[-71.05573,42.350391],[-71.055731,42.350389],[-71.055731,42.350387],[-71.055731,42.350385],[-71.055731,42.350383],[-71.055731,42.350381],[-71.05573,42.350379],[-71.05573,42.350377],[-71.05573,42.350375],[-71.055729,42.350373],[-71.055729,42.350371],[-71.055728,42.350369],[-71.055728,42.350367],[-71.055727,42.350365],[-71.055726,42.350363],[-71.055725,42.350361],[-71.055724,42.350359],[-71.055723,42.350357],[-71.055722,42.350355],[-71.055721,42.350353],[-71.05572,42.350351],[-71.055719,42.35035],[-71.055718,42.350348],[-71.055716,42.350346],[-71.055715,42.350344],[-71.055713,42.350343],[-71.055712,42.350341],[-71.05571,42.350339],[-71.055708,42.350338],[-71.055707,42.350336],[-71.055705,42.350335],[-71.055703,42.350333],[-71.055701,42.350332],[-71.055699,42.35033],[-71.055697,42.350329],[-71.055695,42.350328],[-71.055693,42.350326],[-71.055691,42.350325],[-71.055688,42.350324],[-71.055686,42.350323],[-71.055684,42.350322],[-71.055682,42.350321],[-71.055679,42.350319],[-71.055677,42.350319],[-71.055674,42.350318],[-71.055672,42.350317],[-71.055669,42.350316],[-71.055667,42.350315],[-71.055664,42.350314],[-71.055662,42.350314],[-71.055659,42.350313],[-71.055657,42.350312],[-71.055654,42.350312],[-71.055651,42.350311],[-71.055649,42.350311],[-71.055646,42.350311],[-71.055643,42.35031],[-71.05564,42.35031],[-71.055638,42.35031],[-71.055635,42.35031],[-71.055632,42.35031],[-71.05563,42.35031],[-71.055627,42.35031]]]},"properties":{"id":"671632-0","height_m":24.45}},{"type":"Feature","geometry":{"type":"Polygon","coordinates":[[[-71.063408,42.350576],[-71.063427,42.350808],[-71.063649,42.350841],[-71.063683,42.350788],[-71.06378,42.35063],[-71.06376,42.350394],[-71.063539,42.350364],[-71.063408,42.350576]]]},"properties":{"id":"671633-0","height_m":62.12}},{"type":"Feature","geometry":{"type":"Polygon","coordinates":[[[-71.06378,42.35063],[-71.063865,42.350497],[-71.063915,42.350416],[-71.063858,42.350408],[-71.063856,42.350407],[-71.06376,42.350394],[-71.06378,42.35063]]]},"properties":{"id":"671634-0","height_m":14.64}},{"type":"Feature","geometry":{"type":"Polygon","coordinates":[[[-71.063683,42.350788],[-71.063712,42.350793],[-71.063793,42.350805],[-71.06378,42.35063],[-71.063683,42.350788]]]},"properties":{"id":"671635-0","height_m":14.64}},{"type":"Feature","geometry":{"type":"Polygon","coordinates":[[[-71.063937,42.350869],[-71.064327,42.350909],[-71.064353,42.35085],[-71.064341,42.350847],[-71.064338,42.350854],[-71.063937,42.350718],[-71.064037,42.350558],[-71.06399,42.350542],[-71.063897,42.350509],[-71.063865,42.350497],[-71.06378,42.35063],[-71.063793,42.350805],[-71.063798,42.350805],[-71.063834,42.350808],[-71.063863,42.35081],[-71.063944,42.350816],[-71.063937,42.350869]]]},"properties":{"id":"671636-0","height_m":14.66}},{"type":"Feature","geometry":{"type":"Polygon","coordinates":[[[-71.06215,42.349827],[-71.06226,42.349873],[-71.062261,42.349871],[-71.062287,42.349833],[-71.062257,42.349822],[-71.062262,42.349814],[-71.062343,42.349845],[-71.062348,42.349847],[-71.062364,42.349822],[-71.062277,42.34979],[-71.062281,42.349784],[-71.062254,42.349774],[-71.062258,42.349767],[-71.062358,42.349804],[-71.062438,42.349805],[-71.062523,42.349771],[-71.062571,42.349693],[-71.062585,42.349699],[-71.062608,42.34967],[-71.062619,42.349656],[-71.062599,42.349647],[-71.062505,42.349603],[-71.062521,42.349582],[-71.062476,42.349559],[-71.062368,42.349508],[-71.062359,42.349511],[-71.062279,42.349534],[-71.06215,42.349827]]]},"properties":{"id":"671637-0","height_m":5.29}},{"type":"Feature","geometry":{"type":"Polygon","coordinates":[[[-71.061999,42.349764],[-71.06215,42.349827],[-71.062279,42.349534],[-71.062234,42.349448],[-71.062207,42.349438],[-71.062167,42.349358],[-71.061999,42.349764]]]},"properties":{"id":"671638-0","height_m":24.2}},{"type":"Feature","geometry":{"type":"Polygon","coordinates":[[[-71.058102,42.349452],[-71.058098,42.349452],[-71.058095,42.349453],[-71.058092,42.349454],[-71.058088,42.349454],[-71.058085,42.349456],[-71.058082,42.349457],[-71.058079,42.349458],[-71.058076,42.34946],[-71.058074,42.349462],[-71.058072,42.349464],[-71.05807,42.349466],[-71.058068,42.349468],[-71.058066,42.34947],[-71.058065,42.349473],[-71.058064,42.349475],[-71.058063,42.349478],[-71.058063,42.349481],[-71.058063,42.349483],[-71.058063,42.349486],[-71.058063,42.349488],[-71.058064,42.349491],[-71.058065,42.349493],[-71.058066,42.349496],[-71.058068,42.349498],[-71.05807,42.3495],[-71.058072,42.349502],[-71.058074,42.349504],[-71.058077,42.349506],[-71.058079,42.349508],[-71.058082,42.349509],[-71.058085,42.349511],[-71.058088,42.349512],[-71.058092,42.349513],[-71.058095,42.349513],[-71.058099,42.349514],[-71.058102,42.349514],[-71.058106,42.349514],[-71.058109,42.349514],[-71.058113,42.349513],[-71.058116,42.349513],[-71.058119,42.349512],[-71.058123,42.349511],[-71.058126,42.34951],[-71.058129,42.349508],[-71.058131,42.349507],[-71.058134,42.349505],[-71.058136,42.349503],[-71.058139,42.349501],[-71.05814,42.349499],[-71.058142,42.349496],[-71.058143,42.349494],[-71.058145,42.349492],[-71.058145,42.349489],[-71.058146,42.349486],[-71.058146,42.349484],[-71.058146,42.349481],[-71.058146,42.349479],[-71.058145,42.349476],[-71.058144,42.349474],[-71.058143,42.349471],[-71.058141,42.349469],[-71.05814,42.349466],[-71.058138,42.349464],[-71.058136,42.349463],[-71.058134,42.349461],[-71.058131,42.349459],[-71.058128,42.349458],[-71.058125,42.349456],[-71.058122,42.349455],[-71.058119,42.349454],[-71.058116,42.349453],[-71.058112,42.349453],[-71.058109,42.349452],[-71.058105,42.349452],[-71.058102,42.349452]]]},"properties":{"id":"671639-0","height_m":69.82}},{"type":"Feature","geometry":{"type":"Polygon","coordinates":[[[-71.058235,42.34948],[-71.058232,42.34948],[-71.058228,42.349481],[-71.058225,42.349481],[-71.058222,42.349482],[-71.058219,42.349484],[-71.058216,42.349485],[-71.058213,42.349486],[-71.05821,42.349488],[-71.058208,42.34949],[-71.058205,42.349492],[-71.058203,42.349494],[-71.058202,42.349496],[-71.0582,42.349499],[-71.058199,42.349501],[-71.058198,42.349504],[-71.058197,42.349506],[-71.058197,42.349509],[-71.058197,42.349512],[-71.058197,42.349514],[-71.058198,42.349517],[-71.058199,42.349519],[-71.0582,42.349522],[-71.058201,42.349524],[-71.058203,42.349526],[-71.058205,42.349529],[-71.058207,42.349531],[-71.058209,42.349533],[-71.058212,42.349534],[-71.058215,42.349536],[-71.058217,42.349537],[-71.058221,42.349539],[-71.058224,42.34954],[-71.058227,42.349541],[-71.058231,42.349541],[-71.058234,42.349542],[-71.058238,42.349542],[-71.058241,42.349542],[-71.058245,42.349541],[-71.058248,42.349541],[-71.058251,42.34954],[-71.058255,42.349539],[-71.058258,42.349538],[-71.058261,42.349537],[-71.058264,42.349536],[-71.058267,42.349534],[-71.058269,42.349532],[-71.058271,42.34953],[-71.058274,42.349528],[-71.058275,42.349526],[-71.058277,42.349523],[-71.058278,42.349521],[-71.058279,42.349519],[-71.05828,42.349516],[-71.058281,42.349513],[-71.058281,42.349511],[-71.058281,42.349508],[-71.05828,42.349506],[-71.058279,42.349503],[-71.058278,42.349501],[-71.058277,42.349498],[-71.058276,42.349496],[-71.058274,42.349494],[-71.058272,42.349492],[-71.05827,42.34949],[-71.058268,42.349488],[-71.058265,42.349486],[-71.058262,42.349485],[-71.058259,42.349483],[-71.058256,42.349482],[-71.058253,42.349481],[-71.058249,42.349481],[-71.058246,42.34948],[-71.058242,42.34948],[-71.058239,42.34948],[-71.058235,42.34948]]]},"properties":{"id":"671640-0","height_m":76.08}},{"type":"Feature","geometry":{"type":"Polygon","coordinates":[[[-71.062521,42.349582],[-71.062505,42.349603],[-71.062599,42.349647],[-71.062615,42.349627],[-71.062623,42.349617],[-71.062528,42.349572],[-71.062521,42.349582]]]},"properties":{"id":"671641-0","height_m":35.38}},{"type":"Feature","geometry":{"type":"Polygon","coordinates":[[[-71.062368,42.349508],[-71.062476,42.349559],[-71.062476,42.349557],[-71.062476,42.349555],[-71.062476,42.349553],[-71.062476,42.349551],[-71.062477,42.349549],[-71.062477,42.349547],[-71.062477,42.349545],[-71.062478,42.349543],[-71.062478,42.349541],[-71.062479,42.349539],[-71.06248,42.349537],[-71.062481,42.349535],[-71.062482,42.349533],[-71.062483,42.349531],[-71.062484,42.349529],[-71.062485,42.349527],[-71.062486,42.349525],[-71.062487,42.349523],[-71.062488,42.349521],[-71.06249,42.349519],[-71.062491,42.349518],[-71.062493,42.349516],[-71.062494,42.349514],[-71.062496,42.349513],[-71.062498,42.349511],[-71.062499,42.349509],[-71.062501,42.349508],[-71.062503,42.349506],[-71.062505,42.349505],[-71.062507,42.349503],[-71.062509,42.349502],[-71.062511,42.3495],[-71.062513,42.349499],[-71.062515,42.349498],[-71.062518,42.349497],[-71.06252,42.349495],[-71.062522,42.349494],[-71.062525,42.349493],[-71.062527,42.349492],[-71.06253,42.349491],[-71.062532,42.34949],[-71.062535,42.349489],[-71.062547,42.349495],[-71.06258,42.349458],[-71.062287,42.349326],[-71.062327,42.349405],[-71.06232,42.349423],[-71.062315,42.349425],[-71.062359,42.349511],[-71.062368,42.349508]]]},"properties":{"id":"671642-0","height_m":23.83}},{"type":"Feature","geometry":{"type":"Polygon","coordinates":[[[-71.062315,42.349425],[-71.06232,42.349423],[-71.062327,42.349405],[-71.062287,42.349326],[-71.062275,42.349306],[-71.062271,42.349304],[-71.062233,42.349284],[-71.062169,42.349306],[-71.062155,42.349337],[-71.062156,42.349339],[-71.062167,42.349358],[-71.062207,42.349438],[-71.062234,42.349448],[-71.062315,42.349425]]]},"properties":{"id":"671643-0","height_m":27.97}},{"type":"Feature","geometry":{"type":"Polygon","coordinates":[[[-71.062234,42.349448],[-71.062279,42.349534],[-71.062359,42.349511],[-71.062315,42.349425],[-71.062234,42.349448]]]},"properties":{"id":"671644-0","height_m":27.97}},{"type":"Feature","geometry":{"type":"Polygon","coordinates":[[[-71.062962,42.349783],[-71.062949,42.349824],[-71.06264,42.349684],[-71.062525,42.34984],[-71.062593,42.34987],[-71.062673,42.349765],[-71.062751,42.349798],[-71.062642,42.349942],[-71.062495,42.349881],[-71.062445,42.349947],[-71.062444,42.349949],[-71.062759,42.350083],[-71.062815,42.350107],[-71.062828,42.350107],[-71.062836,42.350076],[-71.06287,42.350082],[-71.062881,42.350049],[-71.062917,42.350056],[-71.062988,42.349795],[-71.062962,42.349783]]]},"properties":{"id":"671645-0","height_m":27.7}},{"type":"Feature","geometry":{"type":"Polygon","coordinates":[[[-71.062495,42.349881],[-71.062642,42.349942],[-71.062751,42.349798],[-71.062673,42.349765],[-71.062593,42.34987],[-71.062525,42.34984],[-71.062521,42.349845],[-71.062495,42.349881]]]},"properties":{"id":"671646-0","height_m":32.03}},{"type":"Feature","geometry":{"type":"Polygon","coordinates":[[[-71.062757,42.349857],[-71.062909,42.34992],[-71.062941,42.349878],[-71.06279,42.349814],[-71.062757,42.349857]]]},"properties":{"id":"671647-0","height_m":32.03}},{"type":"Feature","geometry":{"type":"Polygon","coordinates":[[[-71.06327,42.349986],[-71.063359,42.35],[-71.063373,42.350002],[-71.063374,42.35],[-71.063382,42.349972],[-71.063279,42.349956],[-71.06327,42.349986]]]},"properties":{"id":"671648-0","height_m":36.5}},{"type":"Feature","geometry":{"type":"Polygon","coordinates":[[[-71.063347,42.349703],[-71.063453,42.349722],[-71.063457,42.349709],[-71.063458,42.349703],[-71.063462,42.349688],[-71.063355,42.349672],[-71.063347,42.349703]]]},"properties":{"id":"671649-0","height_m":35.39}},{"type":"Feature","geometry":{"type":"Polygon","coordinates":[[[-71.063125,42.350163],[-71.063269,42.350186],[-71.063279,42.350187],[-71.063311,42.350071],[-71.063332,42.349996],[-71.06327,42.349986],[-71.063279,42.349956],[-71.063382,42.349972],[-71.063453,42.349722],[-71.063347,42.349703],[-71.063355,42.349672],[-71.063346,42.349671],[-71.063265,42.34966],[-71.063125,42.350163]]]},"properties":{"id":"671650-0","height_m":33.62}},{"type":"Feature","geometry":{"type":"Polygon","coordinates":[[[-71.063311,42.350071],[-71.063338,42.350075],[-71.063359,42.35],[-71.063332,42.349996],[-71.063311,42.350071]]]},"properties":{"id":"671651-0","height_m":29.63}},{"type":"Feature","geometry":{"type":"Polygon","coordinates":[[[-71.063921,42.349683],[-71.063901,42.349754],[-71.064085,42.349784],[-71.064066,42.349849],[-71.064124,42.349913],[-71.064136,42.349884],[-71.064137,42.349879],[-71.064138,42.349875],[-71.064139,42.34987],[-71.064139,42.349865],[-71.06414,42.34986],[-71.064141,42.349855],[-71.064141,42.34985],[-71.064142,42.349845],[-71.064142,42.34984],[-71.064143,42.349835],[-71.064143,42.349831],[-71.064143,42.349826],[-71.064143,42.349821],[-71.064143,42.349816],[-71.064143,42.349811],[-71.064143,42.349806],[-71.064143,42.349801],[-71.064142,42.349796],[-71.064142,42.349791],[-71.064142,42.349786],[-71.064141,42.349782],[-71.06414,42.349777],[-71.06414,42.349772],[-71.064139,42.349767],[-71.064138,42.349762],[-71.064137,42.349757],[-71.064136,42.349752],[-71.064135,42.349748],[-71.064133,42.349744],[-71.064132,42.349741],[-71.06413,42.349737],[-71.064129,42.349733],[-71.064127,42.349729],[-71.064125,42.349725],[-71.064123,42.349721],[-71.064121,42.349717],[-71.064119,42.349714],[-71.064117,42.34971],[-71.064115,42.349706],[-71.064112,42.349702],[-71.06411,42.349699],[-71.064107,42.349695],[-71.064105,42.349691],[-71.064102,42.349688],[-71.0641,42.349684],[-71.064097,42.349681],[-71.064094,42.349677],[-71.064091,42.349673],[-71.064089,42.34967],[-71.064086,42.349667],[-71.064083,42.349663],[-71.064079,42.34966],[-71.064076,42.349657],[-71.064073,42.349653],[-71.06407,42.34965],[-71.064066,42.349647],[-71.064063,42.349644],[-71.064059,42.349641],[-71.064056,42.349638],[-71.064052,42.349635],[-71.064048,42.349632],[-71.064045,42.349629],[-71.064041,42.349626],[-71.064037,42.349623],[-71.064033,42.34962],[-71.064029,42.349617],[-71.064025,42.349615],[-71.064021,42.349612],[-71.064017,42.349609],[-71.064013,42.349607],[-71.064009,42.349604],[-71.064004,42.349602],[-71.064,42.349599],[-71.063996,42.349597],[-71.063991,42.349594],[-71.063987,42.349592],[-71.063983,42.34959],[-71.063978,42.349587],[-71.063973,42.349585],[-71.063969,42.349583],[-71.063964,42.349581],[-71.06396,42.349579],[-71.063955,42.349577],[-71.06395,42.349575],[-71.063945,42.349573],[-71.063941,42.349571],[-71.063936,42.349569],[-71.063931,42.349567],[-71.063926,42.349566],[-71.063921,42.349564],[-71.063916,42.349562],[-71.063911,42.349561],[-71.063906,42.349559],[-71.063901,42.349558],[-71.063896,42.349556],[-71.063891,42.349555],[-71.063885,42.349554],[-71.06388,42.349553],[-71.063875,42.349551],[-71.06387,42.34955],[-71.063865,42.349549],[-71.063859,42.349548],[-71.063854,42.349547],[-71.063796,42.349539],[-71.063921,42.349683]]]},"properties":{"id":"671652-0","height_m":37.88}},{"type":"Feature","geometry":{"type":"Polygon","coordinates":[[[-71.064127,42.350208],[-71.064204,42.350169],[-71.064182,42.350144],[-71.064224,42.350123],[-71.06422,42.350118],[-71.064228,42.350114],[-71.064231,42.350115],[-71.064235,42.350114],[-71.064238,42.350113],[-71.064241,42.350111],[-71.064243,42.350109],[-71.064244,42.350107],[-71.064245,42.350104],[-71.064245,42.350101],[-71.064244,42.350099],[-71.064242,42.350097],[-71.064239,42.350095],[-71.064236,42.350094],[-71.064233,42.350094],[-71.064229,42.350089],[-71.064237,42.350085],[-71.064233,42.35008],[-71.064238,42.350078],[-71.064242,42.350077],[-71.064247,42.350076],[-71.06425,42.350074],[-71.064253,42.350071],[-71.064255,42.350069],[-71.064255,42.350066],[-71.064255,42.350064],[-71.064254,42.350062],[-71.064252,42.35006],[-71.06425,42.350058],[-71.064247,42.350057],[-71.064244,42.350056],[-71.06424,42.350051],[-71.064247,42.350048],[-71.064172,42.349965],[-71.064066,42.349849],[-71.064085,42.349784],[-71.064001,42.34977],[-71.063875,42.349832],[-71.063901,42.349754],[-71.063921,42.349683],[-71.063736,42.349471],[-71.063698,42.349427],[-71.063689,42.349416],[-71.063651,42.349374],[-71.063594,42.349316],[-71.06357,42.349327],[-71.063465,42.349378],[-71.06349,42.349403],[-71.063441,42.349426],[-71.063419,42.349422],[-71.063687,42.349729],[-71.063691,42.34973],[-71.063763,42.349811],[-71.063812,42.349868],[-71.063921,42.349991],[-71.063925,42.349995],[-71.06395,42.350025],[-71.063986,42.350065],[-71.064091,42.350184],[-71.064094,42.350187],[-71.064102,42.350183],[-71.064127,42.350208]]]},"properties":{"id":"671653-0","height_m":41.66}},{"type":"Feature","geometry":{"type":"Polygon","coordinates":[[[-71.063875,42.349832],[-71.064001,42.34977],[-71.063901,42.349754],[-71.063875,42.349832]]]},"properties":{"id":"671654-0","height_m":46.76}},{"type":"Feature","geometry":{"type":"Polygon","coordinates":[[[-71.063425,42.349376],[-71.063437,42.34939],[-71.063419,42.349422],[-71.063441,42.349426],[-71.06349,42.349403],[-71.063465,42.349378],[-71.06357,42.349327],[-71.063445,42.349309],[-71.063425,42.349376]]]},"properties":{"id":"671655-0","height_m":41.82}},{"type":"Feature","geometry":{"type":"Polygon","coordinates":[[[-71.06354,42.349708],[-71.063554,42.34971],[-71.063664,42.349726],[-71.063687,42.349729],[-71.063419,42.349422],[-71.063412,42.349431],[-71.063346,42.349671],[-71.063355,42.349672],[-71.063462,42.349688],[-71.063458,42.349703],[-71.063513,42.34971],[-71.063515,42.349704],[-71.06354,42.349708]]]},"properties":{"id":"671656-0","height_m":28.94}},{"type":"Feature","geometry":{"type":"Polygon","coordinates":[[[-71.063034,42.349456],[-71.063028,42.349462],[-71.063022,42.349468],[-71.063017,42.349475],[-71.063012,42.349482],[-71.063008,42.349489],[-71.063005,42.349496],[-71.063003,42.349503],[-71.063001,42.349511],[-71.063,42.349518],[-71.063,42.349526],[-71.063,42.349534],[-71.063002,42.349541],[-71.063002,42.349543],[-71.063004,42.349549],[-71.063006,42.349556],[-71.06301,42.349563],[-71.063014,42.34957],[-71.063019,42.349577],[-71.063024,42.349583],[-71.06303,42.34959],[-71.063037,42.349595],[-71.063044,42.349601],[-71.063052,42.349606],[-71.063052,42.349606],[-71.063074,42.349586],[-71.063054,42.349563],[-71.063053,42.349562],[-71.063051,42.34956],[-71.06305,42.349558],[-71.063049,42.349556],[-71.063048,42.349554],[-71.063047,42.349552],[-71.063046,42.34955],[-71.063045,42.349548],[-71.063045,42.349546],[-71.063044,42.349544],[-71.063043,42.349542],[-71.063043,42.34954],[-71.063043,42.349538],[-71.063042,42.349536],[-71.063042,42.349534],[-71.063042,42.349532],[-71.063041,42.34953],[-71.063041,42.349528],[-71.063041,42.349526],[-71.063041,42.349524],[-71.063042,42.349522],[-71.063042,42.34952],[-71.063042,42.349518],[-71.063043,42.349516],[-71.063043,42.349514],[-71.063043,42.349512],[-71.063044,42.34951],[-71.063045,42.349508],[-71.063045,42.349506],[-71.063046,42.349504],[-71.063047,42.349502],[-71.063048,42.3495],[-71.063049,42.349498],[-71.06305,42.349496],[-71.063051,42.349494],[-71.063053,42.349493],[-71.063054,42.349491],[-71.063055,42.349489],[-71.063057,42.349487],[-71.063058,42.349486],[-71.06306,42.349484],[-71.063061,42.349482],[-71.063063,42.349481],[-71.063065,42.349479],[-71.063067,42.349477],[-71.063068,42.349476],[-71.06307,42.349474],[-71.063072,42.349473],[-71.063074,42.349472],[-71.063076,42.34947],[-71.063078,42.349469],[-71.063081,42.349468],[-71.063083,42.349466],[-71.063085,42.349465],[-71.063087,42.349464],[-71.06309,42.349463],[-71.063092,42.349462],[-71.063094,42.349461],[-71.063097,42.34946],[-71.063099,42.349459],[-71.063102,42.349458],[-71.063104,42.349457],[-71.063107,42.349457],[-71.063109,42.349456],[-71.063112,42.349455],[-71.063115,42.349455],[-71.063117,42.349454],[-71.06312,42.349454],[-71.063123,42.349453],[-71.063125,42.349453],[-71.063128,42.349452],[-71.063131,42.349452],[-71.063134,42.349452],[-71.063136,42.349452],[-71.063139,42.349452],[-71.063142,42.349452],[-71.063145,42.349452],[-71.063147,42.349452],[-71.06315,42.349452],[-71.063153,42.349452],[-71.063156,42.349452],[-71.063192,42.349457],[-71.063209,42.349435],[-71.063211,42.349432],[-71.063202,42.349429],[-71.063193,42.349426],[-71.063183,42.349423],[-71.063173,42.349421],[-71.063163,42.34942],[-71.063153,42.349419],[-71.063142,42.349419],[-71.063132,42.349419],[-71.063122,42.34942],[-71.063112,42.349421],[-71.063102,42.349423],[-71.063096,42.349425],[-71.063092,42.349426],[-71.063083,42.349429],[-71.063074,42.349432],[-71.063065,42.349436],[-71.063056,42.34944],[-71.063048,42.349445],[-71.063041,42.34945],[-71.063034,42.349456]]]},"properties":{"id":"671657-0","height_m":11.61}},{"type":"Feature","geometry":{"type":"Polygon","coordinates":[[[-71.063074,42.349586],[-71.06309,42.349571],[-71.063091,42.349572],[-71.063093,42.349573],[-71.063095,42.349574],[-71.063097,42.349575],[-71.063099,42.349576],[-71.063101,42.349577],[-71.063103,42.349577],[-71.063105,42.349578],[-71.063107,42.349579],[-71.063109,42.349579],[-71.063111,42.34958],[-71.063113,42.34958],[-71.063115,42.349581],[-71.063117,42.349581],[-71.06312,42.349582],[-71.063122,42.349582],[-71.063124,42.349582],[-71.063126,42.349582],[-71.063129,42.349582],[-71.063131,42.349582],[-71.063133,42.349583],[-71.063136,42.349583],[-71.063138,42.349582],[-71.06314,42.349582],[-71.063143,42.349582],[-71.063145,42.349582],[-71.063147,42.349582],[-71.06315,42.349581],[-71.063152,42.349581],[-71.063154,42.349581],[-71.063157,42.34958],[-71.063159,42.34958],[-71.063161,42.349579],[-71.063164,42.349578],[-71.063166,42.349578],[-71.063168,42.349577],[-71.06317,42.349576],[-71.063172,42.349575],[-71.063175,42.349575],[-71.063177,42.349574],[-71.063179,42.349573],[-71.063181,42.349572],[-71.063183,42.349571],[-71.063185,42.34957],[-71.063187,42.349569],[-71.063189,42.349567],[-71.063191,42.349566],[-71.063192,42.349565],[-71.063194,42.349564],[-71.063196,42.349563],[-71.063197,42.349561],[-71.063199,42.34956],[-71.063201,42.349559],[-71.063202,42.349557],[-71.063204,42.349556],[-71.063205,42.349554],[-71.063206,42.349553],[-71.063208,42.349551],[-71.063209,42.34955],[-71.06321,42.349548],[-71.063211,42.349547],[-71.063212,42.349545],[-71.063213,42.349543],[-71.063214,42.349542],[-71.063215,42.34954],[-71.063215,42.349539],[-71.063216,42.349537],[-71.063216,42.349535],[-71.063217,42.349534],[-71.063217,42.349532],[-71.063217,42.34953],[-71.063218,42.349529],[-71.063218,42.349527],[-71.063218,42.349525],[-71.063218,42.349523],[-71.063218,42.349522],[-71.063218,42.34952],[-71.063218,42.349518],[-71.063217,42.349517],[-71.063217,42.349515],[-71.063217,42.349513],[-71.063216,42.349512],[-71.063216,42.34951],[-71.063215,42.349508],[-71.063215,42.349507],[-71.063214,42.349505],[-71.063213,42.349504],[-71.063213,42.349502],[-71.063212,42.3495],[-71.063211,42.349499],[-71.06321,42.349497],[-71.063209,42.349496],[-71.063208,42.349494],[-71.063207,42.349493],[-71.063206,42.349492],[-71.063204,42.34949],[-71.063203,42.349489],[-71.063202,42.349488],[-71.063201,42.349486],[-71.063199,42.349485],[-71.063198,42.349484],[-71.063196,42.349483],[-71.063195,42.349482],[-71.063193,42.349481],[-71.063192,42.34948],[-71.06319,42.349479],[-71.063188,42.349478],[-71.063187,42.349477],[-71.063185,42.349476],[-71.063183,42.349476],[-71.063181,42.349475],[-71.06318,42.349474],[-71.063192,42.349457],[-71.063156,42.349452],[-71.063153,42.349452],[-71.06315,42.349452],[-71.063147,42.349452],[-71.063145,42.349452],[-71.063142,42.349452],[-71.063139,42.349452],[-71.063136,42.349452],[-71.063134,42.349452],[-71.063131,42.349452],[-71.063128,42.349452],[-71.063125,42.349453],[-71.063123,42.349453],[-71.06312,42.349454],[-71.063117,42.349454],[-71.063115,42.349455],[-71.063112,42.349455],[-71.063109,42.349456],[-71.063107,42.349457],[-71.063104,42.349457],[-71.063102,42.349458],[-71.063099,42.349459],[-71.063097,42.34946],[-71.063094,42.349461],[-71.063092,42.349462],[-71.06309,42.349463],[-71.063087,42.349464],[-71.063085,42.349465],[-71.063083,42.349466],[-71.063081,42.349468],[-71.063078,42.349469],[-71.063076,42.34947],[-71.063074,42.349472],[-71.063072,42.349473],[-71.06307,42.349474],[-71.063068,42.349476],[-71.063067,42.349477],[-71.063065,42.349479],[-71.063063,42.349481],[-71.063061,42.349482],[-71.06306,42.349484],[-71.063058,42.349486],[-71.063057,42.349487],[-71.063055,42.349489],[-71.063054,42.349491],[-71.063053,42.349493],[-71.063051,42.349494],[-71.06305,42.349496],[-71.063049,42.349498],[-71.063048,42.3495],[-71.063047,42.349502],[-71.063046,42.349504],[-71.063045,42.349506],[-71.063045,42.349508],[-71.063044,42.34951],[-71.063043,42.349512],[-71.063043,42.349514],[-71.063043,42.349516],[-71.063042,42.349518],[-71.063042,42.34952],[-71.063042,42.349522],[-71.063041,42.349524],[-71.063041,42.349526],[-71.063041,42.349528],[-71.063041,42.34953],[-71.063042,42.349532],[-71.063042,42.349534],[-71.063042,42.349536],[-71.063043,42.349538],[-71.063043,42.34954],[-71.063043,42.349542],[-71.063044,42.349544],[-71.063045,42.349546],[-71.063045,42.349548],[-71.063046,42.34955],[-71.063047,42.349552],[-71.063048,42.349554],[-71.063049,42.349556],[-71.06305,42.349558],[-71.063051,42.34956],[-71.063053,42.349562],[-71.063054,42.349563],[-71.063074,42.349586]]]},"properties":{"id":"671658-0","height_m":15.99}},{"type":"Feature","geometry":{"type":"Polygon","coordinates":[[[-71.063473,42.349304],[-71.063473,42.349306],[-71.063548,42.349317],[-71.063557,42.349285],[-71.063511,42.349279],[-71.063481,42.349274],[-71.063473,42.349304]]]},"properties":{"id":"671659-0","height_m":55.41}},{"type":"Feature","geometry":{"type":"Polygon","coordinates":[[[-71.063447,42.3493],[-71.063473,42.349304],[-71.063481,42.349274],[-71.063511,42.349279],[-71.063523,42.349233],[-71.063467,42.349225],[-71.063447,42.3493]]]},"properties":{"id":"671660-0","height_m":51.11}},{"type":"Feature","geometry":{"type":"Polygon","coordinates":[[[-71.063856,42.353031],[-71.064238,42.353054],[-71.064239,42.353045],[-71.064243,42.353031],[-71.064251,42.353005],[-71.064257,42.352984],[-71.063861,42.352963],[-71.063856,42.353031]]]},"properties":{"id":"671661-0","height_m":23.22}},{"type":"Feature","geometry":{"type":"Polygon","coordinates":[[[-71.063892,42.353833],[-71.063897,42.353824],[-71.06391,42.353801],[-71.063915,42.353802],[-71.063916,42.353799],[-71.06392,42.353793],[-71.063934,42.353767],[-71.063946,42.353745],[-71.063956,42.353727],[-71.063972,42.353699],[-71.063985,42.353676],[-71.063987,42.35367],[-71.063989,42.353668],[-71.06398,42.353665],[-71.063994,42.353641],[-71.063998,42.353634],[-71.063991,42.353632],[-71.063986,42.35363],[-71.063985,42.35363],[-71.063955,42.353621],[-71.063953,42.35362],[-71.06394,42.353616],[-71.063924,42.353611],[-71.063915,42.353608],[-71.063913,42.353608],[-71.063852,42.353589],[-71.063843,42.353587],[-71.063827,42.353582],[-71.063816,42.353578],[-71.063781,42.353568],[-71.063768,42.353564],[-71.063766,42.353567],[-71.063762,42.353572],[-71.063747,42.353598],[-71.063723,42.353635],[-71.06369,42.353688],[-71.063666,42.353727],[-71.06365,42.353752],[-71.063645,42.35376],[-71.063892,42.353833]]]},"properties":{"id":"671662-0","height_m":50.99}},{"type":"Feature","geometry":{"type":"Polygon","coordinates":[[[-71.063748,42.354096],[-71.063771,42.354055],[-71.063788,42.35406],[-71.063852,42.353943],[-71.063838,42.353939],[-71.063853,42.353912],[-71.063862,42.353896],[-71.063858,42.353895],[-71.063609,42.353818],[-71.063488,42.354013],[-71.063484,42.354018],[-71.063748,42.354096]]]},"properties":{"id":"671663-0","height_m":50.12}},{"type":"Feature","geometry":{"type":"Polygon","coordinates":[[[-71.063515,42.352659],[-71.063516,42.352675],[-71.063529,42.352676],[-71.063532,42.35261],[-71.06354,42.35261],[-71.063543,42.352569],[-71.063695,42.352563],[-71.063705,42.352384],[-71.06353,42.352383],[-71.063388,42.352382],[-71.063363,42.352382],[-71.06336,42.352448],[-71.063367,42.352448],[-71.06338,42.352569],[-71.063395,42.352591],[-71.063515,42.352659]]]},"properties":{"id":"671664-0","height_m":38.34}},{"type":"Feature","geometry":{"type":"Polygon","coordinates":[[[-71.062522,42.353635],[-71.062557,42.353657],[-71.063043,42.353655],[-71.063082,42.353402],[-71.06272,42.353391],[-71.06271,42.353448],[-71.062682,42.353436],[-71.062522,42.353635]]]},"properties":{"id":"671665-0","height_m":123.66}},{"type":"Feature","geometry":{"type":"Polygon","coordinates":[[[-71.059175,42.352712],[-71.059175,42.352728],[-71.059257,42.352732],[-71.059322,42.352726],[-71.059312,42.352675],[-71.059301,42.352676],[-71.059296,42.352646],[-71.059309,42.352644],[-71.059303,42.352593],[-71.058897,42.352545],[-71.058886,42.352662],[-71.05889,42.352662],[-71.058888,42.352681],[-71.058996,42.352693],[-71.058991,42.352719],[-71.059055,42.352723],[-71.059058,42.3527],[-71.059175,42.352712]]]},"properties":{"id":"671666-0","height_m":32.4}},{"type":"Feature","geometry":{"type":"Polygon","coordinates":[[[-71.053793,42.354873],[-71.053823,42.354903],[-71.053841,42.35492],[-71.054065,42.354801],[-71.054023,42.354759],[-71.053793,42.354873]]]},"properties":{"id":"671667-0","height_m":17.52}},{"type":"Feature","geometry":{"type":"Polygon","coordinates":[[[-71.053746,42.354826],[-71.053793,42.354873],[-71.054023,42.354759],[-71.053977,42.354713],[-71.053746,42.354826]]]},"properties":{"id":"671668-0","height_m":17.41}},{"type":"Feature","geometry":{"type":"Polygon","coordinates":[[[-71.053707,42.354773],[-71.053699,42.354778],[-71.053746,42.354826],[-71.053977,42.354713],[-71.053925,42.35466],[-71.053707,42.354773]]]},"properties":{"id":"671669-0","height_m":17.25}},{"type":"Feature","geometry":{"type":"Polygon","coordinates":[[[-71.058045,42.352784],[-71.058042,42.352811],[-71.058097,42.352814],[-71.058126,42.352633],[-71.058065,42.352629],[-71.058045,42.352784]]]},"properties":{"id":"671670-0","height_m":24.85}},{"type":"Feature","geometry":{"type":"Polygon","coordinates":[[[-71.058778,42.353149],[-71.058955,42.353161],[-71.058968,42.35305],[-71.058791,42.353038],[-71.058778,42.353149]]]},"properties":{"id":"671671-0","height_m":34.36}},{"type":"Feature","geometry":{"type":"Polygon","coordinates":[[[-71.058984,42.353166],[-71.059179,42.35318],[-71.059185,42.353133],[-71.059224,42.353136],[-71.059239,42.353018],[-71.059196,42.353015],[-71.059216,42.352859],[-71.059061,42.352848],[-71.059038,42.353032],[-71.059001,42.353029],[-71.058984,42.353166]]]},"properties":{"id":"671672-0","height_m":35.59}},{"type":"Feature","geometry":{"type":"Polygon","coordinates":[[[-71.057361,42.353133],[-71.057587,42.353153],[-71.057615,42.352985],[-71.057388,42.352965],[-71.057361,42.353133]]]},"properties":{"id":"671673-0","height_m":88.49}},{"type":"Feature","geometry":{"type":"Polygon","coordinates":[[[-71.057571,42.35316],[-71.057597,42.353162],[-71.0576,42.353143],[-71.057623,42.352999],[-71.057626,42.352978],[-71.057601,42.352976],[-71.057406,42.352959],[-71.057379,42.352956],[-71.057376,42.352976],[-71.057353,42.35312],[-71.05735,42.35314],[-71.057374,42.353142],[-71.057571,42.35316]]]},"properties":{"id":"671674-0","height_m":88.49}},{"type":"Feature","geometry":{"type":"Polygon","coordinates":[[[-71.057305,42.35297],[-71.057376,42.352976],[-71.057379,42.352956],[-71.057406,42.352959],[-71.057409,42.35294],[-71.057415,42.352905],[-71.057316,42.352897],[-71.057307,42.352954],[-71.057305,42.35297]]]},"properties":{"id":"671675-0","height_m":89.54}},{"type":"Feature","geometry":{"type":"Polygon","coordinates":[[[-71.057276,42.353127],[-71.057266,42.353188],[-71.057365,42.353197],[-71.057371,42.353159],[-71.057374,42.353142],[-71.05735,42.35314],[-71.057353,42.35312],[-71.057278,42.353113],[-71.057276,42.353127]]]},"properties":{"id":"671676-0","height_m":89.18}},{"type":"Feature","geometry":{"type":"Polygon","coordinates":[[[-71.057568,42.353174],[-71.057562,42.353215],[-71.057659,42.353224],[-71.057671,42.353149],[-71.05762,42.353144],[-71.0576,42.353143],[-71.057597,42.353162],[-71.057571,42.35316],[-71.057568,42.353174]]]},"properties":{"id":"671677-0","height_m":88.89}},{"type":"Feature","geometry":{"type":"Polygon","coordinates":[[[-71.057604,42.352958],[-71.057601,42.352976],[-71.057626,42.352978],[-71.057623,42.352999],[-71.057643,42.353001],[-71.057696,42.353006],[-71.057708,42.352932],[-71.057609,42.352923],[-71.057604,42.352958]]]},"properties":{"id":"671678-0","height_m":89.41}},{"type":"Feature","geometry":{"type":"Polygon","coordinates":[[[-71.057191,42.353119],[-71.057276,42.353127],[-71.057278,42.353113],[-71.057353,42.35312],[-71.057376,42.352976],[-71.057305,42.35297],[-71.057307,42.352954],[-71.05722,42.352946],[-71.057217,42.352969],[-71.057203,42.352968],[-71.057201,42.352975],[-71.057188,42.352988],[-71.057177,42.353003],[-71.057168,42.353024],[-71.057167,42.353051],[-71.057172,42.353072],[-71.057181,42.353087],[-71.057179,42.353095],[-71.057195,42.353096],[-71.057191,42.353119]]]},"properties":{"id":"671679-0","height_m":84.21}},{"type":"Feature","geometry":{"type":"Polygon","coordinates":[[[-71.057406,42.352959],[-71.057601,42.352976],[-71.057604,42.352958],[-71.057409,42.35294],[-71.057406,42.352959]]]},"properties":{"id":"671680-0","height_m":89.6}},{"type":"Feature","geometry":{"type":"Polygon","coordinates":[[[-71.0576,42.353143],[-71.05762,42.353144],[-71.057643,42.353001],[-71.057623,42.352999],[-71.0576,42.353143]]]},"properties":{"id":"671681-0","height_m":88.97}},{"type":"Feature","geometry":{"type":"Polygon","coordinates":[[[-71.058256,42.352808],[-71.05861,42.352832],[-71.058629,42.352678],[-71.058275,42.352653],[-71.058256,42.352808]]]},"properties":{"id":"671682-0","height_m":149.38}},{"type":"Feature","geometry":{"type":"Polygon","coordinates":[[[-71.055487,42.354168],[-71.055414,42.354211],[-71.0554,42.35422],[-71.055474,42.354285],[-71.055591,42.35439],[-71.055631,42.354426],[-71.055602,42.354453],[-71.055621,42.354481],[-71.055628,42.354474],[-71.055745,42.354392],[-71.055503,42.354159],[-71.055487,42.354168]]]},"properties":{"id":"671683-0","height_m":18.29}},{"type":"Feature","geometry":{"type":"Polygon","coordinates":[[[-71.059228,42.355368],[-71.059302,42.355299],[-71.059293,42.355293],[-71.05931,42.355276],[-71.05932,42.355282],[-71.059485,42.355127],[-71.059476,42.355121],[-71.059494,42.355105],[-71.059503,42.355111],[-71.059549,42.355069],[-71.059594,42.355028],[-71.059598,42.355024],[-71.059632,42.354993],[-71.059638,42.354988],[-71.059615,42.354971],[-71.05962,42.354967],[-71.059565,42.354925],[-71.059557,42.354919],[-71.059553,42.354922],[-71.059489,42.354874],[-71.059494,42.354871],[-71.059491,42.354869],[-71.059453,42.354841],[-71.059451,42.354839],[-71.059447,42.354842],[-71.059383,42.354795],[-71.059388,42.354791],[-71.059327,42.354744],[-71.059322,42.354748],[-71.0593,42.354731],[-71.059303,42.354729],[-71.05925,42.354689],[-71.059219,42.354665],[-71.059161,42.354622],[-71.059151,42.354632],[-71.058996,42.354777],[-71.059025,42.354795],[-71.059091,42.354833],[-71.059055,42.354867],[-71.058992,42.354831],[-71.058997,42.354826],[-71.058994,42.354824],[-71.058866,42.354747],[-71.058863,42.354745],[-71.058721,42.354875],[-71.058787,42.354919],[-71.058784,42.354922],[-71.058737,42.354966],[-71.058666,42.354924],[-71.058575,42.35501],[-71.058538,42.355044],[-71.058538,42.355044],[-71.058542,42.35507],[-71.058815,42.355188],[-71.058839,42.355162],[-71.058857,42.355172],[-71.058863,42.355166],[-71.058944,42.355092],[-71.058935,42.355085],[-71.059143,42.354891],[-71.059153,42.354897],[-71.05924,42.35482],[-71.059309,42.354874],[-71.059322,42.354864],[-71.059478,42.354986],[-71.05947,42.354995],[-71.059538,42.355048],[-71.059465,42.355118],[-71.059475,42.355126],[-71.059312,42.355275],[-71.059303,42.35527],[-71.059229,42.35534],[-71.059138,42.3553],[-71.05913,42.355309],[-71.059123,42.355315],[-71.059228,42.355368]]]},"properties":{"id":"671684-0","height_m":22.51}},{"type":"Feature","geometry":{"type":"Polygon","coordinates":[[[-71.059033,42.354595],[-71.058875,42.354739],[-71.059002,42.354817],[-71.059025,42.354795],[-71.058996,42.354777],[-71.059151,42.354632],[-71.059081,42.35459],[-71.059033,42.354595]]]},"properties":{"id":"671685-0","height_m":9.56}},{"type":"Feature","geometry":{"type":"Polygon","coordinates":[[[-71.059229,42.35534],[-71.059303,42.35527],[-71.059312,42.355275],[-71.059475,42.355126],[-71.059465,42.355118],[-71.059538,42.355048],[-71.05947,42.354995],[-71.059478,42.354986],[-71.059322,42.354864],[-71.059309,42.354874],[-71.05924,42.35482],[-71.059153,42.354897],[-71.059143,42.354891],[-71.058935,42.355085],[-71.058944,42.355092],[-71.058863,42.355166],[-71.058945,42.355214],[-71.058937,42.355221],[-71.059013,42.35524],[-71.059063,42.355269],[-71.05913,42.355309],[-71.059138,42.3553],[-71.059229,42.35534]]]},"properties":{"id":"671686-0","height_m":81.93}},{"type":"Feature","geometry":{"type":"Polygon","coordinates":[[[-71.057948,42.354989],[-71.058073,42.354993],[-71.058153,42.355002],[-71.058175,42.35495],[-71.058232,42.35489],[-71.058044,42.354785],[-71.057908,42.354919],[-71.05787,42.354957],[-71.057875,42.354959],[-71.057867,42.35498],[-71.057914,42.354998],[-71.057933,42.354983],[-71.057948,42.354989]]]},"properties":{"id":"671687-0","height_m":25.42}},{"type":"Feature","geometry":{"type":"Polygon","coordinates":[[[-71.058718,42.354284],[-71.058627,42.354217],[-71.058554,42.354286],[-71.058464,42.354371],[-71.058391,42.354438],[-71.058397,42.35444],[-71.058489,42.354492],[-71.058512,42.35447],[-71.058718,42.354284]]]},"properties":{"id":"671688-0","height_m":19.81}},{"type":"Feature","geometry":{"type":"Polygon","coordinates":[[[-71.058153,42.355002],[-71.05828,42.355017],[-71.058317,42.354981],[-71.058343,42.354995],[-71.058419,42.354921],[-71.058429,42.354911],[-71.058101,42.35473],[-71.05807,42.35476],[-71.058052,42.354778],[-71.058044,42.354785],[-71.058232,42.35489],[-71.058175,42.35495],[-71.058153,42.355002]]]},"properties":{"id":"671689-0","height_m":41.07}},{"type":"Feature","geometry":{"type":"Polygon","coordinates":[[[-71.058368,42.354602],[-71.058512,42.354681],[-71.058595,42.3546],[-71.058565,42.354582],[-71.058586,42.354561],[-71.058473,42.354497],[-71.058368,42.354602]]]},"properties":{"id":"671690-0","height_m":9.93}},{"type":"Feature","geometry":{"type":"Polygon","coordinates":[[[-71.058276,42.354689],[-71.058419,42.354769],[-71.058332,42.354857],[-71.058429,42.354911],[-71.058447,42.354921],[-71.058451,42.354923],[-71.058453,42.354921],[-71.058546,42.354834],[-71.058633,42.354753],[-71.058718,42.354674],[-71.058709,42.354669],[-71.058595,42.3546],[-71.058512,42.354681],[-71.058368,42.354602],[-71.058276,42.354689]]]},"properties":{"id":"671691-0","height_m":24.19}},{"type":"Feature","geometry":{"type":"Polygon","coordinates":[[[-71.058356,42.35448],[-71.058339,42.354497],[-71.058276,42.354558],[-71.058202,42.354631],[-71.058101,42.35473],[-71.058185,42.354776],[-71.058276,42.354689],[-71.058368,42.354602],[-71.058473,42.354497],[-71.058387,42.354449],[-71.058356,42.35448]]]},"properties":{"id":"671692-0","height_m":24.19}},{"type":"Feature","geometry":{"type":"Polygon","coordinates":[[[-71.058185,42.354776],[-71.058332,42.354857],[-71.058419,42.354769],[-71.058276,42.354689],[-71.058185,42.354776]]]},"properties":{"id":"671693-0","height_m":10.35}},{"type":"Feature","geometry":{"type":"Polygon","coordinates":[[[-71.060547,42.354432],[-71.06057,42.35445],[-71.060883,42.354663],[-71.061111,42.354803],[-71.061132,42.354783],[-71.061287,42.354642],[-71.061292,42.354638],[-71.061516,42.354425],[-71.06165,42.354298],[-71.061687,42.354262],[-71.061745,42.354204],[-71.0618,42.354152],[-71.061961,42.353992],[-71.062033,42.353919],[-71.061992,42.3539],[-71.061658,42.353737],[-71.061507,42.353663],[-71.061484,42.353652],[-71.061478,42.35366],[-71.061413,42.353628],[-71.06133,42.353587],[-71.061316,42.353581],[-71.061283,42.353618],[-71.061052,42.35387],[-71.061056,42.353871],[-71.06106,42.353871],[-71.061064,42.353872],[-71.061068,42.353873],[-71.061071,42.353874],[-71.061075,42.353875],[-71.061079,42.353876],[-71.061082,42.353877],[-71.061086,42.353878],[-71.06109,42.353879],[-71.061093,42.35388],[-71.061097,42.353882],[-71.0611,42.353883],[-71.061104,42.353884],[-71.061107,42.353886],[-71.061111,42.353887],[-71.061114,42.353889],[-71.061117,42.35389],[-71.061121,42.353892],[-71.061124,42.353894],[-71.061127,42.353895],[-71.06113,42.353897],[-71.061133,42.353899],[-71.061136,42.353901],[-71.061139,42.353902],[-71.061142,42.353904],[-71.061145,42.353906],[-71.061148,42.353908],[-71.061151,42.35391],[-71.061154,42.353912],[-71.061156,42.353914],[-71.061159,42.353917],[-71.061162,42.353919],[-71.061164,42.353921],[-71.061167,42.353923],[-71.061169,42.353926],[-71.061172,42.353928],[-71.061174,42.35393],[-71.061176,42.353933],[-71.061178,42.353935],[-71.061181,42.353937],[-71.061183,42.35394],[-71.061185,42.353942],[-71.061187,42.353945],[-71.061188,42.353947],[-71.06119,42.35395],[-71.061192,42.353953],[-71.061194,42.353955],[-71.061195,42.353958],[-71.061197,42.353961],[-71.061198,42.353963],[-71.0612,42.353966],[-71.061201,42.353969],[-71.061202,42.353972],[-71.061204,42.353974],[-71.061205,42.353977],[-71.061206,42.35398],[-71.061207,42.353983],[-71.061208,42.353986],[-71.061209,42.353988],[-71.061209,42.353991],[-71.06121,42.353994],[-71.061211,42.353997],[-71.061211,42.354],[-71.061212,42.354003],[-71.061212,42.354006],[-71.061213,42.354009],[-71.061213,42.354012],[-71.061213,42.354014],[-71.061213,42.354017],[-71.061213,42.35402],[-71.061213,42.354023],[-71.061213,42.354026],[-71.061213,42.354029],[-71.061213,42.354032],[-71.061212,42.354035],[-71.061212,42.354038],[-71.061211,42.354041],[-71.061211,42.354043],[-71.06121,42.354046],[-71.061209,42.354049],[-71.061209,42.354052],[-71.061208,42.354055],[-71.061207,42.354058],[-71.061206,42.354061],[-71.061205,42.354063],[-71.061204,42.354066],[-71.061203,42.354069],[-71.061201,42.354072],[-71.0612,42.354074],[-71.061199,42.354077],[-71.061197,42.35408],[-71.061196,42.354083],[-71.061194,42.354085],[-71.061192,42.354088],[-71.061191,42.35409],[-71.061189,42.354093],[-71.061187,42.354096],[-71.061185,42.354098],[-71.061183,42.354101],[-71.061181,42.354103],[-71.061179,42.354106],[-71.061177,42.354108],[-71.061174,42.35411],[-71.061172,42.354113],[-71.06117,42.354115],[-71.061167,42.354117],[-71.061165,42.35412],[-71.061162,42.354122],[-71.06116,42.354124],[-71.061157,42.354126],[-71.061154,42.354128],[-71.061151,42.35413],[-71.061149,42.354132],[-71.061146,42.354134],[-71.061143,42.354136],[-71.06114,42.354138],[-71.061137,42.35414],[-71.061134,42.354142],[-71.061131,42.354144],[-71.061128,42.354145],[-71.061124,42.354147],[-71.061121,42.354149],[-71.061118,42.35415],[-71.061115,42.354152],[-71.061111,42.354154],[-71.061108,42.354155],[-71.061104,42.354156],[-71.061101,42.354158],[-71.061097,42.354159],[-71.061094,42.35416],[-71.06109,42.354162],[-71.061087,42.354163],[-71.061083,42.354164],[-71.061079,42.354165],[-71.061076,42.354166],[-71.061072,42.354167],[-71.061068,42.354168],[-71.061065,42.354169],[-71.061061,42.35417],[-71.061057,42.35417],[-71.061053,42.354171],[-71.061049,42.354172],[-71.061045,42.354172],[-71.061042,42.354173],[-71.061038,42.354173],[-71.061034,42.354174],[-71.06103,42.354174],[-71.061026,42.354174],[-71.061022,42.354175],[-71.061018,42.354175],[-71.061014,42.354175],[-71.06101,42.354175],[-71.061006,42.354175],[-71.061003,42.354175],[-71.060999,42.354175],[-71.060995,42.354175],[-71.060991,42.354175],[-71.060987,42.354175],[-71.060983,42.354174],[-71.060979,42.354174],[-71.060975,42.354174],[-71.060971,42.354173],[-71.060967,42.354173],[-71.060964,42.354172],[-71.06096,42.354172],[-71.060956,42.354171],[-71.060953,42.354175],[-71.060949,42.354174],[-71.060945,42.354173],[-71.060941,42.354172],[-71.060937,42.354171],[-71.060934,42.35417],[-71.06093,42.354169],[-71.060926,42.354168],[-71.060922,42.354167],[-71.060918,42.354166],[-71.060914,42.354164],[-71.060911,42.354163],[-71.060907,42.354161],[-71.060903,42.35416],[-71.0609,42.354158],[-71.060896,42.354157],[-71.060892,42.354155],[-71.060889,42.354154],[-71.060886,42.354152],[-71.060882,42.35415],[-71.060879,42.354148],[-71.060875,42.354146],[-71.060872,42.354145],[-71.060869,42.354143],[-71.060866,42.354141],[-71.060862,42.354139],[-71.060859,42.354137],[-71.060856,42.354134],[-71.060853,42.354132],[-71.06085,42.35413],[-71.060847,42.354128],[-71.060845,42.354126],[-71.060842,42.354123],[-71.060839,42.354121],[-71.060836,42.354119],[-71.060834,42.354116],[-71.060831,42.354114],[-71.060547,42.354432]]]},"properties":{"id":"671698-0","height_m":29.03}},{"type":"Feature","geometry":{"type":"Polygon","coordinates":[[[-71.06007,42.353948],[-71.05997,42.354032],[-71.059969,42.354033],[-71.060153,42.35416],[-71.060193,42.354116],[-71.060347,42.353939],[-71.060343,42.353937],[-71.060304,42.353784],[-71.060341,42.353745],[-71.060285,42.353714],[-71.06007,42.353948]]]},"properties":{"id":"671699-0","height_m":16.61}},{"type":"Feature","geometry":{"type":"Polygon","coordinates":[[[-71.060193,42.354116],[-71.060632,42.354337],[-71.060762,42.354191],[-71.060663,42.354142],[-71.060727,42.354075],[-71.060614,42.354019],[-71.06079,42.353821],[-71.060885,42.353865],[-71.060896,42.35387],[-71.060899,42.353866],[-71.060957,42.353801],[-71.060963,42.353794],[-71.060919,42.353772],[-71.061126,42.353541],[-71.061156,42.353507],[-71.061158,42.353505],[-71.060686,42.353582],[-71.060361,42.353946],[-71.060347,42.353939],[-71.060193,42.354116]]]},"properties":{"id":"671700-0","height_m":21.41}},{"type":"Feature","geometry":{"type":"Polygon","coordinates":[[[-71.060919,42.353772],[-71.060963,42.353794],[-71.060957,42.353801],[-71.061066,42.353855],[-71.061283,42.353618],[-71.061276,42.353614],[-71.061181,42.353568],[-71.061179,42.353567],[-71.061172,42.353563],[-71.06117,42.353562],[-71.061126,42.353541],[-71.060919,42.353772]]]},"properties":{"id":"671701-0","height_m":21.41}},{"type":"Feature","geometry":{"type":"Polygon","coordinates":[[[-71.060153,42.35416],[-71.060547,42.354432],[-71.060632,42.354337],[-71.060193,42.354116],[-71.060153,42.35416]]]},"properties":{"id":"671702-0","height_m":15.73}},{"type":"Feature","geometry":{"type":"Polygon","coordinates":[[[-71.059499,42.354532],[-71.0595,42.354533],[-71.059501,42.354535],[-71.059502,42.354536],[-71.059503,42.354537],[-71.059504,42.354538],[-71.059505,42.354539],[-71.059506,42.35454],[-71.059507,42.354542],[-71.059507,42.354543],[-71.059508,42.354544],[-71.059508,42.354545],[-71.059509,42.354547],[-71.059509,42.354548],[-71.059509,42.354549],[-71.05951,42.354551],[-71.05951,42.354552],[-71.05951,42.354554],[-71.05951,42.354555],[-71.05951,42.354556],[-71.05951,42.354558],[-71.059509,42.354559],[-71.059509,42.35456],[-71.059509,42.354562],[-71.059508,42.354563],[-71.059508,42.354564],[-71.059507,42.354566],[-71.059507,42.354567],[-71.059506,42.354568],[-71.059505,42.354569],[-71.059504,42.35457],[-71.059503,42.354572],[-71.059502,42.354573],[-71.059501,42.354574],[-71.060212,42.35511],[-71.060389,42.354982],[-71.060132,42.35478],[-71.060537,42.354475],[-71.059994,42.354094],[-71.059943,42.354143],[-71.059934,42.35414],[-71.059499,42.354532]]]},"properties":{"id":"671703-0","height_m":40.05}},{"type":"Feature","geometry":{"type":"Polygon","coordinates":[[[-71.060481,42.355389],[-71.060482,42.355389],[-71.060483,42.355389],[-71.060484,42.355389],[-71.060485,42.355389],[-71.060486,42.355389],[-71.060487,42.355389],[-71.060489,42.355389],[-71.06049,42.355389],[-71.060491,42.355389],[-71.060492,42.355388],[-71.060493,42.355388],[-71.060494,42.355388],[-71.060495,42.355387],[-71.060496,42.355387],[-71.060496,42.355386],[-71.060497,42.355386],[-71.060562,42.355313],[-71.060574,42.355319],[-71.060685,42.355214],[-71.060389,42.354982],[-71.060212,42.35511],[-71.060152,42.355154],[-71.060481,42.355389]]]},"properties":{"id":"671704-0","height_m":12.61}},{"type":"Feature","geometry":{"type":"Polygon","coordinates":[[[-71.060345,42.353649],[-71.060336,42.353659],[-71.06029,42.353709],[-71.060285,42.353714],[-71.060341,42.353745],[-71.060304,42.353784],[-71.060343,42.353937],[-71.060361,42.353946],[-71.060686,42.353582],[-71.061158,42.353505],[-71.061164,42.353498],[-71.061166,42.353496],[-71.061155,42.35349],[-71.060933,42.353382],[-71.060906,42.353406],[-71.060904,42.353407],[-71.060902,42.353408],[-71.0609,42.353409],[-71.060898,42.35341],[-71.060896,42.353411],[-71.060893,42.353412],[-71.060891,42.353413],[-71.060889,42.353414],[-71.060886,42.353415],[-71.060884,42.353416],[-71.060881,42.353417],[-71.060879,42.353418],[-71.060876,42.353418],[-71.060874,42.353419],[-71.060871,42.35342],[-71.060869,42.35342],[-71.060866,42.353421],[-71.060863,42.353421],[-71.060861,42.353421],[-71.060858,42.353422],[-71.060855,42.353422],[-71.060853,42.353422],[-71.06085,42.353422],[-71.060847,42.353422],[-71.060845,42.353422],[-71.060842,42.353422],[-71.060839,42.353422],[-71.060836,42.353422],[-71.060834,42.353422],[-71.060831,42.353422],[-71.060828,42.353422],[-71.060826,42.353421],[-71.060823,42.353421],[-71.060821,42.35342],[-71.060818,42.35342],[-71.060815,42.353419],[-71.060813,42.353419],[-71.06081,42.353418],[-71.060808,42.353417],[-71.060805,42.353417],[-71.060803,42.353416],[-71.0608,42.353415],[-71.060798,42.353414],[-71.060796,42.353413],[-71.060793,42.353412],[-71.060791,42.353411],[-71.060789,42.35341],[-71.060787,42.353409],[-71.060784,42.353408],[-71.060782,42.353406],[-71.06078,42.353405],[-71.060778,42.353404],[-71.060776,42.353402],[-71.060774,42.353401],[-71.060772,42.353399],[-71.060771,42.353398],[-71.060769,42.353396],[-71.060767,42.353395],[-71.060766,42.353393],[-71.060764,42.353392],[-71.060762,42.35339],[-71.060761,42.353388],[-71.06076,42.353387],[-71.060758,42.353385],[-71.060757,42.353383],[-71.060756,42.353381],[-71.060755,42.35338],[-71.060754,42.353378],[-71.060753,42.353376],[-71.060752,42.353374],[-71.060751,42.353372],[-71.06075,42.35337],[-71.060749,42.353368],[-71.060749,42.353366],[-71.060748,42.353364],[-71.060748,42.353362],[-71.060747,42.35336],[-71.060747,42.353358],[-71.060747,42.353356],[-71.060746,42.353354],[-71.060746,42.353353],[-71.060746,42.353351],[-71.060746,42.353349],[-71.060746,42.353347],[-71.060746,42.353345],[-71.060747,42.353343],[-71.060747,42.353341],[-71.060747,42.353339],[-71.060748,42.353337],[-71.060748,42.353335],[-71.060749,42.353333],[-71.06075,42.353331],[-71.06075,42.353329],[-71.060751,42.353327],[-71.060752,42.353325],[-71.060753,42.353323],[-71.060754,42.353321],[-71.060755,42.35332],[-71.060756,42.353318],[-71.060758,42.353316],[-71.060768,42.353302],[-71.06071,42.353273],[-71.060709,42.353273],[-71.060708,42.353273],[-71.060707,42.353272],[-71.060705,42.353272],[-71.060704,42.353272],[-71.060703,42.353272],[-71.060701,42.353272],[-71.0607,42.353272],[-71.060698,42.353272],[-71.060697,42.353272],[-71.060696,42.353272],[-71.060695,42.353272],[-71.060693,42.353273],[-71.060692,42.353273],[-71.060691,42.353273],[-71.060685,42.35328],[-71.060482,42.353501],[-71.060502,42.353514],[-71.060504,42.353516],[-71.060506,42.353517],[-71.060508,42.353519],[-71.06051,42.353521],[-71.060512,42.353522],[-71.060513,42.353524],[-71.060515,42.353525],[-71.060517,42.353527],[-71.060518,42.353529],[-71.06052,42.353531],[-71.060521,42.353533],[-71.060522,42.353534],[-71.060524,42.353536],[-71.060525,42.353538],[-71.060526,42.35354],[-71.060527,42.353542],[-71.060528,42.353544],[-71.060529,42.353546],[-71.06053,42.353548],[-71.06053,42.35355],[-71.060531,42.353552],[-71.060532,42.353554],[-71.060532,42.353556],[-71.060533,42.353558],[-71.060533,42.35356],[-71.060534,42.353562],[-71.060534,42.353564],[-71.060534,42.353566],[-71.060534,42.353568],[-71.060534,42.35357],[-71.060534,42.353572],[-71.060534,42.353575],[-71.060534,42.353577],[-71.060534,42.353579],[-71.060533,42.353581],[-71.060533,42.353583],[-71.060532,42.353585],[-71.060532,42.353587],[-71.060531,42.353589],[-71.06053,42.353591],[-71.06053,42.353593],[-71.060529,42.353595],[-71.060528,42.353597],[-71.060527,42.353599],[-71.060526,42.353601],[-71.060525,42.353603],[-71.060523,42.353605],[-71.060522,42.353606],[-71.060521,42.353608],[-71.060519,42.35361],[-71.060518,42.353612],[-71.060516,42.353614],[-71.060515,42.353615],[-71.060513,42.353617],[-71.060512,42.353619],[-71.06051,42.35362],[-71.060508,42.353622],[-71.060506,42.353623],[-71.060504,42.353625],[-71.060502,42.353626],[-71.0605,42.353628],[-71.060498,42.353629],[-71.060496,42.353631],[-71.060494,42.353632],[-71.060491,42.353633],[-71.060489,42.353634],[-71.060487,42.353636],[-71.060484,42.353637],[-71.060482,42.353638],[-71.06048,42.353639],[-71.060477,42.35364],[-71.060475,42.353641],[-71.060472,42.353642],[-71.060469,42.353642],[-71.060467,42.353643],[-71.060464,42.353644],[-71.060462,42.353645],[-71.060459,42.353645],[-71.060456,42.353646],[-71.060453,42.353646],[-71.060451,42.353647],[-71.060448,42.353647],[-71.060445,42.353647],[-71.060442,42.353648],[-71.06044,42.353648],[-71.060437,42.353648],[-71.060434,42.353648],[-71.060431,42.353648],[-71.060428,42.353648],[-71.060426,42.353648],[-71.060423,42.353648],[-71.06042,42.353648],[-71.060417,42.353648],[-71.060414,42.353648],[-71.060412,42.353647],[-71.060409,42.353647],[-71.060406,42.353647],[-71.060403,42.353646],[-71.060401,42.353645],[-71.060398,42.353645],[-71.060395,42.353644],[-71.060393,42.353644],[-71.06039,42.353643],[-71.060387,42.353642],[-71.060385,42.353641],[-71.06036,42.353632],[-71.060345,42.353649]]]},"properties":{"id":"671705-0","height_m":72.47}},{"type":"Feature","geometry":{"type":"Polygon","coordinates":[[[-71.060378,42.353613],[-71.06036,42.353632],[-71.060385,42.353641],[-71.060387,42.353642],[-71.06039,42.353643],[-71.060393,42.353644],[-71.060395,42.353644],[-71.060398,42.353645],[-71.060401,42.353645],[-71.060403,42.353646],[-71.060406,42.353647],[-71.060409,42.353647],[-71.060412,42.353647],[-71.060414,42.353648],[-71.060417,42.353648],[-71.06042,42.353648],[-71.060423,42.353648],[-71.060426,42.353648],[-71.060428,42.353648],[-71.060431,42.353648],[-71.060434,42.353648],[-71.060437,42.353648],[-71.06044,42.353648],[-71.060442,42.353648],[-71.060445,42.353647],[-71.060448,42.353647],[-71.060451,42.353647],[-71.060453,42.353646],[-71.060456,42.353646],[-71.060459,42.353645],[-71.060462,42.353645],[-71.060464,42.353644],[-71.060467,42.353643],[-71.060469,42.353642],[-71.060472,42.353642],[-71.060475,42.353641],[-71.060477,42.35364],[-71.06048,42.353639],[-71.060482,42.353638],[-71.060484,42.353637],[-71.060487,42.353636],[-71.060489,42.353634],[-71.060491,42.353633],[-71.060494,42.353632],[-71.060496,42.353631],[-71.060498,42.353629],[-71.0605,42.353628],[-71.060502,42.353626],[-71.060504,42.353625],[-71.060506,42.353623],[-71.060508,42.353622],[-71.06051,42.35362],[-71.060512,42.353619],[-71.060513,42.353617],[-71.060515,42.353615],[-71.060516,42.353614],[-71.060518,42.353612],[-71.060519,42.35361],[-71.060521,42.353608],[-71.060522,42.353606],[-71.060523,42.353605],[-71.060525,42.353603],[-71.060526,42.353601],[-71.060527,42.353599],[-71.060528,42.353597],[-71.060529,42.353595],[-71.06053,42.353593],[-71.06053,42.353591],[-71.060531,42.353589],[-71.060532,42.353587],[-71.060532,42.353585],[-71.060533,42.353583],[-71.060533,42.353581],[-71.060534,42.353579],[-71.060534,42.353577],[-71.060534,42.353575],[-71.060534,42.353572],[-71.060534,42.35357],[-71.060534,42.353568],[-71.060534,42.353566],[-71.060534,42.353564],[-71.060534,42.353562],[-71.060533,42.35356],[-71.060533,42.353558],[-71.060532,42.353556],[-71.060532,42.353554],[-71.060531,42.353552],[-71.06053,42.35355],[-71.06053,42.353548],[-71.060529,42.353546],[-71.060528,42.353544],[-71.060527,42.353542],[-71.060526,42.35354],[-71.060525,42.353538],[-71.060524,42.353536],[-71.060522,42.353534],[-71.060521,42.353533],[-71.06052,42.353531],[-71.060518,42.353529],[-71.060517,42.353527],[-71.060515,42.353525],[-71.060513,42.353524],[-71.060512,42.353522],[-71.06051,42.353521],[-71.060508,42.353519],[-71.060506,42.353517],[-71.060504,42.353516],[-71.060502,42.353514],[-71.060482,42.353501],[-71.060378,42.353613]]]},"properties":{"id":"671706-0","height_m":79.62}},{"type":"Feature","geometry":{"type":"Polygon","coordinates":[[[-71.060758,42.353316],[-71.060756,42.353318],[-71.060755,42.35332],[-71.060754,42.353321],[-71.060753,42.353323],[-71.060752,42.353325],[-71.060751,42.353327],[-71.06075,42.353329],[-71.06075,42.353331],[-71.060749,42.353333],[-71.060748,42.353335],[-71.060748,42.353337],[-71.060747,42.353339],[-71.060747,42.353341],[-71.060747,42.353343],[-71.060746,42.353345],[-71.060746,42.353347],[-71.060746,42.353349],[-71.060746,42.353351],[-71.060746,42.353353],[-71.060746,42.353354],[-71.060747,42.353356],[-71.060747,42.353358],[-71.060747,42.35336],[-71.060748,42.353362],[-71.060748,42.353364],[-71.060749,42.353366],[-71.060749,42.353368],[-71.06075,42.35337],[-71.060751,42.353372],[-71.060752,42.353374],[-71.060753,42.353376],[-71.060754,42.353378],[-71.060755,42.35338],[-71.060756,42.353381],[-71.060757,42.353383],[-71.060758,42.353385],[-71.06076,42.353387],[-71.060761,42.353388],[-71.060762,42.35339],[-71.060764,42.353392],[-71.060766,42.353393],[-71.060767,42.353395],[-71.060769,42.353396],[-71.060771,42.353398],[-71.060772,42.353399],[-71.060774,42.353401],[-71.060776,42.353402],[-71.060778,42.353404],[-71.06078,42.353405],[-71.060782,42.353406],[-71.060784,42.353408],[-71.060787,42.353409],[-71.060789,42.35341],[-71.060791,42.353411],[-71.060793,42.353412],[-71.060796,42.353413],[-71.060798,42.353414],[-71.0608,42.353415],[-71.060803,42.353416],[-71.060805,42.353417],[-71.060808,42.353417],[-71.06081,42.353418],[-71.060813,42.353419],[-71.060815,42.353419],[-71.060818,42.35342],[-71.060821,42.35342],[-71.060823,42.353421],[-71.060826,42.353421],[-71.060828,42.353422],[-71.060831,42.353422],[-71.060834,42.353422],[-71.060836,42.353422],[-71.060839,42.353422],[-71.060842,42.353422],[-71.060845,42.353422],[-71.060847,42.353422],[-71.06085,42.353422],[-71.060853,42.353422],[-71.060855,42.353422],[-71.060858,42.353422],[-71.060861,42.353421],[-71.060863,42.353421],[-71.060866,42.353421],[-71.060869,42.35342],[-71.060871,42.35342],[-71.060874,42.353419],[-71.060876,42.353418],[-71.060879,42.353418],[-71.060881,42.353417],[-71.060884,42.353416],[-71.060886,42.353415],[-71.060889,42.353414],[-71.060891,42.353413],[-71.060893,42.353412],[-71.060896,42.353411],[-71.060898,42.35341],[-71.0609,42.353409],[-71.060902,42.353408],[-71.060904,42.353407],[-71.060906,42.353406],[-71.060933,42.353382],[-71.060921,42.353376],[-71.060768,42.353302],[-71.060758,42.353316]]]},"properties":{"id":"671707-0","height_m":79.07}},{"type":"Feature","geometry":{"type":"Polygon","coordinates":[[[-71.060899,42.353866],[-71.060907,42.35387],[-71.060879,42.353903],[-71.060932,42.35393],[-71.0609,42.353964],[-71.060955,42.35399],[-71.060924,42.354024],[-71.06098,42.354052],[-71.06095,42.354088],[-71.061005,42.354115],[-71.060956,42.354171],[-71.06096,42.354172],[-71.060964,42.354172],[-71.060967,42.354173],[-71.060971,42.354173],[-71.060975,42.354174],[-71.060979,42.354174],[-71.060983,42.354174],[-71.060987,42.354175],[-71.060991,42.354175],[-71.060995,42.354175],[-71.060999,42.354175],[-71.061003,42.354175],[-71.061006,42.354175],[-71.06101,42.354175],[-71.061014,42.354175],[-71.061018,42.354175],[-71.061022,42.354175],[-71.061026,42.354174],[-71.06103,42.354174],[-71.061034,42.354174],[-71.061038,42.354173],[-71.061042,42.354173],[-71.061045,42.354172],[-71.061049,42.354172],[-71.061053,42.354171],[-71.061057,42.35417],[-71.061061,42.35417],[-71.061065,42.354169],[-71.061068,42.354168],[-71.061072,42.354167],[-71.061076,42.354166],[-71.061079,42.354165],[-71.061083,42.354164],[-71.061087,42.354163],[-71.06109,42.354162],[-71.061094,42.35416],[-71.061097,42.354159],[-71.061101,42.354158],[-71.061104,42.354156],[-71.061108,42.354155],[-71.061111,42.354154],[-71.061115,42.354152],[-71.061118,42.35415],[-71.061121,42.354149],[-71.061124,42.354147],[-71.061128,42.354145],[-71.061131,42.354144],[-71.061134,42.354142],[-71.061137,42.35414],[-71.06114,42.354138],[-71.061143,42.354136],[-71.061146,42.354134],[-71.061149,42.354132],[-71.061151,42.35413],[-71.061154,42.354128],[-71.061157,42.354126],[-71.06116,42.354124],[-71.061162,42.354122],[-71.061165,42.35412],[-71.061167,42.354117],[-71.06117,42.354115],[-71.061172,42.354113],[-71.061174,42.35411],[-71.061177,42.354108],[-71.061179,42.354106],[-71.061181,42.354103],[-71.061183,42.354101],[-71.061185,42.354098],[-71.061187,42.354096],[-71.061189,42.354093],[-71.061191,42.35409],[-71.061192,42.354088],[-71.061194,42.354085],[-71.061196,42.354083],[-71.061197,42.35408],[-71.061199,42.354077],[-71.0612,42.354074],[-71.061201,42.354072],[-71.061203,42.354069],[-71.061204,42.354066],[-71.061205,42.354063],[-71.061206,42.354061],[-71.061207,42.354058],[-71.061208,42.354055],[-71.061209,42.354052],[-71.061209,42.354049],[-71.06121,42.354046],[-71.061211,42.354043],[-71.061211,42.354041],[-71.061212,42.354038],[-71.061212,42.354035],[-71.061213,42.354032],[-71.061213,42.354029],[-71.061213,42.354026],[-71.061213,42.354023],[-71.061213,42.35402],[-71.061213,42.354017],[-71.061213,42.354014],[-71.061213,42.354012],[-71.061213,42.354009],[-71.061212,42.354006],[-71.061212,42.354003],[-71.061211,42.354],[-71.061211,42.353997],[-71.06121,42.353994],[-71.061209,42.353991],[-71.061209,42.353988],[-71.061208,42.353986],[-71.061207,42.353983],[-71.061206,42.35398],[-71.061205,42.353977],[-71.061204,42.353974],[-71.061202,42.353972],[-71.061201,42.353969],[-71.0612,42.353966],[-71.061198,42.353963],[-71.061197,42.353961],[-71.061195,42.353958],[-71.061194,42.353955],[-71.061192,42.353953],[-71.06119,42.35395],[-71.061188,42.353947],[-71.061187,42.353945],[-71.061185,42.353942],[-71.061183,42.35394],[-71.061181,42.353937],[-71.061178,42.353935],[-71.061176,42.353933],[-71.061174,42.35393],[-71.061172,42.353928],[-71.061169,42.353926],[-71.061167,42.353923],[-71.061164,42.353921],[-71.061162,42.353919],[-71.061159,42.353917],[-71.061156,42.353914],[-71.061154,42.353912],[-71.061151,42.35391],[-71.061148,42.353908],[-71.061145,42.353906],[-71.061142,42.353904],[-71.061139,42.353902],[-71.061136,42.353901],[-71.061133,42.353899],[-71.06113,42.353897],[-71.061127,42.353895],[-71.061124,42.353894],[-71.061121,42.353892],[-71.061117,42.35389],[-71.061114,42.353889],[-71.061111,42.353887],[-71.061107,42.353886],[-71.061104,42.353884],[-71.0611,42.353883],[-71.061097,42.353882],[-71.061093,42.35388],[-71.06109,42.353879],[-71.061086,42.353878],[-71.061082,42.353877],[-71.061079,42.353876],[-71.061075,42.353875],[-71.061071,42.353874],[-71.061068,42.353873],[-71.061064,42.353872],[-71.06106,42.353871],[-71.061056,42.353871],[-71.061052,42.35387],[-71.061066,42.353855],[-71.060957,42.353801],[-71.060899,42.353866]]]},"properties":{"id":"671708-0","height_m":6.81}},{"type":"Feature","geometry":{"type":"Polygon","coordinates":[[[-71.061941,42.354829],[-71.062017,42.354866],[-71.062062,42.354822],[-71.062087,42.354799],[-71.062093,42.354803],[-71.062123,42.354769],[-71.062045,42.35473],[-71.061996,42.354785],[-71.061941,42.354829]]]},"properties":{"id":"671709-0","height_m":5.26}},{"type":"Feature","geometry":{"type":"Polygon","coordinates":[[[-71.061534,42.354631],[-71.061804,42.354763],[-71.061845,42.354707],[-71.061588,42.354581],[-71.061534,42.354631]]]},"properties":{"id":"671710-0","height_m":38.07}},{"type":"Feature","geometry":{"type":"Polygon","coordinates":[[[-71.061369,42.354786],[-71.061645,42.354929],[-71.061804,42.354763],[-71.061534,42.354631],[-71.061369,42.354786]]]},"properties":{"id":"671711-0","height_m":38.07}},{"type":"Feature","geometry":{"type":"Polygon","coordinates":[[[-71.061924,42.35475],[-71.061996,42.354785],[-71.062045,42.35473],[-71.062123,42.354769],[-71.062206,42.354677],[-71.062209,42.354674],[-71.062128,42.354634],[-71.062058,42.3546],[-71.061924,42.35475]]]},"properties":{"id":"671712-0","height_m":11.51}},{"type":"Feature","geometry":{"type":"Polygon","coordinates":[[[-71.06173,42.354438],[-71.061581,42.354577],[-71.061588,42.354581],[-71.061845,42.354707],[-71.061986,42.354554],[-71.061745,42.354425],[-71.06173,42.354438]]]},"properties":{"id":"671713-0","height_m":21.31}},{"type":"Feature","geometry":{"type":"Polygon","coordinates":[[[-71.062805,42.354432],[-71.062919,42.354109],[-71.062917,42.354076],[-71.062677,42.354023],[-71.062534,42.354051],[-71.062488,42.354164],[-71.062482,42.35419],[-71.062424,42.354355],[-71.062498,42.354373],[-71.062608,42.354399],[-71.062615,42.354383],[-71.062805,42.354432]]]},"properties":{"id":"671714-0","height_m":30.5}},{"type":"Feature","geometry":{"type":"Polygon","coordinates":[[[-71.062227,42.353936],[-71.062352,42.353953],[-71.062367,42.353816],[-71.062883,42.353837],[-71.062881,42.353865],[-71.062895,42.353869],[-71.062884,42.353967],[-71.063026,42.353972],[-71.06304,42.353799],[-71.063065,42.353801],[-71.063074,42.353718],[-71.063042,42.353716],[-71.063043,42.353655],[-71.062557,42.353657],[-71.062491,42.353619],[-71.062341,42.353809],[-71.06234,42.35381],[-71.062336,42.353808],[-71.062227,42.353936]]]},"properties":{"id":"671715-0","height_m":19.35}},{"type":"Feature","geometry":{"type":"Polygon","coordinates":[[[-71.062805,42.354432],[-71.062847,42.354443],[-71.062865,42.354426],[-71.062914,42.354404],[-71.062944,42.354409],[-71.063038,42.354129],[-71.062966,42.354115],[-71.062918,42.354097],[-71.062919,42.354109],[-71.062805,42.354432]]]},"properties":{"id":"671716-0","height_m":25.35}},{"type":"Feature","geometry":{"type":"Polygon","coordinates":[[[-71.062288,42.35459],[-71.062278,42.3546],[-71.062479,42.354698],[-71.062487,42.354691],[-71.062623,42.354561],[-71.062496,42.35451],[-71.062555,42.354429],[-71.062532,42.354417],[-71.062514,42.354435],[-71.062463,42.354408],[-71.062288,42.35459]]]},"properties":{"id":"671717-0","height_m":21.67}},{"type":"Feature","geometry":{"type":"Polygon","coordinates":[[[-71.062944,42.354409],[-71.063052,42.354429],[-71.063083,42.354435],[-71.063087,42.354435],[-71.063144,42.354373],[-71.06322,42.354163],[-71.063038,42.354129],[-71.062944,42.354409]]]},"properties":{"id":"671718-0","height_m":28.76}},{"type":"Feature","geometry":{"type":"Polygon","coordinates":[[[-71.062917,42.354076],[-71.062918,42.354097],[-71.062966,42.354115],[-71.06322,42.354163],[-71.063144,42.354373],[-71.06323,42.35428],[-71.063299,42.354179],[-71.063339,42.354118],[-71.063351,42.354035],[-71.062563,42.35398],[-71.062534,42.354051],[-71.062677,42.354023],[-71.062917,42.354076]]]},"properties":{"id":"671719-0","height_m":13.86}},{"type":"Feature","geometry":{"type":"Polygon","coordinates":[[[-71.061926,42.354255],[-71.061882,42.3543],[-71.062158,42.354406],[-71.062256,42.354247],[-71.062343,42.354274],[-71.062324,42.35431],[-71.062429,42.354338],[-71.062482,42.35419],[-71.062067,42.354108],[-71.061926,42.354255]]]},"properties":{"id":"671720-0","height_m":31.69}},{"type":"Feature","geometry":{"type":"Polygon","coordinates":[[[-71.062288,42.35459],[-71.062463,42.354408],[-71.062293,42.354325],[-71.062229,42.354433],[-71.061882,42.3543],[-71.061873,42.354296],[-71.061806,42.354365],[-71.062288,42.35459]]]},"properties":{"id":"671721-0","height_m":34.84}},{"type":"Feature","geometry":{"type":"Polygon","coordinates":[[[-71.063336,42.354808],[-71.063355,42.354774],[-71.063339,42.35477],[-71.063372,42.354709],[-71.063157,42.354645],[-71.063124,42.354707],[-71.063112,42.354703],[-71.063093,42.354737],[-71.063119,42.354745],[-71.063116,42.35475],[-71.063305,42.354806],[-71.063309,42.3548],[-71.063336,42.354808]]]},"properties":{"id":"671722-0","height_m":72.52}},{"type":"Feature","geometry":{"type":"Polygon","coordinates":[[[-71.063664,42.354173],[-71.063671,42.35416],[-71.063686,42.354164],[-71.063705,42.354129],[-71.063678,42.354121],[-71.06368,42.354117],[-71.063489,42.35406],[-71.063487,42.354064],[-71.06346,42.354056],[-71.063439,42.354087],[-71.063456,42.354092],[-71.063447,42.354109],[-71.063664,42.354173]]]},"properties":{"id":"671723-0","height_m":72.52}},{"type":"Feature","geometry":{"type":"Polygon","coordinates":[[[-71.063075,42.354942],[-71.063048,42.354973],[-71.063056,42.354977],[-71.063211,42.355053],[-71.063255,42.355044],[-71.063311,42.35494],[-71.063373,42.354826],[-71.063745,42.354139],[-71.063788,42.35406],[-71.063771,42.354055],[-71.063748,42.354096],[-71.063484,42.354018],[-71.063466,42.354047],[-71.06346,42.354056],[-71.063487,42.354064],[-71.063489,42.35406],[-71.06368,42.354117],[-71.063678,42.354121],[-71.063705,42.354129],[-71.063686,42.354164],[-71.063671,42.35416],[-71.063664,42.354173],[-71.063679,42.354178],[-71.06339,42.354714],[-71.063372,42.354709],[-71.063339,42.35477],[-71.063355,42.354774],[-71.063336,42.354808],[-71.063309,42.3548],[-71.063305,42.354806],[-71.063116,42.35475],[-71.063119,42.354745],[-71.063093,42.354737],[-71.063105,42.354716],[-71.062945,42.354638],[-71.062746,42.354823],[-71.062912,42.354905],[-71.062938,42.354875],[-71.063075,42.354942]]]},"properties":{"id":"671724-0","height_m":38.17}},{"type":"Feature","geometry":{"type":"Polygon","coordinates":[[[-71.063105,42.354716],[-71.063112,42.354703],[-71.063124,42.354707],[-71.063157,42.354645],[-71.063149,42.354643],[-71.063438,42.354106],[-71.063447,42.354109],[-71.063456,42.354092],[-71.063439,42.354087],[-71.063295,42.3543],[-71.062945,42.354638],[-71.063105,42.354716]]]},"properties":{"id":"671725-0","height_m":16.54}},{"type":"Feature","geometry":{"type":"Polygon","coordinates":[[[-71.062968,42.352929],[-71.063069,42.352994],[-71.063173,42.353025],[-71.063227,42.352928],[-71.063153,42.352643],[-71.063134,42.352643],[-71.063141,42.352529],[-71.062997,42.352519],[-71.062968,42.352929]]]},"properties":{"id":"671726-0","height_m":134.53}},{"type":"Feature","geometry":{"type":"Polygon","coordinates":[[[-71.062851,42.352841],[-71.062781,42.352843],[-71.062773,42.352952],[-71.06284,42.352961],[-71.062852,42.35299],[-71.063069,42.352994],[-71.062968,42.352929],[-71.062975,42.352832],[-71.062866,42.35283],[-71.062851,42.352841]]]},"properties":{"id":"671727-0","height_m":123.43}},{"type":"Feature","geometry":{"type":"Polygon","coordinates":[[[-71.063227,42.352928],[-71.063245,42.352617],[-71.063159,42.35253],[-71.063141,42.352529],[-71.063134,42.352643],[-71.063153,42.352643],[-71.063227,42.352928]]]},"properties":{"id":"671728-0","height_m":123.65}},{"type":"Feature","geometry":{"type":"Polygon","coordinates":[[[-71.063227,42.352928],[-71.063212,42.352955],[-71.063823,42.352976],[-71.063862,42.352491],[-71.063861,42.352488],[-71.063869,42.352406],[-71.06387,42.352406],[-71.063872,42.352394],[-71.063823,42.352393],[-71.063722,42.35239],[-71.063714,42.35239],[-71.063705,42.352384],[-71.063705,42.352384],[-71.063695,42.352563],[-71.063693,42.352709],[-71.063503,42.352703],[-71.063326,42.352606],[-71.063322,42.352535],[-71.063159,42.35253],[-71.063245,42.352617],[-71.063227,42.352928]]]},"properties":{"id":"671729-0","height_m":31.16}},{"type":"Feature","geometry":{"type":"Polygon","coordinates":[[[-71.0641,42.353286],[-71.064146,42.353296],[-71.064207,42.35314],[-71.064165,42.353137],[-71.06414,42.35322],[-71.063885,42.353173],[-71.063887,42.353168],[-71.062964,42.353131],[-71.062966,42.353062],[-71.062969,42.353021],[-71.062747,42.353013],[-71.062759,42.352827],[-71.062724,42.352488],[-71.062679,42.352486],[-71.062678,42.352486],[-71.062656,42.35293],[-71.062693,42.352931],[-71.062693,42.352995],[-71.062665,42.35299],[-71.062647,42.353118],[-71.062652,42.353126],[-71.062657,42.353133],[-71.062663,42.35314],[-71.06267,42.353146],[-71.062677,42.353152],[-71.062685,42.353158],[-71.062693,42.353163],[-71.062701,42.353168],[-71.062711,42.353173],[-71.06272,42.353176],[-71.06273,42.35318],[-71.06274,42.353183],[-71.06275,42.353185],[-71.062761,42.353187],[-71.062772,42.353188],[-71.062782,42.353188],[-71.062793,42.353188],[-71.062804,42.353188],[-71.062814,42.353187],[-71.062825,42.353185],[-71.062835,42.353183],[-71.062845,42.35318],[-71.062855,42.353176],[-71.062854,42.353188],[-71.062887,42.35319],[-71.063287,42.353204],[-71.063782,42.353221],[-71.063782,42.353227],[-71.063944,42.35326],[-71.064097,42.353288],[-71.064098,42.353286],[-71.0641,42.353286]]]},"properties":{"id":"671730-0","height_m":26.6}},{"type":"Feature","geometry":{"type":"Polygon","coordinates":[[[-71.063141,42.352529],[-71.063159,42.35253],[-71.063322,42.352535],[-71.063313,42.35239],[-71.062918,42.352434],[-71.062918,42.352433],[-71.062909,42.352521],[-71.062997,42.352519],[-71.063141,42.352529]]]},"properties":{"id":"671731-0","height_m":27.99}},{"type":"Feature","geometry":{"type":"Polygon","coordinates":[[[-71.062969,42.353021],[-71.062966,42.353062],[-71.062964,42.353131],[-71.063887,42.353168],[-71.063885,42.353173],[-71.06414,42.35322],[-71.064165,42.353137],[-71.064207,42.35314],[-71.064208,42.353137],[-71.064215,42.353118],[-71.064218,42.353108],[-71.064234,42.353066],[-71.064238,42.353054],[-71.063856,42.353031],[-71.063818,42.35303],[-71.063823,42.352976],[-71.063212,42.352955],[-71.063173,42.353025],[-71.062969,42.353021]]]},"properties":{"id":"671732-0","height_m":42.92}},{"type":"Feature","geometry":{"type":"Polygon","coordinates":[[[-71.056136,42.353274],[-71.056387,42.353377],[-71.056502,42.353324],[-71.056241,42.353215],[-71.056136,42.353274]]]},"properties":{"id":"671733-0","height_m":72.23}},{"type":"Feature","geometry":{"type":"Polygon","coordinates":[[[-71.053811,42.352481],[-71.053913,42.352522],[-71.053953,42.352466],[-71.053851,42.352425],[-71.053811,42.352481]]]},"properties":{"id":"671734-0","height_m":23.47}},{"type":"Feature","geometry":{"type":"Polygon","coordinates":[[[-71.05684,42.355056],[-71.05685,42.355104],[-71.056856,42.355152],[-71.057075,42.355136],[-71.057068,42.355087],[-71.057059,42.355038],[-71.05684,42.355056]]]},"properties":{"id":"671735-0","height_m":114.56}},{"type":"Feature","geometry":{"type":"Polygon","coordinates":[[[-71.056566,42.355133],[-71.056583,42.355131],[-71.056643,42.355127],[-71.056642,42.35512],[-71.056696,42.355116],[-71.056697,42.355123],[-71.056826,42.355114],[-71.056825,42.355106],[-71.05685,42.355104],[-71.05684,42.355056],[-71.057059,42.355038],[-71.057068,42.355087],[-71.057092,42.355086],[-71.057093,42.355092],[-71.057342,42.355074],[-71.057349,42.355074],[-71.05733,42.354934],[-71.057329,42.354923],[-71.057255,42.354928],[-71.057256,42.354938],[-71.0572,42.354942],[-71.057199,42.354934],[-71.057072,42.354943],[-71.057073,42.354953],[-71.057017,42.354957],[-71.057019,42.35495],[-71.056907,42.354959],[-71.056902,42.354915],[-71.0569,42.354903],[-71.056911,42.354902],[-71.05689,42.354747],[-71.056819,42.354753],[-71.05682,42.354763],[-71.056762,42.354768],[-71.056761,42.354759],[-71.056633,42.354769],[-71.056635,42.354779],[-71.056579,42.354783],[-71.056578,42.35477],[-71.056502,42.354776],[-71.056527,42.354914],[-71.056566,42.355133]]]},"properties":{"id":"671736-0","height_m":110.52}},{"type":"Feature","geometry":{"type":"Polygon","coordinates":[[[-71.055051,42.35444],[-71.05507,42.354457],[-71.055344,42.354293],[-71.055316,42.354268],[-71.055051,42.35444]]]},"properties":{"id":"671737-0","height_m":97.7}},{"type":"Feature","geometry":{"type":"Polygon","coordinates":[[[-71.05528,42.354646],[-71.055307,42.35467],[-71.055576,42.354506],[-71.055551,42.354484],[-71.05528,42.354646]]]},"properties":{"id":"671738-0","height_m":98.28}},{"type":"Feature","geometry":{"type":"Polygon","coordinates":[[[-71.05544,42.354307],[-71.055554,42.354412],[-71.055591,42.35439],[-71.055474,42.354285],[-71.05544,42.354307]]]},"properties":{"id":"671739-0","height_m":97.31}},{"type":"Feature","geometry":{"type":"Polygon","coordinates":[[[-71.055745,42.354392],[-71.05576,42.354407],[-71.055919,42.354368],[-71.055896,42.354316],[-71.055785,42.354344],[-71.055511,42.354087],[-71.05564,42.354021],[-71.055589,42.353983],[-71.055567,42.353993],[-71.055543,42.354005],[-71.055519,42.354016],[-71.055497,42.354029],[-71.055474,42.354042],[-71.055453,42.354056],[-71.055431,42.35407],[-71.055411,42.354084],[-71.055503,42.354159],[-71.055745,42.354392]]]},"properties":{"id":"671740-0","height_m":39.06}},{"type":"Feature","geometry":{"type":"Polygon","coordinates":[[[-71.056498,42.353714],[-71.056564,42.353819],[-71.056665,42.353786],[-71.056597,42.353679],[-71.056498,42.353714]]]},"properties":{"id":"671741-0","height_m":61.22}},{"type":"Feature","geometry":{"type":"Polygon","coordinates":[[[-71.057371,42.353159],[-71.057568,42.353174],[-71.057571,42.35316],[-71.057374,42.353142],[-71.057371,42.353159]]]},"properties":{"id":"671742-0","height_m":88.77}},{"type":"Feature","geometry":{"type":"Polygon","coordinates":[[[-71.067361,42.350321],[-71.067435,42.350521],[-71.06765,42.350477],[-71.067575,42.350277],[-71.067361,42.350321]]]},"properties":{"id":"671759-0","height_m":30.55}},{"type":"Feature","geometry":{"type":"Polygon","coordinates":[[[-71.066919,42.350257],[-71.067104,42.350744],[-71.067324,42.350699],[-71.067138,42.350211],[-71.066919,42.350257]]]},"properties":{"id":"671760-0","height_m":68.45}},{"type":"Feature","geometry":{"type":"Polygon","coordinates":[[[-71.06783,42.350593],[-71.067841,42.35062],[-71.067931,42.350601],[-71.067921,42.350573],[-71.06783,42.350593]]]},"properties":{"id":"671761-0","height_m":30.07}},{"type":"Feature","geometry":{"type":"Polygon","coordinates":[[[-71.066901,42.350261],[-71.067087,42.350748],[-71.067104,42.350744],[-71.066919,42.350257],[-71.066901,42.350261]]]},"properties":{"id":"671762-0","height_m":68.11}},{"type":"Feature","geometry":{"type":"Polygon","coordinates":[[[-71.06691,42.350233],[-71.066919,42.350257],[-71.067138,42.350211],[-71.067129,42.350187],[-71.06691,42.350233]]]},"properties":{"id":"671763-0","height_m":55.02}},{"type":"Feature","geometry":{"type":"Polygon","coordinates":[[[-71.067104,42.350744],[-71.067111,42.350763],[-71.067114,42.350769],[-71.06719,42.350753],[-71.067252,42.35074],[-71.067333,42.350723],[-71.067324,42.350699],[-71.067104,42.350744]]]},"properties":{"id":"671764-0","height_m":71.3}},{"type":"Feature","geometry":{"type":"Polygon","coordinates":[[[-71.067636,42.350078],[-71.067637,42.350079],[-71.067647,42.350104],[-71.067736,42.350086],[-71.067727,42.35006],[-71.067726,42.350059],[-71.067636,42.350078]]]},"properties":{"id":"671765-0","height_m":29.72}},{"type":"Feature","geometry":{"type":"Polygon","coordinates":[[[-71.064637,42.348354],[-71.06473,42.348368],[-71.064747,42.348305],[-71.064655,42.348291],[-71.064637,42.348354]]]},"properties":{"id":"671766-0","height_m":48.81}},{"type":"Feature","geometry":{"type":"Polygon","coordinates":[[[-71.069284,42.351732],[-71.069343,42.351896],[-71.069526,42.35186],[-71.069468,42.351696],[-71.069284,42.351732]]]},"properties":{"id":"671815-0","height_m":46.39}},{"type":"Feature","geometry":{"type":"Polygon","coordinates":[[[-71.068995,42.351301],[-71.069003,42.351313],[-71.069701,42.351191],[-71.069741,42.351158],[-71.069664,42.351108],[-71.069622,42.351143],[-71.069437,42.351021],[-71.069485,42.350981],[-71.069426,42.350942],[-71.068995,42.351301]]]},"properties":{"id":"671816-0","height_m":15.52}},{"type":"Feature","geometry":{"type":"Polygon","coordinates":[[[-71.06876,42.351373],[-71.068802,42.351426],[-71.069027,42.351389],[-71.069003,42.351313],[-71.068995,42.351301],[-71.068916,42.351248],[-71.06876,42.351373]]]},"properties":{"id":"671817-0","height_m":53.75}},{"type":"Feature","geometry":{"type":"Polygon","coordinates":[[[-71.067209,42.352142],[-71.067204,42.352153],[-71.067247,42.352169],[-71.067255,42.352156],[-71.067236,42.352114],[-71.067231,42.352102],[-71.067203,42.352041],[-71.067197,42.352026],[-71.067191,42.352015],[-71.067187,42.352006],[-71.067142,42.35199],[-71.067209,42.352142]]]},"properties":{"id":"671818-0","height_m":29.3}},{"type":"Feature","geometry":{"type":"Polygon","coordinates":[[[-71.067204,42.352153],[-71.067209,42.352142],[-71.067142,42.35199],[-71.067087,42.351869],[-71.067076,42.351841],[-71.067051,42.351875],[-71.067099,42.351978],[-71.066916,42.352022],[-71.066942,42.35208],[-71.066967,42.352133],[-71.067094,42.352127],[-71.067093,42.352117],[-71.067204,42.352153]]]},"properties":{"id":"671819-0","height_m":29.3}},{"type":"Feature","geometry":{"type":"Polygon","coordinates":[[[-71.064948,42.351304],[-71.064945,42.351317],[-71.064928,42.351382],[-71.064923,42.351401],[-71.064915,42.351432],[-71.065029,42.351444],[-71.065074,42.351265],[-71.065151,42.351272],[-71.065195,42.351242],[-71.065045,42.351234],[-71.06502,42.351232],[-71.064967,42.35123],[-71.064965,42.35124],[-71.064948,42.351304]]]},"properties":{"id":"671820-0","height_m":27.94}},{"type":"Feature","geometry":{"type":"Polygon","coordinates":[[[-71.065209,42.351376],[-71.065861,42.351407],[-71.065864,42.351354],[-71.065214,42.35132],[-71.065209,42.351376]]]},"properties":{"id":"671821-0","height_m":42.16}},{"type":"Feature","geometry":{"type":"Polygon","coordinates":[[[-71.065186,42.351462],[-71.065392,42.351486],[-71.065728,42.351524],[-71.06572,42.351597],[-71.06584,42.351606],[-71.065861,42.351407],[-71.065209,42.351376],[-71.065186,42.351462]]]},"properties":{"id":"671822-0","height_m":42.16}},{"type":"Feature","geometry":{"type":"Polygon","coordinates":[[[-71.065029,42.351444],[-71.065139,42.351457],[-71.065179,42.351297],[-71.065257,42.351303],[-71.065295,42.351277],[-71.065472,42.351286],[-71.065508,42.351259],[-71.065398,42.351254],[-71.065195,42.351242],[-71.065151,42.351272],[-71.065074,42.351265],[-71.065029,42.351444]]]},"properties":{"id":"671823-0","height_m":32.05}},{"type":"Feature","geometry":{"type":"Polygon","coordinates":[[[-71.066981,42.351727],[-71.06703,42.351826],[-71.066847,42.351871],[-71.066912,42.352014],[-71.066916,42.352022],[-71.067099,42.351978],[-71.067051,42.351875],[-71.067076,42.351841],[-71.067019,42.351717],[-71.067007,42.351692],[-71.066981,42.351727]]]},"properties":{"id":"671824-0","height_m":33.5}},{"type":"Feature","geometry":{"type":"Polygon","coordinates":[[[-71.066579,42.351771],[-71.066798,42.351718],[-71.06676,42.351632],[-71.066653,42.351658],[-71.066602,42.351543],[-71.066704,42.351518],[-71.066621,42.351331],[-71.066408,42.351383],[-71.066579,42.351771]]]},"properties":{"id":"671825-0","height_m":43.15}},{"type":"Feature","geometry":{"type":"Polygon","coordinates":[[[-71.066027,42.352],[-71.066267,42.352018],[-71.066274,42.351965],[-71.066081,42.351951],[-71.066082,42.351947],[-71.06605,42.351945],[-71.066049,42.351949],[-71.066034,42.351948],[-71.066027,42.352]]]},"properties":{"id":"671826-0","height_m":16.85}},{"type":"Feature","geometry":{"type":"Polygon","coordinates":[[[-71.065506,42.352227],[-71.065492,42.352302],[-71.065508,42.352304],[-71.0655,42.352359],[-71.065687,42.352373],[-71.065688,42.352367],[-71.065722,42.352155],[-71.065765,42.352161],[-71.065761,42.352147],[-71.065767,42.352108],[-71.065757,42.352107],[-71.065759,42.352082],[-71.0659,42.352091],[-71.065919,42.351952],[-71.065911,42.351951],[-71.065941,42.351728],[-71.065932,42.351727],[-71.065717,42.351715],[-71.065719,42.35175],[-71.065739,42.351749],[-71.065744,42.351814],[-71.065636,42.351818],[-71.065634,42.351799],[-71.065595,42.3518],[-71.065576,42.351798],[-71.065557,42.351907],[-71.065368,42.351897],[-71.065399,42.351922],[-71.065395,42.351959],[-71.065354,42.351982],[-71.065544,42.351994],[-71.065516,42.352148],[-71.065506,42.352227]]]},"properties":{"id":"671827-0","height_m":26.05}},{"type":"Feature","geometry":{"type":"Polygon","coordinates":[[[-71.065636,42.351818],[-71.065744,42.351814],[-71.065739,42.351749],[-71.065719,42.35175],[-71.065717,42.351715],[-71.06572,42.351597],[-71.065728,42.351524],[-71.065392,42.351486],[-71.065355,42.351694],[-71.065589,42.351716],[-71.065595,42.3518],[-71.065634,42.351799],[-71.065636,42.351818]]]},"properties":{"id":"671828-0","height_m":47.69}},{"type":"Feature","geometry":{"type":"Polygon","coordinates":[[[-71.065644,42.352069],[-71.065738,42.352076],[-71.065739,42.352065],[-71.065733,42.352065],[-71.06574,42.352015],[-71.065652,42.352009],[-71.065644,42.352069]]]},"properties":{"id":"671829-0","height_m":25.41}},{"type":"Feature","geometry":{"type":"Polygon","coordinates":[[[-71.065093,42.352227],[-71.065082,42.352335],[-71.065081,42.352341],[-71.065116,42.352343],[-71.065499,42.352363],[-71.0655,42.352359],[-71.065508,42.352304],[-71.065492,42.352302],[-71.065506,42.352227],[-71.065344,42.352219],[-71.065355,42.352139],[-71.065516,42.352148],[-71.065544,42.351994],[-71.065354,42.351982],[-71.065395,42.351959],[-71.065399,42.351922],[-71.065368,42.351897],[-71.065557,42.351907],[-71.065576,42.351798],[-71.065578,42.351784],[-71.065198,42.351749],[-71.065166,42.351884],[-71.06518,42.351885],[-71.065255,42.351891],[-71.065251,42.351914],[-71.06521,42.35191],[-71.0652,42.351977],[-71.065207,42.351977],[-71.065173,42.352206],[-71.065134,42.352203],[-71.065096,42.3522],[-71.065096,42.352203],[-71.065093,42.352227]]]},"properties":{"id":"671830-0","height_m":39.75}},{"type":"Feature","geometry":{"type":"Polygon","coordinates":[[[-71.065688,42.352367],[-71.065885,42.352382],[-71.065895,42.352318],[-71.065899,42.352318],[-71.065932,42.352094],[-71.0659,42.352091],[-71.065759,42.352082],[-71.065757,42.352107],[-71.065767,42.352108],[-71.065761,42.352147],[-71.065765,42.352161],[-71.065722,42.352155],[-71.065688,42.352367]]]},"properties":{"id":"671831-0","height_m":38.43}},{"type":"Feature","geometry":{"type":"Polygon","coordinates":[[[-71.064683,42.352315],[-71.064865,42.352324],[-71.065082,42.352335],[-71.065093,42.352227],[-71.065014,42.352216],[-71.065022,42.352181],[-71.065048,42.352185],[-71.06509,42.352029],[-71.065136,42.351833],[-71.065155,42.351835],[-71.065175,42.351747],[-71.065173,42.351747],[-71.064842,42.351707],[-71.064817,42.351808],[-71.064919,42.351823],[-71.064922,42.351812],[-71.06496,42.351817],[-71.064972,42.351828],[-71.064959,42.351889],[-71.064942,42.351897],[-71.064906,42.351892],[-71.064908,42.351882],[-71.064802,42.351867],[-71.064776,42.351968],[-71.06488,42.351983],[-71.064883,42.351972],[-71.06492,42.351977],[-71.064933,42.351991],[-71.064918,42.352053],[-71.064901,42.352061],[-71.064863,42.352056],[-71.064866,42.352046],[-71.06476,42.35203],[-71.064734,42.35213],[-71.06484,42.352146],[-71.064844,42.352134],[-71.064879,42.352139],[-71.064895,42.352153],[-71.06488,42.352213],[-71.064858,42.352222],[-71.064823,42.352216],[-71.064826,42.352207],[-71.064718,42.352191],[-71.064683,42.352315]]]},"properties":{"id":"671832-0","height_m":38.66}},{"type":"Feature","geometry":{"type":"Polygon","coordinates":[[[-71.065344,42.352219],[-71.065506,42.352227],[-71.065516,42.352148],[-71.065355,42.352139],[-71.065344,42.352219]]]},"properties":{"id":"671833-0","height_m":7.75}},{"type":"Feature","geometry":{"type":"Polygon","coordinates":[[[-71.06487,42.351567],[-71.06486,42.351605],[-71.064851,42.351641],[-71.064867,42.35165],[-71.065351,42.351695],[-71.065355,42.351695],[-71.065355,42.351694],[-71.065392,42.351486],[-71.065186,42.351462],[-71.065139,42.351457],[-71.065029,42.351444],[-71.064915,42.351432],[-71.064905,42.351431],[-71.06487,42.351567]]]},"properties":{"id":"671834-0","height_m":25.83}},{"type":"Feature","geometry":{"type":"Polygon","coordinates":[[[-71.066981,42.352437],[-71.067093,42.352435],[-71.067186,42.352282],[-71.067181,42.35228],[-71.067209,42.352232],[-71.06721,42.352233],[-71.067247,42.352169],[-71.067204,42.352153],[-71.067093,42.352117],[-71.067094,42.352127],[-71.066967,42.352133],[-71.066963,42.352133],[-71.066981,42.352437]]]},"properties":{"id":"671835-0","height_m":25.18}},{"type":"Feature","geometry":{"type":"Polygon","coordinates":[[[-71.065146,42.347825],[-71.065169,42.347829],[-71.065152,42.347881],[-71.065159,42.347887],[-71.065251,42.347844],[-71.065244,42.347838],[-71.065253,42.347799],[-71.065271,42.347741],[-71.065177,42.347725],[-71.065146,42.347825]]]},"properties":{"id":"671836-0","height_m":18.55}},{"type":"Feature","geometry":{"type":"Polygon","coordinates":[[[-71.062882,42.350769],[-71.062877,42.350788],[-71.062951,42.350799],[-71.063019,42.350558],[-71.063048,42.350453],[-71.063071,42.350456],[-71.063087,42.350398],[-71.063093,42.350378],[-71.063101,42.350346],[-71.063109,42.35032],[-71.063123,42.350269],[-71.063128,42.350252],[-71.063104,42.350248],[-71.063114,42.350212],[-71.063115,42.350206],[-71.063074,42.3502],[-71.06308,42.350177],[-71.063093,42.35013],[-71.062952,42.350109],[-71.062943,42.35015],[-71.062807,42.350133],[-71.0628,42.35016],[-71.062768,42.350155],[-71.062766,42.35016],[-71.062747,42.350157],[-71.062741,42.350177],[-71.062761,42.35018],[-71.062754,42.350204],[-71.062734,42.350201],[-71.062729,42.350219],[-71.062737,42.35022],[-71.062735,42.350228],[-71.062727,42.350227],[-71.062722,42.350245],[-71.062742,42.350248],[-71.062734,42.350273],[-71.062715,42.35027],[-71.06271,42.350288],[-71.062717,42.350289],[-71.062715,42.350296],[-71.062708,42.350295],[-71.062703,42.350313],[-71.062722,42.350316],[-71.062715,42.350342],[-71.062696,42.350339],[-71.062691,42.350356],[-71.062698,42.350357],[-71.062696,42.350365],[-71.062689,42.350364],[-71.062684,42.350382],[-71.062703,42.350385],[-71.062698,42.350403],[-71.062696,42.350409],[-71.062677,42.350406],[-71.062671,42.350426],[-71.062691,42.350429],[-71.062689,42.350435],[-71.062688,42.350437],[-71.062703,42.35044],[-71.062699,42.350454],[-71.062696,42.350463],[-71.062716,42.350466],[-71.062714,42.350474],[-71.062689,42.350571],[-71.062652,42.350568],[-71.062626,42.35066],[-71.062603,42.350742],[-71.062601,42.350749],[-71.062837,42.350786],[-71.062844,42.350763],[-71.062882,42.350769]]]},"properties":{"id":"671837-0","height_m":67.99}},{"type":"Feature","geometry":{"type":"Polygon","coordinates":[[[-71.063445,42.349309],[-71.06357,42.349327],[-71.063594,42.349316],[-71.063651,42.349374],[-71.063662,42.349337],[-71.063696,42.349342],[-71.063719,42.349262],[-71.063707,42.34926],[-71.063713,42.349241],[-71.063714,42.349236],[-71.063727,42.349238],[-71.063736,42.349229],[-71.06374,42.349224],[-71.063746,42.349213],[-71.063748,42.349202],[-71.063748,42.34919],[-71.063743,42.349179],[-71.063731,42.349177],[-71.063733,42.34917],[-71.063738,42.349151],[-71.063749,42.349153],[-71.063772,42.349073],[-71.063736,42.349068],[-71.063562,42.349043],[-71.063317,42.349003],[-71.063189,42.348982],[-71.063133,42.348973],[-71.063132,42.348976],[-71.063074,42.348966],[-71.063051,42.349043],[-71.063032,42.34904],[-71.063026,42.349058],[-71.063003,42.349137],[-71.062999,42.349151],[-71.063023,42.349155],[-71.063019,42.349168],[-71.063,42.349233],[-71.063057,42.349242],[-71.06306,42.349233],[-71.063056,42.349232],[-71.06306,42.349221],[-71.063417,42.349279],[-71.063445,42.349309]]]},"properties":{"id":"671838-0","height_m":45.4}},{"type":"Feature","geometry":{"type":"Polygon","coordinates":[[[-71.058177,42.352591],[-71.058749,42.352628],[-71.058754,42.352587],[-71.058182,42.352549],[-71.058177,42.352591]]]},"properties":{"id":"671840-0","height_m":119.12}},{"type":"Feature","geometry":{"type":"Polygon","coordinates":[[[-71.058126,42.352633],[-71.058097,42.352814],[-71.058092,42.352859],[-71.058145,42.352862],[-71.058177,42.352591],[-71.058131,42.352588],[-71.058126,42.352633]]]},"properties":{"id":"671841-0","height_m":119.12}},{"type":"Feature","geometry":{"type":"Polygon","coordinates":[[[-71.058716,42.3529],[-71.058769,42.352904],[-71.058775,42.352858],[-71.058828,42.352861],[-71.058829,42.35285],[-71.058831,42.352837],[-71.058851,42.352671],[-71.058798,42.352668],[-71.058802,42.352632],[-71.058749,42.352628],[-71.058716,42.3529]]]},"properties":{"id":"671842-0","height_m":119.12}},{"type":"Feature","geometry":{"type":"Polygon","coordinates":[[[-71.05814,42.352897],[-71.058679,42.352933],[-71.058705,42.352935],[-71.058712,42.352935],[-71.058716,42.3529],[-71.058145,42.352862],[-71.05814,42.352897]]]},"properties":{"id":"671843-0","height_m":119.12}},{"type":"Feature","geometry":{"type":"Polygon","coordinates":[[[-71.058145,42.352862],[-71.058716,42.3529],[-71.058749,42.352628],[-71.058177,42.352591],[-71.058145,42.352862]]]},"properties":{"id":"671844-0","height_m":142.36}},{"type":"Feature","geometry":{"type":"Polygon","coordinates":[[[-71.058201,42.352837],[-71.058661,42.352863],[-71.058683,42.352648],[-71.058223,42.352621],[-71.058201,42.352837]]]},"properties":{"id":"671845-0","height_m":148.35}},{"type":"Feature","geometry":{"type":"Polygon","coordinates":[[[-71.055803,42.355484],[-71.056258,42.35544],[-71.056255,42.355423],[-71.056364,42.355412],[-71.056274,42.354913],[-71.056229,42.354666],[-71.056131,42.354675],[-71.05612,42.354676],[-71.056113,42.354635],[-71.0561,42.354636],[-71.056094,42.354605],[-71.055954,42.354627],[-71.055958,42.35465],[-71.055658,42.35468],[-71.055666,42.354721],[-71.055554,42.354733],[-71.055558,42.354754],[-71.055561,42.354774],[-71.05557,42.354822],[-71.055582,42.354888],[-71.055586,42.35491],[-71.05559,42.354932],[-71.055594,42.354956],[-71.055602,42.355],[-71.055639,42.355209],[-71.055646,42.355247],[-71.055655,42.355295],[-71.055661,42.355329],[-71.055669,42.355375],[-71.055688,42.355479],[-71.055718,42.355476],[-71.0558,42.355468],[-71.055803,42.355484]]]},"properties":{"id":"671847-0","height_m":71}},{"type":"Feature","geometry":{"type":"Polygon","coordinates":[[[-71.060614,42.354019],[-71.060727,42.354075],[-71.060663,42.354142],[-71.060762,42.354191],[-71.06083,42.354115],[-71.06083,42.354115],[-71.060827,42.354112],[-71.060825,42.35411],[-71.060823,42.354107],[-71.060821,42.354105],[-71.060818,42.354102],[-71.060816,42.3541],[-71.060814,42.354097],[-71.060813,42.354095],[-71.060811,42.354092],[-71.060809,42.354089],[-71.060807,42.354087],[-71.060806,42.354084],[-71.060804,42.354081],[-71.060802,42.354078],[-71.060801,42.354076],[-71.0608,42.354073],[-71.060798,42.35407],[-71.060797,42.354067],[-71.060796,42.354064],[-71.060795,42.354061],[-71.060794,42.354059],[-71.060793,42.354056],[-71.060792,42.354053],[-71.060791,42.35405],[-71.060791,42.354047],[-71.06079,42.354044],[-71.060789,42.354041],[-71.060789,42.354038],[-71.060789,42.354035],[-71.060788,42.354032],[-71.060788,42.354029],[-71.060788,42.354026],[-71.060788,42.354023],[-71.060788,42.35402],[-71.060788,42.354017],[-71.060788,42.354014],[-71.060788,42.354011],[-71.060788,42.354008],[-71.060789,42.354005],[-71.060789,42.354002],[-71.06079,42.353999],[-71.06079,42.353996],[-71.060791,42.353994],[-71.060791,42.353991],[-71.060792,42.353988],[-71.060793,42.353985],[-71.060794,42.353982],[-71.060795,42.353979],[-71.060796,42.353976],[-71.060797,42.353973],[-71.060798,42.35397],[-71.0608,42.353968],[-71.060801,42.353965],[-71.060803,42.353962],[-71.060804,42.353959],[-71.060806,42.353957],[-71.060807,42.353954],[-71.060809,42.353951],[-71.060811,42.353948],[-71.060813,42.353946],[-71.060815,42.353943],[-71.060817,42.353941],[-71.060819,42.353938],[-71.060885,42.353865],[-71.06079,42.353821],[-71.060614,42.354019]]]},"properties":{"id":"671848-0","height_m":16.27}},{"type":"Feature","geometry":{"type":"Polygon","coordinates":[[[-71.060834,42.354116],[-71.060836,42.354119],[-71.060839,42.354121],[-71.060842,42.354123],[-71.060845,42.354126],[-71.060847,42.354128],[-71.06085,42.35413],[-71.060853,42.354132],[-71.060856,42.354134],[-71.060859,42.354137],[-71.060862,42.354139],[-71.060866,42.354141],[-71.060869,42.354143],[-71.060872,42.354145],[-71.060875,42.354146],[-71.060879,42.354148],[-71.060882,42.35415],[-71.060886,42.354152],[-71.060889,42.354154],[-71.060892,42.354155],[-71.060896,42.354157],[-71.0609,42.354158],[-71.060903,42.35416],[-71.060907,42.354161],[-71.060911,42.354163],[-71.060914,42.354164],[-71.060918,42.354166],[-71.060922,42.354167],[-71.060926,42.354168],[-71.06093,42.354169],[-71.060934,42.35417],[-71.060937,42.354171],[-71.060941,42.354172],[-71.060945,42.354173],[-71.060949,42.354174],[-71.060953,42.354175],[-71.060956,42.354171],[-71.061005,42.354115],[-71.06095,42.354088],[-71.06098,42.354052],[-71.060924,42.354024],[-71.060955,42.35399],[-71.0609,42.353964],[-71.060932,42.35393],[-71.060879,42.353903],[-71.060907,42.35387],[-71.060899,42.353866],[-71.060896,42.35387],[-71.060885,42.353865],[-71.060819,42.353938],[-71.060817,42.353941],[-71.060815,42.353943],[-71.060813,42.353946],[-71.060811,42.353948],[-71.060809,42.353951],[-71.060807,42.353954],[-71.060806,42.353957],[-71.060804,42.353959],[-71.060803,42.353962],[-71.060801,42.353965],[-71.0608,42.353968],[-71.060798,42.35397],[-71.060797,42.353973],[-71.060796,42.353976],[-71.060795,42.353979],[-71.060794,42.353982],[-71.060793,42.353985],[-71.060792,42.353988],[-71.060791,42.353991],[-71.060791,42.353994],[-71.06079,42.353996],[-71.06079,42.353999],[-71.060789,42.354002],[-71.060789,42.354005],[-71.060788,42.354008],[-71.060788,42.354011],[-71.060788,42.354014],[-71.060788,42.354017],[-71.060788,42.35402],[-71.060788,42.354023],[-71.060788,42.354026],[-71.060788,42.354029],[-71.060788,42.354032],[-71.060789,42.354035],[-71.060789,42.354038],[-71.060789,42.354041],[-71.06079,42.354044],[-71.060791,42.354047],[-71.060791,42.35405],[-71.060792,42.354053],[-71.060793,42.354056],[-71.060794,42.354059],[-71.060795,42.354061],[-71.060796,42.354064],[-71.060797,42.354067],[-71.060798,42.35407],[-71.0608,42.354073],[-71.060801,42.354076],[-71.060802,42.354078],[-71.060804,42.354081],[-71.060806,42.354084],[-71.060807,42.354087],[-71.060809,42.354089],[-71.060811,42.354092],[-71.060813,42.354095],[-71.060814,42.354097],[-71.060816,42.3541],[-71.060818,42.354102],[-71.060821,42.354105],[-71.060823,42.354107],[-71.060825,42.35411],[-71.060827,42.354112],[-71.06083,42.354115],[-71.06083,42.354115],[-71.060831,42.354114],[-71.060834,42.354116]]]},"properties":{"id":"671849-0","height_m":16.27}},{"type":"Feature","geometry":{"type":"Polygon","coordinates":[[[-71.061804,42.354763],[-71.061941,42.354829],[-71.061996,42.354785],[-71.061924,42.35475],[-71.061915,42.354744],[-71.061913,42.354746],[-71.061845,42.354707],[-71.061804,42.354763]]]},"properties":{"id":"671850-0","height_m":19.49}},{"type":"Feature","geometry":{"type":"Polygon","coordinates":[[[-71.061645,42.354929],[-71.061654,42.354933],[-71.061779,42.354998],[-71.061841,42.354934],[-71.061941,42.354829],[-71.061804,42.354763],[-71.061645,42.354929]]]},"properties":{"id":"671851-0","height_m":19.49}},{"type":"Feature","geometry":{"type":"Polygon","coordinates":[[[-71.066847,42.351871],[-71.06703,42.351826],[-71.066981,42.351727],[-71.067007,42.351692],[-71.066982,42.351636],[-71.066807,42.35124],[-71.066797,42.351217],[-71.066791,42.351205],[-71.066763,42.351142],[-71.066747,42.351106],[-71.066732,42.35111],[-71.066648,42.351131],[-71.066632,42.351135],[-71.066601,42.351142],[-71.066596,42.351152],[-71.066591,42.351161],[-71.066584,42.351174],[-71.066561,42.35118],[-71.066558,42.35118],[-71.066541,42.351184],[-71.066507,42.351193],[-71.066221,42.351266],[-71.066201,42.35127],[-71.06618,42.351274],[-71.066159,42.351277],[-71.066138,42.35128],[-71.066116,42.351282],[-71.066095,42.351284],[-71.066074,42.351286],[-71.066052,42.351287],[-71.066031,42.351288],[-71.06601,42.351288],[-71.065988,42.351288],[-71.065967,42.351287],[-71.065945,42.351286],[-71.065588,42.351263],[-71.065508,42.351259],[-71.065472,42.351286],[-71.065295,42.351277],[-71.065257,42.351303],[-71.065179,42.351297],[-71.065139,42.351457],[-71.065186,42.351462],[-71.065209,42.351376],[-71.065214,42.35132],[-71.065864,42.351354],[-71.065861,42.351407],[-71.06584,42.351606],[-71.06572,42.351597],[-71.065717,42.351715],[-71.065932,42.351727],[-71.065958,42.351508],[-71.065975,42.351509],[-71.065993,42.351509],[-71.066011,42.351509],[-71.066029,42.351509],[-71.066047,42.351509],[-71.066065,42.351509],[-71.066084,42.351508],[-71.066102,42.351507],[-71.06612,42.351505],[-71.066139,42.351504],[-71.066157,42.351502],[-71.066175,42.3515],[-71.066193,42.351498],[-71.066212,42.351495],[-71.06623,42.351493],[-71.066247,42.35149],[-71.066265,42.351487],[-71.066283,42.351483],[-71.0663,42.35148],[-71.066317,42.351476],[-71.066334,42.351472],[-71.066483,42.351797],[-71.066611,42.351847],[-71.066813,42.351797],[-71.066847,42.351871]]]},"properties":{"id":"671852-0","height_m":36.78}},{"type":"Feature","geometry":{"type":"Polygon","coordinates":[[[-71.063093,42.35013],[-71.06308,42.350177],[-71.063119,42.350183],[-71.063125,42.350163],[-71.063265,42.34966],[-71.063127,42.349638],[-71.063121,42.349667],[-71.063074,42.34966],[-71.06307,42.349659],[-71.06306,42.349706],[-71.063014,42.349699],[-71.062917,42.350056],[-71.062881,42.350049],[-71.06287,42.350082],[-71.062836,42.350076],[-71.062828,42.350107],[-71.062815,42.350107],[-71.062808,42.350131],[-71.062807,42.350133],[-71.062943,42.35015],[-71.062952,42.350109],[-71.063093,42.35013]]]},"properties":{"id":"671857-0","height_m":44.04}},{"type":"Feature","geometry":{"type":"Polygon","coordinates":[[[-71.056344,42.349835],[-71.056445,42.349863],[-71.056536,42.34968],[-71.056435,42.349652],[-71.056344,42.349835]]]},"properties":{"id":"671858-0","height_m":23.71}},{"type":"Feature","geometry":{"type":"Polygon","coordinates":[[[-71.056222,42.350068],[-71.056358,42.350029],[-71.056413,42.349924],[-71.056313,42.349896],[-71.056222,42.350068]]]},"properties":{"id":"671859-0","height_m":23.71}},{"type":"Feature","geometry":{"type":"Polygon","coordinates":[[[-71.056083,42.350359],[-71.056184,42.350388],[-71.056188,42.35038],[-71.05623,42.350293],[-71.056128,42.350265],[-71.056083,42.350359]]]},"properties":{"id":"671860-0","height_m":18.66}},{"type":"Feature","geometry":{"type":"Polygon","coordinates":[[[-71.055412,42.350278],[-71.055499,42.350302],[-71.055549,42.350202],[-71.055462,42.350178],[-71.055412,42.350278]]]},"properties":{"id":"671861-0","height_m":27.08}},{"type":"Feature","geometry":{"type":"Polygon","coordinates":[[[-71.055319,42.350458],[-71.055408,42.350482],[-71.055458,42.350383],[-71.05537,42.350358],[-71.055319,42.350458]]]},"properties":{"id":"671862-0","height_m":27.08}},{"type":"Feature","geometry":{"type":"Polygon","coordinates":[[[-71.055801,42.350385],[-71.055887,42.350409],[-71.055937,42.35031],[-71.055851,42.350286],[-71.055801,42.350385]]]},"properties":{"id":"671863-0","height_m":27.18}},{"type":"Feature","geometry":{"type":"Polygon","coordinates":[[[-71.055711,42.350566],[-71.055797,42.35059],[-71.055847,42.350489],[-71.055761,42.350466],[-71.055711,42.350566]]]},"properties":{"id":"671864-0","height_m":27.18}},{"type":"Feature","geometry":{"type":"Polygon","coordinates":[[[-71.055303,42.350027],[-71.055309,42.350035],[-71.055359,42.350049],[-71.055563,42.349638],[-71.055505,42.349622],[-71.055303,42.350027]]]},"properties":{"id":"671865-0","height_m":29.79}},{"type":"Feature","geometry":{"type":"Polygon","coordinates":[[[-71.067324,42.350699],[-71.067353,42.350693],[-71.067463,42.35067],[-71.067528,42.350656],[-71.06783,42.350593],[-71.067921,42.350573],[-71.068086,42.350539],[-71.067901,42.350054],[-71.0679,42.350051],[-71.067736,42.350086],[-71.067647,42.350104],[-71.067138,42.350211],[-71.067324,42.350699]]]},"properties":{"id":"671876-0","height_m":26.4}},{"type":"Feature","geometry":{"type":"Polygon","coordinates":[[[-71.064124,42.349913],[-71.064172,42.349965],[-71.064174,42.349963],[-71.064176,42.349961],[-71.064178,42.349959],[-71.06418,42.349957],[-71.064181,42.349955],[-71.064183,42.349952],[-71.064185,42.34995],[-71.064187,42.349948],[-71.064189,42.349946],[-71.06419,42.349943],[-71.064192,42.349941],[-71.064193,42.349938],[-71.064195,42.349936],[-71.064197,42.349933],[-71.064198,42.349931],[-71.0642,42.349928],[-71.064201,42.349925],[-71.064202,42.349923],[-71.064204,42.34992],[-71.064205,42.349917],[-71.064206,42.349915],[-71.064208,42.349912],[-71.064209,42.349909],[-71.06421,42.349906],[-71.064211,42.349903],[-71.064212,42.3499],[-71.064213,42.349897],[-71.064214,42.349894],[-71.064215,42.349891],[-71.064216,42.349888],[-71.064217,42.349885],[-71.064218,42.349882],[-71.064218,42.349879],[-71.064219,42.349876],[-71.06422,42.349873],[-71.06422,42.349869],[-71.064221,42.349866],[-71.064222,42.349863],[-71.064222,42.34986],[-71.064223,42.349856],[-71.064223,42.349853],[-71.064223,42.34985],[-71.064224,42.349847],[-71.064224,42.349843],[-71.064224,42.34984],[-71.064224,42.349837],[-71.064225,42.349833],[-71.064225,42.34983],[-71.064225,42.349826],[-71.064225,42.349823],[-71.064225,42.34982],[-71.064225,42.349816],[-71.064225,42.349813],[-71.064224,42.349809],[-71.064224,42.349806],[-71.064224,42.349802],[-71.064224,42.349799],[-71.064223,42.349796],[-71.064223,42.349792],[-71.064223,42.349789],[-71.064222,42.349785],[-71.064222,42.349782],[-71.064221,42.349778],[-71.06422,42.349775],[-71.06422,42.349771],[-71.064219,42.349768],[-71.064218,42.349764],[-71.064218,42.349761],[-71.064217,42.349758],[-71.064216,42.349754],[-71.064215,42.349751],[-71.064214,42.349747],[-71.064213,42.349744],[-71.064212,42.349741],[-71.064211,42.349737],[-71.06421,42.349734],[-71.064209,42.349731],[-71.064208,42.349727],[-71.064206,42.349724],[-71.064205,42.349721],[-71.064204,42.349717],[-71.064202,42.349714],[-71.064201,42.349711],[-71.064199,42.349707],[-71.064197,42.349703],[-71.064195,42.349699],[-71.064193,42.349695],[-71.064191,42.349691],[-71.064188,42.349687],[-71.064186,42.349683],[-71.064184,42.349679],[-71.064181,42.349675],[-71.064178,42.349671],[-71.064176,42.349667],[-71.064173,42.349663],[-71.06417,42.34966],[-71.064168,42.349656],[-71.064165,42.349652],[-71.064162,42.349648],[-71.064159,42.349645],[-71.064156,42.349641],[-71.064152,42.349637],[-71.064149,42.349634],[-71.064146,42.34963],[-71.064143,42.349627],[-71.064139,42.349623],[-71.064136,42.34962],[-71.064132,42.349616],[-71.064129,42.349613],[-71.064125,42.34961],[-71.064121,42.349606],[-71.064118,42.349603],[-71.064114,42.3496],[-71.06411,42.349596],[-71.064106,42.349593],[-71.064102,42.34959],[-71.064098,42.349587],[-71.064094,42.349584],[-71.06409,42.349581],[-71.064086,42.349578],[-71.064081,42.349575],[-71.064077,42.349572],[-71.064073,42.349569],[-71.064068,42.349566],[-71.064064,42.349563],[-71.064059,42.349561],[-71.064055,42.349558],[-71.06405,42.349555],[-71.064046,42.349553],[-71.064041,42.34955],[-71.064036,42.349548],[-71.064032,42.349545],[-71.064027,42.349543],[-71.064022,42.34954],[-71.064017,42.349538],[-71.064012,42.349536],[-71.064007,42.349533],[-71.064002,42.349531],[-71.063997,42.349529],[-71.063992,42.349527],[-71.063987,42.349525],[-71.063982,42.349523],[-71.063977,42.349521],[-71.063971,42.349519],[-71.063966,42.349517],[-71.063961,42.349515],[-71.063956,42.349513],[-71.06395,42.349512],[-71.063945,42.34951],[-71.06394,42.349508],[-71.063934,42.349507],[-71.063929,42.349505],[-71.063923,42.349504],[-71.063918,42.349502],[-71.063912,42.349501],[-71.063907,42.3495],[-71.063736,42.349471],[-71.063796,42.349539],[-71.063854,42.349547],[-71.063859,42.349548],[-71.063865,42.349549],[-71.06387,42.34955],[-71.063875,42.349551],[-71.06388,42.349553],[-71.063885,42.349554],[-71.063891,42.349555],[-71.063896,42.349556],[-71.063901,42.349558],[-71.063906,42.349559],[-71.063911,42.349561],[-71.063916,42.349562],[-71.063921,42.349564],[-71.063926,42.349566],[-71.063931,42.349567],[-71.063936,42.349569],[-71.063941,42.349571],[-71.063945,42.349573],[-71.06395,42.349575],[-71.063955,42.349577],[-71.06396,42.349579],[-71.063964,42.349581],[-71.063969,42.349583],[-71.063973,42.349585],[-71.063978,42.349587],[-71.063983,42.34959],[-71.063987,42.349592],[-71.063991,42.349594],[-71.063996,42.349597],[-71.064,42.349599],[-71.064004,42.349602],[-71.064009,42.349604],[-71.064013,42.349607],[-71.064017,42.349609],[-71.064021,42.349612],[-71.064025,42.349615],[-71.064029,42.349617],[-71.064033,42.34962],[-71.064037,42.349623],[-71.064041,42.349626],[-71.064045,42.349629],[-71.064048,42.349632],[-71.064052,42.349635],[-71.064056,42.349638],[-71.064059,42.349641],[-71.064063,42.349644],[-71.064066,42.349647],[-71.06407,42.34965],[-71.064073,42.349653],[-71.064076,42.349657],[-71.064079,42.34966],[-71.064083,42.349663],[-71.064086,42.349667],[-71.064089,42.34967],[-71.064091,42.349673],[-71.064094,42.349677],[-71.064097,42.349681],[-71.0641,42.349684],[-71.064102,42.349688],[-71.064105,42.349691],[-71.064107,42.349695],[-71.06411,42.349699],[-71.064112,42.349702],[-71.064115,42.349706],[-71.064117,42.34971],[-71.064119,42.349714],[-71.064121,42.349717],[-71.064123,42.349721],[-71.064125,42.349725],[-71.064127,42.349729],[-71.064129,42.349733],[-71.06413,42.349737],[-71.064132,42.349741],[-71.064133,42.349744],[-71.064135,42.349748],[-71.064136,42.349752],[-71.064207,42.34974],[-71.064208,42.349746],[-71.06421,42.349751],[-71.06421,42.349755],[-71.064211,42.34976],[-71.064212,42.349764],[-71.064213,42.349768],[-71.064214,42.349773],[-71.064215,42.349777],[-71.064215,42.349781],[-71.064216,42.349786],[-71.064217,42.34979],[-71.064217,42.349794],[-71.064217,42.349799],[-71.064218,42.349803],[-71.064218,42.349808],[-71.064218,42.349812],[-71.064218,42.349816],[-71.064218,42.349821],[-71.064218,42.349825],[-71.064218,42.349829],[-71.064218,42.349834],[-71.064218,42.349838],[-71.064217,42.349843],[-71.064217,42.349847],[-71.064216,42.349851],[-71.064216,42.349856],[-71.064215,42.34986],[-71.064214,42.349864],[-71.064214,42.349869],[-71.064213,42.349873],[-71.064212,42.349877],[-71.064211,42.349882],[-71.06421,42.349886],[-71.064209,42.34989],[-71.064207,42.349895],[-71.064206,42.349899],[-71.064205,42.349903],[-71.064203,42.349907],[-71.064132,42.349893],[-71.064124,42.349913]]]},"properties":{"id":"671877-0","height_m":33.09}},{"type":"Feature","geometry":{"type":"Polygon","coordinates":[[[-71.063598,42.348921],[-71.063586,42.348962],[-71.063569,42.349018],[-71.063562,42.349043],[-71.063736,42.349068],[-71.063742,42.349045],[-71.063785,42.348895],[-71.063791,42.348874],[-71.063827,42.348879],[-71.063878,42.3487],[-71.063895,42.34864],[-71.063945,42.348463],[-71.063623,42.348413],[-71.063573,42.348589],[-71.063556,42.348651],[-71.063505,42.348828],[-71.06355,42.348835],[-71.06362,42.348846],[-71.063614,42.348866],[-71.063598,42.348921]]]},"properties":{"id":"671878-0","height_m":37.13}},{"type":"Feature","geometry":{"type":"Polygon","coordinates":[[[-71.05544,42.354307],[-71.055474,42.354285],[-71.0554,42.35422],[-71.055339,42.354255],[-71.055322,42.354259],[-71.055308,42.354262],[-71.055316,42.354268],[-71.055344,42.354293],[-71.055362,42.354282],[-71.055384,42.354303],[-71.055416,42.354284],[-71.05544,42.354307]]]},"properties":{"id":"671879-0","height_m":39.39}},{"type":"Feature","geometry":{"type":"Polygon","coordinates":[[[-71.055554,42.354412],[-71.055576,42.354431],[-71.055548,42.354448],[-71.055573,42.354471],[-71.055551,42.354484],[-71.055576,42.354506],[-71.055587,42.354515],[-71.055594,42.354506],[-71.055603,42.354494],[-71.055621,42.354481],[-71.055602,42.354453],[-71.055631,42.354426],[-71.055591,42.35439],[-71.055554,42.354412]]]},"properties":{"id":"671880-0","height_m":39.39}},{"type":"Feature","geometry":{"type":"Polygon","coordinates":[[[-71.054775,42.354643],[-71.05498,42.354839],[-71.055224,42.354735],[-71.055189,42.354694],[-71.05515,42.354658],[-71.055031,42.354552],[-71.054991,42.354515],[-71.054951,42.354482],[-71.054775,42.354643]]]},"properties":{"id":"671881-0","height_m":39.39}},{"type":"Feature","geometry":{"type":"Polygon","coordinates":[[[-71.055189,42.354694],[-71.055226,42.354674],[-71.055231,42.354677],[-71.055239,42.354672],[-71.055259,42.35469],[-71.055269,42.354688],[-71.055278,42.354687],[-71.055297,42.354683],[-71.055315,42.354679],[-71.055316,42.354679],[-71.055317,42.354678],[-71.055307,42.35467],[-71.05528,42.354646],[-71.055257,42.35466],[-71.055234,42.354639],[-71.055207,42.354656],[-71.055184,42.354634],[-71.05515,42.354658],[-71.055189,42.354694]]]},"properties":{"id":"671882-0","height_m":39.39}},{"type":"Feature","geometry":{"type":"Polygon","coordinates":[[[-71.055004,42.35446],[-71.055028,42.354481],[-71.055019,42.354488],[-71.055024,42.354492],[-71.054991,42.354515],[-71.055031,42.354552],[-71.05507,42.35453],[-71.055046,42.354508],[-71.055072,42.354493],[-71.055047,42.35447],[-71.05507,42.354457],[-71.055051,42.35444],[-71.055004,42.35446]]]},"properties":{"id":"671883-0","height_m":39.39}},{"type":"Feature","geometry":{"type":"Polygon","coordinates":[[[-71.055307,42.35467],[-71.055317,42.354678],[-71.055334,42.354674],[-71.055352,42.354668],[-71.05537,42.354663],[-71.055387,42.354656],[-71.055405,42.354649],[-71.055421,42.354642],[-71.055438,42.354634],[-71.055454,42.354626],[-71.055469,42.354617],[-71.055484,42.354607],[-71.055499,42.354598],[-71.055513,42.354588],[-71.055526,42.354577],[-71.055539,42.354566],[-71.055551,42.354555],[-71.055563,42.354543],[-71.055574,42.354531],[-71.055584,42.354519],[-71.055587,42.354515],[-71.055576,42.354506],[-71.055307,42.35467]]]},"properties":{"id":"671884-0","height_m":39.39}},{"type":"Feature","geometry":{"type":"Polygon","coordinates":[[[-71.055305,42.354263],[-71.055288,42.354267],[-71.055271,42.354272],[-71.055255,42.354278],[-71.055239,42.354284],[-71.055223,42.354291],[-71.055208,42.354298],[-71.055193,42.354305],[-71.055179,42.354313],[-71.055165,42.354322],[-71.055152,42.354331],[-71.055139,42.35434],[-71.055127,42.35435],[-71.055115,42.35436],[-71.055104,42.35437],[-71.055094,42.354381],[-71.055084,42.354392],[-71.055074,42.354404],[-71.055066,42.354415],[-71.055058,42.354427],[-71.055051,42.35444],[-71.055316,42.354268],[-71.055308,42.354262],[-71.055305,42.354263]]]},"properties":{"id":"671885-0","height_m":39.39}},{"type":"Feature","geometry":{"type":"Polygon","coordinates":[[[-71.055031,42.354552],[-71.05515,42.354658],[-71.055184,42.354634],[-71.05507,42.35453],[-71.055031,42.354552]]]},"properties":{"id":"671886-0","height_m":39.39}},{"type":"Feature","geometry":{"type":"Polygon","coordinates":[[[-71.069104,42.345946],[-71.069121,42.345951],[-71.069201,42.345975],[-71.069203,42.345971],[-71.069225,42.345932],[-71.069227,42.345927],[-71.069232,42.345928],[-71.069234,42.345925],[-71.069288,42.345825],[-71.06929,42.345821],[-71.069286,42.34582],[-71.069315,42.345767],[-71.069319,42.345768],[-71.069321,42.345765],[-71.069377,42.345663],[-71.069378,42.345661],[-71.069374,42.345659],[-71.069355,42.345654],[-71.069294,42.345762],[-71.069267,42.345812],[-71.069249,42.345807],[-71.069263,42.345782],[-71.069264,42.34578],[-71.069204,42.345762],[-71.069189,42.34579],[-71.069203,42.345795],[-71.069144,42.345903],[-71.06913,42.345899],[-71.069104,42.345946]]]},"properties":{"id":"671888-0","height_m":5.67}},{"type":"Feature","geometry":{"type":"Polygon","coordinates":[[[-71.068595,42.346648],[-71.068525,42.346627],[-71.068515,42.346623],[-71.06825,42.346544],[-71.068236,42.34657],[-71.068506,42.346652],[-71.068609,42.346683],[-71.068622,42.346656],[-71.068595,42.346648]]]},"properties":{"id":"671889-0","height_m":4.73}},{"type":"Feature","geometry":{"type":"Polygon","coordinates":[[[-71.064332,42.350026],[-71.064336,42.35001],[-71.064444,42.350026],[-71.06444,42.350039],[-71.064566,42.350058],[-71.064569,42.350044],[-71.06482,42.350082],[-71.064794,42.350177],[-71.064826,42.350187],[-71.06486,42.350062],[-71.064364,42.349983],[-71.064283,42.349971],[-71.064281,42.349978],[-71.064172,42.349965],[-71.064247,42.350048],[-71.064308,42.350018],[-71.064314,42.35002],[-71.064332,42.350026]]]},"properties":{"id":"671890-0","height_m":11.11}},{"type":"Feature","geometry":{"type":"Polygon","coordinates":[[[-71.064511,42.350524],[-71.064387,42.350786],[-71.064453,42.350794],[-71.064846,42.350836],[-71.06485,42.350836],[-71.064902,42.350642],[-71.064884,42.35064],[-71.064599,42.350608],[-71.064605,42.350585],[-71.06461,42.350585],[-71.064625,42.350535],[-71.064517,42.350517],[-71.064511,42.350524]]]},"properties":{"id":"671891-0","height_m":16.52}},{"type":"Feature","geometry":{"type":"Polygon","coordinates":[[[-71.062962,42.349783],[-71.062988,42.349795],[-71.063014,42.349699],[-71.06306,42.349706],[-71.06307,42.349659],[-71.063074,42.34966],[-71.063079,42.349635],[-71.063053,42.349626],[-71.063045,42.34965],[-71.062956,42.349609],[-71.062944,42.349623],[-71.062922,42.349613],[-71.062826,42.349569],[-71.062782,42.349549],[-71.062767,42.349542],[-71.062743,42.349531],[-71.062669,42.349497],[-71.062682,42.349484],[-71.062592,42.349443],[-71.062591,42.349444],[-71.06258,42.349458],[-71.062547,42.349495],[-71.062535,42.349489],[-71.062532,42.34949],[-71.06253,42.349491],[-71.062527,42.349492],[-71.062525,42.349493],[-71.062522,42.349494],[-71.06252,42.349495],[-71.062518,42.349497],[-71.062515,42.349498],[-71.062513,42.349499],[-71.062511,42.3495],[-71.062509,42.349502],[-71.062507,42.349503],[-71.062505,42.349505],[-71.062503,42.349506],[-71.062501,42.349508],[-71.062499,42.349509],[-71.062498,42.349511],[-71.062496,42.349513],[-71.062494,42.349514],[-71.062493,42.349516],[-71.062491,42.349518],[-71.06249,42.349519],[-71.062488,42.349521],[-71.062487,42.349523],[-71.062486,42.349525],[-71.062485,42.349527],[-71.062484,42.349529],[-71.062483,42.349531],[-71.062482,42.349533],[-71.062481,42.349535],[-71.06248,42.349537],[-71.062479,42.349539],[-71.062478,42.349541],[-71.062478,42.349543],[-71.062477,42.349545],[-71.062477,42.349547],[-71.062477,42.349549],[-71.062476,42.349551],[-71.062476,42.349553],[-71.062476,42.349555],[-71.062476,42.349557],[-71.062476,42.349559],[-71.062521,42.349582],[-71.062528,42.349572],[-71.062623,42.349617],[-71.062615,42.349627],[-71.062696,42.349663],[-71.062686,42.349674],[-71.062811,42.34973],[-71.062819,42.34972],[-71.062962,42.349783]]]},"properties":{"id":"671892-0","height_m":32.65}},{"type":"Feature","geometry":{"type":"Polygon","coordinates":[[[-71.062379,42.348998],[-71.062448,42.349017],[-71.06247,42.34897],[-71.062402,42.348952],[-71.062379,42.348998]]]},"properties":{"id":"671893-0","height_m":24.44}},{"type":"Feature","geometry":{"type":"Polygon","coordinates":[[[-71.063149,42.354643],[-71.06339,42.354714],[-71.063679,42.354178],[-71.063438,42.354106],[-71.063149,42.354643]]]},"properties":{"id":"671894-0","height_m":81.19}},{"type":"Feature","geometry":{"type":"Polygon","coordinates":[[[-71.062969,42.353021],[-71.063173,42.353025],[-71.063069,42.352994],[-71.062852,42.35299],[-71.06284,42.352961],[-71.062773,42.352952],[-71.062781,42.352843],[-71.062851,42.352841],[-71.062866,42.35283],[-71.062975,42.352832],[-71.062997,42.352519],[-71.062909,42.352521],[-71.062918,42.352433],[-71.062724,42.352454],[-71.062724,42.352455],[-71.062724,42.352488],[-71.062759,42.352827],[-71.062747,42.353013],[-71.062969,42.353021]]]},"properties":{"id":"671895-0","height_m":32.52}},{"type":"Feature","geometry":{"type":"Polygon","coordinates":[[[-71.054479,42.351779],[-71.054846,42.351984],[-71.054822,42.352009],[-71.054845,42.35202],[-71.054836,42.352028],[-71.054902,42.352062],[-71.055315,42.351966],[-71.055372,42.351852],[-71.055361,42.351851],[-71.055492,42.351587],[-71.055477,42.351583],[-71.055498,42.351545],[-71.054479,42.351779]]]},"properties":{"id":"671896-0","height_m":16.11}},{"type":"Feature","geometry":{"type":"Polygon","coordinates":[[[-71.055679,42.354802],[-71.055696,42.354895],[-71.055802,42.354957],[-71.055848,42.355216],[-71.05577,42.355294],[-71.055785,42.35538],[-71.056237,42.355336],[-71.056222,42.355248],[-71.056115,42.355187],[-71.056069,42.354926],[-71.056153,42.35485],[-71.056136,42.354757],[-71.055679,42.354802]]]},"properties":{"id":"671897-0","height_m":182.05}},{"type":"Feature","geometry":{"type":"Polygon","coordinates":[[[-71.05577,42.355294],[-71.055848,42.355216],[-71.055802,42.354957],[-71.055696,42.354895],[-71.05577,42.355294]]]},"properties":{"id":"671898-0","height_m":176.11}},{"type":"Feature","geometry":{"type":"Polygon","coordinates":[[[-71.056069,42.354926],[-71.056115,42.355187],[-71.056222,42.355248],[-71.056153,42.35485],[-71.056069,42.354926]]]},"properties":{"id":"671899-0","height_m":175.77}},{"type":"Feature","geometry":{"type":"Polygon","coordinates":[[[-71.054677,42.354113],[-71.054703,42.354141],[-71.054666,42.35416],[-71.054734,42.35423],[-71.054899,42.354143],[-71.054882,42.354125],[-71.054929,42.3541],[-71.054878,42.354047],[-71.05483,42.354072],[-71.054804,42.354045],[-71.054677,42.354113]]]},"properties":{"id":"671900-0","height_m":123.2}},{"type":"Feature","geometry":{"type":"Polygon","coordinates":[[[-71.05538,42.354372],[-71.055376,42.354373],[-71.055371,42.354374],[-71.055366,42.354375],[-71.055361,42.354376],[-71.055356,42.354377],[-71.055352,42.354378],[-71.055347,42.35438],[-71.055342,42.354381],[-71.055337,42.354382],[-71.055333,42.354384],[-71.055328,42.354385],[-71.055323,42.354387],[-71.055319,42.354388],[-71.055314,42.35439],[-71.05531,42.354391],[-71.055305,42.354393],[-71.055301,42.354395],[-71.055297,42.354397],[-71.055292,42.354399],[-71.055288,42.3544],[-71.055284,42.354402],[-71.055279,42.354404],[-71.055275,42.354406],[-71.055271,42.354408],[-71.055267,42.354411],[-71.055263,42.354413],[-71.055259,42.354415],[-71.055255,42.354417],[-71.055251,42.35442],[-71.055247,42.354422],[-71.055243,42.354424],[-71.055239,42.354427],[-71.055235,42.354429],[-71.055232,42.354432],[-71.055228,42.354434],[-71.055224,42.354437],[-71.055221,42.354439],[-71.055217,42.354442],[-71.055214,42.354445],[-71.055211,42.354448],[-71.055207,42.35445],[-71.055204,42.354453],[-71.055201,42.354456],[-71.055198,42.354459],[-71.055194,42.354462],[-71.055191,42.354465],[-71.055188,42.354468],[-71.055186,42.354471],[-71.055183,42.354474],[-71.05518,42.354477],[-71.055177,42.35448],[-71.055174,42.354483],[-71.055172,42.354487],[-71.055169,42.35449],[-71.055167,42.354493],[-71.055164,42.354496],[-71.055162,42.3545],[-71.05516,42.354503],[-71.055232,42.354566],[-71.055236,42.354566],[-71.055241,42.354565],[-71.055245,42.354565],[-71.05525,42.354564],[-71.055254,42.354563],[-71.055259,42.354562],[-71.055263,42.354561],[-71.055267,42.35456],[-71.055272,42.354559],[-71.055276,42.354558],[-71.055281,42.354557],[-71.055285,42.354556],[-71.055289,42.354555],[-71.055293,42.354554],[-71.055298,42.354553],[-71.055302,42.354551],[-71.055306,42.35455],[-71.05531,42.354548],[-71.055314,42.354547],[-71.055319,42.354545],[-71.055323,42.354544],[-71.055327,42.354542],[-71.055331,42.35454],[-71.055335,42.354539],[-71.055339,42.354537],[-71.055342,42.354535],[-71.055346,42.354533],[-71.05535,42.354531],[-71.055354,42.354529],[-71.055357,42.354527],[-71.055361,42.354525],[-71.055365,42.354523],[-71.055368,42.354521],[-71.055372,42.354519],[-71.055375,42.354517],[-71.055379,42.354514],[-71.055382,42.354512],[-71.055385,42.35451],[-71.055389,42.354507],[-71.055392,42.354505],[-71.055395,42.354502],[-71.055398,42.3545],[-71.055401,42.354497],[-71.055404,42.354495],[-71.055407,42.354492],[-71.05541,42.354489],[-71.055413,42.354487],[-71.055416,42.354484],[-71.055418,42.354481],[-71.055421,42.354478],[-71.055424,42.354476],[-71.055426,42.354473],[-71.055429,42.35447],[-71.055431,42.354467],[-71.055433,42.354464],[-71.055436,42.354461],[-71.055438,42.354458],[-71.05544,42.354455],[-71.055442,42.354452],[-71.055444,42.354449],[-71.055446,42.354446],[-71.055448,42.354443],[-71.05545,42.35444],[-71.055451,42.354437],[-71.055453,42.354433],[-71.055385,42.354371],[-71.05538,42.354372]]]},"properties":{"id":"671901-0","height_m":115.82}},{"type":"Feature","geometry":{"type":"Polygon","coordinates":[[[-71.055785,42.354344],[-71.055896,42.354316],[-71.055871,42.354273],[-71.055861,42.354254],[-71.055808,42.35427],[-71.055634,42.354096],[-71.055686,42.354073],[-71.05564,42.354021],[-71.055511,42.354087],[-71.055785,42.354344]]]},"properties":{"id":"671902-0","height_m":51.85}},{"type":"Feature","geometry":{"type":"Polygon","coordinates":[[[-71.056022,42.354208],[-71.055969,42.354223],[-71.055978,42.354241],[-71.055996,42.354274],[-71.056112,42.354258],[-71.056036,42.353849],[-71.055898,42.353909],[-71.055913,42.353973],[-71.055975,42.353946],[-71.056022,42.354208]]]},"properties":{"id":"671903-0","height_m":52.28}},{"type":"Feature","geometry":{"type":"Polygon","coordinates":[[[-71.055806,42.354119],[-71.055839,42.35415],[-71.05589,42.354135],[-71.05588,42.354087],[-71.055806,42.354119]]]},"properties":{"id":"671904-0","height_m":90.06}},{"type":"Feature","geometry":{"type":"Polygon","coordinates":[[[-71.055831,42.354167],[-71.055909,42.354145],[-71.055894,42.354067],[-71.05578,42.354115],[-71.055831,42.354167]]]},"properties":{"id":"671905-0","height_m":90.06}},{"type":"Feature","geometry":{"type":"Polygon","coordinates":[[[-71.055861,42.354254],[-71.055871,42.354273],[-71.055978,42.354241],[-71.055969,42.354223],[-71.055861,42.354254]]]},"properties":{"id":"671906-0","height_m":40.01}},{"type":"Feature","geometry":{"type":"Polygon","coordinates":[[[-71.055871,42.354273],[-71.055896,42.354316],[-71.055919,42.354368],[-71.056043,42.354337],[-71.056034,42.354324],[-71.055996,42.354274],[-71.055978,42.354241],[-71.055871,42.354273]]]},"properties":{"id":"671907-0","height_m":40.01}},{"type":"Feature","geometry":{"type":"Polygon","coordinates":[[[-71.06581,42.34834],[-71.065899,42.34835],[-71.065917,42.348258],[-71.065828,42.348248],[-71.06581,42.34834]]]},"properties":{"id":"671911-0","height_m":39.4}},{"type":"Feature","geometry":{"type":"Polygon","coordinates":[[[-71.064498,42.349077],[-71.064437,42.349106],[-71.064404,42.349122],[-71.064537,42.349186],[-71.064623,42.349264],[-71.064653,42.349291],[-71.064718,42.349258],[-71.064723,42.349255],[-71.064814,42.349208],[-71.064819,42.349206],[-71.064834,42.349198],[-71.064815,42.349177],[-71.064811,42.349172],[-71.064694,42.349036],[-71.06468,42.34902],[-71.064662,42.348999],[-71.064498,42.349077]]]},"properties":{"id":"671912-0","height_m":27.01}},{"type":"Feature","geometry":{"type":"Polygon","coordinates":[[[-71.06466,42.348867],[-71.064724,42.348875],[-71.064911,42.348803],[-71.064914,42.348785],[-71.064926,42.348787],[-71.064959,42.348666],[-71.064395,42.348579],[-71.06439,42.348601],[-71.064397,42.348601],[-71.064338,42.348809],[-71.064299,42.348802],[-71.064292,42.348832],[-71.064533,42.348867],[-71.06454,42.348847],[-71.06466,42.348867]]]},"properties":{"id":"671913-0","height_m":7.98}},{"type":"Feature","geometry":{"type":"Polygon","coordinates":[[[-71.064432,42.348107],[-71.064513,42.348121],[-71.064448,42.348053],[-71.064432,42.348107]]]},"properties":{"id":"671914-0","height_m":16.95}},{"type":"Feature","geometry":{"type":"Polygon","coordinates":[[[-71.064525,42.348094],[-71.064615,42.348109],[-71.064675,42.348118],[-71.064678,42.348123],[-71.064768,42.348079],[-71.06476,42.348073],[-71.06469,42.348062],[-71.064693,42.34805],[-71.064545,42.348026],[-71.064525,42.348094]]]},"properties":{"id":"671915-0","height_m":18.58}},{"type":"Feature","geometry":{"type":"Polygon","coordinates":[[[-71.064019,42.348187],[-71.064047,42.348191],[-71.064061,42.348137],[-71.064032,42.348133],[-71.064019,42.348187]]]},"properties":{"id":"671916-0","height_m":6.24}},{"type":"Feature","geometry":{"type":"Polygon","coordinates":[[[-71.063057,42.349242],[-71.063296,42.349281],[-71.06339,42.349292],[-71.063408,42.349316],[-71.06339,42.349376],[-71.063247,42.349445],[-71.063237,42.349451],[-71.063209,42.349435],[-71.063192,42.349457],[-71.06318,42.349474],[-71.063181,42.349475],[-71.063183,42.349476],[-71.063185,42.349476],[-71.063187,42.349477],[-71.063188,42.349478],[-71.06319,42.349479],[-71.063192,42.34948],[-71.063193,42.349481],[-71.063195,42.349482],[-71.063196,42.349483],[-71.063198,42.349484],[-71.063199,42.349485],[-71.063201,42.349486],[-71.063202,42.349488],[-71.063203,42.349489],[-71.063204,42.34949],[-71.063206,42.349492],[-71.063207,42.349493],[-71.063208,42.349494],[-71.063209,42.349496],[-71.06321,42.349497],[-71.063211,42.349499],[-71.063212,42.3495],[-71.063213,42.349502],[-71.063213,42.349504],[-71.063214,42.349505],[-71.063215,42.349507],[-71.063215,42.349508],[-71.063216,42.34951],[-71.063216,42.349512],[-71.063217,42.349513],[-71.063217,42.349515],[-71.063217,42.349517],[-71.063218,42.349518],[-71.063218,42.34952],[-71.063218,42.349522],[-71.063218,42.349523],[-71.063218,42.349525],[-71.063218,42.349527],[-71.063218,42.349529],[-71.063217,42.34953],[-71.063217,42.349532],[-71.063217,42.349534],[-71.063216,42.349535],[-71.063216,42.349537],[-71.063215,42.349539],[-71.063215,42.34954],[-71.063214,42.349542],[-71.063213,42.349543],[-71.063212,42.349545],[-71.063211,42.349547],[-71.06321,42.349548],[-71.063209,42.34955],[-71.063208,42.349551],[-71.063206,42.349553],[-71.063205,42.349554],[-71.063204,42.349556],[-71.063202,42.349557],[-71.063201,42.349559],[-71.063199,42.34956],[-71.063197,42.349561],[-71.063196,42.349563],[-71.063194,42.349564],[-71.063192,42.349565],[-71.063191,42.349566],[-71.063189,42.349567],[-71.063187,42.349569],[-71.063185,42.34957],[-71.063183,42.349571],[-71.063181,42.349572],[-71.063179,42.349573],[-71.063177,42.349574],[-71.063175,42.349575],[-71.063172,42.349575],[-71.06317,42.349576],[-71.063168,42.349577],[-71.063166,42.349578],[-71.063164,42.349578],[-71.063161,42.349579],[-71.063159,42.34958],[-71.063157,42.34958],[-71.063154,42.349581],[-71.063152,42.349581],[-71.06315,42.349581],[-71.063147,42.349582],[-71.063145,42.349582],[-71.063143,42.349582],[-71.06314,42.349582],[-71.063138,42.349582],[-71.063136,42.349583],[-71.063133,42.349583],[-71.063131,42.349582],[-71.063129,42.349582],[-71.063126,42.349582],[-71.063124,42.349582],[-71.063122,42.349582],[-71.06312,42.349582],[-71.063117,42.349581],[-71.063115,42.349581],[-71.063113,42.34958],[-71.063111,42.34958],[-71.063109,42.349579],[-71.063107,42.349579],[-71.063105,42.349578],[-71.063103,42.349577],[-71.063101,42.349577],[-71.063099,42.349576],[-71.063097,42.349575],[-71.063095,42.349574],[-71.063093,42.349573],[-71.063091,42.349572],[-71.06309,42.349571],[-71.063074,42.349586],[-71.063052,42.349606],[-71.063084,42.349619],[-71.063079,42.349635],[-71.063074,42.34966],[-71.063121,42.349667],[-71.063127,42.349638],[-71.063265,42.34966],[-71.063346,42.349671],[-71.063412,42.349431],[-71.063419,42.349422],[-71.063437,42.34939],[-71.063425,42.349376],[-71.063445,42.349309],[-71.063417,42.349279],[-71.06306,42.349221],[-71.063056,42.349232],[-71.06306,42.349233],[-71.063057,42.349242]]]},"properties":{"id":"671917-0","height_m":45.4}},{"type":"Feature","geometry":{"type":"Polygon","coordinates":[[[-71.055819,42.354237],[-71.055985,42.354191],[-71.055947,42.353989],[-71.055684,42.354103],[-71.055819,42.354237]]]},"properties":{"id":"671918-0","height_m":69.37}},{"type":"Feature","geometry":{"type":"Polygon","coordinates":[[[-71.055808,42.35427],[-71.055861,42.354254],[-71.055969,42.354223],[-71.056022,42.354208],[-71.055975,42.353946],[-71.055913,42.353973],[-71.055686,42.354073],[-71.055634,42.354096],[-71.055808,42.35427]]]},"properties":{"id":"671919-0","height_m":69.37}},{"type":"Feature","geometry":{"type":"Polygon","coordinates":[[[-71.069249,42.351696],[-71.069255,42.351715],[-71.069309,42.351704],[-71.0693,42.351679],[-71.069266,42.351686],[-71.069267,42.351688],[-71.069247,42.351692],[-71.069249,42.351696]]]},"properties":{"id":"671920-0","height_m":24.75}},{"type":"Feature","geometry":{"type":"Polygon","coordinates":[[[-71.064032,42.348133],[-71.064061,42.348137],[-71.064067,42.348117],[-71.064037,42.348112],[-71.064032,42.348133]]]},"properties":{"id":"671921-0","height_m":23.39}},{"type":"Feature","geometry":{"type":"Polygon","coordinates":[[[-71.055257,42.35466],[-71.055573,42.354471],[-71.055548,42.354448],[-71.055576,42.354431],[-71.055416,42.354284],[-71.055384,42.354303],[-71.055362,42.354282],[-71.055047,42.35447],[-71.055072,42.354493],[-71.055046,42.354508],[-71.055207,42.354656],[-71.055234,42.354639],[-71.055257,42.35466]]]},"properties":{"id":"671924-0","height_m":109.03}},{"type":"Feature","geometry":{"type":"Polygon","coordinates":[[[-71.055829,42.354215],[-71.055955,42.354177],[-71.055928,42.354018],[-71.055725,42.354108],[-71.055829,42.354215]]]},"properties":{"id":"671925-0","height_m":83.84}},{"type":"Feature","geometry":{"type":"Polygon","coordinates":[[[-71.055825,42.354227],[-71.055974,42.354184],[-71.055937,42.354001],[-71.055701,42.354105],[-71.055825,42.354227]]]},"properties":{"id":"671926-0","height_m":83.84}},{"type":"Feature","geometry":{"type":"Polygon","coordinates":[[[-71.062221,42.352037],[-71.06237,42.352065],[-71.06238,42.352026],[-71.0625,42.352045],[-71.062534,42.351938],[-71.062547,42.35194],[-71.062563,42.351875],[-71.062548,42.351874],[-71.062581,42.351766],[-71.062454,42.351755],[-71.062467,42.351715],[-71.062319,42.351688],[-71.062312,42.351725],[-71.062297,42.351722],[-71.062247,42.351901],[-71.062166,42.351879],[-71.062113,42.351886],[-71.062111,42.351866],[-71.06169,42.351899],[-71.061697,42.352035],[-71.061785,42.352035],[-71.06179,42.352051],[-71.062128,42.35204],[-71.06213,42.352029],[-71.062221,42.352037]]]},"properties":{"id":"671927-0","height_m":93.43}},{"type":"Feature","geometry":{"type":"Polygon","coordinates":[[[-71.052686,42.34737],[-71.052797,42.347441],[-71.052832,42.34741],[-71.052799,42.347389],[-71.052721,42.34734],[-71.05272,42.347341],[-71.052686,42.34737]]]},"properties":{"id":"671961-0","height_m":null}},{"type":"Feature","geometry":{"type":"Polygon","coordinates":[[[-71.052745,42.352364],[-71.052747,42.352366],[-71.052748,42.352365],[-71.052916,42.352139],[-71.052914,42.352138],[-71.052881,42.352125],[-71.052879,42.352124],[-71.052816,42.352159],[-71.0528,42.352152],[-71.052759,42.352135],[-71.052746,42.352129],[-71.052746,42.352118],[-71.052738,42.352115],[-71.052725,42.352126],[-71.052712,42.352137],[-71.0527,42.352149],[-71.052689,42.352161],[-71.052679,42.352173],[-71.052669,42.352186],[-71.05266,42.352199],[-71.052651,42.352212],[-71.052643,42.352226],[-71.052636,42.352239],[-71.05263,42.352253],[-71.052625,42.352267],[-71.052633,42.352272],[-71.05264,42.352268],[-71.052647,42.352273],[-71.052695,42.352317],[-71.052695,42.352317],[-71.052693,42.352328],[-71.052712,42.352346],[-71.05272,42.352341],[-71.052745,42.352364]]]},"properties":{"id":"672008-0","height_m":null}},{"type":"Feature","geometry":{"type":"Polygon","coordinates":[[[-71.055232,42.356127],[-71.055261,42.356155],[-71.055289,42.356139],[-71.05526,42.356111],[-71.055232,42.356127]]]},"properties":{"id":"672053-0","height_m":null}},{"type":"Feature","geometry":{"type":"Polygon","coordinates":[[[-71.055314,42.356096],[-71.055363,42.356069],[-71.055351,42.356056],[-71.055369,42.356046],[-71.055351,42.356027],[-71.055334,42.356037],[-71.055308,42.356011],[-71.055325,42.356002],[-71.055307,42.355984],[-71.05529,42.355993],[-71.055277,42.355981],[-71.055225,42.356009],[-71.055314,42.356096]]]},"properties":{"id":"672056-0","height_m":null}},{"type":"Feature","geometry":{"type":"Polygon","coordinates":[[[-71.060646,42.355372],[-71.060676,42.355389],[-71.06071,42.355356],[-71.060683,42.35534],[-71.06068,42.355339],[-71.060646,42.355372]]]},"properties":{"id":"672057-0","height_m":null}},{"type":"Feature","geometry":{"type":"Polygon","coordinates":[[[-71.055483,42.355885],[-71.055459,42.355899],[-71.055477,42.355917],[-71.055473,42.355933],[-71.055482,42.355942],[-71.055504,42.355943],[-71.055524,42.355962],[-71.055548,42.355948],[-71.055556,42.355956],[-71.055592,42.355936],[-71.055592,42.355936],[-71.055584,42.355927],[-71.055608,42.355914],[-71.05559,42.355896],[-71.055593,42.355879],[-71.055584,42.355871],[-71.055563,42.35587],[-71.055543,42.355851],[-71.05552,42.355864],[-71.055511,42.355856],[-71.055475,42.355876],[-71.055484,42.355885],[-71.055483,42.355885]]]},"properties":{"id":"672058-0","height_m":null}},{"type":"Feature","geometry":{"type":"Polygon","coordinates":[[[-71.059348,42.355991],[-71.059344,42.355995],[-71.059362,42.356005],[-71.059369,42.355999],[-71.059373,42.356001],[-71.059376,42.355998],[-71.059385,42.356003],[-71.0594,42.35599],[-71.059391,42.355985],[-71.059394,42.355982],[-71.05939,42.35598],[-71.059397,42.355973],[-71.059379,42.355962],[-71.059371,42.355969],[-71.059368,42.355967],[-71.059365,42.35597],[-71.059356,42.355965],[-71.059342,42.355977],[-71.059351,42.355983],[-71.059348,42.355986],[-71.05935,42.355987],[-71.059351,42.355988],[-71.059348,42.355991]]]},"properties":{"id":"672061-0","height_m":4.57}},{"type":"Feature","geometry":{"type":"Polygon","coordinates":[[[-71.063422,42.356331],[-71.063449,42.356406],[-71.063479,42.356401],[-71.063452,42.356325],[-71.063422,42.356331]]]},"properties":{"id":"672207-0","height_m":null}},{"type":"Feature","geometry":{"type":"Polygon","coordinates":[[[-71.063568,42.356445],[-71.063577,42.356498],[-71.063606,42.356496],[-71.063598,42.356442],[-71.063568,42.356445]]]},"properties":{"id":"672208-0","height_m":null}},{"type":"Feature","geometry":{"type":"Polygon","coordinates":[[[-71.052905,42.347296],[-71.052941,42.347319],[-71.052966,42.347296],[-71.052931,42.347274],[-71.052921,42.347282],[-71.052905,42.347296]]]},"properties":{"id":"672559-0","height_m":null}},{"type":"Feature","geometry":{"type":"Polygon","coordinates":[[[-71.052458,42.347842],[-71.052478,42.347852],[-71.052499,42.347827],[-71.052479,42.347818],[-71.052458,42.347842]]]},"properties":{"id":"672560-0","height_m":null}},{"type":"Feature","geometry":{"type":"Polygon","coordinates":[[[-71.05258,42.347868],[-71.052599,42.347877],[-71.052615,42.347857],[-71.052596,42.347848],[-71.05258,42.347868]]]},"properties":{"id":"672561-0","height_m":null}},{"type":"Feature","geometry":{"type":"Polygon","coordinates":[[[-71.053608,42.346329],[-71.053745,42.346373],[-71.053769,42.346333],[-71.053631,42.346289],[-71.053608,42.346329]]]},"properties":{"id":"672571-0","height_m":null}},{"type":"Feature","geometry":{"type":"Polygon","coordinates":[[[-71.051769,42.353051],[-71.051759,42.353053],[-71.051751,42.353056],[-71.051742,42.35306],[-71.051735,42.353065],[-71.051729,42.353071],[-71.051724,42.353077],[-71.05172,42.353084],[-71.051718,42.353091],[-71.051717,42.353098],[-71.051718,42.353105],[-71.05172,42.353112],[-71.051724,42.353119],[-71.051729,42.353125],[-71.051735,42.353131],[-71.051742,42.353136],[-71.05175,42.35314],[-71.051759,42.353143],[-71.051769,42.353145],[-71.051778,42.353146],[-71.051788,42.353146],[-71.051798,42.353145],[-71.051807,42.353143],[-71.051816,42.353139],[-71.051824,42.353135],[-71.051831,42.35313],[-71.051837,42.353124],[-71.051842,42.353118],[-71.051845,42.353111],[-71.051847,42.353104],[-71.051848,42.353097],[-71.051847,42.35309],[-71.051844,42.353083],[-71.051841,42.353076],[-71.051835,42.35307],[-71.051829,42.353064],[-71.051822,42.353059],[-71.051813,42.353055],[-71.051807,42.353053],[-71.051798,42.353051],[-71.051788,42.35305],[-71.051779,42.35305],[-71.051769,42.353051]]]},"properties":{"id":"672911-0","height_m":null}},{"type":"Feature","geometry":{"type":"Polygon","coordinates":[[[-71.065803,42.355975],[-71.065873,42.35599],[-71.065893,42.355938],[-71.065823,42.355923],[-71.065803,42.355975]]]},"properties":{"id":"673309-0","height_m":null}},{"type":"Feature","geometry":{"type":"Polygon","coordinates":[[[-71.067626,42.35719],[-71.06765,42.35725],[-71.067701,42.357239],[-71.067677,42.357179],[-71.067626,42.35719]]]},"properties":{"id":"673314-0","height_m":null}},{"type":"Feature","geometry":{"type":"Polygon","coordinates":[[[-71.067764,42.357232],[-71.067782,42.357275],[-71.067815,42.357267],[-71.067797,42.357224],[-71.067764,42.357232]]]},"properties":{"id":"673317-0","height_m":null}},{"type":"Feature","geometry":{"type":"Polygon","coordinates":[[[-71.069017,42.357492],[-71.069048,42.357558],[-71.069099,42.357547],[-71.069065,42.357462],[-71.06902,42.357471],[-71.069014,42.357456],[-71.069048,42.357448],[-71.069047,42.357446],[-71.06903,42.357403],[-71.069016,42.357407],[-71.069014,42.357404],[-71.069028,42.357401],[-71.069031,42.357398],[-71.069033,42.357395],[-71.069034,42.357391],[-71.069034,42.357388],[-71.069034,42.357387],[-71.068974,42.3574],[-71.068925,42.357412],[-71.068948,42.357468],[-71.068949,42.357471],[-71.068976,42.357465],[-71.068973,42.357457],[-71.068993,42.357453],[-71.068996,42.35746],[-71.069004,42.357458],[-71.069017,42.357492]]]},"properties":{"id":"673725-0","height_m":null}},{"type":"Feature","geometry":{"type":"Polygon","coordinates":[[[-71.067387,42.357497],[-71.067434,42.357486],[-71.067442,42.357507],[-71.067461,42.357502],[-71.06736,42.357247],[-71.067341,42.357252],[-71.067342,42.357254],[-71.067389,42.357367],[-71.067351,42.357376],[-71.067304,42.357263],[-71.067302,42.357259],[-71.067263,42.357268],[-71.067267,42.357276],[-71.067358,42.357503],[-71.067387,42.357497]]]},"properties":{"id":"673730-0","height_m":null}},{"type":"Feature","geometry":{"type":"Polygon","coordinates":[[[-71.068387,42.357568],[-71.068396,42.357589],[-71.068469,42.357573],[-71.068469,42.357572],[-71.068451,42.357527],[-71.068472,42.357522],[-71.068467,42.35751],[-71.068444,42.357515],[-71.06837,42.357529],[-71.068379,42.35755],[-71.0684,42.357545],[-71.068408,42.357563],[-71.068387,42.357568]]]},"properties":{"id":"673732-0","height_m":null}},{"type":"Feature","geometry":{"type":"Polygon","coordinates":[[[-71.068341,42.356733],[-71.06835,42.356731],[-71.068366,42.356773],[-71.06838,42.35677],[-71.068409,42.356763],[-71.068417,42.356762],[-71.068383,42.356668],[-71.068279,42.35669],[-71.068299,42.356742],[-71.068317,42.356738],[-71.068341,42.356733]]]},"properties":{"id":"673733-0","height_m":null}},{"type":"Feature","geometry":{"type":"Polygon","coordinates":[[[-71.06854,42.357558],[-71.06854,42.357559],[-71.068583,42.35755],[-71.068583,42.357549],[-71.068559,42.35749],[-71.068516,42.3575],[-71.06854,42.357558]]]},"properties":{"id":"673736-0","height_m":null}},{"type":"Feature","geometry":{"type":"Polygon","coordinates":[[[-71.068618,42.35754],[-71.068618,42.35754],[-71.068663,42.35753],[-71.068663,42.35753],[-71.068646,42.357489],[-71.068634,42.357492],[-71.068629,42.357481],[-71.068662,42.357474],[-71.06866,42.357469],[-71.068595,42.357483],[-71.068618,42.35754]]]},"properties":{"id":"673739-0","height_m":null}},{"type":"Feature","geometry":{"type":"Polygon","coordinates":[[[-71.068692,42.357518],[-71.068692,42.357518],[-71.068694,42.357518],[-71.068726,42.357511],[-71.068724,42.357505],[-71.068731,42.357503],[-71.06873,42.3575],[-71.068715,42.357462],[-71.068743,42.357456],[-71.068741,42.357451],[-71.068671,42.357466],[-71.068692,42.357518]]]},"properties":{"id":"673741-0","height_m":null}},{"type":"Feature","geometry":{"type":"Polygon","coordinates":[[[-71.068769,42.357555],[-71.068791,42.357612],[-71.068824,42.357605],[-71.068802,42.357549],[-71.068788,42.357514],[-71.068787,42.357513],[-71.068756,42.357519],[-71.068756,42.35752],[-71.068769,42.357555]]]},"properties":{"id":"673743-0","height_m":null}},{"type":"Feature","geometry":{"type":"Polygon","coordinates":[[[-71.068822,42.357433],[-71.068846,42.357492],[-71.068882,42.357484],[-71.068881,42.357483],[-71.068872,42.357461],[-71.068883,42.357451],[-71.068876,42.357434],[-71.068859,42.357426],[-71.068822,42.357433]]]},"properties":{"id":"673744-0","height_m":null}},{"type":"Feature","geometry":{"type":"Polygon","coordinates":[[[-71.067584,42.345457],[-71.067558,42.345508],[-71.067612,42.345523],[-71.067614,42.345524],[-71.06764,42.345473],[-71.067585,42.345457],[-71.067584,42.345457]]]},"properties":{"id":"675261-0","height_m":null}},{"type":"Feature","geometry":{"type":"Polygon","coordinates":[[[-71.067529,42.345563],[-71.067584,42.345579],[-71.067586,42.345579],[-71.067612,42.345529],[-71.06761,42.345528],[-71.067556,42.345512],[-71.067529,42.345563]]]},"properties":{"id":"675262-0","height_m":null}},{"type":"Feature","geometry":{"type":"Polygon","coordinates":[[[-71.066673,42.346068],[-71.066744,42.346083],[-71.066752,42.346063],[-71.066681,42.346048],[-71.066673,42.346068]]]},"properties":{"id":"675264-0","height_m":null}},{"type":"Feature","geometry":{"type":"Polygon","coordinates":[[[-71.069017,42.346111],[-71.069081,42.346131],[-71.069092,42.346112],[-71.069092,42.346112],[-71.069027,42.346093],[-71.069017,42.346111]]]},"properties":{"id":"675265-0","height_m":null}},{"type":"Feature","geometry":{"type":"Polygon","coordinates":[[[-71.060299,42.346098],[-71.060335,42.346106],[-71.060344,42.346083],[-71.060308,42.346075],[-71.060299,42.346098]]]},"properties":{"id":"675267-0","height_m":null}},{"type":"Feature","geometry":{"type":"Polygon","coordinates":[[[-71.067316,42.346192],[-71.06732,42.346193],[-71.067316,42.3462],[-71.067384,42.34622],[-71.067395,42.3462],[-71.067328,42.346181],[-71.067325,42.346186],[-71.06732,42.346185],[-71.067316,42.346192]]]},"properties":{"id":"675269-0","height_m":null}},{"type":"Feature","geometry":{"type":"Polygon","coordinates":[[[-71.067629,42.346218],[-71.067639,42.34624],[-71.067705,42.346215],[-71.067692,42.346196],[-71.067629,42.346218]]]},"properties":{"id":"675270-0","height_m":null}},{"type":"Feature","geometry":{"type":"Polygon","coordinates":[[[-71.066537,42.346252],[-71.066566,42.346258],[-71.066586,42.346206],[-71.066557,42.3462],[-71.066537,42.346252]]]},"properties":{"id":"675271-0","height_m":null}},{"type":"Feature","geometry":{"type":"Polygon","coordinates":[[[-71.058564,42.34625],[-71.058585,42.346273],[-71.058613,42.346258],[-71.058592,42.346235],[-71.058564,42.34625]]]},"properties":{"id":"675272-0","height_m":null}},{"type":"Feature","geometry":{"type":"Polygon","coordinates":[[[-71.06763,42.346304],[-71.067679,42.346314],[-71.067707,42.34632],[-71.067725,42.346323],[-71.067737,42.346303],[-71.067639,42.346282],[-71.06763,42.346304]]]},"properties":{"id":"675273-0","height_m":null}},{"type":"Feature","geometry":{"type":"Polygon","coordinates":[[[-71.067089,42.346375],[-71.067148,42.346388],[-71.067169,42.346337],[-71.067109,42.346324],[-71.067089,42.346375]]]},"properties":{"id":"675274-0","height_m":null}},{"type":"Feature","geometry":{"type":"Polygon","coordinates":[[[-71.067946,42.34638],[-71.067959,42.346384],[-71.067989,42.346394],[-71.068013,42.346402],[-71.068026,42.346381],[-71.067958,42.346359],[-71.067946,42.34638]]]},"properties":{"id":"675275-0","height_m":null}},{"type":"Feature","geometry":{"type":"Polygon","coordinates":[[[-71.057139,42.346447],[-71.057139,42.34645],[-71.057135,42.346451],[-71.057147,42.346483],[-71.057182,42.346476],[-71.057171,42.346445],[-71.057165,42.346446],[-71.057164,42.346443],[-71.057163,42.346441],[-71.057161,42.34644],[-71.057158,42.346438],[-71.057155,42.346437],[-71.057152,42.346437],[-71.057149,42.346437],[-71.057146,42.346438],[-71.057144,42.346439],[-71.057141,42.346441],[-71.05714,42.346443],[-71.057139,42.346445],[-71.057139,42.346447]]]},"properties":{"id":"675277-0","height_m":null}},{"type":"Feature","geometry":{"type":"Polygon","coordinates":[[[-71.057791,42.346812],[-71.057794,42.346814],[-71.057817,42.346825],[-71.057834,42.346807],[-71.057827,42.346803],[-71.057809,42.346794],[-71.057791,42.346812]]]},"properties":{"id":"675280-0","height_m":null}},{"type":"Feature","geometry":{"type":"Polygon","coordinates":[[[-71.057053,42.347007],[-71.057082,42.347018],[-71.057095,42.346997],[-71.057066,42.346987],[-71.057053,42.347007]]]},"properties":{"id":"675281-0","height_m":null}},{"type":"Feature","geometry":{"type":"Polygon","coordinates":[[[-71.056547,42.347082],[-71.056561,42.347082],[-71.056574,42.347084],[-71.056587,42.347086],[-71.0566,42.347089],[-71.056623,42.347095],[-71.056661,42.347109],[-71.056719,42.34713],[-71.056767,42.34706],[-71.056657,42.34702],[-71.056643,42.347016],[-71.056629,42.347012],[-71.056615,42.347009],[-71.056601,42.347006],[-71.056586,42.347004],[-71.056571,42.347003],[-71.056557,42.347002],[-71.056542,42.347001],[-71.056527,42.347002],[-71.056512,42.347002],[-71.056497,42.347004],[-71.056483,42.347005],[-71.056468,42.347008],[-71.056227,42.34704],[-71.056229,42.347046],[-71.056236,42.347076],[-71.056238,42.347083],[-71.056245,42.347113],[-71.056246,42.347118],[-71.056493,42.347084],[-71.056507,42.347083],[-71.05652,42.347082],[-71.056534,42.347081],[-71.056547,42.347082]]]},"properties":{"id":"675282-0","height_m":null}},{"type":"Feature","geometry":{"type":"Polygon","coordinates":[[[-71.05595,42.347259],[-71.055962,42.347263],[-71.056022,42.347286],[-71.056026,42.34728],[-71.055978,42.347217],[-71.05595,42.347259]]]},"properties":{"id":"675283-0","height_m":null}},{"type":"Feature","geometry":{"type":"Polygon","coordinates":[[[-71.056836,42.347366],[-71.056863,42.347375],[-71.056868,42.347369],[-71.056915,42.347296],[-71.056913,42.347295],[-71.056888,42.347286],[-71.056836,42.347366]]]},"properties":{"id":"675285-0","height_m":null}},{"type":"Feature","geometry":{"type":"Polygon","coordinates":[[[-71.057285,42.347432],[-71.057311,42.347441],[-71.057339,42.347391],[-71.057313,42.347383],[-71.057285,42.347432]]]},"properties":{"id":"675287-0","height_m":null}},{"type":"Feature","geometry":{"type":"Polygon","coordinates":[[[-71.061664,42.347513],[-71.06172,42.347525],[-71.061733,42.347528],[-71.061741,42.347507],[-71.061729,42.347505],[-71.061672,42.347492],[-71.061664,42.347513]]]},"properties":{"id":"675288-0","height_m":null}},{"type":"Feature","geometry":{"type":"Polygon","coordinates":[[[-71.061456,42.347724],[-71.061499,42.347733],[-71.061499,42.347732],[-71.06152,42.347681],[-71.061513,42.347679],[-71.061477,42.347671],[-71.061456,42.347724]]]},"properties":{"id":"675290-0","height_m":null}},{"type":"Feature","geometry":{"type":"Polygon","coordinates":[[[-71.057128,42.347741],[-71.057134,42.347743],[-71.057112,42.347784],[-71.05719,42.347807],[-71.057267,42.347662],[-71.057211,42.347646],[-71.057196,42.347674],[-71.057174,42.347667],[-71.057143,42.347725],[-71.057137,42.347724],[-71.057128,42.347741]]]},"properties":{"id":"675291-0","height_m":null}},{"type":"Feature","geometry":{"type":"Polygon","coordinates":[[[-71.057085,42.34786],[-71.057141,42.347871],[-71.057157,42.347827],[-71.05714,42.347824],[-71.057145,42.347809],[-71.057113,42.347802],[-71.057107,42.347818],[-71.0571,42.347817],[-71.057085,42.34786]]]},"properties":{"id":"675292-0","height_m":null}},{"type":"Feature","geometry":{"type":"Polygon","coordinates":[[[-71.057091,42.347958],[-71.0571,42.347959],[-71.057101,42.347955],[-71.057108,42.347956],[-71.057116,42.347929],[-71.057088,42.347924],[-71.05708,42.347952],[-71.057092,42.347954],[-71.057091,42.347958]]]},"properties":{"id":"675293-0","height_m":null}},{"type":"Feature","geometry":{"type":"Polygon","coordinates":[[[-71.057054,42.348019],[-71.057066,42.348021],[-71.057067,42.348017],[-71.057076,42.348019],[-71.05709,42.34797],[-71.057061,42.347965],[-71.057047,42.348014],[-71.057055,42.348015],[-71.057054,42.348019]]]},"properties":{"id":"675294-0","height_m":null}},{"type":"Feature","geometry":{"type":"Polygon","coordinates":[[[-71.058116,42.348187],[-71.058169,42.348239],[-71.058268,42.348183],[-71.058237,42.348152],[-71.058239,42.34815],[-71.058241,42.348148],[-71.058242,42.348145],[-71.058242,42.348143],[-71.058242,42.34814],[-71.05824,42.348138],[-71.058238,42.348136],[-71.058236,42.348135],[-71.058232,42.348134],[-71.058229,42.348133],[-71.058226,42.348134],[-71.058222,42.348134],[-71.05822,42.348136],[-71.058215,42.348132],[-71.058116,42.348187]]]},"properties":{"id":"675296-0","height_m":null}},{"type":"Feature","geometry":{"type":"Polygon","coordinates":[[[-71.062673,42.348094],[-71.062667,42.348107],[-71.062777,42.348131],[-71.062761,42.348192],[-71.062855,42.348206],[-71.062877,42.348122],[-71.062877,42.348119],[-71.062876,42.348118],[-71.062803,42.348098],[-71.062811,42.348077],[-71.062688,42.348055],[-71.062673,42.348094]]]},"properties":{"id":"675297-0","height_m":null}},{"type":"Feature","geometry":{"type":"Polygon","coordinates":[[[-71.056989,42.348268],[-71.056999,42.348269],[-71.057,42.348264],[-71.057007,42.348265],[-71.057052,42.348104],[-71.057032,42.348101],[-71.057038,42.348079],[-71.057055,42.348082],[-71.05707,42.348029],[-71.057036,42.348023],[-71.057036,42.348025],[-71.057022,42.348077],[-71.057028,42.348078],[-71.057028,42.34808],[-71.057022,42.348099],[-71.057016,42.348098],[-71.05697,42.34826],[-71.05699,42.348263],[-71.056989,42.348268]]]},"properties":{"id":"675298-0","height_m":null}},{"type":"Feature","geometry":{"type":"Polygon","coordinates":[[[-71.061263,42.348513],[-71.061252,42.348543],[-71.061249,42.348549],[-71.061292,42.348558],[-71.061293,42.348556],[-71.061306,42.348521],[-71.061311,42.34851],[-71.061268,42.348501],[-71.061263,42.348513]]]},"properties":{"id":"675302-0","height_m":null}},{"type":"Feature","geometry":{"type":"Polygon","coordinates":[[[-71.058016,42.348894],[-71.058052,42.348903],[-71.058065,42.348876],[-71.058028,42.348867],[-71.058016,42.348894]]]},"properties":{"id":"675304-0","height_m":null}},{"type":"Feature","geometry":{"type":"Polygon","coordinates":[[[-71.061042,42.348938],[-71.061079,42.348947],[-71.061086,42.34893],[-71.061068,42.348926],[-71.061049,42.348922],[-71.061042,42.348938]]]},"properties":{"id":"675305-0","height_m":null}},{"type":"Feature","geometry":{"type":"Polygon","coordinates":[[[-71.061037,42.349075],[-71.061063,42.349081],[-71.061074,42.349055],[-71.061048,42.349048],[-71.061037,42.349075]]]},"properties":{"id":"675307-0","height_m":null}},{"type":"Feature","geometry":{"type":"Polygon","coordinates":[[[-71.068562,42.349145],[-71.068538,42.34915],[-71.068555,42.349187],[-71.068578,42.349181],[-71.068582,42.34918],[-71.068565,42.349144],[-71.068562,42.349145]]]},"properties":{"id":"675308-0","height_m":null}},{"type":"Feature","geometry":{"type":"Polygon","coordinates":[[[-71.058928,42.349176],[-71.058931,42.349167],[-71.058937,42.349168],[-71.05894,42.349159],[-71.058934,42.349158],[-71.058937,42.34915],[-71.058774,42.349115],[-71.058764,42.349141],[-71.058786,42.349146],[-71.05884,42.349157],[-71.058928,42.349176]]]},"properties":{"id":"675309-0","height_m":null}},{"type":"Feature","geometry":{"type":"Polygon","coordinates":[[[-71.058743,42.349179],[-71.058749,42.34918],[-71.058746,42.349189],[-71.058908,42.349223],[-71.058919,42.349197],[-71.058832,42.349178],[-71.058778,42.349166],[-71.058756,42.349162],[-71.058752,42.349171],[-71.058747,42.34917],[-71.058743,42.349179]]]},"properties":{"id":"675310-0","height_m":null}},{"type":"Feature","geometry":{"type":"Polygon","coordinates":[[[-71.058986,42.349222],[-71.05901,42.349228],[-71.05903,42.34918],[-71.059005,42.349175],[-71.058986,42.349222]]]},"properties":{"id":"675311-0","height_m":null}},{"type":"Feature","geometry":{"type":"Polygon","coordinates":[[[-71.066684,42.349125],[-71.066709,42.349145],[-71.0667,42.349151],[-71.066751,42.349197],[-71.066811,42.34916],[-71.066801,42.349151],[-71.06681,42.349146],[-71.066777,42.349117],[-71.066789,42.349109],[-71.066756,42.349079],[-71.066684,42.349125]]]},"properties":{"id":"675312-0","height_m":null}},{"type":"Feature","geometry":{"type":"Polygon","coordinates":[[[-71.058644,42.349329],[-71.058672,42.349335],[-71.058682,42.34931],[-71.058653,42.349303],[-71.058644,42.349329]]]},"properties":{"id":"675313-0","height_m":null}},{"type":"Feature","geometry":{"type":"Polygon","coordinates":[[[-71.065184,42.349406],[-71.065217,42.34941],[-71.06522,42.34941],[-71.065227,42.349376],[-71.065192,42.349371],[-71.065184,42.349406]]]},"properties":{"id":"675314-0","height_m":null}},{"type":"Feature","geometry":{"type":"Polygon","coordinates":[[[-71.061017,42.349264],[-71.061103,42.3493],[-71.061178,42.34933],[-71.061244,42.349357],[-71.06125,42.349359],[-71.061274,42.349299],[-71.061269,42.349298],[-71.061142,42.349267],[-71.061026,42.349242],[-71.061017,42.349264]]]},"properties":{"id":"675315-0","height_m":null}},{"type":"Feature","geometry":{"type":"Polygon","coordinates":[[[-71.054432,42.349391],[-71.054509,42.34942],[-71.054529,42.349392],[-71.054452,42.349362],[-71.054432,42.349391]]]},"properties":{"id":"675316-0","height_m":null}},{"type":"Feature","geometry":{"type":"Polygon","coordinates":[[[-71.068127,42.349177],[-71.068172,42.349247],[-71.068192,42.349294],[-71.068212,42.349287],[-71.068165,42.349161],[-71.068127,42.349177]]]},"properties":{"id":"675319-0","height_m":null}},{"type":"Feature","geometry":{"type":"Polygon","coordinates":[[[-71.069038,42.34963],[-71.069045,42.349656],[-71.069103,42.349647],[-71.069157,42.349638],[-71.069149,42.349611],[-71.069038,42.34963]]]},"properties":{"id":"675320-0","height_m":null}},{"type":"Feature","geometry":{"type":"Polygon","coordinates":[[[-71.057707,42.34986],[-71.0577,42.349882],[-71.057688,42.34992],[-71.057762,42.349931],[-71.057806,42.349815],[-71.057734,42.3498],[-71.057707,42.34986]]]},"properties":{"id":"675322-0","height_m":null}},{"type":"Feature","geometry":{"type":"Polygon","coordinates":[[[-71.0682,42.350234],[-71.068274,42.35022],[-71.06826,42.350177],[-71.06825,42.350144],[-71.068246,42.350145],[-71.068243,42.350145],[-71.068239,42.350146],[-71.068208,42.350152],[-71.068219,42.35014],[-71.06822,42.35014],[-71.068209,42.350108],[-71.068209,42.350107],[-71.068161,42.350116],[-71.0682,42.350234]]]},"properties":{"id":"675323-0","height_m":null}},{"type":"Feature","geometry":{"type":"Polygon","coordinates":[[[-71.062606,42.350162],[-71.062619,42.350162],[-71.062697,42.350159],[-71.062747,42.350157],[-71.062766,42.35016],[-71.062768,42.350155],[-71.0628,42.35016],[-71.062808,42.350131],[-71.062775,42.350125],[-71.062724,42.350127],[-71.062645,42.350129],[-71.062631,42.350129],[-71.062606,42.350162]]]},"properties":{"id":"675324-0","height_m":null}},{"type":"Feature","geometry":{"type":"Polygon","coordinates":[[[-71.064088,42.35023],[-71.063902,42.350324],[-71.063885,42.350333],[-71.064002,42.350351],[-71.064041,42.350357],[-71.064043,42.350358],[-71.064046,42.350358],[-71.064146,42.350213],[-71.064138,42.350205],[-71.064088,42.35023]]]},"properties":{"id":"675325-0","height_m":null}},{"type":"Feature","geometry":{"type":"Polygon","coordinates":[[[-71.061568,42.349614],[-71.06153,42.349643],[-71.061516,42.349654],[-71.061542,42.349664],[-71.061556,42.349654],[-71.061595,42.349625],[-71.061622,42.349605],[-71.06162,42.349604],[-71.061621,42.349603],[-71.061595,42.349594],[-71.061568,42.349614]]]},"properties":{"id":"675327-0","height_m":null}},{"type":"Feature","geometry":{"type":"Polygon","coordinates":[[[-71.0619,42.350144],[-71.061946,42.350158],[-71.061962,42.350128],[-71.061915,42.350116],[-71.0619,42.350144]]]},"properties":{"id":"675328-0","height_m":null}},{"type":"Feature","geometry":{"type":"Polygon","coordinates":[[[-71.062261,42.350573],[-71.062283,42.35058],[-71.062345,42.350601],[-71.062362,42.350607],[-71.062375,42.35059],[-71.062358,42.350584],[-71.062296,42.350564],[-71.062273,42.350556],[-71.062261,42.350573]]]},"properties":{"id":"675329-0","height_m":null}},{"type":"Feature","geometry":{"type":"Polygon","coordinates":[[[-71.060283,42.350793],[-71.060381,42.350816],[-71.060404,42.350762],[-71.060306,42.350739],[-71.060283,42.350793]]]},"properties":{"id":"675331-0","height_m":null}},{"type":"Feature","geometry":{"type":"Polygon","coordinates":[[[-71.058196,42.350516],[-71.058137,42.350518],[-71.058127,42.350518],[-71.058121,42.350539],[-71.05813,42.350539],[-71.058189,42.350538],[-71.058203,42.350538],[-71.058209,42.350516],[-71.058196,42.350516]]]},"properties":{"id":"675332-0","height_m":null}},{"type":"Feature","geometry":{"type":"Polygon","coordinates":[[[-71.060269,42.350846],[-71.06036,42.350866],[-71.06038,42.350818],[-71.060289,42.350798],[-71.060269,42.350846]]]},"properties":{"id":"675333-0","height_m":null}},{"type":"Feature","geometry":{"type":"Polygon","coordinates":[[[-71.058719,42.352171],[-71.058746,42.352194],[-71.058802,42.352158],[-71.058797,42.352154],[-71.05878,42.35214],[-71.058774,42.352135],[-71.058719,42.352171]]]},"properties":{"id":"675334-0","height_m":null}},{"type":"Feature","geometry":{"type":"Polygon","coordinates":[[[-71.05772,42.35183],[-71.057834,42.351848],[-71.057843,42.351821],[-71.057728,42.351803],[-71.05772,42.35183]]]},"properties":{"id":"675335-0","height_m":null}},{"type":"Feature","geometry":{"type":"Polygon","coordinates":[[[-71.060048,42.352496],[-71.060081,42.352494],[-71.060079,42.352479],[-71.060086,42.352478],[-71.060084,42.352457],[-71.060031,42.35246],[-71.060034,42.352491],[-71.060047,42.35249],[-71.060048,42.352496]]]},"properties":{"id":"675337-0","height_m":null}},{"type":"Feature","geometry":{"type":"Polygon","coordinates":[[[-71.063971,42.352797],[-71.063971,42.352821],[-71.063971,42.352823],[-71.064009,42.352825],[-71.06401,42.352823],[-71.064012,42.352799],[-71.064012,42.352797],[-71.063971,42.352795],[-71.063971,42.352797]]]},"properties":{"id":"675338-0","height_m":null}},{"type":"Feature","geometry":{"type":"Polygon","coordinates":[[[-71.067004,42.353096],[-71.06702,42.353122],[-71.067022,42.353125],[-71.067089,42.353102],[-71.067087,42.353099],[-71.067071,42.353073],[-71.067004,42.353096]]]},"properties":{"id":"675339-0","height_m":null}},{"type":"Feature","geometry":{"type":"Polygon","coordinates":[[[-71.066429,42.354339],[-71.06643,42.354342],[-71.066472,42.354323],[-71.066469,42.35432],[-71.066475,42.354301],[-71.066479,42.3543],[-71.066455,42.354269],[-71.066451,42.354272],[-71.066425,42.354267],[-71.066422,42.354263],[-71.066417,42.354266],[-71.06639,42.354277],[-71.066382,42.354281],[-71.066383,42.354284],[-71.066378,42.354303],[-71.066376,42.354306],[-71.066399,42.354335],[-71.066403,42.354335],[-71.066429,42.354339]]]},"properties":{"id":"675341-0","height_m":null}},{"type":"Feature","geometry":{"type":"Polygon","coordinates":[[[-71.064909,42.346083],[-71.064904,42.346095],[-71.064915,42.346097],[-71.064913,42.3461],[-71.064836,42.346297],[-71.06489,42.346309],[-71.064976,42.346081],[-71.064985,42.346058],[-71.064986,42.346056],[-71.064989,42.34605],[-71.064931,42.346038],[-71.064929,42.346042],[-71.064925,42.346041],[-71.064909,42.346083]]]},"properties":{"id":"675349-0","height_m":null}},{"type":"Feature","geometry":{"type":"Polygon","coordinates":[[[-71.063907,42.345874],[-71.063891,42.345913],[-71.063926,42.34592],[-71.063984,42.345934],[-71.064002,42.345889],[-71.06396,42.345884],[-71.064039,42.345689],[-71.064082,42.345699],[-71.064106,42.345638],[-71.064054,42.345626],[-71.064048,42.34564],[-71.063998,42.345628],[-71.063995,42.345628],[-71.063987,42.345647],[-71.063999,42.34565],[-71.063907,42.345874]]]},"properties":{"id":"675350-0","height_m":null}},{"type":"Feature","geometry":{"type":"Polygon","coordinates":[[[-71.065568,42.346296],[-71.06561,42.346306],[-71.065633,42.346251],[-71.065591,42.346241],[-71.065568,42.346296]]]},"properties":{"id":"675354-0","height_m":null}},{"type":"Feature","geometry":{"type":"Polygon","coordinates":[[[-71.063937,42.346046],[-71.064043,42.346066],[-71.064156,42.346088],[-71.064165,42.34609],[-71.06419,42.34603],[-71.064236,42.34604],[-71.064259,42.346004],[-71.064265,42.345996],[-71.064171,42.345974],[-71.064167,42.345985],[-71.06398,42.345943],[-71.063984,42.345934],[-71.063926,42.34592],[-71.063925,42.345931],[-71.063921,42.34597],[-71.063924,42.345971],[-71.063963,42.345979],[-71.063937,42.346046]]]},"properties":{"id":"675355-0","height_m":null}},{"type":"Feature","geometry":{"type":"Polygon","coordinates":[[[-71.066864,42.346048],[-71.066902,42.346058],[-71.06692,42.346063],[-71.066929,42.346065],[-71.066941,42.346068],[-71.066979,42.346079],[-71.066982,42.346072],[-71.066867,42.346041],[-71.066864,42.346048]]]},"properties":{"id":"675356-0","height_m":null}},{"type":"Feature","geometry":{"type":"Polygon","coordinates":[[[-71.068854,42.346404],[-71.068915,42.346423],[-71.068916,42.346422],[-71.06893,42.346395],[-71.068885,42.346381],[-71.068869,42.346377],[-71.068854,42.346404]]]},"properties":{"id":"675357-0","height_m":null}},{"type":"Feature","geometry":{"type":"Polygon","coordinates":[[[-71.068651,42.346546],[-71.06868,42.346555],[-71.068707,42.346504],[-71.068678,42.346496],[-71.068651,42.346546]]]},"properties":{"id":"675358-0","height_m":null}},{"type":"Feature","geometry":{"type":"Polygon","coordinates":[[[-71.063049,42.348775],[-71.063046,42.348787],[-71.063317,42.348829],[-71.063332,42.348779],[-71.062514,42.348655],[-71.062781,42.348731],[-71.062783,42.348719],[-71.063049,42.348775]]]},"properties":{"id":"675369-0","height_m":null}},{"type":"Feature","geometry":{"type":"Polygon","coordinates":[[[-71.063239,42.351334],[-71.063305,42.351343],[-71.063511,42.351376],[-71.06355,42.351383],[-71.063559,42.351384],[-71.063623,42.351394],[-71.063631,42.351352],[-71.063242,42.351313],[-71.063239,42.351334]]]},"properties":{"id":"675370-0","height_m":null}},{"type":"Feature","geometry":{"type":"Polygon","coordinates":[[[-71.062365,42.351083],[-71.062566,42.351146],[-71.062603,42.351071],[-71.062561,42.35106],[-71.062553,42.351077],[-71.062278,42.351002],[-71.062298,42.350942],[-71.062232,42.350925],[-71.062228,42.350924],[-71.062224,42.350924],[-71.06222,42.350924],[-71.062216,42.350925],[-71.062213,42.350927],[-71.06221,42.350929],[-71.062208,42.350931],[-71.062174,42.351004],[-71.062181,42.351006],[-71.062187,42.351013],[-71.062251,42.351028],[-71.062255,42.351015],[-71.062273,42.35102],[-71.06227,42.351026],[-71.062284,42.351029],[-71.062274,42.351057],[-71.06227,42.351059],[-71.062365,42.351083]]]},"properties":{"id":"675371-0","height_m":null}},{"type":"Feature","geometry":{"type":"Polygon","coordinates":[[[-71.061093,42.350799],[-71.061192,42.350822],[-71.061213,42.350765],[-71.061125,42.350748],[-71.061093,42.350799]]]},"properties":{"id":"675372-0","height_m":null}},{"type":"Feature","geometry":{"type":"Polygon","coordinates":[[[-71.056389,42.351689],[-71.05656,42.351735],[-71.056606,42.351668],[-71.056427,42.351611],[-71.056389,42.351689]]]},"properties":{"id":"675373-0","height_m":null}},{"type":"Feature","geometry":{"type":"Polygon","coordinates":[[[-71.057228,42.350464],[-71.057232,42.350465],[-71.057237,42.350465],[-71.057241,42.350464],[-71.057245,42.350464],[-71.057249,42.350462],[-71.057253,42.350461],[-71.057256,42.350459],[-71.057259,42.350456],[-71.057262,42.350454],[-71.057264,42.350451],[-71.057265,42.350448],[-71.057266,42.350445],[-71.057318,42.350179],[-71.057287,42.350169],[-71.057256,42.350333],[-71.057238,42.350423],[-71.057236,42.350427],[-71.057233,42.350431],[-71.057228,42.350434],[-71.057219,42.350437],[-71.057211,42.350438],[-71.057091,42.350408],[-71.057045,42.350397],[-71.05704,42.350402],[-71.057034,42.350407],[-71.057027,42.350412],[-71.057027,42.350412],[-71.057228,42.350464]]]},"properties":{"id":"675374-0","height_m":null}},{"type":"Feature","geometry":{"type":"Polygon","coordinates":[[[-71.061357,42.348407],[-71.061385,42.348414],[-71.061398,42.348382],[-71.061369,42.348375],[-71.061364,42.348374],[-71.061357,42.348407]]]},"properties":{"id":"675375-0","height_m":null}},{"type":"Feature","geometry":{"type":"Polygon","coordinates":[[[-71.061359,42.348528],[-71.06142,42.348543],[-71.061433,42.348511],[-71.061372,42.348497],[-71.061359,42.348528]]]},"properties":{"id":"675376-0","height_m":null}},{"type":"Feature","geometry":{"type":"Polygon","coordinates":[[[-71.061409,42.348569],[-71.06142,42.348543],[-71.061359,42.348528],[-71.06134,42.348524],[-71.061337,42.34853],[-71.061324,42.348562],[-71.061336,42.348564],[-71.061347,42.348567],[-71.061351,42.348556],[-71.061409,42.348569]]]},"properties":{"id":"675377-0","height_m":null}},{"type":"Feature","geometry":{"type":"Polygon","coordinates":[[[-71.060327,42.35068],[-71.060426,42.350702],[-71.060448,42.35065],[-71.060348,42.350628],[-71.060327,42.35068]]]},"properties":{"id":"675378-0","height_m":null}},{"type":"Feature","geometry":{"type":"Polygon","coordinates":[[[-71.05773,42.351135],[-71.05792,42.351178],[-71.057931,42.351142],[-71.05786,42.351131],[-71.057851,42.35112],[-71.057861,42.351084],[-71.057804,42.351077],[-71.057762,42.351027],[-71.057756,42.351022],[-71.05773,42.351135]]]},"properties":{"id":"675379-0","height_m":null}},{"type":"Feature","geometry":{"type":"Polygon","coordinates":[[[-71.057779,42.351328],[-71.057792,42.351269],[-71.057686,42.351251],[-71.057674,42.351293],[-71.057645,42.351315],[-71.05767,42.351318],[-71.057671,42.35131],[-71.057779,42.351328]]]},"properties":{"id":"675380-0","height_m":null}},{"type":"Feature","geometry":{"type":"Polygon","coordinates":[[[-71.061349,42.349977],[-71.061418,42.349993],[-71.061438,42.349944],[-71.061373,42.349917],[-71.061349,42.349977]]]},"properties":{"id":"675381-0","height_m":null}},{"type":"Feature","geometry":{"type":"Polygon","coordinates":[[[-71.06883,42.348975],[-71.068854,42.349007],[-71.068961,42.348962],[-71.068949,42.348946],[-71.068936,42.34893],[-71.06883,42.348975]]]},"properties":{"id":"675382-0","height_m":null}},{"type":"Feature","geometry":{"type":"Polygon","coordinates":[[[-71.060214,42.351819],[-71.060221,42.351846],[-71.060259,42.351839],[-71.060177,42.351576],[-71.060132,42.351582],[-71.060133,42.351591],[-71.060142,42.35159],[-71.060214,42.351819]]]},"properties":{"id":"675384-0","height_m":null}},{"type":"Feature","geometry":{"type":"Polygon","coordinates":[[[-71.065528,42.350227],[-71.06554,42.350229],[-71.065627,42.35024],[-71.065714,42.350233],[-71.065698,42.350083],[-71.065571,42.350081],[-71.065528,42.350227]]]},"properties":{"id":"675398-0","height_m":null}},{"type":"Feature","geometry":{"type":"Polygon","coordinates":[[[-71.066287,42.350674],[-71.066385,42.35067],[-71.066392,42.35067],[-71.066385,42.350589],[-71.066364,42.35059],[-71.066363,42.350575],[-71.066278,42.350579],[-71.066287,42.350674]]]},"properties":{"id":"675399-0","height_m":null}},{"type":"Feature","geometry":{"type":"Polygon","coordinates":[[[-71.067364,42.348678],[-71.067398,42.34871],[-71.067451,42.348679],[-71.067417,42.348647],[-71.067364,42.348678]]]},"properties":{"id":"675400-0","height_m":null}},{"type":"Feature","geometry":{"type":"Polygon","coordinates":[[[-71.067576,42.349501],[-71.067581,42.349507],[-71.067596,42.349528],[-71.067623,42.349517],[-71.067621,42.349515],[-71.067601,42.349491],[-71.067576,42.349501]]]},"properties":{"id":"675401-0","height_m":null}},{"type":"Feature","geometry":{"type":"Polygon","coordinates":[[[-71.067688,42.34911],[-71.067715,42.349145],[-71.067789,42.349113],[-71.067762,42.349078],[-71.067688,42.34911]]]},"properties":{"id":"675402-0","height_m":null}},{"type":"Feature","geometry":{"type":"Polygon","coordinates":[[[-71.067621,42.349515],[-71.067646,42.349505],[-71.067636,42.349491],[-71.067631,42.349493],[-71.067623,42.349482],[-71.067601,42.349491],[-71.067621,42.349515]]]},"properties":{"id":"675403-0","height_m":null}},{"type":"Feature","geometry":{"type":"Polygon","coordinates":[[[-71.067591,42.34959],[-71.067587,42.349591],[-71.067593,42.349609],[-71.067605,42.349642],[-71.067637,42.349636],[-71.067644,42.349621],[-71.067641,42.349614],[-71.06763,42.349583],[-71.06763,42.349583],[-71.067591,42.34959]]]},"properties":{"id":"675404-0","height_m":null}},{"type":"Feature","geometry":{"type":"Polygon","coordinates":[[[-71.06785,42.349042],[-71.067855,42.34905],[-71.067877,42.349076],[-71.067919,42.349059],[-71.067892,42.349024],[-71.06785,42.349042]]]},"properties":{"id":"675405-0","height_m":null}},{"type":"Feature","geometry":{"type":"Polygon","coordinates":[[[-71.067896,42.349022],[-71.067892,42.349024],[-71.067919,42.349059],[-71.067951,42.349046],[-71.067921,42.349008],[-71.067896,42.349022]]]},"properties":{"id":"675406-0","height_m":null}},{"type":"Feature","geometry":{"type":"Polygon","coordinates":[[[-71.067987,42.349326],[-71.068008,42.349353],[-71.068029,42.349343],[-71.068007,42.349317],[-71.067987,42.349326]]]},"properties":{"id":"675407-0","height_m":null}},{"type":"Feature","geometry":{"type":"Polygon","coordinates":[[[-71.067949,42.349342],[-71.067984,42.349387],[-71.068022,42.34937],[-71.068008,42.349353],[-71.067987,42.349326],[-71.067949,42.349342]]]},"properties":{"id":"675408-0","height_m":null}},{"type":"Feature","geometry":{"type":"Polygon","coordinates":[[[-71.067825,42.349396],[-71.067849,42.349429],[-71.06789,42.34942],[-71.067859,42.349382],[-71.067825,42.349396]]]},"properties":{"id":"675409-0","height_m":null}},{"type":"Feature","geometry":{"type":"Polygon","coordinates":[[[-71.069309,42.349555],[-71.069323,42.349577],[-71.069385,42.349563],[-71.069377,42.349538],[-71.069309,42.349555]]]},"properties":{"id":"675410-0","height_m":null}},{"type":"Feature","geometry":{"type":"Polygon","coordinates":[[[-71.069377,42.349538],[-71.069385,42.349563],[-71.069418,42.349556],[-71.069411,42.349532],[-71.069377,42.349538]]]},"properties":{"id":"675412-0","height_m":null}},{"type":"Feature","geometry":{"type":"Polygon","coordinates":[[[-71.067743,42.352185],[-71.068264,42.352081],[-71.06826,42.35207],[-71.068197,42.351897],[-71.067927,42.351951],[-71.067924,42.351944],[-71.067894,42.351959],[-71.067866,42.351976],[-71.06784,42.351995],[-71.067816,42.352016],[-71.067794,42.352038],[-71.067775,42.352061],[-71.067759,42.352085],[-71.067746,42.352111],[-71.067735,42.352137],[-71.067728,42.352163],[-71.067725,42.352177],[-71.067739,42.352174],[-71.067743,42.352185]]]},"properties":{"id":"675421-0","height_m":null}},{"type":"Feature","geometry":{"type":"Polygon","coordinates":[[[-71.064659,42.351553],[-71.064663,42.351538],[-71.064681,42.351522],[-71.064672,42.351505],[-71.064674,42.351497],[-71.064671,42.351497],[-71.064412,42.351466],[-71.064409,42.351478],[-71.064377,42.351474],[-71.064374,42.351474],[-71.064364,42.35152],[-71.064388,42.351523],[-71.064384,42.351544],[-71.064412,42.351547],[-71.064416,42.351527],[-71.064659,42.351553]]]},"properties":{"id":"675422-0","height_m":null}},{"type":"Feature","geometry":{"type":"Polygon","coordinates":[[[-71.064089,42.351325],[-71.064269,42.351351],[-71.064272,42.351339],[-71.064277,42.351321],[-71.0641,42.351297],[-71.064098,42.351296],[-71.064089,42.351325]]]},"properties":{"id":"675423-0","height_m":null}},{"type":"Feature","geometry":{"type":"Polygon","coordinates":[[[-71.064493,42.347667],[-71.064516,42.34767],[-71.064543,42.347564],[-71.064526,42.347561],[-71.06453,42.347545],[-71.064564,42.347551],[-71.064568,42.347537],[-71.064536,42.347532],[-71.064531,42.347531],[-71.064493,42.347667]]]},"properties":{"id":"675425-0","height_m":null}},{"type":"Feature","geometry":{"type":"Polygon","coordinates":[[[-71.063121,42.347631],[-71.063124,42.347633],[-71.063168,42.347664],[-71.063169,42.347665],[-71.063205,42.347637],[-71.063217,42.347628],[-71.063215,42.347627],[-71.063226,42.347618],[-71.063181,42.347589],[-71.06317,42.347597],[-71.063167,42.347595],[-71.063121,42.347631]]]},"properties":{"id":"675431-0","height_m":null}},{"type":"Feature","geometry":{"type":"Polygon","coordinates":[[[-71.063549,42.352134],[-71.063631,42.352137],[-71.063631,42.352127],[-71.063678,42.352129],[-71.06368,42.352108],[-71.063551,42.352103],[-71.063549,42.352134]]]},"properties":{"id":"675432-0","height_m":null}},{"type":"Feature","geometry":{"type":"Polygon","coordinates":[[[-71.056626,42.349743],[-71.056691,42.349763],[-71.056719,42.349712],[-71.056654,42.349693],[-71.056626,42.349743]]]},"properties":{"id":"675437-0","height_m":null}},{"type":"Feature","geometry":{"type":"Polygon","coordinates":[[[-71.063063,42.349338],[-71.06311,42.349281],[-71.063051,42.349254],[-71.063045,42.349262],[-71.063021,42.349251],[-71.063,42.349276],[-71.063027,42.349288],[-71.063004,42.349315],[-71.063011,42.349318],[-71.063013,42.349315],[-71.063063,42.349338]]]},"properties":{"id":"675439-0","height_m":null}},{"type":"Feature","geometry":{"type":"Polygon","coordinates":[[[-71.069141,42.349585],[-71.069144,42.349597],[-71.069227,42.349584],[-71.069223,42.349569],[-71.069141,42.349585]]]},"properties":{"id":"675441-0","height_m":null}},{"type":"Feature","geometry":{"type":"Polygon","coordinates":[[[-71.062561,42.353524],[-71.062564,42.353525],[-71.062554,42.35354],[-71.062556,42.353543],[-71.062492,42.353618],[-71.062491,42.353619],[-71.062522,42.353635],[-71.062682,42.353436],[-71.06271,42.353448],[-71.06272,42.353391],[-71.063082,42.353402],[-71.063091,42.353331],[-71.062934,42.353326],[-71.06283,42.353322],[-71.062825,42.35336],[-71.062721,42.353354],[-71.062722,42.353351],[-71.062685,42.353345],[-71.062561,42.353524]]]},"properties":{"id":"675445-0","height_m":null}},{"type":"Feature","geometry":{"type":"Polygon","coordinates":[[[-71.059133,42.354047],[-71.059394,42.354083],[-71.059406,42.354004],[-71.059388,42.353994],[-71.059443,42.353939],[-71.05937,42.353896],[-71.059374,42.353892],[-71.059359,42.353884],[-71.059338,42.353871],[-71.059331,42.353877],[-71.059321,42.353872],[-71.059269,42.35392],[-71.059229,42.353898],[-71.059133,42.354047]]]},"properties":{"id":"675446-0","height_m":null}},{"type":"Feature","geometry":{"type":"Polygon","coordinates":[[[-71.060308,42.352378],[-71.060327,42.352375],[-71.060369,42.352328],[-71.060395,42.352333],[-71.060373,42.352211],[-71.060332,42.352219],[-71.060327,42.352204],[-71.060276,42.352208],[-71.060308,42.352378]]]},"properties":{"id":"675447-0","height_m":null}},{"type":"Feature","geometry":{"type":"Polygon","coordinates":[[[-71.058035,42.354248],[-71.058139,42.354299],[-71.058141,42.354297],[-71.058195,42.354219],[-71.058085,42.354175],[-71.058035,42.354248]]]},"properties":{"id":"675448-0","height_m":null}},{"type":"Feature","geometry":{"type":"Polygon","coordinates":[[[-71.056774,42.353606],[-71.056831,42.35369],[-71.056974,42.353639],[-71.056966,42.353521],[-71.056774,42.353606]]]},"properties":{"id":"675449-0","height_m":null}},{"type":"Feature","geometry":{"type":"Polygon","coordinates":[[[-71.059736,42.352806],[-71.060028,42.352952],[-71.060058,42.352919],[-71.059871,42.352823],[-71.059827,42.352818],[-71.059755,42.352809],[-71.059737,42.352806],[-71.059736,42.352806]]]},"properties":{"id":"675450-0","height_m":null}},{"type":"Feature","geometry":{"type":"Polygon","coordinates":[[[-71.060214,42.353091],[-71.060289,42.353129],[-71.060302,42.353115],[-71.060227,42.353077],[-71.060214,42.353091]]]},"properties":{"id":"675451-0","height_m":null}},{"type":"Feature","geometry":{"type":"Polygon","coordinates":[[[-71.062173,42.352139],[-71.062181,42.352143],[-71.062186,42.352194],[-71.06223,42.352201],[-71.062249,42.352081],[-71.062199,42.352076],[-71.062168,42.352073],[-71.062173,42.352139]]]},"properties":{"id":"675452-0","height_m":null}},{"type":"Feature","geometry":{"type":"Polygon","coordinates":[[[-71.057631,42.3533],[-71.057653,42.353304],[-71.057651,42.353298],[-71.057681,42.353294],[-71.057681,42.353297],[-71.057726,42.353291],[-71.057727,42.353295],[-71.057743,42.353293],[-71.05776,42.35329],[-71.057765,42.353264],[-71.05776,42.353263],[-71.057771,42.353206],[-71.057767,42.353206],[-71.057775,42.353163],[-71.057776,42.353163],[-71.057792,42.353081],[-71.057787,42.353081],[-71.057788,42.353077],[-71.057777,42.353075],[-71.057778,42.353069],[-71.057787,42.35307],[-71.057797,42.353021],[-71.057787,42.35302],[-71.057798,42.352963],[-71.057806,42.352964],[-71.057815,42.352912],[-71.057803,42.352911],[-71.057804,42.352905],[-71.057815,42.352906],[-71.057839,42.352781],[-71.057836,42.35278],[-71.057843,42.352743],[-71.057843,42.352737],[-71.057843,42.352731],[-71.057841,42.352726],[-71.057839,42.35272],[-71.057836,42.352715],[-71.057832,42.35271],[-71.057828,42.352705],[-71.057823,42.352701],[-71.057823,42.3527],[-71.057818,42.352697],[-71.057812,42.352693],[-71.057806,42.35269],[-71.057799,42.352687],[-71.057792,42.352685],[-71.057784,42.352683],[-71.057777,42.352682],[-71.057769,42.352681],[-71.057761,42.352681],[-71.057754,42.352681],[-71.057746,42.352682],[-71.057739,42.352684],[-71.057691,42.352699],[-71.057689,42.352695],[-71.057568,42.352734],[-71.057566,42.352744],[-71.057551,42.352743],[-71.057549,42.352758],[-71.057559,42.352759],[-71.05756,42.352748],[-71.057585,42.35275],[-71.057586,42.352745],[-71.057597,42.352746],[-71.057597,42.352742],[-71.05762,42.352738],[-71.057647,42.352734],[-71.057668,42.352733],[-71.057688,42.352735],[-71.057703,42.352739],[-71.057723,42.352747],[-71.057742,42.352755],[-71.057742,42.352759],[-71.057749,42.352759],[-71.057748,42.352767],[-71.057776,42.35277],[-71.057775,42.352779],[-71.057796,42.352781],[-71.057731,42.353195],[-71.057665,42.353189],[-71.057659,42.353224],[-71.057562,42.353215],[-71.057568,42.353174],[-71.057371,42.353159],[-71.057365,42.353197],[-71.057266,42.353188],[-71.057259,42.353188],[-71.057263,42.353165],[-71.057226,42.353162],[-71.057228,42.353153],[-71.057224,42.353153],[-71.057221,42.353152],[-71.057218,42.353152],[-71.057214,42.353151],[-71.057211,42.35315],[-71.057208,42.35315],[-71.057205,42.353149],[-71.057201,42.353148],[-71.057198,42.353147],[-71.057195,42.353146],[-71.057192,42.353145],[-71.057189,42.353144],[-71.057186,42.353143],[-71.057183,42.353142],[-71.05718,42.35314],[-71.057177,42.353139],[-71.057174,42.353138],[-71.057171,42.353136],[-71.057168,42.353135],[-71.057165,42.353133],[-71.057163,42.353132],[-71.05716,42.35313],[-71.057157,42.353129],[-71.057155,42.353127],[-71.057152,42.353126],[-71.057149,42.353124],[-71.057147,42.353122],[-71.057145,42.35312],[-71.057142,42.353118],[-71.05714,42.353117],[-71.057138,42.353115],[-71.057135,42.353113],[-71.057133,42.353111],[-71.057131,42.353109],[-71.057129,42.353107],[-71.057127,42.353105],[-71.057125,42.353102],[-71.057123,42.3531],[-71.057122,42.353098],[-71.05712,42.353096],[-71.057118,42.353094],[-71.057117,42.353091],[-71.057115,42.353089],[-71.057114,42.353087],[-71.057112,42.353085],[-71.057111,42.353082],[-71.05711,42.35308],[-71.057109,42.353077],[-71.057107,42.353075],[-71.057106,42.353073],[-71.057105,42.35307],[-71.057104,42.353068],[-71.057104,42.353065],[-71.057103,42.353063],[-71.057102,42.35306],[-71.057102,42.353058],[-71.057101,42.353055],[-71.057101,42.353053],[-71.0571,42.35305],[-71.0571,42.353048],[-71.0571,42.353045],[-71.057099,42.353043],[-71.057099,42.35304],[-71.057099,42.353038],[-71.057099,42.353035],[-71.057099,42.353032],[-71.0571,42.35303],[-71.0571,42.353027],[-71.0571,42.353025],[-71.057101,42.353022],[-71.057101,42.35302],[-71.057102,42.353017],[-71.057102,42.353015],[-71.057103,42.353012],[-71.057104,42.35301],[-71.057105,42.353007],[-71.057106,42.353005],[-71.057107,42.353003],[-71.057108,42.353],[-71.057109,42.352998],[-71.05711,42.352995],[-71.057111,42.352993],[-71.057113,42.352991],[-71.057114,42.352988],[-71.057116,42.352986],[-71.057117,42.352984],[-71.057119,42.352982],[-71.05712,42.352979],[-71.057122,42.352977],[-71.057124,42.352975],[-71.057126,42.352973],[-71.057128,42.352971],[-71.05713,42.352969],[-71.057132,42.352967],[-71.057134,42.352965],[-71.057136,42.352963],[-71.057138,42.352961],[-71.05714,42.352959],[-71.057143,42.352957],[-71.057145,42.352955],[-71.057148,42.352953],[-71.05715,42.352952],[-71.057153,42.35295],[-71.057155,42.352948],[-71.057158,42.352947],[-71.057161,42.352945],[-71.057163,42.352943],[-71.057166,42.352942],[-71.057169,42.35294],[-71.057172,42.352939],[-71.057175,42.352938],[-71.057178,42.352936],[-71.057181,42.352935],[-71.057184,42.352934],[-71.057187,42.352933],[-71.05719,42.352932],[-71.057193,42.352931],[-71.057196,42.35293],[-71.057199,42.352929],[-71.057202,42.352928],[-71.057206,42.352927],[-71.057209,42.352926],[-71.057212,42.352925],[-71.057215,42.352924],[-71.057219,42.352924],[-71.057222,42.352923],[-71.057225,42.352923],[-71.057229,42.352922],[-71.057232,42.352922],[-71.057235,42.352921],[-71.057239,42.352921],[-71.057242,42.352921],[-71.057246,42.35292],[-71.057249,42.35292],[-71.057252,42.35292],[-71.057256,42.35292],[-71.057259,42.35292],[-71.057263,42.35292],[-71.057266,42.35292],[-71.057267,42.352913],[-71.057304,42.352917],[-71.057307,42.352903],[-71.057258,42.352899],[-71.05726,42.35289],[-71.057197,42.352884],[-71.057197,42.352887],[-71.057185,42.352885],[-71.057185,42.352883],[-71.057123,42.352878],[-71.057119,42.352877],[-71.057118,42.352889],[-71.057112,42.352925],[-71.057115,42.352925],[-71.057106,42.352985],[-71.057104,42.352985],[-71.057094,42.353035],[-71.057087,42.353033],[-71.057071,42.353118],[-71.05706,42.353174],[-71.057059,42.353178],[-71.057059,42.353182],[-71.057059,42.353185],[-71.057061,42.353189],[-71.057063,42.353193],[-71.057065,42.353196],[-71.057068,42.353199],[-71.057072,42.353201],[-71.057233,42.353236],[-71.057341,42.35326],[-71.057508,42.353283],[-71.057548,42.353289],[-71.057631,42.3533]]]},"properties":{"id":"675453-0","height_m":null}},{"type":"Feature","geometry":{"type":"Polygon","coordinates":[[[-71.066309,42.352002],[-71.066372,42.352004],[-71.066373,42.351991],[-71.066379,42.351991],[-71.066386,42.35189],[-71.066359,42.351889],[-71.066312,42.351887],[-71.066305,42.351988],[-71.06631,42.351988],[-71.066309,42.352002]]]},"properties":{"id":"675469-0","height_m":null}},{"type":"Feature","geometry":{"type":"Polygon","coordinates":[[[-71.053584,42.352877],[-71.053651,42.352936],[-71.053898,42.352601],[-71.05391,42.352584],[-71.053831,42.35255],[-71.053584,42.352877]]]},"properties":{"id":"675471-0","height_m":null}},{"type":"Feature","geometry":{"type":"Polygon","coordinates":[[[-71.063853,42.350861],[-71.063937,42.350869],[-71.063944,42.350816],[-71.063863,42.35081],[-71.063853,42.350861]]]},"properties":{"id":"675474-0","height_m":null}},{"type":"Feature","geometry":{"type":"Polygon","coordinates":[[[-71.063115,42.350206],[-71.063114,42.350212],[-71.063131,42.350215],[-71.063127,42.350232],[-71.063144,42.35024],[-71.063153,42.350243],[-71.063173,42.350247],[-71.063183,42.350249],[-71.063203,42.350249],[-71.063224,42.350247],[-71.063229,42.350229],[-71.063236,42.350203],[-71.063263,42.350207],[-71.063269,42.350186],[-71.063125,42.350163],[-71.063119,42.350183],[-71.06308,42.350177],[-71.063074,42.3502],[-71.063115,42.350206]]]},"properties":{"id":"675475-0","height_m":null}},{"type":"Feature","geometry":{"type":"Polygon","coordinates":[[[-71.063382,42.349972],[-71.063396,42.349974],[-71.063405,42.349942],[-71.063455,42.349764],[-71.063461,42.349743],[-71.063466,42.349724],[-71.063453,42.349722],[-71.063382,42.349972]]]},"properties":{"id":"675476-0","height_m":null}},{"type":"Feature","geometry":{"type":"Polygon","coordinates":[[[-71.063247,42.349445],[-71.06339,42.349376],[-71.063408,42.349316],[-71.06339,42.349292],[-71.063296,42.349281],[-71.063247,42.349445]]]},"properties":{"id":"675477-0","height_m":null}},{"type":"Feature","geometry":{"type":"Polygon","coordinates":[[[-71.063609,42.353818],[-71.063858,42.353895],[-71.063892,42.353833],[-71.063645,42.35376],[-71.063609,42.353818]]]},"properties":{"id":"675478-0","height_m":null}},{"type":"Feature","geometry":{"type":"Polygon","coordinates":[[[-71.059002,42.354817],[-71.058994,42.354824],[-71.058997,42.354826],[-71.058992,42.354831],[-71.059055,42.354867],[-71.059091,42.354833],[-71.059025,42.354795],[-71.059002,42.354817]]]},"properties":{"id":"675479-0","height_m":null}},{"type":"Feature","geometry":{"type":"Polygon","coordinates":[[[-71.05901,42.355243],[-71.059007,42.355246],[-71.059005,42.35525],[-71.059004,42.355253],[-71.059004,42.355257],[-71.059005,42.355261],[-71.059006,42.355264],[-71.059008,42.355268],[-71.059011,42.355271],[-71.059014,42.355274],[-71.059018,42.355276],[-71.059023,42.355278],[-71.059028,42.355279],[-71.059033,42.35528],[-71.059038,42.35528],[-71.059043,42.35528],[-71.059047,42.355279],[-71.059052,42.355277],[-71.059056,42.355275],[-71.05906,42.355272],[-71.059063,42.355269],[-71.059013,42.35524],[-71.05901,42.355243]]]},"properties":{"id":"675480-0","height_m":null}},{"type":"Feature","geometry":{"type":"Polygon","coordinates":[[[-71.062555,42.354429],[-71.062496,42.35451],[-71.062623,42.354561],[-71.062756,42.354434],[-71.062608,42.354399],[-71.062498,42.354373],[-71.062463,42.354408],[-71.062514,42.354435],[-71.062532,42.354417],[-71.062555,42.354429]]]},"properties":{"id":"675481-0","height_m":null}},{"type":"Feature","geometry":{"type":"Polygon","coordinates":[[[-71.062956,42.354443],[-71.063005,42.354473],[-71.063052,42.354429],[-71.062914,42.354404],[-71.062865,42.354426],[-71.062847,42.354443],[-71.062615,42.354383],[-71.062608,42.354399],[-71.062756,42.354434],[-71.062858,42.354457],[-71.062886,42.35443],[-71.062956,42.354443]]]},"properties":{"id":"675482-0","height_m":null}},{"type":"Feature","geometry":{"type":"Polygon","coordinates":[[[-71.06287,42.354001],[-71.063351,42.354035],[-71.063499,42.353812],[-71.06313,42.353795],[-71.06313,42.353805],[-71.063065,42.353801],[-71.06304,42.353799],[-71.063026,42.353972],[-71.062884,42.353967],[-71.062879,42.35399],[-71.062873,42.35399],[-71.06287,42.354001]]]},"properties":{"id":"675483-0","height_m":null}},{"type":"Feature","geometry":{"type":"Polygon","coordinates":[[[-71.062158,42.354406],[-71.062229,42.354433],[-71.062293,42.354325],[-71.062463,42.354408],[-71.062498,42.354373],[-71.062424,42.354355],[-71.062429,42.354338],[-71.062324,42.35431],[-71.062343,42.354274],[-71.062256,42.354247],[-71.062158,42.354406]]]},"properties":{"id":"675484-0","height_m":null}},{"type":"Feature","geometry":{"type":"Polygon","coordinates":[[[-71.062912,42.354905],[-71.062978,42.354938],[-71.063048,42.354973],[-71.063075,42.354942],[-71.062938,42.354875],[-71.062912,42.354905]]]},"properties":{"id":"675485-0","height_m":null}},{"type":"Feature","geometry":{"type":"Polygon","coordinates":[[[-71.067044,42.350777],[-71.067111,42.350763],[-71.067104,42.350744],[-71.067087,42.350748],[-71.066901,42.350261],[-71.066839,42.350274],[-71.066905,42.350448],[-71.066932,42.350518],[-71.066942,42.350544],[-71.066889,42.350555],[-71.06691,42.35064],[-71.066941,42.350634],[-71.066957,42.350676],[-71.06699,42.350669],[-71.067015,42.350735],[-71.067016,42.350738],[-71.067025,42.35076],[-71.067025,42.350762],[-71.067036,42.350759],[-71.067037,42.350759],[-71.067044,42.350777]]]},"properties":{"id":"675488-0","height_m":null}},{"type":"Feature","geometry":{"type":"Polygon","coordinates":[[[-71.065045,42.351234],[-71.065398,42.351254],[-71.065374,42.351224],[-71.065345,42.351222],[-71.065325,42.351222],[-71.065238,42.351218],[-71.065221,42.351217],[-71.06513,42.351213],[-71.065111,42.351212],[-71.065081,42.35121],[-71.065045,42.351234]]]},"properties":{"id":"675508-0","height_m":null}},{"type":"Feature","geometry":{"type":"Polygon","coordinates":[[[-71.067019,42.351717],[-71.067076,42.351841],[-71.067087,42.351869],[-71.067111,42.351836],[-71.0671,42.351813],[-71.067095,42.351801],[-71.067067,42.351737],[-71.067061,42.351725],[-71.067042,42.351682],[-71.067019,42.351717]]]},"properties":{"id":"675509-0","height_m":null}},{"type":"Feature","geometry":{"type":"Polygon","coordinates":[[[-71.065153,42.352074],[-71.065143,42.352143],[-71.065134,42.352203],[-71.065173,42.352206],[-71.065207,42.351977],[-71.0652,42.351977],[-71.06521,42.35191],[-71.065251,42.351914],[-71.065255,42.351891],[-71.06518,42.351885],[-71.065153,42.352074]]]},"properties":{"id":"675510-0","height_m":null}},{"type":"Feature","geometry":{"type":"Polygon","coordinates":[[[-71.064718,42.352189],[-71.064718,42.352191],[-71.064826,42.352207],[-71.064823,42.352216],[-71.064858,42.352222],[-71.06488,42.352213],[-71.064895,42.352153],[-71.064879,42.352139],[-71.064844,42.352134],[-71.06484,42.352146],[-71.064734,42.35213],[-71.064718,42.352189]]]},"properties":{"id":"675511-0","height_m":null}},{"type":"Feature","geometry":{"type":"Polygon","coordinates":[[[-71.06476,42.35203],[-71.064866,42.352046],[-71.064863,42.352056],[-71.064901,42.352061],[-71.064918,42.352053],[-71.064933,42.351991],[-71.06492,42.351977],[-71.064883,42.351972],[-71.06488,42.351983],[-71.064776,42.351968],[-71.06476,42.35203]]]},"properties":{"id":"675512-0","height_m":null}},{"type":"Feature","geometry":{"type":"Polygon","coordinates":[[[-71.064802,42.351867],[-71.064802,42.351867],[-71.064908,42.351882],[-71.064906,42.351892],[-71.064942,42.351897],[-71.064959,42.351889],[-71.064972,42.351828],[-71.06496,42.351817],[-71.064922,42.351812],[-71.064919,42.351823],[-71.064817,42.351808],[-71.064802,42.351867]]]},"properties":{"id":"675513-0","height_m":null}},{"type":"Feature","geometry":{"type":"Polygon","coordinates":[[[-71.065014,42.352216],[-71.065093,42.352227],[-71.065096,42.352203],[-71.065095,42.352203],[-71.065119,42.352032],[-71.06509,42.352029],[-71.065048,42.352185],[-71.065022,42.352181],[-71.065014,42.352216]]]},"properties":{"id":"675514-0","height_m":null}},{"type":"Feature","geometry":{"type":"Polygon","coordinates":[[[-71.055591,42.353982],[-71.055589,42.353983],[-71.05564,42.354021],[-71.055686,42.354073],[-71.055913,42.353973],[-71.055898,42.353909],[-71.055891,42.353852],[-71.055591,42.353982]]]},"properties":{"id":"675515-0","height_m":null}},{"type":"Feature","geometry":{"type":"Polygon","coordinates":[[[-71.066512,42.351872],[-71.066611,42.351847],[-71.066483,42.351797],[-71.066334,42.351472],[-71.066317,42.351476],[-71.0663,42.35148],[-71.066283,42.351483],[-71.066265,42.351487],[-71.066247,42.35149],[-71.06623,42.351493],[-71.066212,42.351495],[-71.066193,42.351498],[-71.066175,42.3515],[-71.066157,42.351502],[-71.066139,42.351504],[-71.06612,42.351505],[-71.066102,42.351507],[-71.066084,42.351508],[-71.066065,42.351509],[-71.066047,42.351509],[-71.066029,42.351509],[-71.066011,42.351509],[-71.065993,42.351509],[-71.065975,42.351509],[-71.065958,42.351508],[-71.065932,42.351727],[-71.065941,42.351728],[-71.065976,42.351728],[-71.066011,42.351728],[-71.06604,42.351729],[-71.066187,42.35173],[-71.066392,42.351731],[-71.066387,42.351857],[-71.066504,42.351862],[-71.066507,42.351861],[-71.066512,42.351872]]]},"properties":{"id":"675516-0","height_m":null}},{"type":"Feature","geometry":{"type":"Polygon","coordinates":[[[-71.065588,42.351263],[-71.065945,42.351286],[-71.065967,42.351287],[-71.065988,42.351288],[-71.06601,42.351288],[-71.066031,42.351288],[-71.066052,42.351287],[-71.066074,42.351286],[-71.066095,42.351284],[-71.066116,42.351282],[-71.066138,42.35128],[-71.066159,42.351277],[-71.06618,42.351274],[-71.066201,42.35127],[-71.066221,42.351266],[-71.066507,42.351193],[-71.066472,42.351173],[-71.066444,42.35118],[-71.066425,42.351185],[-71.066341,42.351205],[-71.066325,42.351209],[-71.06624,42.35123],[-71.066222,42.351234],[-71.066205,42.351239],[-71.066204,42.351238],[-71.066156,42.351247],[-71.066139,42.35125],[-71.066128,42.351252],[-71.06607,42.351257],[-71.066052,42.351258],[-71.066052,42.351258],[-71.065985,42.351255],[-71.065967,42.351255],[-71.065938,42.351253],[-71.065935,42.351258],[-71.065922,42.351257],[-71.065617,42.35124],[-71.065588,42.351263]]]},"properties":{"id":"675517-0","height_m":null}},{"type":"Feature","geometry":{"type":"Polygon","coordinates":[[[-71.066982,42.351636],[-71.067008,42.351606],[-71.066999,42.351586],[-71.066994,42.351574],[-71.066965,42.35151],[-71.06696,42.351498],[-71.066941,42.351455],[-71.066905,42.351376],[-71.066898,42.351359],[-71.066892,42.351346],[-71.066865,42.351285],[-71.066859,42.351272],[-71.06685,42.351252],[-71.066807,42.35124],[-71.066982,42.351636]]]},"properties":{"id":"675518-0","height_m":null}},{"type":"Feature","geometry":{"type":"Polygon","coordinates":[[[-71.066982,42.351636],[-71.067007,42.351692],[-71.067019,42.351717],[-71.067042,42.351682],[-71.067033,42.351661],[-71.067027,42.351649],[-71.067008,42.351606],[-71.066982,42.351636]]]},"properties":{"id":"675519-0","height_m":null}},{"type":"Feature","geometry":{"type":"Polygon","coordinates":[[[-71.067528,42.350656],[-71.067543,42.350695],[-71.067683,42.350666],[-71.067678,42.350654],[-71.067841,42.35062],[-71.06783,42.350593],[-71.067528,42.350656]]]},"properties":{"id":"675521-0","height_m":null}},{"type":"Feature","geometry":{"type":"Polygon","coordinates":[[[-71.060253,42.351977],[-71.060158,42.351984],[-71.060147,42.351986],[-71.06015,42.351991],[-71.060093,42.351997],[-71.060101,42.352048],[-71.060102,42.35205],[-71.060272,42.352034],[-71.060265,42.35201],[-71.060253,42.351977]]]},"properties":{"id":"675522-0","height_m":null}},{"type":"Feature","geometry":{"type":"Polygon","coordinates":[[[-71.067048,42.357281],[-71.067066,42.357328],[-71.067124,42.357316],[-71.067106,42.357269],[-71.067048,42.357281]]]},"properties":{"id":"675536-0","height_m":12.64}},{"type":"Feature","geometry":{"type":"Polygon","coordinates":[[[-71.053771,42.354503],[-71.053716,42.354449],[-71.053516,42.354551],[-71.053515,42.354552],[-71.053515,42.354553],[-71.053514,42.354554],[-71.053513,42.354554],[-71.053512,42.354555],[-71.053512,42.354556],[-71.053511,42.354557],[-71.053511,42.354558],[-71.05351,42.354558],[-71.05351,42.354559],[-71.05351,42.35456],[-71.05351,42.354561],[-71.05351,42.354562],[-71.05351,42.354563],[-71.05351,42.354564],[-71.05351,42.354565],[-71.05351,42.354566],[-71.053559,42.354616],[-71.053771,42.354503]]]},"properties":{"id":"675711-0","height_m":18.3}},{"type":"Feature","geometry":{"type":"Polygon","coordinates":[[[-71.053559,42.354616],[-71.053614,42.354673],[-71.05383,42.354561],[-71.053771,42.354503],[-71.053559,42.354616]]]},"properties":{"id":"675712-0","height_m":17.94}},{"type":"Feature","geometry":{"type":"Polygon","coordinates":[[[-71.053614,42.354673],[-71.053662,42.354725],[-71.053877,42.354615],[-71.05383,42.354561],[-71.053614,42.354673]]]},"properties":{"id":"675713-0","height_m":17.6}},{"type":"Feature","geometry":{"type":"Polygon","coordinates":[[[-71.054935,42.355661],[-71.055113,42.355551],[-71.054932,42.355377],[-71.054749,42.355482],[-71.054935,42.355661]]]},"properties":{"id":"675714-0","height_m":104.8}},{"type":"Feature","geometry":{"type":"Polygon","coordinates":[[[-71.053136,42.354831],[-71.053327,42.355034],[-71.053449,42.354971],[-71.053257,42.354768],[-71.053136,42.354831]]]},"properties":{"id":"675715-0","height_m":136.78}},{"type":"Feature","geometry":{"type":"Polygon","coordinates":[[[-71.053435,42.355149],[-71.053627,42.355349],[-71.05375,42.355284],[-71.053558,42.355084],[-71.053435,42.355149]]]},"properties":{"id":"675716-0","height_m":136.31}},{"type":"Feature","geometry":{"type":"Polygon","coordinates":[[[-71.052912,42.355084],[-71.052985,42.355161],[-71.053092,42.355106],[-71.053018,42.355027],[-71.052912,42.355084]]]},"properties":{"id":"675717-0","height_m":43.07}},{"type":"Feature","geometry":{"type":"Polygon","coordinates":[[[-71.052726,42.355483],[-71.053085,42.355753],[-71.053212,42.355637],[-71.05295,42.355367],[-71.052726,42.355483]]]},"properties":{"id":"675718-0","height_m":92.22}},{"type":"Feature","geometry":{"type":"Polygon","coordinates":[[[-71.051926,42.356195],[-71.051923,42.356195],[-71.051919,42.356195],[-71.051915,42.356195],[-71.051912,42.356195],[-71.051908,42.356196],[-71.051905,42.356196],[-71.051901,42.356196],[-71.051897,42.356197],[-71.051894,42.356197],[-71.05189,42.356198],[-71.051887,42.356199],[-71.051883,42.356199],[-71.05188,42.3562],[-71.051876,42.356201],[-71.051873,42.356202],[-71.051869,42.356203],[-71.051866,42.356203],[-71.051862,42.356204],[-71.051859,42.356205],[-71.051856,42.356207],[-71.051852,42.356208],[-71.051849,42.356209],[-71.051846,42.35621],[-71.051842,42.356211],[-71.051839,42.356213],[-71.051836,42.356214],[-71.051833,42.356216],[-71.05183,42.356217],[-71.051827,42.356219],[-71.051824,42.35622],[-71.051821,42.356222],[-71.051818,42.356224],[-71.051815,42.356225],[-71.051813,42.356227],[-71.05181,42.356229],[-71.051807,42.356231],[-71.051804,42.356232],[-71.051802,42.356234],[-71.051799,42.356236],[-71.051797,42.356238],[-71.051794,42.35624],[-71.051792,42.356242],[-71.05179,42.356245],[-71.051787,42.356247],[-71.051785,42.356249],[-71.051783,42.356251],[-71.051781,42.356253],[-71.051779,42.356256],[-71.051777,42.356258],[-71.051775,42.35626],[-71.051773,42.356263],[-71.051772,42.356265],[-71.05177,42.356267],[-71.051768,42.35627],[-71.051767,42.356272],[-71.051765,42.356275],[-71.051764,42.356277],[-71.051762,42.35628],[-71.051761,42.356282],[-71.05176,42.356285],[-71.051759,42.356287],[-71.051758,42.35629],[-71.051757,42.356293],[-71.051756,42.356295],[-71.051755,42.356298],[-71.051754,42.3563],[-71.051753,42.356303],[-71.051753,42.356306],[-71.051752,42.356308],[-71.051752,42.356311],[-71.051751,42.356314],[-71.051751,42.356317],[-71.051751,42.356319],[-71.051751,42.356322],[-71.05175,42.356325],[-71.05175,42.356327],[-71.05175,42.35633],[-71.051751,42.356333],[-71.051751,42.356336],[-71.051751,42.356338],[-71.051751,42.356341],[-71.051752,42.356344],[-71.051752,42.356346],[-71.051753,42.356349],[-71.051753,42.356352],[-71.051754,42.356354],[-71.051755,42.356357],[-71.051756,42.35636],[-71.051757,42.356362],[-71.051758,42.356365],[-71.051759,42.356367],[-71.05176,42.35637],[-71.051761,42.356373],[-71.051762,42.356375],[-71.051764,42.356378],[-71.051765,42.35638],[-71.051767,42.356383],[-71.051768,42.356385],[-71.05177,42.356388],[-71.051771,42.35639],[-71.051773,42.356392],[-71.051775,42.356395],[-71.051777,42.356397],[-71.051779,42.356399],[-71.051781,42.356402],[-71.051783,42.356404],[-71.051785,42.356406],[-71.051787,42.356408],[-71.051789,42.35641],[-71.051792,42.356412],[-71.051794,42.356415],[-71.051797,42.356417],[-71.051799,42.356419],[-71.051802,42.356421],[-71.051804,42.356422],[-71.051807,42.356424],[-71.051809,42.356426],[-71.051812,42.356428],[-71.051815,42.35643],[-71.051818,42.356431],[-71.051821,42.356433],[-71.051824,42.356435],[-71.051827,42.356436],[-71.05183,42.356438],[-71.051833,42.356439],[-71.051836,42.356441],[-71.051839,42.356442],[-71.051842,42.356443],[-71.051846,42.356444],[-71.051849,42.356446],[-71.051852,42.356447],[-71.051855,42.356448],[-71.051859,42.356449],[-71.051862,42.35645],[-71.051866,42.356451],[-71.051869,42.356452],[-71.051873,42.356453],[-71.051876,42.356453],[-71.05188,42.356454],[-71.051883,42.356455],[-71.051887,42.356456],[-71.05189,42.356456],[-71.051894,42.356457],[-71.051897,42.356457],[-71.051901,42.356458],[-71.051905,42.356458],[-71.051908,42.356458],[-71.051912,42.356459],[-71.051915,42.356459],[-71.051919,42.356459],[-71.051923,42.356459],[-71.051926,42.356459],[-71.05193,42.356459],[-71.051934,42.356459],[-71.051937,42.356459],[-71.051941,42.356459],[-71.051945,42.356458],[-71.051948,42.356458],[-71.051952,42.356458],[-71.051956,42.356457],[-71.051959,42.356457],[-71.051963,42.356456],[-71.051966,42.356456],[-71.05197,42.356455],[-71.051973,42.356455],[-71.051977,42.356454],[-71.05198,42.356453],[-71.051984,42.356452],[-71.051987,42.356451],[-71.051991,42.35645],[-71.051994,42.35645],[-71.051998,42.356448],[-71.052001,42.356447],[-71.052004,42.356446],[-71.052008,42.356445],[-71.052011,42.356444],[-71.052014,42.356443],[-71.052017,42.356441],[-71.05202,42.35644],[-71.052023,42.356438],[-71.052027,42.356437],[-71.05203,42.356435],[-71.052033,42.356434],[-71.052035,42.356432],[-71.052038,42.356431],[-71.052041,42.356429],[-71.052044,42.356427],[-71.052047,42.356425],[-71.05205,42.356424],[-71.052052,42.356422],[-71.052055,42.35642],[-71.052057,42.356418],[-71.05206,42.356416],[-71.052062,42.356414],[-71.052065,42.356412],[-71.052067,42.35641],[-71.052069,42.356408],[-71.052072,42.356406],[-71.052074,42.356403],[-71.052076,42.356401],[-71.052078,42.356399],[-71.05208,42.356397],[-71.052082,42.356394],[-71.052084,42.356392],[-71.052085,42.35639],[-71.052087,42.356387],[-71.052089,42.356385],[-71.05209,42.356382],[-71.052092,42.35638],[-71.052093,42.356378],[-71.052095,42.356375],[-71.052096,42.356372],[-71.052097,42.35637],[-71.052099,42.356367],[-71.0521,42.356365],[-71.052101,42.356362],[-71.052102,42.35636],[-71.052103,42.356357],[-71.052103,42.356354],[-71.052104,42.356352],[-71.052105,42.356349],[-71.052105,42.356346],[-71.052106,42.356344],[-71.052106,42.356341],[-71.052107,42.356338],[-71.052107,42.356336],[-71.052107,42.356333],[-71.052108,42.35633],[-71.052108,42.356327],[-71.052108,42.356325],[-71.052108,42.356322],[-71.052107,42.356319],[-71.052107,42.356317],[-71.052107,42.356314],[-71.052107,42.356311],[-71.052106,42.356309],[-71.052106,42.356306],[-71.052105,42.356303],[-71.052105,42.356301],[-71.052104,42.356298],[-71.052103,42.356295],[-71.052102,42.356293],[-71.052101,42.35629],[-71.0521,42.356287],[-71.052099,42.356285],[-71.052098,42.356282],[-71.052097,42.35628],[-71.052095,42.356277],[-71.052094,42.356275],[-71.052093,42.356272],[-71.052091,42.35627],[-71.05209,42.356267],[-71.052088,42.356265],[-71.052086,42.356262],[-71.052085,42.35626],[-71.052083,42.356258],[-71.052081,42.356255],[-71.052079,42.356253],[-71.052077,42.356251],[-71.052075,42.356248],[-71.052073,42.356246],[-71.052071,42.356244],[-71.052068,42.356242],[-71.052066,42.35624],[-71.052055,42.356233],[-71.052053,42.356231],[-71.05205,42.356229],[-71.052047,42.356228],[-71.052045,42.356226],[-71.052042,42.356224],[-71.052039,42.356222],[-71.052036,42.356221],[-71.052033,42.356219],[-71.05203,42.356218],[-71.052027,42.356216],[-71.052024,42.356215],[-71.052021,42.356213],[-71.052018,42.356212],[-71.052014,42.356211],[-71.052011,42.356209],[-71.052008,42.356208],[-71.052005,42.356207],[-71.052001,42.356206],[-71.051998,42.356205],[-71.051994,42.356204],[-71.051991,42.356203],[-71.051988,42.356202],[-71.051984,42.356201],[-71.051981,42.3562],[-71.051977,42.356199],[-71.051974,42.356199],[-71.05197,42.356198],[-71.051966,42.356198],[-71.051963,42.356197],[-71.051959,42.356197],[-71.051956,42.356196],[-71.051952,42.356196],[-71.051948,42.356195],[-71.051945,42.356195],[-71.051941,42.356195],[-71.051937,42.356195],[-71.051934,42.356195],[-71.05193,42.356195],[-71.051926,42.356195]]]},"properties":{"id":"675719-0","height_m":164.11}},{"type":"Feature","geometry":{"type":"Polygon","coordinates":[[[-71.05224,42.353604],[-71.052237,42.353608],[-71.052234,42.353613],[-71.052231,42.353617],[-71.052228,42.353621],[-71.052225,42.353626],[-71.052222,42.35363],[-71.052219,42.353634],[-71.052215,42.353638],[-71.052212,42.353642],[-71.052208,42.353646],[-71.052205,42.353651],[-71.052201,42.353655],[-71.052198,42.353659],[-71.052194,42.353663],[-71.05219,42.353667],[-71.052186,42.353671],[-71.052183,42.353675],[-71.052179,42.353679],[-71.052175,42.353682],[-71.052171,42.353686],[-71.052167,42.35369],[-71.052162,42.353694],[-71.052158,42.353698],[-71.052154,42.353701],[-71.05215,42.353705],[-71.052164,42.353722],[-71.05215,42.353734],[-71.052365,42.353951],[-71.052387,42.353945],[-71.05241,42.353965],[-71.052417,42.353963],[-71.052424,42.353961],[-71.052431,42.353958],[-71.052437,42.353956],[-71.052444,42.353954],[-71.052451,42.353951],[-71.052457,42.353949],[-71.052464,42.353946],[-71.05247,42.353944],[-71.052477,42.353941],[-71.052483,42.353938],[-71.05249,42.353935],[-71.052496,42.353933],[-71.052502,42.35393],[-71.052509,42.353927],[-71.052515,42.353924],[-71.052521,42.353921],[-71.052527,42.353918],[-71.052534,42.353915],[-71.05254,42.353912],[-71.052546,42.353909],[-71.05224,42.353604]]]},"properties":{"id":"675722-0","height_m":77}},{"type":"Feature","geometry":{"type":"Polygon","coordinates":[[[-71.051729,42.354014],[-71.051778,42.354061],[-71.051898,42.353996],[-71.051846,42.353947],[-71.051729,42.354014]]]},"properties":{"id":"675723-0","height_m":85.3}},{"type":"Feature","geometry":{"type":"Polygon","coordinates":[[[-71.051874,42.354096],[-71.051898,42.35412],[-71.05186,42.354143],[-71.051908,42.354193],[-71.052028,42.354126],[-71.051952,42.354048],[-71.051874,42.354096]]]},"properties":{"id":"675724-0","height_m":84.51}},{"type":"Feature","geometry":{"type":"Polygon","coordinates":[[[-71.051138,42.354117],[-71.051353,42.35427],[-71.051374,42.354253],[-71.051483,42.354339],[-71.051621,42.354234],[-71.051307,42.353995],[-71.051138,42.354117]]]},"properties":{"id":"675725-0","height_m":55.75}},{"type":"Feature","geometry":{"type":"Polygon","coordinates":[[[-71.058906,42.356426],[-71.059055,42.356313],[-71.058964,42.356197],[-71.058873,42.356237],[-71.058815,42.356181],[-71.058755,42.35621],[-71.058668,42.356325],[-71.058906,42.356426]]]},"properties":{"id":"675729-0","height_m":18.23}},{"type":"Feature","geometry":{"type":"Polygon","coordinates":[[[-71.060207,42.357169],[-71.060067,42.357105],[-71.059948,42.357239],[-71.060094,42.357306],[-71.060207,42.357169]]]},"properties":{"id":"675730-0","height_m":109.95}},{"type":"Feature","geometry":{"type":"Polygon","coordinates":[[[-71.061914,42.356788],[-71.061943,42.35679],[-71.061977,42.356767],[-71.061974,42.356744],[-71.061952,42.356728],[-71.061923,42.356727],[-71.061898,42.356744],[-71.061889,42.356765],[-71.061914,42.356788]]]},"properties":{"id":"675746-0","height_m":48.37}},{"type":"Feature","geometry":{"type":"Polygon","coordinates":[[[-71.05277,42.353681],[-71.052777,42.353688],[-71.053065,42.353515],[-71.053049,42.3535],[-71.053066,42.35349],[-71.053064,42.353489],[-71.053012,42.353439],[-71.05301,42.353436],[-71.052981,42.353453],[-71.052963,42.353435],[-71.053024,42.3534],[-71.053032,42.353407],[-71.053093,42.353371],[-71.052943,42.353227],[-71.052883,42.353262],[-71.052892,42.353271],[-71.05283,42.353306],[-71.052816,42.353293],[-71.052738,42.353218],[-71.05277,42.3532],[-71.052778,42.353208],[-71.052865,42.353158],[-71.052868,42.353157],[-71.052689,42.352985],[-71.052243,42.353257],[-71.052205,42.353278],[-71.052578,42.353653],[-71.052641,42.353618],[-71.052651,42.353613],[-71.052699,42.353662],[-71.052733,42.353643],[-71.05277,42.353681]]]},"properties":{"id":"676016-0","height_m":127.47}},{"type":"Feature","geometry":{"type":"Polygon","coordinates":[[[-71.053154,42.35346],[-71.053156,42.353462],[-71.053065,42.353515],[-71.052777,42.353688],[-71.052638,42.353765],[-71.052806,42.353934],[-71.053343,42.353669],[-71.053354,42.353632],[-71.053166,42.353453],[-71.053154,42.35346]]]},"properties":{"id":"676017-0","height_m":31.03}},{"type":"Feature","geometry":{"type":"Polygon","coordinates":[[[-71.052197,42.353212],[-71.052239,42.353253],[-71.052243,42.353257],[-71.052689,42.352985],[-71.052451,42.352755],[-71.05237,42.352821],[-71.052381,42.352828],[-71.05219,42.352981],[-71.052186,42.352985],[-71.052023,42.353116],[-71.05211,42.353203],[-71.052116,42.353209],[-71.052139,42.353232],[-71.052188,42.353204],[-71.052197,42.353212]]]},"properties":{"id":"676018-0","height_m":127.47}},{"type":"Feature","geometry":{"type":"Polygon","coordinates":[[[-71.051654,42.354023],[-71.05166,42.35402],[-71.051596,42.353954],[-71.051638,42.353929],[-71.051632,42.353923],[-71.051637,42.35392],[-71.051641,42.353918],[-71.051645,42.353915],[-71.05165,42.353912],[-71.051654,42.353909],[-71.051658,42.353906],[-71.051662,42.353903],[-71.051666,42.353899],[-71.05167,42.353896],[-71.051674,42.353893],[-71.051678,42.35389],[-71.051681,42.353887],[-71.051685,42.353883],[-71.051689,42.35388],[-71.051692,42.353877],[-71.051696,42.353873],[-71.0517,42.35387],[-71.051703,42.353866],[-71.051706,42.353863],[-71.05171,42.353859],[-71.051713,42.353856],[-71.051716,42.353852],[-71.051719,42.353849],[-71.051722,42.353845],[-71.051725,42.353841],[-71.051728,42.353838],[-71.051731,42.353834],[-71.051734,42.35383],[-71.051737,42.353826],[-71.05174,42.353822],[-71.051742,42.353819],[-71.051745,42.353815],[-71.051747,42.353811],[-71.05175,42.353807],[-71.051752,42.353803],[-71.051754,42.353799],[-71.051757,42.353795],[-71.051759,42.353791],[-71.051761,42.353787],[-71.051763,42.353783],[-71.051765,42.353779],[-71.051893,42.353906],[-71.05197,42.353864],[-71.051943,42.353835],[-71.052038,42.353782],[-71.052067,42.353812],[-71.052143,42.353768],[-71.051992,42.353618],[-71.052035,42.353595],[-71.052028,42.353589],[-71.052032,42.353585],[-71.052036,42.353582],[-71.05204,42.353579],[-71.052044,42.353576],[-71.052048,42.353572],[-71.052052,42.353569],[-71.052056,42.353566],[-71.05206,42.353562],[-71.052063,42.353559],[-71.052067,42.353555],[-71.05207,42.353551],[-71.052074,42.353548],[-71.052077,42.353544],[-71.052081,42.353541],[-71.052084,42.353537],[-71.052087,42.353533],[-71.05209,42.353529],[-71.052093,42.353526],[-71.052096,42.353522],[-71.052099,42.353518],[-71.052102,42.353514],[-71.052105,42.35351],[-71.052108,42.353506],[-71.052111,42.353502],[-71.052113,42.353498],[-71.052116,42.353494],[-71.052118,42.35349],[-71.052121,42.353486],[-71.052123,42.353482],[-71.052125,42.353478],[-71.052127,42.353474],[-71.052129,42.35347],[-71.052132,42.353466],[-71.052134,42.353461],[-71.052135,42.353457],[-71.052658,42.353975],[-71.05266,42.353973],[-71.052053,42.353373],[-71.052051,42.353371],[-71.05205,42.35337],[-71.052045,42.353374],[-71.051871,42.353331],[-71.051868,42.353338],[-71.051858,42.353359],[-71.051845,42.353388],[-71.051832,42.353416],[-71.051817,42.353444],[-71.051802,42.353472],[-71.051786,42.353499],[-71.05177,42.353526],[-71.051752,42.353553],[-71.051717,42.353539],[-71.051711,42.353537],[-71.05171,42.353536],[-71.051697,42.353561],[-71.051683,42.353586],[-71.051669,42.353611],[-71.051653,42.353635],[-71.051638,42.353659],[-71.051621,42.353683],[-71.051604,42.353707],[-71.051586,42.35373],[-71.051568,42.353753],[-71.051549,42.353776],[-71.05153,42.353799],[-71.05151,42.353821],[-71.051489,42.353843],[-71.05147,42.353863],[-71.051468,42.353865],[-71.051527,42.353924],[-71.051545,42.353914],[-71.051654,42.354023]]]},"properties":{"id":"676019-0","height_m":77}},{"type":"Feature","geometry":{"type":"Polygon","coordinates":[[[-71.051974,42.354335],[-71.051978,42.354339],[-71.05201,42.354314],[-71.052017,42.354322],[-71.05206,42.354307],[-71.0521,42.354293],[-71.05214,42.354278],[-71.052141,42.354278],[-71.052179,42.354263],[-71.052218,42.354247],[-71.052257,42.354231],[-71.052333,42.354197],[-71.05237,42.354179],[-71.052407,42.354161],[-71.052444,42.354142],[-71.052473,42.354126],[-71.05248,42.354123],[-71.052515,42.354103],[-71.052505,42.354093],[-71.052683,42.353995],[-71.05266,42.353973],[-71.052658,42.353975],[-71.052617,42.354],[-71.052625,42.354006],[-71.052621,42.354008],[-71.052616,42.354011],[-71.052612,42.354013],[-71.052608,42.354016],[-71.052603,42.354018],[-71.052599,42.354021],[-71.052594,42.354023],[-71.05259,42.354025],[-71.052585,42.354027],[-71.05258,42.35403],[-71.052576,42.354032],[-71.052571,42.354034],[-71.052566,42.354036],[-71.052561,42.354038],[-71.052556,42.35404],[-71.052552,42.354042],[-71.052547,42.354043],[-71.052542,42.354045],[-71.052537,42.354047],[-71.052532,42.354048],[-71.052527,42.35405],[-71.052522,42.354052],[-71.052516,42.354053],[-71.052511,42.354055],[-71.052506,42.354056],[-71.052501,42.354057],[-71.052496,42.354059],[-71.05249,42.35406],[-71.052485,42.354061],[-71.05248,42.354062],[-71.052475,42.354063],[-71.052469,42.354064],[-71.052464,42.354065],[-71.052459,42.354066],[-71.052453,42.354067],[-71.052448,42.354068],[-71.052442,42.354068],[-71.052437,42.354069],[-71.052284,42.353917],[-71.052209,42.353955],[-71.052236,42.353983],[-71.052144,42.354035],[-71.05212,42.354009],[-71.052039,42.354051],[-71.052166,42.354177],[-71.052122,42.3542],[-71.052132,42.354208],[-71.052127,42.354211],[-71.052122,42.354213],[-71.052117,42.354215],[-71.052113,42.354217],[-71.052108,42.354219],[-71.052103,42.354222],[-71.052099,42.354224],[-71.052094,42.354227],[-71.05209,42.354229],[-71.052085,42.354232],[-71.052081,42.354234],[-71.052077,42.354237],[-71.052072,42.35424],[-71.052068,42.354242],[-71.052064,42.354245],[-71.05206,42.354248],[-71.052056,42.354251],[-71.052052,42.354254],[-71.052048,42.354256],[-71.052044,42.354259],[-71.05204,42.354262],[-71.052036,42.354265],[-71.052032,42.354269],[-71.052029,42.354272],[-71.052025,42.354275],[-71.052022,42.354278],[-71.052018,42.354281],[-71.052015,42.354284],[-71.052011,42.354288],[-71.052008,42.354291],[-71.052005,42.354294],[-71.052001,42.354298],[-71.051998,42.354301],[-71.051995,42.354305],[-71.051992,42.354308],[-71.051989,42.354312],[-71.051986,42.354315],[-71.051983,42.354319],[-71.051981,42.354322],[-71.051978,42.354326],[-71.051975,42.35433],[-71.051903,42.354264],[-71.051974,42.354335]]]},"properties":{"id":"676020-0","height_m":77}},{"type":"Feature","geometry":{"type":"Polygon","coordinates":[[[-71.051101,42.353828],[-71.051858,42.354396],[-71.051883,42.354384],[-71.051345,42.353939],[-71.051339,42.353934],[-71.051145,42.353774],[-71.051141,42.353771],[-71.051101,42.353828]]]},"properties":{"id":"676021-0","height_m":47.87}},{"type":"Feature","geometry":{"type":"Polygon","coordinates":[[[-71.057937,42.355328],[-71.057938,42.355332],[-71.058057,42.355338],[-71.058266,42.35511],[-71.05828,42.355045],[-71.058083,42.35502],[-71.057947,42.355017],[-71.057946,42.355046],[-71.057946,42.355108],[-71.057988,42.355112],[-71.057987,42.355142],[-71.058016,42.355144],[-71.058016,42.355154],[-71.057954,42.355152],[-71.057937,42.355328]]]},"properties":{"id":"676034-0","height_m":38.87}},{"type":"Feature","geometry":{"type":"Polygon","coordinates":[[[-71.057554,42.355353],[-71.057566,42.355353],[-71.057578,42.355352],[-71.057596,42.355349],[-71.057655,42.355342],[-71.05773,42.355334],[-71.057844,42.355325],[-71.057827,42.355047],[-71.057757,42.355056],[-71.057717,42.355081],[-71.057705,42.355086],[-71.057692,42.355091],[-71.057656,42.355122],[-71.057622,42.355154],[-71.057552,42.355224],[-71.057535,42.355244],[-71.05752,42.355264],[-71.057508,42.355284],[-71.057506,42.355291],[-71.057504,42.355296],[-71.057504,42.355307],[-71.057507,42.355315],[-71.057508,42.355318],[-71.057511,42.355329],[-71.057514,42.355333],[-71.057516,42.355337],[-71.057528,42.355346],[-71.057532,42.355347],[-71.057534,42.355349],[-71.057536,42.35535],[-71.057547,42.355352],[-71.057551,42.355352],[-71.057554,42.355353]]]},"properties":{"id":"676035-0","height_m":21.74}},{"type":"Feature","geometry":{"type":"Polygon","coordinates":[[[-71.057844,42.355325],[-71.057845,42.355329],[-71.057937,42.355328],[-71.057954,42.355152],[-71.058016,42.355154],[-71.058016,42.355144],[-71.057987,42.355142],[-71.057988,42.355112],[-71.057946,42.355108],[-71.057946,42.355046],[-71.057828,42.355042],[-71.057827,42.355047],[-71.057844,42.355325]]]},"properties":{"id":"676036-0","height_m":22.63}},{"type":"Feature","geometry":{"type":"Polygon","coordinates":[[[-71.05662,42.355423],[-71.057254,42.355375],[-71.05726,42.355326],[-71.057328,42.35518],[-71.05735,42.355135],[-71.057345,42.355092],[-71.057223,42.355359],[-71.056645,42.355404],[-71.05658,42.355136],[-71.05662,42.355423]]]},"properties":{"id":"676037-0","height_m":38.91}},{"type":"Feature","geometry":{"type":"Polygon","coordinates":[[[-71.056847,42.355156],[-71.056848,42.355209],[-71.056961,42.3552],[-71.056957,42.355148],[-71.056847,42.355156]]]},"properties":{"id":"676038-0","height_m":55.53}},{"type":"Feature","geometry":{"type":"Polygon","coordinates":[[[-71.056746,42.35531],[-71.057134,42.355281],[-71.05717,42.355205],[-71.057151,42.355206],[-71.057122,42.35527],[-71.056759,42.355299],[-71.056752,42.355242],[-71.056746,42.35531]]]},"properties":{"id":"676039-0","height_m":67.78}},{"type":"Feature","geometry":{"type":"Polygon","coordinates":[[[-71.06063,42.357116],[-71.061012,42.357306],[-71.061018,42.3573],[-71.061138,42.357181],[-71.061146,42.357174],[-71.060743,42.356985],[-71.060736,42.356994],[-71.060697,42.357037],[-71.060714,42.357045],[-71.06069,42.357074],[-71.060673,42.357067],[-71.06063,42.357116]]]},"properties":{"id":"676072-0","height_m":39.17}},{"type":"Feature","geometry":{"type":"Polygon","coordinates":[[[-71.060349,42.356976],[-71.060433,42.357017],[-71.06053,42.356902],[-71.060519,42.356897],[-71.060514,42.356902],[-71.060441,42.356867],[-71.060349,42.356976]]]},"properties":{"id":"676073-0","height_m":39.17}},{"type":"Feature","geometry":{"type":"Polygon","coordinates":[[[-71.0595,42.357683],[-71.059756,42.35775],[-71.059792,42.357694],[-71.059788,42.357692],[-71.059756,42.357682],[-71.059875,42.357529],[-71.059795,42.357497],[-71.059661,42.35758],[-71.059615,42.357559],[-71.059608,42.357556],[-71.0595,42.357683]]]},"properties":{"id":"676074-0","height_m":37.82}},{"type":"Feature","geometry":{"type":"Polygon","coordinates":[[[-71.059875,42.357529],[-71.059756,42.357682],[-71.059788,42.357692],[-71.059946,42.357499],[-71.059832,42.357447],[-71.059806,42.35748],[-71.059717,42.35744],[-71.059664,42.357501],[-71.059656,42.357512],[-71.059629,42.357543],[-71.059615,42.357559],[-71.059661,42.35758],[-71.059795,42.357497],[-71.059875,42.357529]]]},"properties":{"id":"676075-0","height_m":109.95}},{"type":"Feature","geometry":{"type":"Polygon","coordinates":[[[-71.06027,42.357103],[-71.060275,42.357096],[-71.060282,42.357089],[-71.060282,42.357087],[-71.060281,42.357087],[-71.060287,42.357079],[-71.06028,42.357076],[-71.060296,42.357057],[-71.060259,42.35704],[-71.060153,42.35699],[-71.060144,42.356986],[-71.060129,42.357003],[-71.060115,42.356996],[-71.06011,42.356994],[-71.060027,42.35709],[-71.060034,42.357094],[-71.060081,42.357045],[-71.060116,42.357061],[-71.060143,42.357037],[-71.06027,42.357103]]]},"properties":{"id":"676076-0","height_m":109.95}},{"type":"Feature","geometry":{"type":"Polygon","coordinates":[[[-71.058661,42.358059],[-71.05866,42.358061],[-71.058659,42.358063],[-71.058658,42.358065],[-71.058656,42.358068],[-71.058655,42.35807],[-71.058654,42.358072],[-71.058652,42.358074],[-71.058651,42.358076],[-71.058649,42.358078],[-71.058647,42.35808],[-71.058646,42.358082],[-71.058644,42.358084],[-71.058642,42.358086],[-71.05864,42.358088],[-71.058638,42.35809],[-71.058636,42.358092],[-71.058634,42.358093],[-71.058632,42.358095],[-71.05863,42.358097],[-71.058628,42.358099],[-71.058625,42.3581],[-71.058623,42.358102],[-71.058621,42.358103],[-71.058618,42.358105],[-71.058616,42.358106],[-71.058613,42.358108],[-71.058611,42.358109],[-71.058608,42.35811],[-71.058606,42.358112],[-71.058603,42.358113],[-71.0586,42.358114],[-71.058597,42.358115],[-71.058595,42.358116],[-71.058592,42.358117],[-71.058589,42.358118],[-71.058586,42.358119],[-71.058583,42.35812],[-71.05858,42.358121],[-71.058577,42.358122],[-71.058574,42.358123],[-71.058571,42.358123],[-71.058568,42.358124],[-71.058565,42.358125],[-71.05853,42.358126],[-71.058763,42.358161],[-71.058795,42.358059],[-71.059012,42.358101],[-71.059095,42.357968],[-71.058933,42.357904],[-71.059002,42.357804],[-71.058883,42.357758],[-71.058941,42.357638],[-71.05883,42.357608],[-71.058727,42.357828],[-71.058619,42.3578],[-71.058723,42.357579],[-71.058645,42.357559],[-71.058578,42.357541],[-71.058574,42.35754],[-71.058506,42.357521],[-71.058501,42.35752],[-71.0585,42.357523],[-71.058374,42.357485],[-71.058319,42.357552],[-71.058316,42.357551],[-71.058258,42.357622],[-71.058262,42.357627],[-71.058493,42.357735],[-71.058511,42.357713],[-71.058561,42.357737],[-71.058543,42.357758],[-71.058548,42.357761],[-71.058607,42.357759],[-71.058607,42.357786],[-71.058506,42.357908],[-71.058608,42.35795],[-71.058611,42.357951],[-71.058613,42.357953],[-71.058616,42.357954],[-71.058618,42.357956],[-71.058621,42.357957],[-71.058623,42.357959],[-71.058625,42.357961],[-71.058628,42.357962],[-71.05863,42.357964],[-71.058632,42.357966],[-71.058634,42.357968],[-71.058636,42.35797],[-71.058638,42.357972],[-71.05864,42.357974],[-71.058642,42.357976],[-71.058644,42.357978],[-71.058645,42.35798],[-71.058647,42.357982],[-71.058649,42.357984],[-71.05865,42.357986],[-71.058652,42.357988],[-71.058653,42.35799],[-71.058654,42.357993],[-71.058656,42.357995],[-71.058657,42.357997],[-71.058658,42.357999],[-71.058659,42.358002],[-71.05866,42.358004],[-71.058661,42.358006],[-71.058662,42.358009],[-71.058663,42.358011],[-71.058663,42.358013],[-71.058664,42.358016],[-71.058664,42.358018],[-71.058665,42.358021],[-71.058665,42.358023],[-71.058666,42.358025],[-71.058666,42.358028],[-71.058666,42.35803],[-71.058666,42.358033],[-71.058666,42.358035],[-71.058666,42.358038],[-71.058666,42.35804],[-71.058666,42.358043],[-71.058665,42.358045],[-71.058665,42.358047],[-71.058664,42.35805],[-71.058663,42.358052],[-71.058663,42.358054],[-71.058662,42.358056],[-71.058661,42.358059]]]},"properties":{"id":"676078-0","height_m":10.71}},{"type":"Feature","geometry":{"type":"Polygon","coordinates":[[[-71.053056,42.356402],[-71.053058,42.356404],[-71.052989,42.356437],[-71.053025,42.356479],[-71.05302,42.356481],[-71.0533,42.356764],[-71.053661,42.356568],[-71.053276,42.356285],[-71.053056,42.356402]]]},"properties":{"id":"676092-0","height_m":85.01}},{"type":"Feature","geometry":{"type":"Polygon","coordinates":[[[-71.052321,42.357226],[-71.052638,42.357345],[-71.052647,42.357348],[-71.052657,42.357334],[-71.052647,42.357331],[-71.052673,42.357293],[-71.052718,42.357227],[-71.052726,42.35723],[-71.052728,42.357227],[-71.052774,42.357158],[-71.052681,42.357123],[-71.052678,42.357128],[-71.052533,42.357074],[-71.052423,42.357102],[-71.052411,42.35711],[-71.052418,42.357113],[-71.052377,42.357173],[-71.052372,42.357171],[-71.052343,42.357213],[-71.052332,42.357209],[-71.052321,42.357226]]]},"properties":{"id":"676093-0","height_m":32.08}},{"type":"Feature","geometry":{"type":"Polygon","coordinates":[[[-71.052384,42.356608],[-71.05245,42.356777],[-71.05246,42.356803],[-71.052603,42.356772],[-71.052646,42.356763],[-71.05273,42.356745],[-71.052651,42.35655],[-71.052384,42.356608]]]},"properties":{"id":"676094-0","height_m":24.51}},{"type":"Feature","geometry":{"type":"Polygon","coordinates":[[[-71.051707,42.35688],[-71.051705,42.356893],[-71.051704,42.356905],[-71.051703,42.35691],[-71.051703,42.356911],[-71.051702,42.356926],[-71.051702,42.356937],[-71.051702,42.356943],[-71.051702,42.356943],[-71.051702,42.35696],[-71.051703,42.356968],[-71.051703,42.356976],[-71.051722,42.356982],[-71.051702,42.357017],[-71.051736,42.357028],[-71.051742,42.35703],[-71.05181,42.357051],[-71.051879,42.357073],[-71.051876,42.357079],[-71.05225,42.357198],[-71.052259,42.357181],[-71.052255,42.357179],[-71.052349,42.35704],[-71.052353,42.357036],[-71.052358,42.357032],[-71.052363,42.357028],[-71.052369,42.357025],[-71.052376,42.357023],[-71.052382,42.357021],[-71.052389,42.35702],[-71.052396,42.357019],[-71.052453,42.357018],[-71.052521,42.356985],[-71.05265,42.35692],[-71.052572,42.35684],[-71.052508,42.356881],[-71.052458,42.356829],[-71.052422,42.356835],[-71.052419,42.356826],[-71.052408,42.356828],[-71.05241,42.356835],[-71.052376,42.356848],[-71.052345,42.356861],[-71.052311,42.356811],[-71.052309,42.356807],[-71.052165,42.35684],[-71.052136,42.356882],[-71.052049,42.356852],[-71.052067,42.356834],[-71.052057,42.356808],[-71.052201,42.356778],[-71.052215,42.356817],[-71.052303,42.356798],[-71.052351,42.356788],[-71.052293,42.356635],[-71.051846,42.356721],[-71.051795,42.356731],[-71.05179,42.356732],[-71.051766,42.356737],[-71.051755,42.356739],[-71.051756,42.356742],[-71.051763,42.356767],[-71.051764,42.356774],[-71.05174,42.356779],[-71.051737,42.356786],[-71.051733,42.356795],[-71.051726,42.356811],[-71.051726,42.356811],[-71.051724,42.356817],[-71.05172,42.356827],[-71.051716,42.356842],[-71.051715,42.356844],[-71.051714,42.356848],[-71.051711,42.35686],[-71.051708,42.356873],[-71.051708,42.356876],[-71.051707,42.35688]]]},"properties":{"id":"676095-0","height_m":24.2}},{"type":"Feature","geometry":{"type":"Polygon","coordinates":[[[-71.057006,42.357356],[-71.057072,42.357354],[-71.057071,42.35735],[-71.057116,42.357348],[-71.057116,42.357354],[-71.057177,42.35735],[-71.057183,42.357306],[-71.056997,42.357308],[-71.057006,42.357356]]]},"properties":{"id":"676096-0","height_m":87.07}},{"type":"Feature","geometry":{"type":"Polygon","coordinates":[[[-71.05699,42.357016],[-71.056987,42.357062],[-71.057172,42.357055],[-71.057163,42.357012],[-71.05699,42.357016]]]},"properties":{"id":"676097-0","height_m":86.68}},{"type":"Feature","geometry":{"type":"Polygon","coordinates":[[[-71.057824,42.357329],[-71.057826,42.357329],[-71.057821,42.357372],[-71.057874,42.357376],[-71.057872,42.357396],[-71.057964,42.357401],[-71.057962,42.357403],[-71.058058,42.357448],[-71.058052,42.357454],[-71.058122,42.357487],[-71.058413,42.357189],[-71.058395,42.357179],[-71.058241,42.357098],[-71.058214,42.357125],[-71.058234,42.357136],[-71.058168,42.357199],[-71.058146,42.357241],[-71.05811,42.357278],[-71.058065,42.357254],[-71.058076,42.357147],[-71.058097,42.357149],[-71.058116,42.357038],[-71.058125,42.356957],[-71.058132,42.356892],[-71.05814,42.356819],[-71.058133,42.356818],[-71.057832,42.356805],[-71.057824,42.356942],[-71.057835,42.356943],[-71.057854,42.356942],[-71.057855,42.356938],[-71.057898,42.356938],[-71.057883,42.357247],[-71.057825,42.357244],[-71.057824,42.357329]]]},"properties":{"id":"676098-0","height_m":39.15}},{"type":"Feature","geometry":{"type":"Polygon","coordinates":[[[-71.057825,42.357244],[-71.057883,42.357247],[-71.057898,42.356938],[-71.057855,42.356938],[-71.057854,42.356942],[-71.057835,42.356943],[-71.057823,42.357052],[-71.057841,42.357053],[-71.057837,42.357089],[-71.057826,42.357088],[-71.057825,42.357244]]]},"properties":{"id":"676099-0","height_m":39.15}},{"type":"Feature","geometry":{"type":"Polygon","coordinates":[[[-71.05897,42.356633],[-71.059338,42.356351],[-71.058937,42.355874],[-71.058758,42.355957],[-71.058613,42.356095],[-71.058716,42.356138],[-71.058522,42.356371],[-71.058348,42.356347],[-71.058337,42.356357],[-71.058375,42.356374],[-71.05897,42.356633]]]},"properties":{"id":"676100-0","height_m":18.23}},{"type":"Feature","geometry":{"type":"Polygon","coordinates":[[[-71.058348,42.356347],[-71.058522,42.356371],[-71.058716,42.356138],[-71.058613,42.356095],[-71.058584,42.356083],[-71.058589,42.356075],[-71.058559,42.356057],[-71.058522,42.356053],[-71.058518,42.356059],[-71.058513,42.356057],[-71.058478,42.356046],[-71.058444,42.356035],[-71.058409,42.356025],[-71.058374,42.356016],[-71.058338,42.356006],[-71.058302,42.355998],[-71.058266,42.35599],[-71.05823,42.355983],[-71.058194,42.355976],[-71.058157,42.35597],[-71.05812,42.355964],[-71.058083,42.355959],[-71.058046,42.355955],[-71.058009,42.355951],[-71.057972,42.355948],[-71.057935,42.355946],[-71.057929,42.355961],[-71.057863,42.355959],[-71.057848,42.356216],[-71.057852,42.356217],[-71.057871,42.356221],[-71.057927,42.356234],[-71.057923,42.356244],[-71.057964,42.356258],[-71.058005,42.35627],[-71.058047,42.356282],[-71.05809,42.356293],[-71.058132,42.356304],[-71.058175,42.356314],[-71.058218,42.356323],[-71.058246,42.356329],[-71.058244,42.356335],[-71.05825,42.356337],[-71.05828,42.356348],[-71.058317,42.356347],[-71.058319,42.356342],[-71.058348,42.356347]]]},"properties":{"id":"676101-0","height_m":124.71}},{"type":"Feature","geometry":{"type":"Polygon","coordinates":[[[-71.058102,42.355635],[-71.058319,42.355672],[-71.058335,42.355617],[-71.058118,42.355582],[-71.058102,42.355635]]]},"properties":{"id":"676310-0","height_m":22.68}},{"type":"Feature","geometry":{"type":"Polygon","coordinates":[[[-71.061355,42.355788],[-71.061607,42.355908],[-71.061811,42.35567],[-71.061725,42.355631],[-71.061629,42.355748],[-71.061537,42.355706],[-71.061632,42.35559],[-71.061549,42.355553],[-71.061355,42.355788]]]},"properties":{"id":"676311-0","height_m":47.57}},{"type":"Feature","geometry":{"type":"Polygon","coordinates":[[[-71.061632,42.35559],[-71.061537,42.355706],[-71.061629,42.355748],[-71.061725,42.355631],[-71.061743,42.355611],[-71.06165,42.355567],[-71.061632,42.35559]]]},"properties":{"id":"676312-0","height_m":52.92}},{"type":"Feature","geometry":{"type":"Polygon","coordinates":[[[-71.057648,42.355829],[-71.057749,42.355831],[-71.05779,42.355719],[-71.057686,42.355714],[-71.057677,42.355803],[-71.057658,42.355802],[-71.05766,42.355773],[-71.057558,42.355768],[-71.057563,42.355724],[-71.057397,42.355716],[-71.057405,42.35582],[-71.057534,42.355823],[-71.057652,42.355819],[-71.057648,42.355829]]]},"properties":{"id":"676328-0","height_m":42.3}},{"type":"Feature","geometry":{"type":"Polygon","coordinates":[[[-71.057427,42.356098],[-71.057436,42.356097],[-71.057688,42.356089],[-71.057696,42.356088],[-71.05769,42.356025],[-71.057763,42.355832],[-71.057648,42.355829],[-71.057616,42.355914],[-71.05754,42.355917],[-71.057534,42.355823],[-71.057405,42.35582],[-71.057427,42.356098]]]},"properties":{"id":"676329-0","height_m":38.19}},{"type":"Feature","geometry":{"type":"Polygon","coordinates":[[[-71.058324,42.356718],[-71.058478,42.356528],[-71.058323,42.356454],[-71.058297,42.356495],[-71.058303,42.356497],[-71.058209,42.356647],[-71.058204,42.356645],[-71.058174,42.356694],[-71.05824,42.356708],[-71.058243,42.356704],[-71.058324,42.356718]]]},"properties":{"id":"676330-0","height_m":25.27}},{"type":"Feature","geometry":{"type":"Polygon","coordinates":[[[-71.059058,42.356818],[-71.059249,42.356892],[-71.059393,42.35678],[-71.059217,42.356689],[-71.059058,42.356818]]]},"properties":{"id":"676331-0","height_m":28.62}},{"type":"Feature","geometry":{"type":"Polygon","coordinates":[[[-71.059249,42.356892],[-71.059378,42.356942],[-71.059463,42.356817],[-71.059393,42.35678],[-71.059249,42.356892]]]},"properties":{"id":"676332-0","height_m":7.47}},{"type":"Feature","geometry":{"type":"Polygon","coordinates":[[[-71.058857,42.357426],[-71.058887,42.357472],[-71.05893,42.35751],[-71.058987,42.357544],[-71.05902,42.357554],[-71.059012,42.357517],[-71.059069,42.3574],[-71.059111,42.357409],[-71.059125,42.357377],[-71.059052,42.357359],[-71.059017,42.357314],[-71.059005,42.357252],[-71.059032,42.357203],[-71.058805,42.357127],[-71.058857,42.357426]]]},"properties":{"id":"676333-0","height_m":19.99}},{"type":"Feature","geometry":{"type":"Polygon","coordinates":[[[-71.059005,42.357252],[-71.059017,42.357314],[-71.059052,42.357359],[-71.059125,42.357377],[-71.059193,42.357257],[-71.059032,42.357203],[-71.059005,42.357252]]]},"properties":{"id":"676334-0","height_m":26.63}},{"type":"Feature","geometry":{"type":"Polygon","coordinates":[[[-71.059012,42.357517],[-71.05902,42.357554],[-71.059045,42.357561],[-71.059111,42.357409],[-71.059069,42.3574],[-71.059012,42.357517]]]},"properties":{"id":"676335-0","height_m":31.4}},{"type":"Feature","geometry":{"type":"Polygon","coordinates":[[[-71.059045,42.357561],[-71.059328,42.357641],[-71.059595,42.357337],[-71.059593,42.357336],[-71.059396,42.357268],[-71.059368,42.357316],[-71.05925,42.357446],[-71.059141,42.357414],[-71.059156,42.357384],[-71.059125,42.357377],[-71.059045,42.357561]]]},"properties":{"id":"676336-0","height_m":31.4}},{"type":"Feature","geometry":{"type":"Polygon","coordinates":[[[-71.059195,42.357128],[-71.059479,42.357231],[-71.059444,42.357284],[-71.059593,42.357336],[-71.059774,42.357128],[-71.059733,42.357113],[-71.059585,42.35706],[-71.059562,42.357094],[-71.059331,42.357011],[-71.059355,42.356977],[-71.059362,42.356967],[-71.059378,42.356942],[-71.059249,42.356892],[-71.059058,42.356818],[-71.058786,42.35709],[-71.05885,42.357113],[-71.058852,42.357109],[-71.058992,42.357155],[-71.058993,42.357152],[-71.059154,42.356989],[-71.059263,42.357024],[-71.059195,42.357128]]]},"properties":{"id":"676337-0","height_m":28.17}},{"type":"Feature","geometry":{"type":"Polygon","coordinates":[[[-71.059396,42.357268],[-71.059444,42.357284],[-71.059479,42.357231],[-71.059195,42.357128],[-71.059263,42.357024],[-71.059154,42.356989],[-71.058993,42.357152],[-71.059239,42.357241],[-71.059255,42.357215],[-71.059396,42.357268]]]},"properties":{"id":"676338-0","height_m":9.03}},{"type":"Feature","geometry":{"type":"Polygon","coordinates":[[[-71.059125,42.357377],[-71.059156,42.357384],[-71.059141,42.357414],[-71.05925,42.357446],[-71.059368,42.357316],[-71.059193,42.357257],[-71.059125,42.357377]]]},"properties":{"id":"676339-0","height_m":19.99}},{"type":"Feature","geometry":{"type":"Polygon","coordinates":[[[-71.058324,42.356718],[-71.058319,42.356725],[-71.058422,42.356762],[-71.058444,42.356735],[-71.058514,42.356649],[-71.058591,42.356558],[-71.058592,42.356557],[-71.058532,42.356531],[-71.05852,42.356544],[-71.058478,42.356528],[-71.058324,42.356718]]]},"properties":{"id":"676340-0","height_m":24.14}},{"type":"Feature","geometry":{"type":"Polygon","coordinates":[[[-71.058444,42.356735],[-71.05847,42.356746],[-71.058449,42.356773],[-71.058458,42.356777],[-71.058517,42.356802],[-71.058715,42.356885],[-71.058743,42.35686],[-71.05875,42.356853],[-71.058818,42.356791],[-71.058812,42.356789],[-71.058546,42.356664],[-71.058514,42.356649],[-71.058444,42.356735]]]},"properties":{"id":"676341-0","height_m":24.45}},{"type":"Feature","geometry":{"type":"Polygon","coordinates":[[[-71.0586,42.356689],[-71.058812,42.356789],[-71.058855,42.35675],[-71.058641,42.356644],[-71.0586,42.356689]]]},"properties":{"id":"676342-0","height_m":18.62}},{"type":"Feature","geometry":{"type":"Polygon","coordinates":[[[-71.06181,42.356827],[-71.061808,42.356828],[-71.062022,42.357021],[-71.062262,42.356883],[-71.06206,42.356684],[-71.062037,42.356697],[-71.062023,42.356687],[-71.062015,42.356686],[-71.062009,42.356685],[-71.062002,42.356686],[-71.061995,42.356686],[-71.061988,42.356688],[-71.061982,42.356689],[-71.061976,42.356692],[-71.06197,42.356694],[-71.061964,42.356697],[-71.06196,42.3567],[-71.061958,42.356701],[-71.062023,42.356761],[-71.061921,42.356819],[-71.061856,42.356759],[-71.061851,42.356763],[-71.061844,42.356768],[-71.061838,42.356771],[-71.061838,42.356773],[-71.061832,42.356779],[-71.061827,42.356785],[-71.061823,42.356792],[-71.061821,42.356799],[-71.061832,42.356814],[-71.06181,42.356827]]]},"properties":{"id":"676343-0","height_m":16.24}},{"type":"Feature","geometry":{"type":"Polygon","coordinates":[[[-71.060241,42.355835],[-71.060675,42.356021],[-71.060952,42.355719],[-71.060621,42.355569],[-71.060567,42.355544],[-71.060559,42.355548],[-71.06052,42.355583],[-71.060484,42.355615],[-71.060444,42.355652],[-71.060655,42.355749],[-71.060618,42.355796],[-71.060467,42.355735],[-71.060395,42.355696],[-71.060241,42.355835]]]},"properties":{"id":"676344-0","height_m":37.53}},{"type":"Feature","geometry":{"type":"Polygon","coordinates":[[[-71.060443,42.355652],[-71.060442,42.355653],[-71.060398,42.355693],[-71.060395,42.355696],[-71.060467,42.355735],[-71.060618,42.355796],[-71.060655,42.355749],[-71.060444,42.355652],[-71.060443,42.355652]]]},"properties":{"id":"676345-0","height_m":19.23}},{"type":"Feature","geometry":{"type":"Polygon","coordinates":[[[-71.060256,42.356263],[-71.060399,42.356324],[-71.060478,42.356231],[-71.060489,42.356236],[-71.06062,42.356085],[-71.060409,42.355984],[-71.060329,42.35608],[-71.060088,42.355973],[-71.059925,42.356121],[-71.060184,42.356232],[-71.060287,42.356105],[-71.060358,42.356139],[-71.060256,42.356263]]]},"properties":{"id":"676346-0","height_m":22.81}},{"type":"Feature","geometry":{"type":"Polygon","coordinates":[[[-71.060088,42.355973],[-71.060329,42.35608],[-71.060409,42.355984],[-71.060192,42.355879],[-71.060088,42.355973]]]},"properties":{"id":"676347-0","height_m":31.34}},{"type":"Feature","geometry":{"type":"Polygon","coordinates":[[[-71.060184,42.356232],[-71.060256,42.356263],[-71.060358,42.356139],[-71.060287,42.356105],[-71.060184,42.356232]]]},"properties":{"id":"676348-0","height_m":23.84}},{"type":"Feature","geometry":{"type":"Polygon","coordinates":[[[-71.060008,42.356443],[-71.05991,42.356534],[-71.060027,42.356587],[-71.060032,42.35658],[-71.060182,42.356438],[-71.060225,42.356397],[-71.060252,42.356365],[-71.060257,42.35636],[-71.060272,42.356367],[-71.06027,42.35637],[-71.060288,42.356378],[-71.060295,42.35637],[-71.060368,42.356405],[-71.0604,42.356398],[-71.060416,42.356375],[-71.060407,42.356355],[-71.060423,42.356335],[-71.060399,42.356324],[-71.060256,42.356263],[-71.060184,42.356232],[-71.059925,42.356121],[-71.059914,42.356131],[-71.05986,42.35618],[-71.059848,42.35619],[-71.059811,42.356224],[-71.059803,42.356232],[-71.059765,42.356266],[-71.059965,42.356358],[-71.060038,42.356267],[-71.060145,42.356315],[-71.060008,42.356443]]]},"properties":{"id":"676349-0","height_m":30.47}},{"type":"Feature","geometry":{"type":"Polygon","coordinates":[[[-71.057532,42.35683],[-71.057532,42.356841],[-71.057551,42.357209],[-71.057551,42.357218],[-71.057615,42.357217],[-71.057655,42.357216],[-71.057666,42.357216],[-71.05764,42.356827],[-71.057632,42.356826],[-71.057532,42.35683]]]},"properties":{"id":"676350-0","height_m":82.46}},{"type":"Feature","geometry":{"type":"Polygon","coordinates":[[[-71.055917,42.355664],[-71.055898,42.355701],[-71.056015,42.355812],[-71.056017,42.355814],[-71.056021,42.355816],[-71.056024,42.355817],[-71.056028,42.355817],[-71.056032,42.355817],[-71.056125,42.35581],[-71.056085,42.355673],[-71.056344,42.355634],[-71.056379,42.355762],[-71.056454,42.355751],[-71.056424,42.355589],[-71.055917,42.355664]]]},"properties":{"id":"676351-0","height_m":26.52}},{"type":"Feature","geometry":{"type":"Polygon","coordinates":[[[-71.056085,42.355673],[-71.056125,42.35581],[-71.056379,42.355762],[-71.056344,42.355634],[-71.056085,42.355673]]]},"properties":{"id":"676352-0","height_m":31.63}},{"type":"Feature","geometry":{"type":"Polygon","coordinates":[[[-71.05673,42.356029],[-71.056768,42.356235],[-71.056807,42.356451],[-71.056808,42.356459],[-71.056822,42.356535],[-71.056822,42.356538],[-71.056824,42.356545],[-71.057262,42.356504],[-71.057251,42.356285],[-71.057247,42.356193],[-71.057236,42.35598],[-71.05673,42.356029]]]},"properties":{"id":"676353-0","height_m":157.79}},{"type":"Feature","geometry":{"type":"Polygon","coordinates":[[[-71.062477,42.357458],[-71.062711,42.357324],[-71.062659,42.357274],[-71.062598,42.357312],[-71.062457,42.357179],[-71.062412,42.357205],[-71.062296,42.357274],[-71.062285,42.35728],[-71.062477,42.357458]]]},"properties":{"id":"676356-0","height_m":20.26}},{"type":"Feature","geometry":{"type":"Polygon","coordinates":[[[-71.066744,42.357495],[-71.066792,42.35763],[-71.066892,42.357609],[-71.066891,42.357607],[-71.066886,42.357592],[-71.066845,42.357471],[-71.066834,42.357473],[-71.066816,42.357477],[-71.066808,42.357478],[-71.066801,42.357459],[-71.066775,42.357386],[-71.06679,42.357382],[-71.066786,42.357373],[-71.066774,42.357346],[-71.066715,42.35736],[-71.066733,42.357402],[-71.066712,42.357408],[-71.066744,42.357495]]]},"properties":{"id":"676368-0","height_m":12.76}},{"type":"Feature","geometry":{"type":"Polygon","coordinates":[[[-71.066642,42.35752],[-71.066689,42.357652],[-71.066792,42.35763],[-71.066744,42.357495],[-71.066707,42.357502],[-71.066699,42.357482],[-71.066685,42.357442],[-71.06668,42.357439],[-71.066675,42.357437],[-71.06667,42.357436],[-71.066665,42.357435],[-71.066659,42.357434],[-71.066653,42.357434],[-71.066648,42.357435],[-71.066642,42.357436],[-71.066637,42.357438],[-71.066632,42.35744],[-71.066629,42.357442],[-71.066628,42.357443],[-71.066624,42.357446],[-71.066621,42.357449],[-71.066618,42.357453],[-71.066616,42.357457],[-71.06662,42.357468],[-71.066642,42.35752]]]},"properties":{"id":"676369-0","height_m":14.38}},{"type":"Feature","geometry":{"type":"Polygon","coordinates":[[[-71.06684,42.357418],[-71.06683,42.357431],[-71.066847,42.357471],[-71.066851,42.35748],[-71.066867,42.357476],[-71.066915,42.357461],[-71.066899,42.357421],[-71.066879,42.357412],[-71.06684,42.357418]]]},"properties":{"id":"676370-0","height_m":13.02}},{"type":"Feature","geometry":{"type":"Polygon","coordinates":[[[-71.068044,42.357362],[-71.068067,42.357357],[-71.068073,42.357347],[-71.068103,42.357341],[-71.068102,42.357337],[-71.068061,42.357223],[-71.06803,42.357229],[-71.067982,42.357239],[-71.068021,42.357344],[-71.068036,42.357341],[-71.068044,42.357362]]]},"properties":{"id":"676371-0","height_m":14.02}},{"type":"Feature","geometry":{"type":"Polygon","coordinates":[[[-71.068122,42.357197],[-71.068114,42.357207],[-71.068116,42.357211],[-71.068061,42.357223],[-71.068102,42.357337],[-71.068167,42.357323],[-71.068195,42.357317],[-71.06815,42.357195],[-71.068143,42.357193],[-71.068122,42.357197]]]},"properties":{"id":"676372-0","height_m":13.44}},{"type":"Feature","geometry":{"type":"Polygon","coordinates":[[[-71.068195,42.357317],[-71.068197,42.357322],[-71.068204,42.357321],[-71.068289,42.357303],[-71.068287,42.357298],[-71.068244,42.357184],[-71.068241,42.357184],[-71.068192,42.357195],[-71.068186,42.357196],[-71.068158,42.357203],[-71.068155,42.357198],[-71.06815,42.357195],[-71.068195,42.357317]]]},"properties":{"id":"676373-0","height_m":13.23}},{"type":"Feature","geometry":{"type":"Polygon","coordinates":[[[-71.06828,42.357153],[-71.068254,42.357159],[-71.068255,42.357163],[-71.068239,42.357167],[-71.068237,42.357167],[-71.068244,42.357184],[-71.068287,42.357298],[-71.068396,42.357274],[-71.068349,42.357162],[-71.068342,42.357144],[-71.06828,42.357153]]]},"properties":{"id":"676374-0","height_m":17.76}},{"type":"Feature","geometry":{"type":"Polygon","coordinates":[[[-71.068254,42.357086],[-71.068264,42.35711],[-71.068264,42.357111],[-71.06828,42.357153],[-71.068342,42.357144],[-71.068324,42.357102],[-71.068311,42.357071],[-71.068254,42.357086]]]},"properties":{"id":"676375-0","height_m":17.76}},{"type":"Feature","geometry":{"type":"Polygon","coordinates":[[[-71.068243,42.357061],[-71.068232,42.357064],[-71.068241,42.357088],[-71.068254,42.357086],[-71.068311,42.357071],[-71.068302,42.357049],[-71.068243,42.357061]]]},"properties":{"id":"676376-0","height_m":9.83}},{"type":"Feature","geometry":{"type":"Polygon","coordinates":[[[-71.068451,42.35714],[-71.068447,42.357141],[-71.06841,42.357148],[-71.068349,42.357162],[-71.068396,42.357274],[-71.068492,42.357254],[-71.068491,42.357249],[-71.068451,42.35714],[-71.068451,42.35714]]]},"properties":{"id":"676377-0","height_m":14.74}},{"type":"Feature","geometry":{"type":"Polygon","coordinates":[[[-71.068328,42.357043],[-71.068302,42.357049],[-71.068311,42.357071],[-71.068324,42.357102],[-71.068387,42.357089],[-71.068383,42.357078],[-71.068369,42.357036],[-71.068362,42.357037],[-71.068359,42.357029],[-71.068326,42.357036],[-71.068328,42.357043]]]},"properties":{"id":"676378-0","height_m":9.83}},{"type":"Feature","geometry":{"type":"Polygon","coordinates":[[[-71.068324,42.357102],[-71.068342,42.357144],[-71.068349,42.357162],[-71.06841,42.357148],[-71.068387,42.357089],[-71.068324,42.357102]]]},"properties":{"id":"676379-0","height_m":14.74}},{"type":"Feature","geometry":{"type":"Polygon","coordinates":[[[-71.068401,42.357029],[-71.068374,42.357035],[-71.068369,42.357036],[-71.068383,42.357078],[-71.068419,42.35707],[-71.068423,42.357069],[-71.068407,42.357028],[-71.068401,42.357029]]]},"properties":{"id":"676380-0","height_m":9.83}},{"type":"Feature","geometry":{"type":"Polygon","coordinates":[[[-71.068609,42.3571],[-71.068653,42.357215],[-71.068737,42.357197],[-71.068691,42.357084],[-71.068609,42.3571]]]},"properties":{"id":"676381-0","height_m":13.55}},{"type":"Feature","geometry":{"type":"Polygon","coordinates":[[[-71.068589,42.357048],[-71.068596,42.357065],[-71.068609,42.3571],[-71.068691,42.357084],[-71.068669,42.357031],[-71.068589,42.357048]]]},"properties":{"id":"676382-0","height_m":13.55}},{"type":"Feature","geometry":{"type":"Polygon","coordinates":[[[-71.068768,42.357066],[-71.068756,42.357069],[-71.068691,42.357084],[-71.068737,42.357197],[-71.06883,42.357177],[-71.068786,42.357062],[-71.068768,42.357066]]]},"properties":{"id":"676383-0","height_m":14.53}},{"type":"Feature","geometry":{"type":"Polygon","coordinates":[[[-71.068664,42.357017],[-71.068669,42.357031],[-71.068691,42.357084],[-71.068756,42.357069],[-71.068733,42.357011],[-71.068724,42.357006],[-71.068721,42.357006],[-71.068664,42.357017]]]},"properties":{"id":"676384-0","height_m":14.53}},{"type":"Feature","geometry":{"type":"Polygon","coordinates":[[[-71.068664,42.357017],[-71.068721,42.357006],[-71.068724,42.357006],[-71.068729,42.357005],[-71.068713,42.356964],[-71.068712,42.356961],[-71.068662,42.356972],[-71.068647,42.356975],[-71.068664,42.357017]]]},"properties":{"id":"676385-0","height_m":14.53}},{"type":"Feature","geometry":{"type":"Polygon","coordinates":[[[-71.068911,42.357028],[-71.068914,42.357035],[-71.068872,42.357045],[-71.068919,42.357158],[-71.069011,42.357138],[-71.068961,42.357023],[-71.068954,42.357024],[-71.068951,42.357025],[-71.068947,42.357026],[-71.068944,42.357019],[-71.068944,42.357017],[-71.068909,42.357024],[-71.068911,42.357028]]]},"properties":{"id":"676386-0","height_m":14.65}},{"type":"Feature","geometry":{"type":"Polygon","coordinates":[[[-71.068872,42.357045],[-71.068914,42.357035],[-71.068911,42.357028],[-71.068904,42.357029],[-71.068897,42.357011],[-71.068861,42.357019],[-71.068872,42.357045]]]},"properties":{"id":"676387-0","height_m":14.65}},{"type":"Feature","geometry":{"type":"Polygon","coordinates":[[[-71.060925,42.356398],[-71.060818,42.35651],[-71.060733,42.356598],[-71.060893,42.356684],[-71.060708,42.356875],[-71.060747,42.356892],[-71.060742,42.356899],[-71.061185,42.357103],[-71.061197,42.357091],[-71.061301,42.356989],[-71.061318,42.356982],[-71.061334,42.356974],[-71.061349,42.356966],[-71.061364,42.356957],[-71.061378,42.356948],[-71.061392,42.356939],[-71.061406,42.356929],[-71.061418,42.356918],[-71.061431,42.356907],[-71.061454,42.356885],[-71.061474,42.356861],[-71.061483,42.356849],[-71.061491,42.356836],[-71.061499,42.356823],[-71.061506,42.35681],[-71.061513,42.356797],[-71.061518,42.356783],[-71.061523,42.35677],[-71.061648,42.356646],[-71.061,42.356316],[-71.060925,42.356398]]]},"properties":{"id":"676388-0","height_m":32.97}},{"type":"Feature","geometry":{"type":"Polygon","coordinates":[[[-71.060754,42.356478],[-71.060813,42.356452],[-71.060854,42.356412],[-71.060866,42.356419],[-71.060902,42.356385],[-71.060925,42.356398],[-71.061,42.356316],[-71.061065,42.356242],[-71.06111,42.356216],[-71.06104,42.356183],[-71.06109,42.356125],[-71.060984,42.356069],[-71.060976,42.356066],[-71.060958,42.356086],[-71.060908,42.356063],[-71.06079,42.356008],[-71.060689,42.356118],[-71.06052,42.356322],[-71.060523,42.356324],[-71.0605,42.356348],[-71.060754,42.356478]]]},"properties":{"id":"676389-0","height_m":23.84}},{"type":"Feature","geometry":{"type":"Polygon","coordinates":[[[-71.054908,42.355814],[-71.054966,42.355781],[-71.054584,42.355429],[-71.054888,42.355247],[-71.055271,42.3556],[-71.055328,42.355568],[-71.054915,42.355179],[-71.054976,42.355142],[-71.054751,42.354919],[-71.054624,42.35499],[-71.054587,42.354953],[-71.054553,42.354972],[-71.054541,42.354961],[-71.054319,42.355084],[-71.054332,42.355097],[-71.054278,42.355127],[-71.054321,42.355169],[-71.054195,42.355239],[-71.054429,42.355459],[-71.054487,42.355422],[-71.054908,42.355814]]]},"properties":{"id":"676807-0","height_m":61.09}},{"type":"Feature","geometry":{"type":"Polygon","coordinates":[[[-71.054893,42.355896],[-71.055427,42.355588],[-71.054976,42.355142],[-71.054915,42.355179],[-71.055328,42.355568],[-71.055271,42.3556],[-71.054972,42.355786],[-71.054966,42.355781],[-71.054908,42.355814],[-71.054487,42.355422],[-71.054429,42.355459],[-71.054893,42.355896]]]},"properties":{"id":"676808-0","height_m":61.09}},{"type":"Feature","geometry":{"type":"Polygon","coordinates":[[[-71.053093,42.354889],[-71.053244,42.355045],[-71.053265,42.355035],[-71.053117,42.354879],[-71.053093,42.354889]]]},"properties":{"id":"676809-0","height_m":117.59}},{"type":"Feature","geometry":{"type":"Polygon","coordinates":[[[-71.053395,42.355203],[-71.05354,42.355356],[-71.053565,42.355349],[-71.053417,42.355193],[-71.053395,42.355203]]]},"properties":{"id":"676810-0","height_m":117.59}},{"type":"Feature","geometry":{"type":"Polygon","coordinates":[[[-71.05333,42.35477],[-71.053474,42.354927],[-71.053493,42.354912],[-71.053348,42.354758],[-71.05333,42.35477]]]},"properties":{"id":"676811-0","height_m":113.64}},{"type":"Feature","geometry":{"type":"Polygon","coordinates":[[[-71.053631,42.35509],[-71.053783,42.355249],[-71.053797,42.35523],[-71.053645,42.355074],[-71.053631,42.35509]]]},"properties":{"id":"676812-0","height_m":109.89}},{"type":"Feature","geometry":{"type":"Polygon","coordinates":[[[-71.056987,42.357062],[-71.056997,42.357308],[-71.057183,42.357306],[-71.057172,42.357055],[-71.056987,42.357062]]]},"properties":{"id":"676816-0","height_m":99.74}},{"type":"Feature","geometry":{"type":"Polygon","coordinates":[[[-71.056645,42.355404],[-71.057223,42.355359],[-71.057345,42.355092],[-71.057076,42.355113],[-71.05708,42.355138],[-71.056957,42.355148],[-71.056961,42.3552],[-71.056962,42.355222],[-71.057094,42.355211],[-71.057093,42.355191],[-71.057086,42.355157],[-71.057255,42.355145],[-71.05718,42.355321],[-71.056695,42.355358],[-71.056674,42.35519],[-71.056785,42.355179],[-71.056795,42.355213],[-71.056799,42.355238],[-71.056854,42.355233],[-71.056848,42.355209],[-71.056847,42.355156],[-71.05675,42.355163],[-71.056745,42.355123],[-71.056583,42.355136],[-71.05658,42.355136],[-71.056645,42.355404]]]},"properties":{"id":"676907-0","height_m":55.53}},{"type":"Feature","geometry":{"type":"Polygon","coordinates":[[[-71.056695,42.355358],[-71.05718,42.355321],[-71.057255,42.355145],[-71.057086,42.355157],[-71.057093,42.355191],[-71.05719,42.355185],[-71.057147,42.355291],[-71.057088,42.355295],[-71.057085,42.355308],[-71.056802,42.355328],[-71.056802,42.355316],[-71.056737,42.35532],[-71.056718,42.355221],[-71.056795,42.355213],[-71.056785,42.355179],[-71.056674,42.35519],[-71.056695,42.355358]]]},"properties":{"id":"676908-0","height_m":55.53}},{"type":"Feature","geometry":{"type":"Polygon","coordinates":[[[-71.056802,42.355316],[-71.056802,42.355328],[-71.057085,42.355308],[-71.057088,42.355295],[-71.056802,42.355316]]]},"properties":{"id":"676909-0","height_m":55.53}},{"type":"Feature","geometry":{"type":"Polygon","coordinates":[[[-71.056737,42.35532],[-71.057147,42.355291],[-71.05719,42.355185],[-71.057093,42.355191],[-71.057094,42.355211],[-71.057151,42.355206],[-71.05717,42.355205],[-71.057134,42.355281],[-71.056746,42.35531],[-71.056752,42.355242],[-71.056799,42.355238],[-71.056795,42.355213],[-71.056718,42.355221],[-71.056737,42.35532]]]},"properties":{"id":"676910-0","height_m":67.78}},{"type":"Feature","geometry":{"type":"Polygon","coordinates":[[[-71.05982,42.357749],[-71.059827,42.357762],[-71.060032,42.35782],[-71.060117,42.357844],[-71.060399,42.357925],[-71.060593,42.357718],[-71.060517,42.357676],[-71.060539,42.357652],[-71.06021,42.35748],[-71.060392,42.35729],[-71.060369,42.357277],[-71.060378,42.357268],[-71.060435,42.357297],[-71.060456,42.357273],[-71.060504,42.357284],[-71.060515,42.357289],[-71.060591,42.357203],[-71.060597,42.357196],[-71.060376,42.357086],[-71.059882,42.357674],[-71.059877,42.357672],[-71.05982,42.357749]]]},"properties":{"id":"676922-0","height_m":47.05}},{"type":"Feature","geometry":{"type":"Polygon","coordinates":[[[-71.060454,42.357319],[-71.06043,42.357346],[-71.060492,42.357378],[-71.060519,42.357352],[-71.060467,42.357326],[-71.060504,42.357284],[-71.060456,42.357273],[-71.060435,42.357297],[-71.060378,42.357268],[-71.060369,42.357277],[-71.060392,42.35729],[-71.060454,42.357319]]]},"properties":{"id":"676923-0","height_m":47.05}},{"type":"Feature","geometry":{"type":"Polygon","coordinates":[[[-71.060539,42.357652],[-71.060517,42.357676],[-71.060593,42.357718],[-71.060603,42.357723],[-71.060822,42.357486],[-71.060793,42.357473],[-71.060779,42.35749],[-71.060592,42.357402],[-71.060599,42.357393],[-71.060519,42.357352],[-71.060492,42.357378],[-71.06043,42.357346],[-71.060454,42.357319],[-71.060392,42.35729],[-71.06021,42.35748],[-71.060539,42.357652]]]},"properties":{"id":"676924-0","height_m":34.3}},{"type":"Feature","geometry":{"type":"Polygon","coordinates":[[[-71.060515,42.357289],[-71.060548,42.357305],[-71.060579,42.357266],[-71.060571,42.357262],[-71.060611,42.357212],[-71.060591,42.357203],[-71.060515,42.357289]]]},"properties":{"id":"676925-0","height_m":55.84}},{"type":"Feature","geometry":{"type":"Polygon","coordinates":[[[-71.060779,42.35749],[-71.060793,42.357473],[-71.060822,42.357486],[-71.06083,42.357489],[-71.060857,42.357462],[-71.06093,42.357388],[-71.060953,42.357366],[-71.060618,42.357204],[-71.060611,42.357212],[-71.060571,42.357262],[-71.060579,42.357266],[-71.060548,42.357305],[-71.060504,42.357284],[-71.060467,42.357326],[-71.060599,42.357393],[-71.060592,42.357402],[-71.060779,42.35749]]]},"properties":{"id":"676926-0","height_m":55.84}},{"type":"Feature","geometry":{"type":"Polygon","coordinates":[[[-71.052023,42.356021],[-71.052024,42.35605],[-71.052003,42.356104],[-71.051998,42.356125],[-71.052002,42.356126],[-71.052007,42.356127],[-71.052011,42.356128],[-71.052016,42.356129],[-71.05202,42.35613],[-71.052024,42.356131],[-71.052029,42.356132],[-71.052033,42.356133],[-71.052037,42.356134],[-71.052041,42.356136],[-71.052046,42.356137],[-71.05205,42.356138],[-71.052054,42.35614],[-71.052058,42.356141],[-71.052062,42.356143],[-71.052066,42.356144],[-71.05207,42.356146],[-71.052074,42.356148],[-71.052078,42.35615],[-71.052082,42.356151],[-71.052086,42.356153],[-71.05209,42.356155],[-71.052094,42.356157],[-71.052098,42.356159],[-71.052101,42.356161],[-71.052105,42.356163],[-71.052108,42.356165],[-71.052112,42.356167],[-71.052116,42.356169],[-71.052119,42.356172],[-71.052122,42.356174],[-71.052126,42.356176],[-71.052129,42.356179],[-71.052132,42.356181],[-71.052136,42.356184],[-71.052139,42.356186],[-71.052142,42.356189],[-71.052145,42.356191],[-71.052148,42.356194],[-71.052151,42.356196],[-71.052154,42.356199],[-71.052156,42.356202],[-71.052159,42.356204],[-71.052162,42.356207],[-71.052165,42.35621],[-71.052167,42.356213],[-71.05217,42.356216],[-71.052172,42.356219],[-71.052174,42.356221],[-71.052177,42.356224],[-71.052179,42.356227],[-71.052181,42.35623],[-71.052183,42.356233],[-71.052185,42.356236],[-71.052187,42.35624],[-71.052189,42.356243],[-71.052191,42.356246],[-71.052193,42.356249],[-71.052194,42.356252],[-71.052196,42.356255],[-71.052198,42.356259],[-71.052199,42.356262],[-71.0522,42.356265],[-71.052202,42.356268],[-71.052203,42.356272],[-71.052204,42.356275],[-71.052205,42.356278],[-71.052206,42.356281],[-71.052207,42.356285],[-71.052208,42.356288],[-71.052209,42.356291],[-71.05221,42.356295],[-71.05221,42.356298],[-71.052211,42.356302],[-71.052211,42.356305],[-71.052212,42.356308],[-71.052212,42.356312],[-71.052651,42.356158],[-71.052642,42.356149],[-71.05264,42.356147],[-71.052638,42.356145],[-71.052636,42.356143],[-71.052634,42.356142],[-71.052632,42.35614],[-71.05263,42.356138],[-71.052629,42.356136],[-71.052627,42.356134],[-71.052626,42.356132],[-71.052624,42.35613],[-71.052622,42.356128],[-71.052621,42.356126],[-71.05262,42.356124],[-71.052618,42.356122],[-71.052617,42.35612],[-71.052616,42.356118],[-71.052615,42.356115],[-71.052614,42.356113],[-71.052613,42.356111],[-71.052612,42.356109],[-71.052611,42.356107],[-71.052611,42.356105],[-71.05261,42.356102],[-71.052609,42.3561],[-71.052609,42.356098],[-71.052608,42.356096],[-71.052608,42.356093],[-71.052607,42.356091],[-71.052607,42.356089],[-71.052607,42.356087],[-71.052607,42.356084],[-71.052607,42.356082],[-71.052607,42.35608],[-71.052607,42.356078],[-71.052607,42.356075],[-71.052607,42.356073],[-71.052608,42.356071],[-71.052608,42.356069],[-71.052609,42.356067],[-71.052609,42.356064],[-71.05261,42.356062],[-71.05261,42.35606],[-71.052611,42.356058],[-71.052612,42.356056],[-71.052624,42.356033],[-71.052371,42.355846],[-71.052368,42.355848],[-71.052364,42.355851],[-71.052361,42.355853],[-71.052358,42.355855],[-71.052354,42.355857],[-71.052351,42.35586],[-71.052347,42.355862],[-71.052343,42.355864],[-71.05234,42.355866],[-71.052336,42.355868],[-71.052332,42.35587],[-71.052329,42.355872],[-71.052325,42.355873],[-71.052321,42.355875],[-71.052317,42.355877],[-71.052313,42.355879],[-71.052309,42.35588],[-71.052305,42.355882],[-71.052301,42.355884],[-71.052297,42.355885],[-71.052293,42.355886],[-71.052289,42.355888],[-71.052285,42.355889],[-71.05228,42.355891],[-71.052276,42.355892],[-71.052272,42.355893],[-71.052268,42.355894],[-71.052263,42.355895],[-71.052259,42.355896],[-71.052255,42.355897],[-71.05225,42.355898],[-71.052246,42.355899],[-71.052242,42.3559],[-71.052237,42.355901],[-71.052233,42.355901],[-71.052228,42.355902],[-71.052224,42.355903],[-71.052219,42.355903],[-71.052215,42.355904],[-71.05221,42.355904],[-71.052206,42.355905],[-71.052201,42.355905],[-71.052197,42.355905],[-71.052192,42.355906],[-71.052188,42.355906],[-71.052183,42.355906],[-71.052179,42.355906],[-71.052174,42.355906],[-71.052169,42.355906],[-71.052165,42.355906],[-71.05216,42.355906],[-71.052156,42.355905],[-71.052151,42.355905],[-71.052147,42.355905],[-71.052142,42.355904],[-71.052138,42.355904],[-71.052133,42.355903],[-71.052129,42.355903],[-71.052124,42.355902],[-71.05212,42.355902],[-71.052115,42.355901],[-71.052111,42.3559],[-71.052106,42.355899],[-71.052102,42.355899],[-71.052098,42.355898],[-71.052093,42.355897],[-71.052089,42.355896],[-71.052085,42.355895],[-71.05208,42.355893],[-71.052076,42.355892],[-71.052023,42.356021]]]},"properties":{"id":"676934-0","height_m":11.94}},{"type":"Feature","geometry":{"type":"Polygon","coordinates":[[[-71.05261,42.356062],[-71.052609,42.356064],[-71.052609,42.356067],[-71.052608,42.356069],[-71.052608,42.356071],[-71.052607,42.356073],[-71.052607,42.356075],[-71.052607,42.356078],[-71.052607,42.35608],[-71.052607,42.356082],[-71.052607,42.356084],[-71.052607,42.356087],[-71.052607,42.356089],[-71.052607,42.356091],[-71.052608,42.356093],[-71.052608,42.356096],[-71.052609,42.356098],[-71.052609,42.3561],[-71.05261,42.356102],[-71.052611,42.356105],[-71.052611,42.356107],[-71.052612,42.356109],[-71.052613,42.356111],[-71.052614,42.356113],[-71.052615,42.356115],[-71.052616,42.356118],[-71.052617,42.35612],[-71.052618,42.356122],[-71.05262,42.356124],[-71.052621,42.356126],[-71.052622,42.356128],[-71.052624,42.35613],[-71.052626,42.356132],[-71.052627,42.356134],[-71.052629,42.356136],[-71.05263,42.356138],[-71.052632,42.35614],[-71.052634,42.356142],[-71.052636,42.356143],[-71.052638,42.356145],[-71.05264,42.356147],[-71.052642,42.356149],[-71.052651,42.356158],[-71.052727,42.356178],[-71.052798,42.356163],[-71.052849,42.35612],[-71.052861,42.356071],[-71.052833,42.356021],[-71.052771,42.355986],[-71.052664,42.356062],[-71.052624,42.356033],[-71.052612,42.356056],[-71.052611,42.356058],[-71.05261,42.35606],[-71.05261,42.356062]]]},"properties":{"id":"676935-0","height_m":12.04}},{"type":"Feature","geometry":{"type":"Polygon","coordinates":[[[-71.052435,42.355631],[-71.052437,42.355634],[-71.052438,42.355637],[-71.052439,42.35564],[-71.052441,42.355644],[-71.052442,42.355647],[-71.052443,42.35565],[-71.052444,42.355653],[-71.052445,42.355657],[-71.052446,42.35566],[-71.052447,42.355663],[-71.052448,42.355667],[-71.052449,42.35567],[-71.052449,42.355673],[-71.05245,42.355677],[-71.05245,42.35568],[-71.052451,42.355683],[-71.052451,42.355687],[-71.052451,42.35569],[-71.052452,42.355693],[-71.052452,42.355697],[-71.052452,42.3557],[-71.052452,42.355704],[-71.052452,42.355707],[-71.052452,42.35571],[-71.052451,42.355714],[-71.052451,42.355717],[-71.052451,42.35572],[-71.05245,42.355724],[-71.05245,42.355727],[-71.052449,42.35573],[-71.052448,42.355734],[-71.052448,42.355737],[-71.052447,42.35574],[-71.052446,42.355744],[-71.052445,42.355747],[-71.052444,42.35575],[-71.052443,42.355754],[-71.052441,42.355757],[-71.05244,42.35576],[-71.052439,42.355763],[-71.052437,42.355766],[-71.052436,42.35577],[-71.052434,42.355773],[-71.052433,42.355776],[-71.052431,42.355779],[-71.052429,42.355782],[-71.052427,42.355785],[-71.052426,42.355788],[-71.052424,42.355791],[-71.052421,42.355794],[-71.052419,42.355797],[-71.052417,42.3558],[-71.052415,42.355803],[-71.052413,42.355806],[-71.05241,42.355809],[-71.052408,42.355812],[-71.052405,42.355815],[-71.052403,42.355818],[-71.0524,42.35582],[-71.052398,42.355823],[-71.052395,42.355826],[-71.052392,42.355828],[-71.052389,42.355831],[-71.052386,42.355834],[-71.052383,42.355836],[-71.05238,42.355839],[-71.052377,42.355841],[-71.052374,42.355844],[-71.052371,42.355846],[-71.052664,42.356062],[-71.052771,42.355986],[-71.052838,42.355937],[-71.052434,42.355628],[-71.052435,42.355631]]]},"properties":{"id":"676936-0","height_m":77.09}},{"type":"Feature","geometry":{"type":"Polygon","coordinates":[[[-71.051744,42.355959],[-71.052023,42.356021],[-71.052076,42.355892],[-71.052105,42.355812],[-71.051915,42.355774],[-71.051824,42.355755],[-71.051744,42.355959]]]},"properties":{"id":"676937-0","height_m":102.99}},{"type":"Feature","geometry":{"type":"Polygon","coordinates":[[[-71.052072,42.355509],[-71.052059,42.355513],[-71.052046,42.355518],[-71.052033,42.355523],[-71.052021,42.355529],[-71.052009,42.355535],[-71.051997,42.355541],[-71.051986,42.355548],[-71.051976,42.355556],[-71.051966,42.355563],[-71.051957,42.355572],[-71.051948,42.35558],[-71.05194,42.355589],[-71.051932,42.355598],[-71.051925,42.355608],[-71.051919,42.355617],[-71.051914,42.355627],[-71.051909,42.355637],[-71.051905,42.355648],[-71.051902,42.355658],[-71.051899,42.355669],[-71.051897,42.355679],[-71.051896,42.35569],[-71.051896,42.355701],[-71.051896,42.355712],[-71.051897,42.355722],[-71.051899,42.355733],[-71.051902,42.355743],[-71.051906,42.355754],[-71.05191,42.355764],[-71.051915,42.355774],[-71.052105,42.355812],[-71.052076,42.355892],[-71.05208,42.355893],[-71.052085,42.355895],[-71.052089,42.355896],[-71.052093,42.355897],[-71.052098,42.355898],[-71.052102,42.355899],[-71.052106,42.355899],[-71.052111,42.3559],[-71.052115,42.355901],[-71.05212,42.355902],[-71.052124,42.355902],[-71.052129,42.355903],[-71.052133,42.355903],[-71.052138,42.355904],[-71.052142,42.355904],[-71.052147,42.355905],[-71.052151,42.355905],[-71.052156,42.355905],[-71.05216,42.355906],[-71.052165,42.355906],[-71.052169,42.355906],[-71.052174,42.355906],[-71.052179,42.355906],[-71.052183,42.355906],[-71.052188,42.355906],[-71.052192,42.355906],[-71.052197,42.355905],[-71.052201,42.355905],[-71.052206,42.355905],[-71.05221,42.355904],[-71.052215,42.355904],[-71.052219,42.355903],[-71.052224,42.355903],[-71.052228,42.355902],[-71.052233,42.355901],[-71.052237,42.355901],[-71.052242,42.3559],[-71.052246,42.355899],[-71.05225,42.355898],[-71.052255,42.355897],[-71.052259,42.355896],[-71.052263,42.355895],[-71.052268,42.355894],[-71.052272,42.355893],[-71.052276,42.355892],[-71.05228,42.355891],[-71.052285,42.355889],[-71.052289,42.355888],[-71.052293,42.355886],[-71.052297,42.355885],[-71.052301,42.355884],[-71.052305,42.355882],[-71.052309,42.35588],[-71.052313,42.355879],[-71.052317,42.355877],[-71.052321,42.355875],[-71.052325,42.355873],[-71.052329,42.355872],[-71.052332,42.35587],[-71.052336,42.355868],[-71.05234,42.355866],[-71.052343,42.355864],[-71.052347,42.355862],[-71.052351,42.35586],[-71.052354,42.355857],[-71.052358,42.355855],[-71.052361,42.355853],[-71.052364,42.355851],[-71.052368,42.355848],[-71.052371,42.355846],[-71.052374,42.355844],[-71.052377,42.355841],[-71.05238,42.355839],[-71.052383,42.355836],[-71.052386,42.355834],[-71.052389,42.355831],[-71.052392,42.355828],[-71.052395,42.355826],[-71.052398,42.355823],[-71.0524,42.35582],[-71.052403,42.355818],[-71.052405,42.355815],[-71.052408,42.355812],[-71.05241,42.355809],[-71.052413,42.355806],[-71.052415,42.355803],[-71.052417,42.3558],[-71.052419,42.355797],[-71.052421,42.355794],[-71.052424,42.355791],[-71.052426,42.355788],[-71.052427,42.355785],[-71.052429,42.355782],[-71.052431,42.355779],[-71.052433,42.355776],[-71.052434,42.355773],[-71.052436,42.35577],[-71.052437,42.355766],[-71.052439,42.355763],[-71.05244,42.35576],[-71.052441,42.355757],[-71.052443,42.355754],[-71.052444,42.35575],[-71.052445,42.355747],[-71.052446,42.355744],[-71.052447,42.35574],[-71.052448,42.355737],[-71.052448,42.355734],[-71.052449,42.35573],[-71.05245,42.355727],[-71.05245,42.355724],[-71.052451,42.35572],[-71.052451,42.355717],[-71.052451,42.355714],[-71.052452,42.35571],[-71.052452,42.355707],[-71.052452,42.355704],[-71.052452,42.3557],[-71.052452,42.355697],[-71.052452,42.355693],[-71.052451,42.35569],[-71.052451,42.355687],[-71.052451,42.355683],[-71.05245,42.35568],[-71.05245,42.355677],[-71.052449,42.355673],[-71.052449,42.35567],[-71.052448,42.355667],[-71.052447,42.355663],[-71.052446,42.35566],[-71.052445,42.355657],[-71.052444,42.355653],[-71.052443,42.35565],[-71.052442,42.355647],[-71.052441,42.355644],[-71.052439,42.35564],[-71.052438,42.355637],[-71.052437,42.355634],[-71.052435,42.355631],[-71.052434,42.355628],[-71.052452,42.355614],[-71.052289,42.355494],[-71.05227,42.355509],[-71.052256,42.355505],[-71.052242,42.355502],[-71.052228,42.3555],[-71.052214,42.355498],[-71.0522,42.355496],[-71.052185,42.355496],[-71.052171,42.355495],[-71.052157,42.355496],[-71.052142,42.355497],[-71.052128,42.355498],[-71.052114,42.3555],[-71.052099,42.355502],[-71.052086,42.355505],[-71.052072,42.355509]]]},"properties":{"id":"676938-0","height_m":182.23}},{"type":"Feature","geometry":{"type":"Polygon","coordinates":[[[-71.052212,42.356312],[-71.052148,42.356328],[-71.052145,42.356376],[-71.052181,42.35643],[-71.05222,42.356486],[-71.052297,42.356472],[-71.05233,42.356465],[-71.052357,42.35646],[-71.05238,42.356455],[-71.052414,42.356449],[-71.052443,42.356443],[-71.052472,42.356436],[-71.0525,42.356429],[-71.052529,42.356421],[-71.052557,42.356413],[-71.052585,42.356405],[-71.052612,42.356395],[-71.05264,42.356386],[-71.052667,42.356376],[-71.052693,42.356365],[-71.05272,42.356354],[-71.052745,42.356342],[-71.052771,42.35633],[-71.052796,42.356317],[-71.052821,42.356304],[-71.052845,42.356291],[-71.052798,42.356163],[-71.052727,42.356178],[-71.052651,42.356158],[-71.052212,42.356312]]]},"properties":{"id":"676939-0","height_m":51.07}},{"type":"Feature","geometry":{"type":"Polygon","coordinates":[[[-71.056689,42.357304],[-71.056559,42.357308],[-71.056562,42.357378],[-71.05668,42.357376],[-71.05668,42.357372],[-71.05673,42.35737],[-71.056729,42.357356],[-71.056728,42.357303],[-71.056689,42.357304]]]},"properties":{"id":"676940-0","height_m":83.51}},{"type":"Feature","geometry":{"type":"Polygon","coordinates":[[[-71.056553,42.357011],[-71.056548,42.357012],[-71.05655,42.357081],[-71.056684,42.357076],[-71.056717,42.357074],[-71.056714,42.35703],[-71.056712,42.357008],[-71.056662,42.357009],[-71.056662,42.357005],[-71.056553,42.357007],[-71.056553,42.357011]]]},"properties":{"id":"676941-0","height_m":83.43}},{"type":"Feature","geometry":{"type":"Polygon","coordinates":[[[-71.056729,42.357356],[-71.056983,42.357349],[-71.056969,42.357021],[-71.056714,42.35703],[-71.056717,42.357074],[-71.056684,42.357076],[-71.056686,42.35709],[-71.056539,42.357094],[-71.056537,42.357072],[-71.056503,42.357073],[-71.056505,42.357112],[-71.056497,42.357112],[-71.056505,42.357275],[-71.056512,42.357274],[-71.056514,42.357315],[-71.056516,42.357315],[-71.056516,42.357318],[-71.056547,42.357318],[-71.056545,42.357292],[-71.056688,42.357288],[-71.056689,42.357304],[-71.056728,42.357303],[-71.056729,42.357356]]]},"properties":{"id":"676942-0","height_m":26.54}},{"type":"Feature","geometry":{"type":"Polygon","coordinates":[[[-71.058252,42.355898],[-71.058355,42.35594],[-71.058491,42.35564],[-71.05849,42.35564],[-71.058336,42.355617],[-71.058335,42.355617],[-71.058252,42.355898]]]},"properties":{"id":"677093-0","height_m":18.89}},{"type":"Feature","geometry":{"type":"Polygon","coordinates":[[[-71.057898,42.355858],[-71.057896,42.355877],[-71.058025,42.355898],[-71.058022,42.355906],[-71.058239,42.355941],[-71.058252,42.355898],[-71.058303,42.355726],[-71.058283,42.355724],[-71.058288,42.355707],[-71.058116,42.355679],[-71.058111,42.355695],[-71.058087,42.355689],[-71.058043,42.35584],[-71.05801,42.355834],[-71.057994,42.355816],[-71.057932,42.355805],[-71.057931,42.355807],[-71.057914,42.355814],[-71.057898,42.355858]]]},"properties":{"id":"677094-0","height_m":37.72}},{"type":"Feature","geometry":{"type":"Polygon","coordinates":[[[-71.057918,42.355803],[-71.057932,42.355805],[-71.057994,42.355816],[-71.05801,42.355834],[-71.058043,42.35584],[-71.058087,42.355689],[-71.058111,42.355695],[-71.058116,42.355679],[-71.058087,42.355673],[-71.058093,42.355658],[-71.057981,42.355636],[-71.057918,42.355803]]]},"properties":{"id":"677095-0","height_m":37.72}},{"type":"Feature","geometry":{"type":"Polygon","coordinates":[[[-71.05829,42.355692],[-71.058288,42.355707],[-71.058308,42.355708],[-71.058319,42.355672],[-71.058102,42.355635],[-71.058118,42.355582],[-71.057998,42.355563],[-71.057969,42.355634],[-71.057981,42.355636],[-71.058093,42.355658],[-71.058087,42.355673],[-71.058116,42.355679],[-71.058117,42.355662],[-71.05829,42.355692]]]},"properties":{"id":"677096-0","height_m":37.72}},{"type":"Feature","geometry":{"type":"Polygon","coordinates":[[[-71.058116,42.355679],[-71.058288,42.355707],[-71.05829,42.355692],[-71.058117,42.355662],[-71.058116,42.355679]]]},"properties":{"id":"677097-0","height_m":37.72}},{"type":"Feature","geometry":{"type":"Polygon","coordinates":[[[-71.058283,42.355724],[-71.058303,42.355726],[-71.058308,42.355708],[-71.058288,42.355707],[-71.058283,42.355724]]]},"properties":{"id":"677098-0","height_m":37.72}},{"type":"Feature","geometry":{"type":"Polygon","coordinates":[[[-71.05779,42.355719],[-71.057749,42.355831],[-71.057763,42.355832],[-71.057807,42.355713],[-71.057594,42.355705],[-71.057584,42.355697],[-71.057589,42.355653],[-71.057544,42.355622],[-71.05755,42.355566],[-71.057857,42.35558],[-71.057872,42.355539],[-71.057746,42.35552],[-71.057613,42.355511],[-71.057507,42.35551],[-71.057382,42.355516],[-71.057397,42.355716],[-71.057563,42.355724],[-71.057558,42.355768],[-71.05766,42.355773],[-71.057658,42.355802],[-71.057677,42.355803],[-71.057686,42.355714],[-71.05779,42.355719]]]},"properties":{"id":"677099-0","height_m":38.05}},{"type":"Feature","geometry":{"type":"Polygon","coordinates":[[[-71.057544,42.355622],[-71.057589,42.355653],[-71.057826,42.355664],[-71.057857,42.35558],[-71.05755,42.355566],[-71.057544,42.355622]]]},"properties":{"id":"677100-0","height_m":41.92}},{"type":"Feature","geometry":{"type":"Polygon","coordinates":[[[-71.057714,42.356843],[-71.057735,42.357201],[-71.057793,42.357195],[-71.057771,42.356839],[-71.057714,42.356843]]]},"properties":{"id":"677103-0","height_m":77.27}},{"type":"Feature","geometry":{"type":"Polygon","coordinates":[[[-71.057793,42.357195],[-71.057735,42.357201],[-71.057736,42.357224],[-71.057814,42.357221],[-71.057789,42.35681],[-71.057712,42.356812],[-71.057714,42.356843],[-71.057771,42.356839],[-71.057793,42.357195]]]},"properties":{"id":"677104-0","height_m":77.27}},{"type":"Feature","geometry":{"type":"Polygon","coordinates":[[[-71.057631,42.356814],[-71.057632,42.356826],[-71.05764,42.356827],[-71.057666,42.357216],[-71.057655,42.357216],[-71.057656,42.357226],[-71.057736,42.357224],[-71.057712,42.356812],[-71.057631,42.356814]]]},"properties":{"id":"677105-0","height_m":78.77}},{"type":"Feature","geometry":{"type":"Polygon","coordinates":[[[-71.057456,42.356843],[-71.057477,42.357211],[-71.057551,42.357209],[-71.057532,42.356841],[-71.057456,42.356843]]]},"properties":{"id":"677106-0","height_m":79.31}},{"type":"Feature","geometry":{"type":"Polygon","coordinates":[[[-71.057406,42.356865],[-71.057425,42.357195],[-71.057476,42.357193],[-71.057457,42.356863],[-71.057406,42.356865]]]},"properties":{"id":"677107-0","height_m":78}},{"type":"Feature","geometry":{"type":"Polygon","coordinates":[[[-71.057407,42.357212],[-71.057477,42.357211],[-71.057476,42.357193],[-71.057425,42.357195],[-71.057406,42.356865],[-71.057457,42.356863],[-71.057456,42.356843],[-71.057385,42.356846],[-71.057407,42.357212]]]},"properties":{"id":"677108-0","height_m":78}},{"type":"Feature","geometry":{"type":"Polygon","coordinates":[[[-71.05673,42.356029],[-71.057236,42.35598],[-71.057215,42.355554],[-71.05721,42.355524],[-71.056862,42.355554],[-71.056867,42.3556],[-71.056739,42.355611],[-71.056729,42.355565],[-71.056647,42.355572],[-71.05673,42.356029]]]},"properties":{"id":"677109-0","height_m":34.4}},{"type":"Feature","geometry":{"type":"Polygon","coordinates":[[[-71.056729,42.355565],[-71.056739,42.355611],[-71.056867,42.3556],[-71.056862,42.355554],[-71.056729,42.355565]]]},"properties":{"id":"677110-0","height_m":30.02}},{"type":"Feature","geometry":{"type":"Polygon","coordinates":[[[-71.062111,42.357108],[-71.062121,42.357102],[-71.062345,42.356971],[-71.062261,42.35689],[-71.062265,42.356887],[-71.062262,42.356883],[-71.062022,42.357021],[-71.062028,42.357026],[-71.062021,42.35703],[-71.062087,42.357092],[-71.062092,42.35709],[-71.062111,42.357108]]]},"properties":{"id":"677111-0","height_m":22.27}},{"type":"Feature","geometry":{"type":"Polygon","coordinates":[[[-71.062457,42.357179],[-71.062598,42.357312],[-71.062659,42.357274],[-71.062521,42.357141],[-71.062457,42.357179]]]},"properties":{"id":"677112-0","height_m":14.05}},{"type":"Feature","geometry":{"type":"Polygon","coordinates":[[[-71.062296,42.357274],[-71.062412,42.357205],[-71.062323,42.357121],[-71.062282,42.357145],[-71.062193,42.35706],[-71.062121,42.357102],[-71.062296,42.357274]]]},"properties":{"id":"677113-0","height_m":11.19}},{"type":"Feature","geometry":{"type":"Polygon","coordinates":[[[-71.062193,42.35706],[-71.062282,42.357145],[-71.062323,42.357121],[-71.062415,42.357069],[-71.062435,42.357057],[-71.062345,42.356971],[-71.062193,42.35706]]]},"properties":{"id":"677114-0","height_m":21.89}},{"type":"Feature","geometry":{"type":"Polygon","coordinates":[[[-71.062323,42.357121],[-71.062412,42.357205],[-71.062457,42.357179],[-71.062501,42.357153],[-71.062415,42.357069],[-71.062323,42.357121]]]},"properties":{"id":"677115-0","height_m":29.24}},{"type":"Feature","geometry":{"type":"Polygon","coordinates":[[[-71.062415,42.357069],[-71.062501,42.357153],[-71.062521,42.357141],[-71.062435,42.357057],[-71.062415,42.357069]]]},"properties":{"id":"677116-0","height_m":29.02}},{"type":"Feature","geometry":{"type":"Polygon","coordinates":[[[-71.068833,42.357053],[-71.068786,42.357062],[-71.068786,42.357062],[-71.06883,42.357177],[-71.068919,42.357158],[-71.068872,42.357045],[-71.068833,42.357053]]]},"properties":{"id":"677123-0","height_m":14.84}},{"type":"Feature","geometry":{"type":"Polygon","coordinates":[[[-71.068753,42.356979],[-71.068786,42.357062],[-71.068833,42.357053],[-71.0688,42.356969],[-71.068753,42.356979]]]},"properties":{"id":"677124-0","height_m":14.84}},{"type":"Feature","geometry":{"type":"Polygon","coordinates":[[[-71.067293,42.356945],[-71.067359,42.356931],[-71.067291,42.356767],[-71.067255,42.356775],[-71.067189,42.35679],[-71.067237,42.3569],[-71.067268,42.356892],[-71.067293,42.356945]]]},"properties":{"id":"677243-0","height_m":20.87}},{"type":"Feature","geometry":{"type":"Polygon","coordinates":[[[-71.06733,42.357046],[-71.0674,42.357031],[-71.067359,42.356931],[-71.067267,42.35695],[-71.06726,42.356961],[-71.067269,42.356981],[-71.067281,42.356985],[-71.067302,42.35698],[-71.06733,42.357046]]]},"properties":{"id":"677244-0","height_m":21.67}},{"type":"Feature","geometry":{"type":"Polygon","coordinates":[[[-71.053604,42.355062],[-71.053648,42.355036],[-71.05367,42.355059],[-71.053714,42.355034],[-71.053567,42.354876],[-71.053523,42.354901],[-71.053543,42.354922],[-71.053493,42.354948],[-71.053514,42.35497],[-71.053491,42.354983],[-71.053555,42.355052],[-71.053581,42.355037],[-71.053604,42.355062]]]},"properties":{"id":"677407-0","height_m":97.29}},{"type":"Feature","geometry":{"type":"Polygon","coordinates":[[[-71.05335,42.355224],[-71.053367,42.355215],[-71.053346,42.355193],[-71.053394,42.355169],[-71.053374,42.355148],[-71.0534,42.355134],[-71.053332,42.355066],[-71.053307,42.355079],[-71.05328,42.35505],[-71.053243,42.355079],[-71.05322,42.355055],[-71.053199,42.355069],[-71.05335,42.355224]]]},"properties":{"id":"677408-0","height_m":23.07}},{"type":"Feature","geometry":{"type":"Polygon","coordinates":[[[-71.05352,42.354868],[-71.053504,42.354881],[-71.053523,42.354901],[-71.053567,42.354876],[-71.053417,42.35472],[-71.053372,42.354743],[-71.053396,42.354768],[-71.053416,42.354756],[-71.05352,42.354868]]]},"properties":{"id":"677409-0","height_m":97.29}},{"type":"Feature","geometry":{"type":"Polygon","coordinates":[[[-71.053819,42.35518],[-71.053796,42.355191],[-71.053822,42.355217],[-71.053861,42.355191],[-71.053714,42.355034],[-71.05367,42.355059],[-71.053692,42.355082],[-71.053714,42.355071],[-71.053819,42.35518]]]},"properties":{"id":"677410-0","height_m":97.29}},{"type":"Feature","geometry":{"type":"Polygon","coordinates":[[[-71.053177,42.355083],[-71.053199,42.355069],[-71.05322,42.355055],[-71.0532,42.355034],[-71.053176,42.355047],[-71.053075,42.354939],[-71.053052,42.35495],[-71.053177,42.355083]]]},"properties":{"id":"677411-0","height_m":23}},{"type":"Feature","geometry":{"type":"Polygon","coordinates":[[[-71.053028,42.354924],[-71.053052,42.35495],[-71.053075,42.354939],[-71.053071,42.354935],[-71.053095,42.354925],[-71.053071,42.354901],[-71.053028,42.354924]]]},"properties":{"id":"677412-0","height_m":23.07}},{"type":"Feature","geometry":{"type":"Polygon","coordinates":[[[-71.053472,42.355395],[-71.053517,42.355373],[-71.053501,42.355356],[-71.053473,42.355359],[-71.053366,42.35525],[-71.05339,42.355238],[-71.053367,42.355215],[-71.053323,42.355238],[-71.053472,42.355395]]]},"properties":{"id":"677413-0","height_m":23}},{"type":"Feature","geometry":{"type":"Polygon","coordinates":[[[-71.053071,42.354935],[-71.053176,42.355047],[-71.0532,42.355034],[-71.053095,42.354925],[-71.053071,42.354935]]]},"properties":{"id":"677414-0","height_m":23.07}},{"type":"Feature","geometry":{"type":"Polygon","coordinates":[[[-71.053366,42.35525],[-71.053473,42.355359],[-71.053501,42.355356],[-71.05339,42.355238],[-71.053366,42.35525]]]},"properties":{"id":"677415-0","height_m":23.07}},{"type":"Feature","geometry":{"type":"Polygon","coordinates":[[[-71.053692,42.355082],[-71.053796,42.355191],[-71.053819,42.35518],[-71.053714,42.355071],[-71.053692,42.355082]]]},"properties":{"id":"677416-0","height_m":97.29}},{"type":"Feature","geometry":{"type":"Polygon","coordinates":[[[-71.053396,42.354768],[-71.053504,42.354881],[-71.05352,42.354868],[-71.053416,42.354756],[-71.053396,42.354768]]]},"properties":{"id":"677417-0","height_m":97.29}},{"type":"Feature","geometry":{"type":"Polygon","coordinates":[[[-71.052571,42.355254],[-71.052519,42.355298],[-71.052576,42.355337],[-71.052603,42.355316],[-71.052721,42.355235],[-71.052561,42.355092],[-71.052526,42.355061],[-71.052396,42.355141],[-71.052489,42.355197],[-71.052438,42.355242],[-71.052466,42.355261],[-71.052519,42.355218],[-71.052571,42.355254]]]},"properties":{"id":"677418-0","height_m":22.58}},{"type":"Feature","geometry":{"type":"Polygon","coordinates":[[[-71.052466,42.355261],[-71.052519,42.355298],[-71.052571,42.355254],[-71.052519,42.355218],[-71.052466,42.355261]]]},"properties":{"id":"677419-0","height_m":26.5}},{"type":"Feature","geometry":{"type":"Polygon","coordinates":[[[-71.052241,42.355235],[-71.052478,42.355414],[-71.052576,42.355337],[-71.052438,42.355242],[-71.052489,42.355197],[-71.052396,42.355141],[-71.052241,42.355235]]]},"properties":{"id":"677420-0","height_m":18.81}},{"type":"Feature","geometry":{"type":"Polygon","coordinates":[[[-71.053493,42.354912],[-71.053474,42.354927],[-71.053493,42.354948],[-71.053543,42.354922],[-71.053352,42.354722],[-71.053306,42.354745],[-71.05333,42.35477],[-71.053348,42.354758],[-71.053493,42.354912]]]},"properties":{"id":"677421-0","height_m":113.64}},{"type":"Feature","geometry":{"type":"Polygon","coordinates":[[[-71.053797,42.35523],[-71.053783,42.355249],[-71.053798,42.355265],[-71.053842,42.355238],[-71.053648,42.355036],[-71.053604,42.355062],[-71.053631,42.35509],[-71.053645,42.355074],[-71.053797,42.35523]]]},"properties":{"id":"677422-0","height_m":109.89}},{"type":"Feature","geometry":{"type":"Polygon","coordinates":[[[-71.053536,42.355393],[-71.053583,42.355368],[-71.053565,42.355349],[-71.05354,42.355356],[-71.053395,42.355203],[-71.053417,42.355193],[-71.053394,42.355169],[-71.053346,42.355193],[-71.053536,42.355393]]]},"properties":{"id":"677423-0","height_m":23.07}},{"type":"Feature","geometry":{"type":"Polygon","coordinates":[[[-71.053243,42.355079],[-71.05328,42.35505],[-71.053265,42.355035],[-71.053244,42.355045],[-71.053093,42.354889],[-71.053117,42.354879],[-71.053099,42.35486],[-71.05305,42.354879],[-71.053243,42.355079]]]},"properties":{"id":"677424-0","height_m":23.07}},{"type":"Feature","geometry":{"type":"Polygon","coordinates":[[[-71.056854,42.355233],[-71.056752,42.355242],[-71.056759,42.355299],[-71.057122,42.35527],[-71.057151,42.355206],[-71.056962,42.355222],[-71.056961,42.3552],[-71.056848,42.355209],[-71.056854,42.355233]]]},"properties":{"id":"677431-0","height_m":75.74}},{"type":"Feature","geometry":{"type":"Polygon","coordinates":[[[-71.061219,42.358144],[-71.061253,42.358153],[-71.061329,42.35799],[-71.061326,42.357989],[-71.061433,42.357758],[-71.061429,42.357757],[-71.061239,42.357708],[-71.06123,42.357729],[-71.0612,42.357721],[-71.061194,42.357706],[-71.06116,42.357697],[-71.061143,42.357706],[-71.061126,42.357702],[-71.061139,42.357675],[-71.061078,42.357659],[-71.061125,42.357555],[-71.061094,42.357538],[-71.061055,42.357516],[-71.061042,42.357509],[-71.060601,42.357945],[-71.060616,42.35799],[-71.060625,42.357993],[-71.061219,42.358144]]]},"properties":{"id":"677537-0","height_m":48.73}},{"type":"Feature","geometry":{"type":"Polygon","coordinates":[[[-71.054944,42.355718],[-71.054981,42.355701],[-71.055002,42.355721],[-71.055182,42.355615],[-71.055156,42.35559],[-71.05519,42.355571],[-71.054917,42.355314],[-71.054883,42.355334],[-71.054858,42.35531],[-71.05467,42.35542],[-71.054691,42.355439],[-71.054664,42.355455],[-71.054944,42.355718]]]},"properties":{"id":"677569-0","height_m":61.09}},{"type":"Feature","geometry":{"type":"Polygon","coordinates":[[[-71.051798,42.356459],[-71.051801,42.35646],[-71.051804,42.356462],[-71.051808,42.356464],[-71.051811,42.356465],[-71.051814,42.356467],[-71.051818,42.356468],[-71.051821,42.35647],[-71.051825,42.356471],[-71.051829,42.356473],[-71.051832,42.356474],[-71.051836,42.356475],[-71.05184,42.356476],[-71.051843,42.356478],[-71.051847,42.356479],[-71.051851,42.35648],[-71.051855,42.356481],[-71.051858,42.356482],[-71.051862,42.356483],[-71.051866,42.356484],[-71.05187,42.356484],[-71.051874,42.356485],[-71.051878,42.356486],[-71.051882,42.356486],[-71.051886,42.356487],[-71.05189,42.356488],[-71.051894,42.356488],[-71.051898,42.356489],[-71.051902,42.356489],[-71.051906,42.356489],[-71.05191,42.356489],[-71.051914,42.35649],[-71.051918,42.35649],[-71.051922,42.35649],[-71.051926,42.35649],[-71.05193,42.35649],[-71.051934,42.35649],[-71.051938,42.35649],[-71.051942,42.35649],[-71.051946,42.356489],[-71.05195,42.356489],[-71.051954,42.356489],[-71.051958,42.356488],[-71.051962,42.356488],[-71.051966,42.356487],[-71.05197,42.356487],[-71.051974,42.356486],[-71.051978,42.356486],[-71.051982,42.356485],[-71.051986,42.356484],[-71.05199,42.356483],[-71.051994,42.356482],[-71.051997,42.356481],[-71.052001,42.356481],[-71.052005,42.356479],[-71.052009,42.356478],[-71.052012,42.356477],[-71.052016,42.356476],[-71.05202,42.356475],[-71.052024,42.356474],[-71.052027,42.356472],[-71.052031,42.356471],[-71.052034,42.356469],[-71.052038,42.356468],[-71.052041,42.356466],[-71.052045,42.356465],[-71.052048,42.356463],[-71.052051,42.356462],[-71.052055,42.35646],[-71.052058,42.356458],[-71.052061,42.356456],[-71.052064,42.356454],[-71.052068,42.356452],[-71.052071,42.356451],[-71.052074,42.356449],[-71.052077,42.356447],[-71.05208,42.356445],[-71.052082,42.356442],[-71.052085,42.35644],[-71.052088,42.356438],[-71.052091,42.356436],[-71.052093,42.356434],[-71.052096,42.356431],[-71.052099,42.356429],[-71.052101,42.356427],[-71.052104,42.356424],[-71.052106,42.356422],[-71.052108,42.356419],[-71.052111,42.356417],[-71.052113,42.356414],[-71.052115,42.356412],[-71.052117,42.356409],[-71.052119,42.356407],[-71.052121,42.356404],[-71.052123,42.356401],[-71.052125,42.356399],[-71.052126,42.356396],[-71.052128,42.356393],[-71.05213,42.356391],[-71.052131,42.356388],[-71.052133,42.356385],[-71.052134,42.356382],[-71.052135,42.356379],[-71.052137,42.356377],[-71.052138,42.356374],[-71.052139,42.356371],[-71.05214,42.356368],[-71.052141,42.356365],[-71.052142,42.356362],[-71.052143,42.356359],[-71.052143,42.356356],[-71.052144,42.356353],[-71.052145,42.35635],[-71.052145,42.356347],[-71.052146,42.356344],[-71.052146,42.356341],[-71.052146,42.356338],[-71.052147,42.356335],[-71.052147,42.356332],[-71.052147,42.356329],[-71.052147,42.356326],[-71.052142,42.356309],[-71.052141,42.356306],[-71.05214,42.356303],[-71.05214,42.3563],[-71.052139,42.356297],[-71.052138,42.356294],[-71.052137,42.356291],[-71.052136,42.356288],[-71.052135,42.356285],[-71.052133,42.356282],[-71.052132,42.35628],[-71.052131,42.356277],[-71.052129,42.356274],[-71.052128,42.356271],[-71.052126,42.356268],[-71.052125,42.356266],[-71.052123,42.356263],[-71.052121,42.35626],[-71.05212,42.356258],[-71.052118,42.356255],[-71.052116,42.356252],[-71.052114,42.35625],[-71.052112,42.356247],[-71.052109,42.356245],[-71.052107,42.356242],[-71.052105,42.35624],[-71.052103,42.356237],[-71.0521,42.356235],[-71.052098,42.356233],[-71.052095,42.35623],[-71.052093,42.356228],[-71.05209,42.356226],[-71.052088,42.356223],[-71.052085,42.356221],[-71.052082,42.356219],[-71.052079,42.356217],[-71.052076,42.356215],[-71.052073,42.356213],[-71.05207,42.356211],[-71.052067,42.356209],[-71.052064,42.356207],[-71.052061,42.356205],[-71.052058,42.356203],[-71.052055,42.356202],[-71.052051,42.3562],[-71.052048,42.356198],[-71.052045,42.356196],[-71.052041,42.356195],[-71.052038,42.356193],[-71.052034,42.356192],[-71.052031,42.35619],[-71.052027,42.356189],[-71.052024,42.356188],[-71.05202,42.356186],[-71.052017,42.356185],[-71.052013,42.356184],[-71.052009,42.356183],[-71.052006,42.356181],[-71.052002,42.35618],[-71.051998,42.356179],[-71.051994,42.356178],[-71.05199,42.356177],[-71.051986,42.356177],[-71.051983,42.356176],[-71.051979,42.356175],[-71.051975,42.356174],[-71.051971,42.356174],[-71.051967,42.356173],[-71.051963,42.356173],[-71.051959,42.356172],[-71.051955,42.356172],[-71.051951,42.356171],[-71.051947,42.356171],[-71.051943,42.356171],[-71.051939,42.35617],[-71.051935,42.35617],[-71.051931,42.35617],[-71.051927,42.35617],[-71.051923,42.35617],[-71.051919,42.35617],[-71.051915,42.35617],[-71.051911,42.356171],[-71.051907,42.356171],[-71.051903,42.356171],[-71.051899,42.356171],[-71.051895,42.356172],[-71.051891,42.356172],[-71.051887,42.356173],[-71.051883,42.356173],[-71.051879,42.356174],[-71.051875,42.356175],[-71.051871,42.356175],[-71.051867,42.356176],[-71.051863,42.356177],[-71.05186,42.356178],[-71.051856,42.356179],[-71.051852,42.35618],[-71.051848,42.356181],[-71.051844,42.356182],[-71.051841,42.356183],[-71.051837,42.356184],[-71.051833,42.356185],[-71.05183,42.356187],[-71.051826,42.356188],[-71.051823,42.356189],[-71.051819,42.356191],[-71.051816,42.356192],[-71.051812,42.356194],[-71.051809,42.356195],[-71.051805,42.356197],[-71.051802,42.356199],[-71.051799,42.3562],[-71.051795,42.356202],[-71.051792,42.356204],[-71.051789,42.356206],[-71.051786,42.356208],[-71.051783,42.356209],[-71.05178,42.356211],[-71.051777,42.356213],[-71.051774,42.356216],[-71.051771,42.356218],[-71.051768,42.35622],[-71.051765,42.356222],[-71.051763,42.356224],[-71.05176,42.356226],[-71.051757,42.356229],[-71.051755,42.356231],[-71.051752,42.356233],[-71.05175,42.356236],[-71.051748,42.356238],[-71.051745,42.35624],[-71.051743,42.356243],[-71.051741,42.356245],[-71.051739,42.356248],[-71.051737,42.356251],[-71.051735,42.356253],[-71.051733,42.356256],[-71.051731,42.356258],[-71.051729,42.356261],[-71.051727,42.356264],[-71.051726,42.356267],[-71.051724,42.356269],[-71.051723,42.356272],[-71.051721,42.356275],[-71.05172,42.356278],[-71.051718,42.35628],[-71.051717,42.356283],[-71.051716,42.356286],[-71.051715,42.356289],[-71.051714,42.356292],[-71.051713,42.356295],[-71.051712,42.356298],[-71.051711,42.356301],[-71.05171,42.356303],[-71.05171,42.356306],[-71.051709,42.356309],[-71.051709,42.356312],[-71.051708,42.356315],[-71.051708,42.356318],[-71.051708,42.356321],[-71.051708,42.356324],[-71.051708,42.356327],[-71.051708,42.35633],[-71.051708,42.356333],[-71.051708,42.356336],[-71.051708,42.356339],[-71.051709,42.356342],[-71.051709,42.356345],[-71.051709,42.356348],[-71.05171,42.356351],[-71.051711,42.356354],[-71.051711,42.356357],[-71.051712,42.35636],[-71.051713,42.356363],[-71.051714,42.356366],[-71.051715,42.356369],[-71.051716,42.356372],[-71.051717,42.356375],[-71.051718,42.356377],[-71.05172,42.35638],[-71.051721,42.356383],[-71.051722,42.356386],[-71.051724,42.356389],[-71.051725,42.356391],[-71.051727,42.356394],[-71.051729,42.356397],[-71.051731,42.3564],[-71.051732,42.356402],[-71.051734,42.356405],[-71.051736,42.356407],[-71.051738,42.35641],[-71.05174,42.356413],[-71.051743,42.356415],[-71.051745,42.356418],[-71.051747,42.35642],[-71.051749,42.356423],[-71.051752,42.356425],[-71.051754,42.356427],[-71.051757,42.35643],[-71.051759,42.356432],[-71.051762,42.356434],[-71.051765,42.356437],[-71.051767,42.356439],[-71.05177,42.356441],[-71.051773,42.356443],[-71.051776,42.356445],[-71.051779,42.356447],[-71.051782,42.356449],[-71.051785,42.356451],[-71.051788,42.356453],[-71.051791,42.356455],[-71.051794,42.356457],[-71.051798,42.356459]]]},"properties":{"id":"677570-0","height_m":149.2}},{"type":"Feature","geometry":{"type":"Polygon","coordinates":[[[-71.051931,42.35425],[-71.051934,42.354246],[-71.051938,42.354243],[-71.051941,42.35424],[-71.051944,42.354236],[-71.051948,42.354233],[-71.051952,42.35423],[-71.051955,42.354226],[-71.051959,42.354223],[-71.051963,42.35422],[-71.051966,42.354217],[-71.05197,42.354214],[-71.051974,42.354211],[-71.051978,42.354208],[-71.051982,42.354205],[-71.051986,42.354202],[-71.05199,42.354199],[-71.051994,42.354196],[-71.051998,42.354193],[-71.052003,42.35419],[-71.052007,42.354188],[-71.052011,42.354185],[-71.052016,42.354182],[-71.05202,42.35418],[-71.052025,42.354177],[-71.052029,42.354175],[-71.052034,42.354172],[-71.052039,42.35417],[-71.052043,42.354167],[-71.052048,42.354165],[-71.052053,42.354163],[-71.052057,42.354161],[-71.052062,42.354158],[-71.052067,42.354156],[-71.052072,42.354154],[-71.052049,42.354138],[-71.052076,42.354124],[-71.051836,42.353891],[-71.051824,42.353909],[-71.051807,42.353888],[-71.051805,42.353892],[-71.051803,42.353896],[-71.0518,42.3539],[-71.051798,42.353904],[-71.051795,42.353907],[-71.051792,42.353911],[-71.051789,42.353915],[-71.051787,42.353918],[-71.051784,42.353922],[-71.051781,42.353925],[-71.051778,42.353929],[-71.051775,42.353933],[-71.051772,42.353936],[-71.051769,42.353939],[-71.051765,42.353943],[-71.051762,42.353946],[-71.051759,42.35395],[-71.051755,42.353953],[-71.051752,42.353956],[-71.051748,42.35396],[-71.051745,42.353963],[-71.051741,42.353966],[-71.051737,42.353969],[-71.051733,42.353972],[-71.05173,42.353975],[-71.051726,42.353978],[-71.051722,42.353981],[-71.051718,42.353984],[-71.051714,42.353987],[-71.05171,42.35399],[-71.051706,42.353993],[-71.051701,42.353996],[-71.051697,42.353999],[-71.051693,42.354001],[-71.051689,42.354004],[-71.051931,42.35425]]]},"properties":{"id":"677571-0","height_m":85.3}},{"type":"Feature","geometry":{"type":"Polygon","coordinates":[[[-71.051975,42.35433],[-71.051978,42.354326],[-71.051981,42.354322],[-71.051983,42.354319],[-71.051986,42.354315],[-71.051989,42.354312],[-71.051992,42.354308],[-71.051995,42.354305],[-71.051998,42.354301],[-71.052001,42.354298],[-71.052005,42.354294],[-71.052008,42.354291],[-71.052011,42.354288],[-71.052015,42.354284],[-71.052018,42.354281],[-71.052022,42.354278],[-71.052025,42.354275],[-71.052029,42.354272],[-71.052032,42.354269],[-71.052036,42.354265],[-71.05204,42.354262],[-71.052044,42.354259],[-71.052048,42.354256],[-71.052052,42.354254],[-71.052056,42.354251],[-71.05206,42.354248],[-71.052064,42.354245],[-71.052068,42.354242],[-71.052072,42.35424],[-71.052077,42.354237],[-71.052081,42.354234],[-71.052085,42.354232],[-71.05209,42.354229],[-71.052094,42.354227],[-71.052099,42.354224],[-71.052103,42.354222],[-71.052108,42.354219],[-71.052113,42.354217],[-71.052117,42.354215],[-71.052122,42.354213],[-71.052127,42.354211],[-71.052132,42.354208],[-71.052122,42.3542],[-71.052166,42.354177],[-71.052039,42.354051],[-71.05212,42.354009],[-71.052144,42.354035],[-71.052236,42.353983],[-71.052209,42.353955],[-71.052284,42.353917],[-71.052437,42.354069],[-71.052442,42.354068],[-71.052448,42.354068],[-71.052453,42.354067],[-71.052459,42.354066],[-71.052464,42.354065],[-71.052469,42.354064],[-71.052475,42.354063],[-71.05248,42.354062],[-71.052485,42.354061],[-71.05249,42.35406],[-71.052496,42.354059],[-71.052501,42.354057],[-71.052506,42.354056],[-71.052511,42.354055],[-71.052516,42.354053],[-71.052522,42.354052],[-71.052527,42.35405],[-71.052532,42.354048],[-71.052537,42.354047],[-71.052542,42.354045],[-71.052547,42.354043],[-71.052552,42.354042],[-71.052556,42.35404],[-71.052561,42.354038],[-71.052566,42.354036],[-71.052571,42.354034],[-71.052576,42.354032],[-71.05258,42.35403],[-71.052585,42.354027],[-71.05259,42.354025],[-71.052594,42.354023],[-71.052599,42.354021],[-71.052603,42.354018],[-71.052608,42.354016],[-71.052612,42.354013],[-71.052616,42.354011],[-71.052621,42.354008],[-71.052625,42.354006],[-71.052617,42.354],[-71.052658,42.353975],[-71.052135,42.353457],[-71.052134,42.353461],[-71.052132,42.353466],[-71.052129,42.35347],[-71.052127,42.353474],[-71.052125,42.353478],[-71.052123,42.353482],[-71.052121,42.353486],[-71.052118,42.35349],[-71.052116,42.353494],[-71.052113,42.353498],[-71.052111,42.353502],[-71.052108,42.353506],[-71.052105,42.35351],[-71.052102,42.353514],[-71.052099,42.353518],[-71.052096,42.353522],[-71.052093,42.353526],[-71.05209,42.353529],[-71.052087,42.353533],[-71.052084,42.353537],[-71.052081,42.353541],[-71.052077,42.353544],[-71.052074,42.353548],[-71.05207,42.353551],[-71.052067,42.353555],[-71.052063,42.353559],[-71.05206,42.353562],[-71.052056,42.353566],[-71.052052,42.353569],[-71.052048,42.353572],[-71.052044,42.353576],[-71.05204,42.353579],[-71.052036,42.353582],[-71.052032,42.353585],[-71.052028,42.353589],[-71.052035,42.353595],[-71.051992,42.353618],[-71.052143,42.353768],[-71.052067,42.353812],[-71.052038,42.353782],[-71.051943,42.353835],[-71.05197,42.353864],[-71.051893,42.353906],[-71.051765,42.353779],[-71.051763,42.353783],[-71.051761,42.353787],[-71.051759,42.353791],[-71.051757,42.353795],[-71.051754,42.353799],[-71.051752,42.353803],[-71.05175,42.353807],[-71.051747,42.353811],[-71.051745,42.353815],[-71.051742,42.353819],[-71.05174,42.353822],[-71.051737,42.353826],[-71.051734,42.35383],[-71.051731,42.353834],[-71.051728,42.353838],[-71.051725,42.353841],[-71.051722,42.353845],[-71.051719,42.353849],[-71.051716,42.353852],[-71.051713,42.353856],[-71.05171,42.353859],[-71.051706,42.353863],[-71.051703,42.353866],[-71.0517,42.35387],[-71.051696,42.353873],[-71.051692,42.353877],[-71.051689,42.35388],[-71.051685,42.353883],[-71.051681,42.353887],[-71.051678,42.35389],[-71.051674,42.353893],[-71.05167,42.353896],[-71.051666,42.353899],[-71.051662,42.353903],[-71.051658,42.353906],[-71.051654,42.353909],[-71.05165,42.353912],[-71.051645,42.353915],[-71.051641,42.353918],[-71.051637,42.35392],[-71.051632,42.353923],[-71.051638,42.353929],[-71.051596,42.353954],[-71.05166,42.35402],[-71.051654,42.354023],[-71.051637,42.354032],[-71.05188,42.354276],[-71.051903,42.354264],[-71.051975,42.35433]]]},"properties":{"id":"677584-0","height_m":77}},{"type":"Feature","geometry":{"type":"Polygon","coordinates":[[[-71.051334,42.354351],[-71.051582,42.354538],[-71.051717,42.354472],[-71.051738,42.354462],[-71.051781,42.354441],[-71.051865,42.3544],[-71.051858,42.354396],[-71.051101,42.353828],[-71.051098,42.353826],[-71.051096,42.353824],[-71.050941,42.354056],[-71.050944,42.354059],[-71.050945,42.35406],[-71.050945,42.354062],[-71.050944,42.354066],[-71.050945,42.35407],[-71.050946,42.354071],[-71.050947,42.354074],[-71.050949,42.354078],[-71.050952,42.354081],[-71.050956,42.354084],[-71.05096,42.354086],[-71.051021,42.354116],[-71.051283,42.354313],[-71.051297,42.354323],[-71.051334,42.354351]]]},"properties":{"id":"677585-0","height_m":51.46}},{"type":"Feature","geometry":{"type":"Polygon","coordinates":[[[-71.059907,42.357305],[-71.059879,42.357338],[-71.060019,42.357409],[-71.060242,42.357137],[-71.06027,42.357103],[-71.060143,42.357037],[-71.060116,42.357061],[-71.060081,42.357045],[-71.060034,42.357094],[-71.059974,42.357164],[-71.059966,42.357173],[-71.059949,42.357193],[-71.059867,42.357286],[-71.059907,42.357305]]]},"properties":{"id":"677587-0","height_m":109.95}},{"type":"Feature","geometry":{"type":"Polygon","coordinates":[[[-71.055417,42.357735],[-71.056262,42.357547],[-71.056144,42.357429],[-71.056091,42.357414],[-71.056079,42.357411],[-71.055947,42.357439],[-71.055948,42.357458],[-71.055826,42.357513],[-71.055768,42.357417],[-71.055941,42.357377],[-71.056047,42.357382],[-71.056046,42.357367],[-71.056043,42.357326],[-71.055894,42.357178],[-71.055892,42.357177],[-71.055751,42.357254],[-71.0557,42.357206],[-71.055842,42.357126],[-71.055694,42.356976],[-71.055538,42.357037],[-71.055387,42.357115],[-71.055389,42.35712],[-71.055208,42.357216],[-71.055417,42.357735]]]},"properties":{"id":"677589-0","height_m":47.38}},{"type":"Feature","geometry":{"type":"Polygon","coordinates":[[[-71.061921,42.356819],[-71.062023,42.356761],[-71.061958,42.356701],[-71.06193,42.356717],[-71.061879,42.356746],[-71.061859,42.356758],[-71.061856,42.356759],[-71.061921,42.356819]]]},"properties":{"id":"677611-0","height_m":32.38}},{"type":"Feature","geometry":{"type":"Polygon","coordinates":[[[-71.054972,42.355786],[-71.055271,42.3556],[-71.054888,42.355247],[-71.054584,42.355429],[-71.054972,42.355786]]]},"properties":{"id":"677639-0","height_m":61.09}},{"type":"Feature","geometry":{"type":"Polygon","coordinates":[[[-71.053606,42.355392],[-71.053816,42.355284],[-71.053581,42.355037],[-71.053555,42.355052],[-71.053491,42.354983],[-71.053514,42.35497],[-71.053285,42.354723],[-71.053073,42.354832],[-71.053307,42.355079],[-71.053332,42.355066],[-71.0534,42.355134],[-71.053374,42.355148],[-71.053606,42.355392]]]},"properties":{"id":"677640-0","height_m":129.67}},{"type":"Feature","geometry":{"type":"Polygon","coordinates":[[[-71.051821,42.356536],[-71.051844,42.356549],[-71.051862,42.356532],[-71.051877,42.356534],[-71.051892,42.356536],[-71.051907,42.356537],[-71.051921,42.356538],[-71.051936,42.356538],[-71.051951,42.356537],[-71.051966,42.356536],[-71.051981,42.356534],[-71.051995,42.356532],[-71.05201,42.356529],[-71.052024,42.356526],[-71.052038,42.356522],[-71.052051,42.356518],[-71.052065,42.356513],[-71.052078,42.356507],[-71.05209,42.356501],[-71.052102,42.356495],[-71.052114,42.356488],[-71.052125,42.356481],[-71.052136,42.356473],[-71.052146,42.356465],[-71.052156,42.356457],[-71.052165,42.356448],[-71.052173,42.356439],[-71.052181,42.35643],[-71.052145,42.356376],[-71.052148,42.356328],[-71.052212,42.356312],[-71.052212,42.356308],[-71.052211,42.356305],[-71.052211,42.356302],[-71.05221,42.356298],[-71.05221,42.356295],[-71.052209,42.356291],[-71.052208,42.356288],[-71.052207,42.356285],[-71.052206,42.356281],[-71.052205,42.356278],[-71.052204,42.356275],[-71.052203,42.356272],[-71.052202,42.356268],[-71.0522,42.356265],[-71.052199,42.356262],[-71.052198,42.356259],[-71.052196,42.356255],[-71.052194,42.356252],[-71.052193,42.356249],[-71.052191,42.356246],[-71.052189,42.356243],[-71.052187,42.35624],[-71.052185,42.356236],[-71.052183,42.356233],[-71.052181,42.35623],[-71.052179,42.356227],[-71.052177,42.356224],[-71.052174,42.356221],[-71.052172,42.356219],[-71.05217,42.356216],[-71.052167,42.356213],[-71.052165,42.35621],[-71.052162,42.356207],[-71.052159,42.356204],[-71.052156,42.356202],[-71.052154,42.356199],[-71.052151,42.356196],[-71.052148,42.356194],[-71.052145,42.356191],[-71.052142,42.356189],[-71.052139,42.356186],[-71.052136,42.356184],[-71.052132,42.356181],[-71.052129,42.356179],[-71.052126,42.356176],[-71.052122,42.356174],[-71.052119,42.356172],[-71.052116,42.356169],[-71.052112,42.356167],[-71.052108,42.356165],[-71.052105,42.356163],[-71.052101,42.356161],[-71.052098,42.356159],[-71.052094,42.356157],[-71.05209,42.356155],[-71.052086,42.356153],[-71.052082,42.356151],[-71.052078,42.35615],[-71.052074,42.356148],[-71.05207,42.356146],[-71.052066,42.356144],[-71.052062,42.356143],[-71.052058,42.356141],[-71.052054,42.35614],[-71.05205,42.356138],[-71.052046,42.356137],[-71.052041,42.356136],[-71.052037,42.356134],[-71.052033,42.356133],[-71.052029,42.356132],[-71.052024,42.356131],[-71.05202,42.35613],[-71.052016,42.356129],[-71.052011,42.356128],[-71.052007,42.356127],[-71.052002,42.356126],[-71.051998,42.356125],[-71.051983,42.356123],[-71.051969,42.356121],[-71.051954,42.35612],[-71.05194,42.356119],[-71.051925,42.356119],[-71.05191,42.35612],[-71.051896,42.356121],[-71.051881,42.356122],[-71.051867,42.356124],[-71.051853,42.356127],[-71.051839,42.35613],[-71.051825,42.356134],[-71.051811,42.356138],[-71.051798,42.356143],[-71.051785,42.356148],[-71.051773,42.356154],[-71.051761,42.35616],[-71.051749,42.356167],[-71.051742,42.356171],[-71.051738,42.356174],[-71.051728,42.356182],[-71.051718,42.35619],[-71.051708,42.356198],[-71.051699,42.356207],[-71.051691,42.356215],[-71.051683,42.356225],[-71.051676,42.356234],[-71.05167,42.356244],[-71.051665,42.356254],[-71.05166,42.356264],[-71.051655,42.356275],[-71.051652,42.356285],[-71.051649,42.356296],[-71.051647,42.356307],[-71.051646,42.356318],[-71.051646,42.356329],[-71.051646,42.35634],[-71.051647,42.35635],[-71.051649,42.356361],[-71.051651,42.356372],[-71.051655,42.356383],[-71.051659,42.356393],[-71.051663,42.356403],[-71.051669,42.356413],[-71.051675,42.356423],[-71.051659,42.35644],[-71.05167,42.356446],[-71.051821,42.356536]]]},"properties":{"id":"677650-0","height_m":128.94}},{"type":"Feature","geometry":{"type":"Polygon","coordinates":[[[-71.056529,42.357503],[-71.056597,42.357501],[-71.056597,42.357494],[-71.056657,42.357492],[-71.056657,42.357499],[-71.056731,42.357497],[-71.05673,42.357491],[-71.056787,42.357489],[-71.056787,42.357495],[-71.056862,42.357493],[-71.056861,42.357488],[-71.056922,42.357487],[-71.056922,42.357492],[-71.056992,42.35749],[-71.056992,42.357503],[-71.057055,42.357501],[-71.057055,42.357495],[-71.057117,42.357494],[-71.057117,42.357499],[-71.057178,42.357498],[-71.057177,42.357487],[-71.05724,42.357485],[-71.057238,42.357436],[-71.057233,42.357436],[-71.057229,42.357347],[-71.057237,42.357346],[-71.057235,42.35731],[-71.057232,42.357311],[-71.057227,42.357195],[-71.057225,42.357157],[-71.057221,42.357058],[-71.057229,42.357057],[-71.057228,42.35702],[-71.05722,42.35702],[-71.05722,42.357013],[-71.057215,42.357013],[-71.057211,42.356923],[-71.057215,42.356923],[-71.057213,42.356872],[-71.057154,42.356874],[-71.057153,42.35686],[-71.05709,42.356862],[-71.05709,42.356866],[-71.057033,42.356867],[-71.057032,42.356863],[-71.056971,42.356865],[-71.056971,42.356879],[-71.056896,42.356881],[-71.056896,42.356884],[-71.056841,42.356885],[-71.056841,42.356879],[-71.056764,42.356881],[-71.056764,42.356887],[-71.05671,42.356889],[-71.05671,42.356884],[-71.056631,42.356886],[-71.056631,42.356889],[-71.056575,42.356891],[-71.056575,42.356884],[-71.056506,42.356886],[-71.056507,42.356894],[-71.056496,42.356894],[-71.056497,42.356931],[-71.056512,42.356931],[-71.056512,42.356936],[-71.056513,42.356969],[-71.056505,42.35697],[-71.056506,42.356977],[-71.056506,42.356985],[-71.056515,42.356985],[-71.056517,42.357023],[-71.056508,42.357023],[-71.056509,42.357031],[-71.056501,42.357032],[-71.056503,42.357073],[-71.056537,42.357072],[-71.056539,42.357094],[-71.056686,42.35709],[-71.056684,42.357076],[-71.05655,42.357081],[-71.056548,42.357012],[-71.056553,42.357011],[-71.056553,42.357007],[-71.056662,42.357005],[-71.056662,42.357009],[-71.056712,42.357008],[-71.056714,42.35703],[-71.056969,42.357021],[-71.056983,42.357349],[-71.056729,42.357356],[-71.05673,42.35737],[-71.05668,42.357372],[-71.05668,42.357376],[-71.056562,42.357378],[-71.056559,42.357308],[-71.056689,42.357304],[-71.056688,42.357288],[-71.056545,42.357292],[-71.056547,42.357318],[-71.056516,42.357318],[-71.056518,42.357362],[-71.056529,42.357361],[-71.056531,42.357402],[-71.056523,42.357402],[-71.056524,42.357411],[-71.056524,42.357413],[-71.056534,42.357413],[-71.056536,42.357449],[-71.056536,42.357451],[-71.056527,42.357451],[-71.056529,42.357503]]]},"properties":{"id":"677651-0","height_m":76.26}},{"type":"Feature","geometry":{"type":"Polygon","coordinates":[[[-71.052974,42.355216],[-71.053166,42.355116],[-71.053032,42.354969],[-71.052837,42.35507],[-71.052974,42.355216]]]},"properties":{"id":"677682-0","height_m":39.37}},{"type":"Feature","geometry":{"type":"Polygon","coordinates":[[[-71.053104,42.355868],[-71.053136,42.355846],[-71.053164,42.355868],[-71.053192,42.355843],[-71.053229,42.355863],[-71.053369,42.355733],[-71.053341,42.355704],[-71.053372,42.355676],[-71.053267,42.355562],[-71.053252,42.35557],[-71.053236,42.355555],[-71.053249,42.355547],[-71.053144,42.355433],[-71.053129,42.355441],[-71.053113,42.355425],[-71.053127,42.355416],[-71.053019,42.355305],[-71.052963,42.355336],[-71.052924,42.355297],[-71.052652,42.355436],[-71.052697,42.355472],[-71.052633,42.355518],[-71.052778,42.355624],[-71.05279,42.355617],[-71.052812,42.355631],[-71.052798,42.35564],[-71.05294,42.355747],[-71.052952,42.355738],[-71.052972,42.355753],[-71.052959,42.355763],[-71.053104,42.355868]]]},"properties":{"id":"677683-0","height_m":86.32}},{"type":"Feature","geometry":{"type":"Polygon","coordinates":[[[-71.061607,42.355908],[-71.061706,42.355955],[-71.061927,42.355741],[-71.061865,42.355712],[-71.061876,42.355699],[-71.061811,42.35567],[-71.061607,42.355908]]]},"properties":{"id":"677773-0","height_m":17.45}},{"type":"Feature","geometry":{"type":"Polygon","coordinates":[[[-71.060484,42.356778],[-71.060708,42.356875],[-71.060893,42.356684],[-71.060733,42.356598],[-71.060721,42.356592],[-71.06069,42.356576],[-71.060535,42.356737],[-71.060527,42.356733],[-71.060484,42.356778]]]},"properties":{"id":"677782-0","height_m":26.72}},{"type":"Feature","geometry":{"type":"Polygon","coordinates":[[[-71.060032,42.35658],[-71.060223,42.356663],[-71.06035,42.356515],[-71.060182,42.356438],[-71.060032,42.35658]]]},"properties":{"id":"677783-0","height_m":16.02}},{"type":"Feature","geometry":{"type":"Polygon","coordinates":[[[-71.061163,42.356086],[-71.061233,42.356118],[-71.061292,42.356053],[-71.0614,42.356103],[-71.061419,42.356078],[-71.061507,42.355972],[-71.061206,42.35583],[-71.061201,42.355836],[-71.061176,42.355865],[-71.061185,42.355869],[-71.06117,42.355886],[-71.06113,42.355933],[-71.061071,42.356001],[-71.061188,42.356057],[-71.061163,42.356086]]]},"properties":{"id":"677784-0","height_m":19.49}},{"type":"Feature","geometry":{"type":"Polygon","coordinates":[[[-71.056824,42.356545],[-71.05685,42.356694],[-71.057032,42.356676],[-71.05727,42.356653],[-71.057262,42.356504],[-71.056824,42.356545]]]},"properties":{"id":"677785-0","height_m":34.23}},{"type":"Feature","geometry":{"type":"Polygon","coordinates":[[[-71.062435,42.35755],[-71.062466,42.357537],[-71.062543,42.357597],[-71.062572,42.357599],[-71.062861,42.357477],[-71.062788,42.357381],[-71.062726,42.357321],[-71.062715,42.357328],[-71.062711,42.357324],[-71.062477,42.357458],[-71.062399,42.357511],[-71.062409,42.357519],[-71.062404,42.357525],[-71.062435,42.35755]]]},"properties":{"id":"677786-0","height_m":22.34}},{"type":"Feature","geometry":{"type":"Polygon","coordinates":[[[-71.068961,42.357023],[-71.069011,42.357138],[-71.069068,42.357126],[-71.069019,42.35701],[-71.069014,42.357011],[-71.069008,42.357012],[-71.069007,42.357009],[-71.068999,42.357007],[-71.068978,42.357012],[-71.068973,42.357016],[-71.068974,42.35702],[-71.068963,42.357022],[-71.068961,42.357023]]]},"properties":{"id":"677788-0","height_m":14.44}},{"type":"Feature","geometry":{"type":"Polygon","coordinates":[[[-71.06661,42.357648],[-71.066617,42.357668],[-71.066689,42.357652],[-71.066642,42.35752],[-71.0666,42.357529],[-71.066589,42.3575],[-71.0666,42.357497],[-71.066591,42.357473],[-71.066579,42.357445],[-71.066534,42.357455],[-71.066567,42.357536],[-71.066567,42.357536],[-71.066567,42.357537],[-71.066563,42.357538],[-71.06661,42.357648]]]},"properties":{"id":"677792-0","height_m":15.5}},{"type":"Feature","geometry":{"type":"Polygon","coordinates":[[[-71.066769,42.357286],[-71.066792,42.35734],[-71.066843,42.35733],[-71.066937,42.35731],[-71.067004,42.357293],[-71.067002,42.35729],[-71.066987,42.35725],[-71.066962,42.357192],[-71.066916,42.357202],[-71.066797,42.357228],[-71.066749,42.357239],[-71.066769,42.357286]]]},"properties":{"id":"677793-0","height_m":8.32}},{"type":"Feature","geometry":{"type":"Polygon","coordinates":[[[-71.066576,42.35734],[-71.066596,42.357383],[-71.066792,42.35734],[-71.066769,42.357286],[-71.066669,42.357305],[-71.066664,42.35729],[-71.066637,42.357296],[-71.066648,42.357324],[-71.066576,42.35734]]]},"properties":{"id":"677794-0","height_m":8.32}},{"type":"Feature","geometry":{"type":"Polygon","coordinates":[[[-71.066867,42.357476],[-71.066881,42.357511],[-71.066907,42.357505],[-71.066945,42.357597],[-71.067044,42.357575],[-71.06699,42.357445],[-71.066976,42.357448],[-71.066915,42.357461],[-71.066867,42.357476]]]},"properties":{"id":"677795-0","height_m":13.02}},{"type":"Feature","geometry":{"type":"Polygon","coordinates":[[[-71.067893,42.357168],[-71.067887,42.357169],[-71.067965,42.35737],[-71.068026,42.357357],[-71.068021,42.357344],[-71.067982,42.357239],[-71.067966,42.357198],[-71.06795,42.357156],[-71.067944,42.357157],[-71.067939,42.357156],[-71.067933,42.357155],[-71.067928,42.357155],[-71.067922,42.357155],[-71.067916,42.357156],[-71.067911,42.357157],[-71.067906,42.357159],[-71.067901,42.357162],[-71.067897,42.357165],[-71.067893,42.357168],[-71.067893,42.357168]]]},"properties":{"id":"677798-0","height_m":14.6}},{"type":"Feature","geometry":{"type":"Polygon","coordinates":[[[-71.067872,42.357545],[-71.067929,42.357678],[-71.068003,42.357664],[-71.068031,42.357657],[-71.068032,42.357659],[-71.068035,42.357659],[-71.068038,42.357658],[-71.068141,42.357633],[-71.068086,42.357498],[-71.068084,42.357493],[-71.068079,42.357494],[-71.068046,42.357501],[-71.068029,42.357492],[-71.067983,42.357502],[-71.067989,42.357518],[-71.06798,42.35752],[-71.067913,42.357535],[-71.067905,42.357537],[-71.067872,42.357545]]]},"properties":{"id":"677800-0","height_m":17.7}},{"type":"Feature","geometry":{"type":"Polygon","coordinates":[[[-71.068451,42.35714],[-71.068491,42.357249],[-71.068564,42.357234],[-71.068519,42.357125],[-71.068451,42.35714]]]},"properties":{"id":"677802-0","height_m":13.95}},{"type":"Feature","geometry":{"type":"Polygon","coordinates":[[[-71.067307,42.357137],[-71.067338,42.357218],[-71.067442,42.357195],[-71.067409,42.357111],[-71.067403,42.357097],[-71.067425,42.357092],[-71.067422,42.357085],[-71.067421,42.357084],[-71.0673,42.357109],[-71.067296,42.35711],[-71.067307,42.357137]]]},"properties":{"id":"677936-0","height_m":9.24}},{"type":"Feature","geometry":{"type":"Polygon","coordinates":[[[-71.061983,42.355347],[-71.061743,42.355611],[-71.061725,42.355631],[-71.061811,42.35567],[-71.061876,42.355699],[-71.061882,42.355702],[-71.062048,42.355509],[-71.062022,42.355497],[-71.062152,42.355352],[-71.062078,42.355315],[-71.062074,42.355319],[-71.061875,42.355214],[-71.061873,42.35521],[-71.061871,42.355206],[-71.061868,42.355202],[-71.061864,42.355198],[-71.061859,42.355195],[-71.061855,42.355193],[-71.061849,42.35519],[-71.061844,42.355189],[-71.061838,42.355188],[-71.061832,42.355187],[-71.061826,42.355188],[-71.061819,42.355184],[-71.061816,42.355187],[-71.061766,42.355241],[-71.061983,42.355347]]]},"properties":{"id":"678016-0","height_m":19.68}},{"type":"Feature","geometry":{"type":"Polygon","coordinates":[[[-71.061743,42.355611],[-71.061983,42.355347],[-71.061766,42.355241],[-71.061714,42.355298],[-71.061593,42.355433],[-71.061633,42.355452],[-71.061549,42.355553],[-71.061632,42.35559],[-71.06165,42.355567],[-71.061743,42.355611]]]},"properties":{"id":"678017-0","height_m":12.08}},{"type":"Feature","geometry":{"type":"Polygon","coordinates":[[[-71.059757,42.356263],[-71.059746,42.356271],[-71.059698,42.356306],[-71.05967,42.356327],[-71.059608,42.356373],[-71.05959,42.356386],[-71.059588,42.356388],[-71.05991,42.356534],[-71.060008,42.356443],[-71.059928,42.3564],[-71.059965,42.356358],[-71.059765,42.356266],[-71.059758,42.356262],[-71.059757,42.356263]]]},"properties":{"id":"678027-0","height_m":38.83}},{"type":"Feature","geometry":{"type":"Polygon","coordinates":[[[-71.06062,42.356085],[-71.060668,42.356108],[-71.060689,42.356118],[-71.06079,42.356008],[-71.060908,42.356063],[-71.060968,42.355992],[-71.060974,42.355995],[-71.061147,42.35583],[-71.061155,42.355834],[-71.061169,42.355818],[-71.061164,42.355816],[-71.060952,42.355719],[-71.060675,42.356021],[-71.060241,42.355835],[-71.06024,42.355836],[-71.060192,42.355879],[-71.060192,42.355879],[-71.06062,42.356085]]]},"properties":{"id":"678028-0","height_m":22.81}},{"type":"Feature","geometry":{"type":"Polygon","coordinates":[[[-71.057405,42.357429],[-71.057562,42.357424],[-71.057805,42.357405],[-71.057806,42.357357],[-71.057791,42.357358],[-71.057788,42.357309],[-71.057811,42.357309],[-71.057809,42.357269],[-71.057618,42.357267],[-71.057615,42.357217],[-71.057551,42.357218],[-71.057551,42.357209],[-71.057407,42.357212],[-71.057392,42.357213],[-71.057405,42.357429]]]},"properties":{"id":"678029-0","height_m":39.15}},{"type":"Feature","geometry":{"type":"Polygon","coordinates":[[[-71.056059,42.355848],[-71.056064,42.355856],[-71.056054,42.355859],[-71.056124,42.355968],[-71.056142,42.356],[-71.056151,42.356017],[-71.056155,42.356024],[-71.056164,42.356041],[-71.056168,42.356048],[-71.05617,42.356048],[-71.056508,42.356017],[-71.05647,42.355808],[-71.056462,42.355779],[-71.056428,42.355784],[-71.056429,42.355787],[-71.056388,42.355794],[-71.056379,42.355762],[-71.056125,42.35581],[-71.056133,42.355839],[-71.056091,42.355845],[-71.05609,42.355843],[-71.056059,42.355848]]]},"properties":{"id":"678030-0","height_m":38.19}},{"type":"Feature","geometry":{"type":"Polygon","coordinates":[[[-71.068515,42.357115],[-71.068519,42.357125],[-71.068564,42.357234],[-71.068653,42.357215],[-71.068609,42.3571],[-71.068568,42.357109],[-71.068548,42.357059],[-71.068547,42.357056],[-71.068499,42.357067],[-71.068497,42.357067],[-71.068499,42.357074],[-71.068515,42.357115]]]},"properties":{"id":"678037-0","height_m":13.61}},{"type":"Feature","geometry":{"type":"Polygon","coordinates":[[[-71.067299,42.356765],[-71.067291,42.356767],[-71.0674,42.357031],[-71.067514,42.357005],[-71.06741,42.356741],[-71.067299,42.356765]]]},"properties":{"id":"678087-0","height_m":21.67}},{"type":"Feature","geometry":{"type":"Polygon","coordinates":[[[-71.052845,42.345448],[-71.052836,42.345463],[-71.052826,42.345481],[-71.052786,42.345552],[-71.053046,42.345633],[-71.053116,42.345511],[-71.052856,42.345429],[-71.052845,42.345448]]]},"properties":{"id":"678143-0","height_m":4.34}},{"type":"Feature","geometry":{"type":"Polygon","coordinates":[[[-71.053056,42.345636],[-71.053174,42.345674],[-71.053183,42.34566],[-71.053212,42.34561],[-71.053093,42.345572],[-71.053056,42.345636]]]},"properties":{"id":"678144-0","height_m":4.34}},{"type":"Feature","geometry":{"type":"Polygon","coordinates":[[[-71.05298,42.346274],[-71.052949,42.346322],[-71.052998,42.346338],[-71.053116,42.346376],[-71.053242,42.346417],[-71.053385,42.346163],[-71.053595,42.34623],[-71.053659,42.34625],[-71.053715,42.346299],[-71.053942,42.346371],[-71.054056,42.346407],[-71.054108,42.34639],[-71.054206,42.34622],[-71.054603,42.345527],[-71.054617,42.345501],[-71.054761,42.345251],[-71.054781,42.345215],[-71.054795,42.345191],[-71.054976,42.344875],[-71.054992,42.344848],[-71.055003,42.344828],[-71.055249,42.344398],[-71.055263,42.344375],[-71.055313,42.344286],[-71.055323,42.344269],[-71.055345,42.344271],[-71.055355,42.344273],[-71.055394,42.344282],[-71.055437,42.344292],[-71.05554,42.344316],[-71.055568,42.344376],[-71.055567,42.344379],[-71.055544,42.344432],[-71.055546,42.344433],[-71.055631,42.344453],[-71.055675,42.344349],[-71.055864,42.344394],[-71.055865,42.344393],[-71.055971,42.344354],[-71.056016,42.344247],[-71.056027,42.344249],[-71.056111,42.34405],[-71.055955,42.344012],[-71.05587,42.344208],[-71.055556,42.344137],[-71.05556,42.344126],[-71.055184,42.344036],[-71.055119,42.343977],[-71.055173,42.343852],[-71.054781,42.343725],[-71.054838,42.343586],[-71.054925,42.343393],[-71.054902,42.343388],[-71.054809,42.343367],[-71.054736,42.34335],[-71.054721,42.343385],[-71.05466,42.34353],[-71.054195,42.343421],[-71.054201,42.343407],[-71.053907,42.343338],[-71.053903,42.343347],[-71.053892,42.34337],[-71.053878,42.343366],[-71.053843,42.343355],[-71.053786,42.343455],[-71.053673,42.343652],[-71.053672,42.343654],[-71.053668,42.34366],[-71.053766,42.343691],[-71.053778,42.343694],[-71.05396,42.343752],[-71.054281,42.343853],[-71.054314,42.343863],[-71.054323,42.343866],[-71.054392,42.343888],[-71.054402,42.343891],[-71.054435,42.343901],[-71.054446,42.343905],[-71.054468,42.343912],[-71.054524,42.343929],[-71.054558,42.34394],[-71.054571,42.343944],[-71.054572,42.343945],[-71.054477,42.344111],[-71.054472,42.34412],[-71.054475,42.344121],[-71.054542,42.344142],[-71.054494,42.344226],[-71.054435,42.344207],[-71.054338,42.344376],[-71.054351,42.34438],[-71.054355,42.344381],[-71.054381,42.344389],[-71.054398,42.344395],[-71.054256,42.344642],[-71.054038,42.345022],[-71.054006,42.345079],[-71.05384,42.345368],[-71.053788,42.34546],[-71.053621,42.345407],[-71.053575,42.345486],[-71.053601,42.345494],[-71.053703,42.345527],[-71.053721,42.345532],[-71.053743,42.345539],[-71.053709,42.345597],[-71.053674,42.345659],[-71.053627,42.345644],[-71.053543,42.345791],[-71.053442,42.34576],[-71.053457,42.345734],[-71.053452,42.345733],[-71.053418,42.345722],[-71.053411,42.34572],[-71.053335,42.345696],[-71.053321,42.345721],[-71.053249,42.345699],[-71.053258,42.345683],[-71.053183,42.34566],[-71.053174,42.345674],[-71.053056,42.345636],[-71.053046,42.345633],[-71.052786,42.345552],[-71.05272,42.345531],[-71.052704,42.345526],[-71.052682,42.345519],[-71.052614,42.345497],[-71.052318,42.346013],[-71.052311,42.346025],[-71.052309,42.346029],[-71.052379,42.346054],[-71.05298,42.346274]]]},"properties":{"id":"678146-0","height_m":8.75}},{"type":"Feature","geometry":{"type":"Polygon","coordinates":[[[-71.053242,42.346417],[-71.053449,42.346483],[-71.05354,42.346324],[-71.053595,42.34623],[-71.053385,42.346163],[-71.053242,42.346417]]]},"properties":{"id":"678147-0","height_m":7.75}},{"type":"Feature","geometry":{"type":"Polygon","coordinates":[[[-71.052305,42.346766],[-71.052446,42.346818],[-71.052434,42.346836],[-71.052433,42.346838],[-71.052569,42.346888],[-71.052575,42.346879],[-71.052728,42.346651],[-71.052748,42.346621],[-71.052848,42.346472],[-71.052949,42.346322],[-71.05298,42.346274],[-71.052379,42.346054],[-71.052347,42.346103],[-71.052298,42.346086],[-71.052199,42.346233],[-71.052187,42.346228],[-71.052179,42.346225],[-71.052103,42.346339],[-71.052171,42.346364],[-71.052045,42.346552],[-71.051985,42.34653],[-71.051928,42.346615],[-71.051988,42.346637],[-71.051982,42.346646],[-71.052048,42.346671],[-71.052081,42.346684],[-71.052305,42.346766]]]},"properties":{"id":"678148-0","height_m":5.77}},{"type":"Feature","geometry":{"type":"Polygon","coordinates":[[[-71.053112,42.352091],[-71.052867,42.352419],[-71.052814,42.352445],[-71.052798,42.352469],[-71.052817,42.352487],[-71.052767,42.352554],[-71.052761,42.352562],[-71.052851,42.352645],[-71.053227,42.35214],[-71.053112,42.352091],[-71.053112,42.352091]]]},"properties":{"id":"678149-0","height_m":8.45}},{"type":"Feature","geometry":{"type":"Polygon","coordinates":[[[-71.052851,42.352645],[-71.052843,42.352656],[-71.052822,42.352685],[-71.053339,42.353178],[-71.053341,42.35318],[-71.053369,42.353139],[-71.053031,42.352815],[-71.053462,42.352236],[-71.054001,42.352453],[-71.054029,42.352417],[-71.053989,42.3524],[-71.0539,42.352364],[-71.053783,42.352316],[-71.053767,42.352309],[-71.053758,42.352306],[-71.053256,42.3521],[-71.053227,42.35214],[-71.052851,42.352645]]]},"properties":{"id":"678150-0","height_m":17.36}},{"type":"Feature","geometry":{"type":"Polygon","coordinates":[[[-71.053369,42.353139],[-71.05346,42.353226],[-71.053671,42.353428],[-71.053875,42.353153],[-71.053851,42.353129],[-71.053657,42.352942],[-71.053651,42.352936],[-71.053584,42.352877],[-71.053831,42.35255],[-71.05391,42.352584],[-71.053945,42.352598],[-71.05403,42.352633],[-71.054124,42.352505],[-71.054001,42.352453],[-71.053462,42.352236],[-71.053031,42.352815],[-71.053369,42.353139]]]},"properties":{"id":"678151-0","height_m":22.09}},{"type":"Feature","geometry":{"type":"Polygon","coordinates":[[[-71.053661,42.354726],[-71.053707,42.354773],[-71.053925,42.35466],[-71.053884,42.354618],[-71.053879,42.354614],[-71.053661,42.354726]]]},"properties":{"id":"678152-0","height_m":20.33}},{"type":"Feature","geometry":{"type":"Polygon","coordinates":[[[-71.053425,42.352998],[-71.053541,42.353109],[-71.053608,42.353018],[-71.053493,42.352905],[-71.053425,42.352998]]]},"properties":{"id":"678153-0","height_m":26.64}},{"type":"Feature","geometry":{"type":"Polygon","coordinates":[[[-71.053391,42.352543],[-71.053493,42.352586],[-71.053584,42.352462],[-71.05348,42.352419],[-71.053391,42.352543]]]},"properties":{"id":"678154-0","height_m":17.34}},{"type":"Feature","geometry":{"type":"Polygon","coordinates":[[[-71.052624,42.355342],[-71.052632,42.355351],[-71.052666,42.355393],[-71.052687,42.355418],[-71.052687,42.355419],[-71.052861,42.355329],[-71.052797,42.355262],[-71.052624,42.355342]]]},"properties":{"id":"678155-0","height_m":23.07}},{"type":"Feature","geometry":{"type":"Polygon","coordinates":[[[-71.060489,42.356236],[-71.060539,42.356259],[-71.060668,42.356108],[-71.06062,42.356085],[-71.060489,42.356236]]]},"properties":{"id":"678157-0","height_m":null}},{"type":"Feature","geometry":{"type":"Polygon","coordinates":[[[-71.060562,42.357082],[-71.06063,42.357116],[-71.060673,42.357067],[-71.06069,42.357074],[-71.060714,42.357045],[-71.060697,42.357037],[-71.060736,42.356994],[-71.060666,42.356963],[-71.060562,42.357082]]]},"properties":{"id":"678268-0","height_m":null}},{"type":"Feature","geometry":{"type":"Polygon","coordinates":[[[-71.059946,42.357499],[-71.060019,42.357409],[-71.059879,42.357338],[-71.059907,42.357305],[-71.059867,42.357286],[-71.059949,42.357193],[-71.059935,42.357187],[-71.059919,42.35718],[-71.059799,42.357341],[-71.059786,42.357335],[-71.059739,42.35739],[-71.059742,42.357392],[-71.059745,42.357388],[-71.059757,42.357394],[-71.059727,42.357429],[-71.059718,42.357438],[-71.059717,42.35744],[-71.059806,42.35748],[-71.059832,42.357447],[-71.059946,42.357499]]]},"properties":{"id":"678269-0","height_m":null}},{"type":"Feature","geometry":{"type":"Polygon","coordinates":[[[-71.055768,42.357417],[-71.055826,42.357513],[-71.055948,42.357458],[-71.055947,42.357439],[-71.056079,42.357411],[-71.056047,42.357382],[-71.055941,42.357377],[-71.055768,42.357417]]]},"properties":{"id":"678272-0","height_m":null}},{"type":"Feature","geometry":{"type":"Polygon","coordinates":[[[-71.0557,42.357206],[-71.055751,42.357254],[-71.055892,42.357177],[-71.055842,42.357126],[-71.0557,42.357206]]]},"properties":{"id":"678273-0","height_m":null}},{"type":"Feature","geometry":{"type":"Polygon","coordinates":[[[-71.053271,42.356802],[-71.053398,42.356737],[-71.053421,42.356762],[-71.053624,42.356658],[-71.053602,42.356634],[-71.053743,42.356562],[-71.053278,42.35622],[-71.053162,42.356285],[-71.05318,42.356305],[-71.053037,42.35638],[-71.053056,42.356402],[-71.053276,42.356285],[-71.053661,42.356568],[-71.0533,42.356764],[-71.05302,42.356481],[-71.053,42.35649],[-71.053038,42.356534],[-71.053087,42.356591],[-71.053114,42.356621],[-71.053189,42.356708],[-71.053271,42.356802]]]},"properties":{"id":"678275-0","height_m":null}},{"type":"Feature","geometry":{"type":"Polygon","coordinates":[[[-71.052743,42.356531],[-71.05271,42.356538],[-71.052651,42.35655],[-71.05273,42.356745],[-71.052732,42.356744],[-71.052925,42.356675],[-71.052935,42.356672],[-71.052801,42.356518],[-71.052743,42.356531]]]},"properties":{"id":"678276-0","height_m":null}},{"type":"Feature","geometry":{"type":"Polygon","coordinates":[[[-71.052067,42.356834],[-71.052049,42.356852],[-71.052136,42.356882],[-71.052165,42.35684],[-71.052309,42.356807],[-71.052303,42.356798],[-71.052215,42.356817],[-71.052201,42.356778],[-71.052057,42.356808],[-71.052067,42.356834]]]},"properties":{"id":"678277-0","height_m":null}},{"type":"Feature","geometry":{"type":"Polygon","coordinates":[[[-71.052468,42.356827],[-71.052458,42.356829],[-71.052508,42.356881],[-71.052572,42.35684],[-71.052546,42.356814],[-71.052468,42.356827]]]},"properties":{"id":"678278-0","height_m":null}},{"type":"Feature","geometry":{"type":"Polygon","coordinates":[[[-71.058065,42.357254],[-71.05811,42.357278],[-71.058146,42.357241],[-71.058168,42.357199],[-71.058234,42.357136],[-71.058214,42.357125],[-71.058241,42.357098],[-71.058395,42.357179],[-71.058411,42.357163],[-71.058386,42.35715],[-71.058389,42.357146],[-71.058337,42.357119],[-71.058331,42.357125],[-71.058321,42.357119],[-71.058317,42.357122],[-71.058196,42.357057],[-71.058185,42.357068],[-71.058168,42.357059],[-71.058165,42.357062],[-71.058163,42.357064],[-71.058136,42.357049],[-71.058116,42.357038],[-71.058097,42.357149],[-71.058076,42.357147],[-71.058065,42.357254]]]},"properties":{"id":"678283-0","height_m":null}},{"type":"Feature","geometry":{"type":"Polygon","coordinates":[[[-71.058323,42.356454],[-71.058478,42.356528],[-71.058533,42.356458],[-71.058369,42.356383],[-71.058323,42.356454]]]},"properties":{"id":"678360-0","height_m":null}},{"type":"Feature","geometry":{"type":"Polygon","coordinates":[[[-71.059331,42.357011],[-71.059562,42.357094],[-71.059585,42.35706],[-71.059355,42.356977],[-71.059331,42.357011]]]},"properties":{"id":"678362-0","height_m":null}},{"type":"Feature","geometry":{"type":"Polygon","coordinates":[[[-71.058592,42.356557],[-71.058642,42.356498],[-71.05854,42.356449],[-71.058533,42.356458],[-71.058478,42.356528],[-71.05852,42.356544],[-71.058532,42.356531],[-71.058592,42.356557]]]},"properties":{"id":"678363-0","height_m":null}},{"type":"Feature","geometry":{"type":"Polygon","coordinates":[[[-71.058855,42.35675],[-71.058965,42.356651],[-71.058642,42.356498],[-71.058592,42.356557],[-71.058591,42.356558],[-71.058623,42.356573],[-71.058546,42.356664],[-71.0586,42.356689],[-71.058641,42.356644],[-71.058855,42.35675]]]},"properties":{"id":"678364-0","height_m":null}},{"type":"Feature","geometry":{"type":"Polygon","coordinates":[[[-71.059965,42.356358],[-71.059928,42.3564],[-71.060008,42.356443],[-71.060145,42.356315],[-71.060038,42.356267],[-71.059965,42.356358]]]},"properties":{"id":"678365-0","height_m":null}},{"type":"Feature","geometry":{"type":"Polygon","coordinates":[[[-71.056699,42.356032],[-71.056736,42.356238],[-71.056738,42.356238],[-71.056768,42.356235],[-71.05673,42.356029],[-71.056699,42.356032]]]},"properties":{"id":"678366-0","height_m":null}},{"type":"Feature","geometry":{"type":"Polygon","coordinates":[[[-71.062932,42.357653],[-71.062944,42.357649],[-71.062944,42.357649],[-71.062952,42.357646],[-71.062929,42.357614],[-71.062951,42.357606],[-71.062953,42.357605],[-71.062931,42.357577],[-71.062914,42.357555],[-71.06288,42.357511],[-71.062665,42.357596],[-71.062705,42.357653],[-71.062713,42.35765],[-71.062699,42.357632],[-71.062869,42.357561],[-71.062932,42.357653]]]},"properties":{"id":"678367-0","height_m":null}},{"type":"Feature","geometry":{"type":"Polygon","coordinates":[[[-71.066828,42.357426],[-71.06683,42.357431],[-71.06684,42.357418],[-71.066879,42.357412],[-71.066899,42.357421],[-71.066872,42.357354],[-71.066861,42.357356],[-71.066854,42.357358],[-71.066843,42.35733],[-71.066792,42.35734],[-71.066805,42.357369],[-71.066828,42.357426]]]},"properties":{"id":"678375-0","height_m":null}},{"type":"Feature","geometry":{"type":"Polygon","coordinates":[[[-71.068022,42.357187],[-71.068014,42.357188],[-71.06803,42.357229],[-71.068061,42.357223],[-71.068049,42.357192],[-71.068045,42.357182],[-71.068022,42.357187]]]},"properties":{"id":"678376-0","height_m":null}},{"type":"Feature","geometry":{"type":"Polygon","coordinates":[[[-71.068061,42.357223],[-71.068116,42.357211],[-71.068114,42.357207],[-71.068122,42.357197],[-71.068143,42.357193],[-71.06815,42.357195],[-71.06814,42.357169],[-71.068124,42.357128],[-71.068113,42.357099],[-71.068109,42.357091],[-71.068072,42.357099],[-71.068103,42.35718],[-71.06809,42.357183],[-71.068053,42.357191],[-71.068049,42.357192],[-71.068061,42.357223]]]},"properties":{"id":"678377-0","height_m":null}},{"type":"Feature","geometry":{"type":"Polygon","coordinates":[[[-71.06816,42.357165],[-71.06814,42.357169],[-71.06815,42.357195],[-71.068155,42.357198],[-71.068158,42.357203],[-71.068186,42.357196],[-71.068172,42.357162],[-71.06816,42.357165]]]},"properties":{"id":"678378-0","height_m":null}},{"type":"Feature","geometry":{"type":"Polygon","coordinates":[[[-71.068629,42.356979],[-71.068597,42.356986],[-71.068567,42.356992],[-71.068568,42.356993],[-71.068589,42.357047],[-71.068589,42.357048],[-71.068669,42.357031],[-71.068664,42.357017],[-71.068647,42.356975],[-71.068629,42.356979]]]},"properties":{"id":"678379-0","height_m":null}},{"type":"Feature","geometry":{"type":"Polygon","coordinates":[[[-71.068896,42.356921],[-71.06885,42.356931],[-71.068826,42.356936],[-71.068861,42.357019],[-71.068897,42.357011],[-71.068887,42.356985],[-71.068925,42.356977],[-71.068903,42.356919],[-71.068896,42.356921]]]},"properties":{"id":"678380-0","height_m":null}},{"type":"Feature","geometry":{"type":"Polygon","coordinates":[[[-71.052911,42.3549],[-71.052901,42.354903],[-71.052868,42.354917],[-71.052836,42.354932],[-71.052821,42.354941],[-71.052792,42.354959],[-71.052766,42.354979],[-71.052753,42.35499],[-71.052744,42.354997],[-71.052766,42.35502],[-71.052776,42.355016],[-71.052771,42.35501],[-71.052975,42.354899],[-71.052983,42.354906],[-71.052994,42.3549],[-71.052968,42.354877],[-71.052974,42.354882],[-71.052957,42.354891],[-71.052953,42.354887],[-71.052918,42.354897],[-71.052911,42.3549]]]},"properties":{"id":"678481-0","height_m":null}},{"type":"Feature","geometry":{"type":"Polygon","coordinates":[[[-71.057584,42.355697],[-71.057594,42.355705],[-71.057807,42.355713],[-71.057826,42.355664],[-71.057589,42.355653],[-71.057584,42.355697]]]},"properties":{"id":"678514-0","height_m":null}},{"type":"Feature","geometry":{"type":"Polygon","coordinates":[[[-71.056643,42.355551],[-71.056617,42.355575],[-71.056699,42.356032],[-71.05673,42.356029],[-71.056647,42.355572],[-71.05721,42.355524],[-71.057215,42.355554],[-71.057244,42.355551],[-71.057239,42.355525],[-71.057233,42.355526],[-71.057229,42.3555],[-71.057197,42.355497],[-71.056643,42.355551]]]},"properties":{"id":"678516-0","height_m":null}},{"type":"Feature","geometry":{"type":"Polygon","coordinates":[[[-71.068833,42.357053],[-71.068872,42.357045],[-71.068861,42.357019],[-71.068826,42.356936],[-71.068798,42.356942],[-71.068767,42.356949],[-71.068743,42.356954],[-71.068753,42.356979],[-71.0688,42.356969],[-71.068833,42.357053]]]},"properties":{"id":"678517-0","height_m":null}},{"type":"Feature","geometry":{"type":"Polygon","coordinates":[[[-71.0673,42.357109],[-71.067421,42.357084],[-71.067402,42.357037],[-71.0674,42.357031],[-71.06733,42.357046],[-71.067302,42.35698],[-71.067281,42.356985],[-71.067269,42.356981],[-71.06726,42.356961],[-71.067267,42.35695],[-71.067293,42.356945],[-71.067268,42.356892],[-71.067237,42.3569],[-71.067189,42.35679],[-71.067173,42.356793],[-71.06725,42.356984],[-71.0673,42.357109]]]},"properties":{"id":"678532-0","height_m":null}},{"type":"Feature","geometry":{"type":"Polygon","coordinates":[[[-71.052607,42.355068],[-71.052566,42.355089],[-71.052561,42.355092],[-71.052721,42.355235],[-71.052603,42.355316],[-71.052624,42.355342],[-71.052797,42.355262],[-71.052611,42.355066],[-71.052607,42.355068]]]},"properties":{"id":"678554-0","height_m":null}},{"type":"Feature","geometry":{"type":"Polygon","coordinates":[[[-71.05311,42.355877],[-71.053117,42.35588],[-71.053124,42.355883],[-71.053131,42.355886],[-71.053139,42.355888],[-71.053146,42.355889],[-71.053154,42.35589],[-71.053162,42.355891],[-71.05317,42.35589],[-71.053178,42.35589],[-71.053186,42.355888],[-71.053194,42.355886],[-71.053201,42.355884],[-71.053208,42.355881],[-71.053214,42.355877],[-71.05322,42.355874],[-71.053226,42.355869],[-71.053379,42.35573],[-71.053383,42.355726],[-71.053386,42.355721],[-71.053388,42.355716],[-71.05339,42.355711],[-71.053391,42.355706],[-71.053391,42.355701],[-71.05339,42.355696],[-71.053389,42.355691],[-71.053387,42.355686],[-71.053384,42.355681],[-71.05338,42.355677],[-71.053389,42.355671],[-71.053337,42.355615],[-71.05341,42.355577],[-71.053372,42.355537],[-71.053441,42.355501],[-71.053481,42.355544],[-71.053559,42.355504],[-71.053594,42.355541],[-71.053919,42.355234],[-71.053606,42.354902],[-71.053384,42.354667],[-71.053289,42.354716],[-71.053281,42.354708],[-71.053057,42.354824],[-71.053062,42.354829],[-71.052968,42.354877],[-71.052994,42.3549],[-71.052983,42.354906],[-71.052975,42.354899],[-71.052771,42.35501],[-71.052776,42.355016],[-71.052766,42.35502],[-71.052744,42.354997],[-71.052611,42.355066],[-71.052797,42.355262],[-71.052861,42.355329],[-71.052911,42.355303],[-71.052924,42.355297],[-71.052963,42.355336],[-71.053019,42.355305],[-71.053127,42.355416],[-71.053113,42.355425],[-71.053129,42.355441],[-71.053144,42.355433],[-71.053249,42.355547],[-71.053236,42.355555],[-71.053252,42.35557],[-71.053267,42.355562],[-71.053372,42.355676],[-71.053341,42.355704],[-71.053369,42.355733],[-71.053229,42.355863],[-71.053192,42.355843],[-71.053164,42.355868],[-71.053136,42.355846],[-71.053104,42.355868],[-71.052959,42.355763],[-71.052972,42.355753],[-71.052952,42.355738],[-71.05294,42.355747],[-71.052798,42.35564],[-71.052812,42.355631],[-71.05279,42.355617],[-71.052778,42.355624],[-71.052633,42.355518],[-71.052697,42.355472],[-71.052652,42.355436],[-71.052687,42.355419],[-71.052687,42.355418],[-71.052642,42.355437],[-71.052648,42.355442],[-71.052643,42.355446],[-71.052637,42.35545],[-71.052633,42.355454],[-71.052629,42.355459],[-71.052623,42.355469],[-71.052621,42.355475],[-71.05262,42.35548],[-71.05262,42.355486],[-71.05262,42.355491],[-71.052621,42.355497],[-71.052623,42.355502],[-71.052626,42.355508],[-71.052629,42.355513],[-71.052619,42.35552],[-71.053096,42.355879],[-71.053104,42.355873],[-71.05311,42.355877]]]},"properties":{"id":"678571-0","height_m":null}},{"type":"Feature","geometry":{"type":"Polygon","coordinates":[[[-71.060182,42.356438],[-71.06035,42.356515],[-71.060363,42.3565],[-71.060386,42.356473],[-71.06038,42.356469],[-71.060225,42.356397],[-71.060182,42.356438]]]},"properties":{"id":"678579-0","height_m":null}},{"type":"Feature","geometry":{"type":"Polygon","coordinates":[[[-71.057852,42.356226],[-71.057856,42.35628],[-71.057858,42.356302],[-71.057901,42.356301],[-71.057924,42.3563],[-71.057921,42.356265],[-71.057923,42.356244],[-71.057927,42.356234],[-71.057871,42.356221],[-71.057852,42.356217],[-71.057852,42.356226]]]},"properties":{"id":"678600-0","height_m":null}},{"type":"Feature","geometry":{"type":"Polygon","coordinates":[[[-71.062183,42.353703],[-71.062197,42.353704],[-71.062231,42.35364],[-71.062245,42.353642],[-71.062275,42.353574],[-71.062287,42.353576],[-71.062314,42.353508],[-71.062326,42.353509],[-71.062347,42.35344],[-71.06236,42.353439],[-71.062373,42.353371],[-71.062384,42.353371],[-71.062396,42.353295],[-71.062413,42.353293],[-71.062415,42.35316],[-71.062088,42.353171],[-71.062042,42.353343],[-71.061918,42.353349],[-71.061712,42.353247],[-71.06167,42.353257],[-71.061562,42.35321],[-71.061563,42.353206],[-71.061568,42.353204],[-71.061576,42.3532],[-71.061528,42.35321],[-71.061483,42.353426],[-71.062143,42.353752],[-71.062183,42.353703]]]},"properties":{"id":"678628-0","height_m":47.24}},{"type":"Feature","geometry":{"type":"Polygon","coordinates":[[[-71.062827,42.351891],[-71.063559,42.351972],[-71.063594,42.351784],[-71.063551,42.351779],[-71.063578,42.351626],[-71.062895,42.351546],[-71.062827,42.351891]]]},"properties":{"id":"678629-0","height_m":90.83}},{"type":"Feature","geometry":{"type":"Polygon","coordinates":[[[-71.062884,42.353967],[-71.062895,42.353869],[-71.062881,42.353865],[-71.062883,42.353837],[-71.062367,42.353816],[-71.062352,42.353953],[-71.062563,42.35398],[-71.06287,42.354001],[-71.062873,42.35399],[-71.062879,42.35399],[-71.062884,42.353967]]]},"properties":{"id":"678839-0","height_m":null}},{"type":"Feature","geometry":{"type":"Polygon","coordinates":[[[-71.0604,42.351513],[-71.060432,42.351612],[-71.060565,42.351591],[-71.060625,42.351597],[-71.06063,42.351608],[-71.060655,42.351659],[-71.060696,42.351652],[-71.060762,42.351642],[-71.06074,42.351585],[-71.0604,42.351513]]]},"properties":{"id":"678840-0","height_m":12.92}},{"type":"Feature","geometry":{"type":"Polygon","coordinates":[[[-71.06074,42.351585],[-71.060762,42.351642],[-71.060836,42.35163],[-71.060817,42.351597],[-71.060855,42.351502],[-71.060856,42.351502],[-71.060777,42.351486],[-71.06074,42.351585]]]},"properties":{"id":"678841-0","height_m":12.92}},{"type":"Feature","geometry":{"type":"Polygon","coordinates":[[[-71.060682,42.351573],[-71.06074,42.351585],[-71.060777,42.351486],[-71.060767,42.351484],[-71.060768,42.351481],[-71.06072,42.351471],[-71.060682,42.351573]]]},"properties":{"id":"678842-0","height_m":12.92}},{"type":"Feature","geometry":{"type":"Polygon","coordinates":[[[-71.060602,42.351556],[-71.060682,42.351573],[-71.06072,42.351471],[-71.060642,42.351455],[-71.060602,42.351556]]]},"properties":{"id":"678843-0","height_m":12.92}},{"type":"Feature","geometry":{"type":"Polygon","coordinates":[[[-71.060523,42.351539],[-71.060602,42.351556],[-71.060642,42.351455],[-71.060562,42.351439],[-71.060523,42.351539]]]},"properties":{"id":"678844-0","height_m":12.92}},{"type":"Feature","geometry":{"type":"Polygon","coordinates":[[[-71.060444,42.351522],[-71.060523,42.351539],[-71.060562,42.351439],[-71.060499,42.351426],[-71.060489,42.351425],[-71.060483,42.351424],[-71.060444,42.351522]]]},"properties":{"id":"678845-0","height_m":12.92}},{"type":"Feature","geometry":{"type":"Polygon","coordinates":[[[-71.060303,42.351554],[-71.060301,42.35155],[-71.060284,42.351496],[-71.060283,42.351496],[-71.060159,42.351517],[-71.060177,42.351575],[-71.060303,42.351554]]]},"properties":{"id":"678846-0","height_m":13.36}},{"type":"Feature","geometry":{"type":"Polygon","coordinates":[[[-71.060894,42.350632],[-71.06136,42.350735],[-71.061356,42.350732],[-71.061295,42.350688],[-71.061263,42.35068],[-71.061174,42.350657],[-71.061096,42.350638],[-71.060899,42.350587],[-71.060881,42.350626],[-71.060894,42.350632]]]},"properties":{"id":"678847-0","height_m":13.1}},{"type":"Feature","geometry":{"type":"Polygon","coordinates":[[[-71.061034,42.350663],[-71.060894,42.350632],[-71.060894,42.350632],[-71.060873,42.350681],[-71.060872,42.350683],[-71.060862,42.35071],[-71.060854,42.350734],[-71.060846,42.350756],[-71.060839,42.350774],[-71.060839,42.350775],[-71.060977,42.350805],[-71.061034,42.350663]]]},"properties":{"id":"678848-0","height_m":13.1}},{"type":"Feature","geometry":{"type":"Polygon","coordinates":[[[-71.062006,42.350941],[-71.062008,42.350941],[-71.062083,42.35096],[-71.062101,42.350916],[-71.062111,42.350892],[-71.062092,42.350886],[-71.062038,42.350872],[-71.062036,42.350875],[-71.062006,42.350941]]]},"properties":{"id":"678849-0","height_m":21.15}},{"type":"Feature","geometry":{"type":"Polygon","coordinates":[[[-71.061693,42.350788],[-71.061689,42.350787],[-71.061673,42.350783],[-71.061619,42.35077],[-71.061597,42.350765],[-71.061586,42.350792],[-71.06157,42.350833],[-71.061565,42.350845],[-71.061594,42.350852],[-71.061639,42.350861],[-71.06166,42.350866],[-71.061693,42.350788]]]},"properties":{"id":"678850-0","height_m":21.15}},{"type":"Feature","geometry":{"type":"Polygon","coordinates":[[[-71.060698,42.351127],[-71.060688,42.351125],[-71.060668,42.35117],[-71.060611,42.351308],[-71.060614,42.351309],[-71.060771,42.351343],[-71.060805,42.351351],[-71.060893,42.35137],[-71.060896,42.351373],[-71.060947,42.351385],[-71.060965,42.351389],[-71.061072,42.351411],[-71.061074,42.351411],[-71.061098,42.351401],[-71.061099,42.3514],[-71.061123,42.351334],[-71.061136,42.351299],[-71.060888,42.351242],[-71.060913,42.351178],[-71.060698,42.351127]]]},"properties":{"id":"678851-0","height_m":22.67}},{"type":"Feature","geometry":{"type":"Polygon","coordinates":[[[-71.059832,42.350525],[-71.059811,42.350581],[-71.060021,42.350626],[-71.060043,42.350571],[-71.060043,42.35057],[-71.059832,42.350525]]]},"properties":{"id":"678852-0","height_m":16.93}},{"type":"Feature","geometry":{"type":"Polygon","coordinates":[[[-71.059839,42.350509],[-71.059832,42.350525],[-71.060043,42.35057],[-71.060062,42.35052],[-71.060064,42.350517],[-71.060058,42.350516],[-71.059845,42.350472],[-71.059839,42.350509]]]},"properties":{"id":"678853-0","height_m":16.93}},{"type":"Feature","geometry":{"type":"Polygon","coordinates":[[[-71.057951,42.351447],[-71.057904,42.351613],[-71.057903,42.351616],[-71.058131,42.351651],[-71.058194,42.351496],[-71.057951,42.351447]]]},"properties":{"id":"678854-0","height_m":24.08}},{"type":"Feature","geometry":{"type":"Polygon","coordinates":[[[-71.057997,42.351282],[-71.057951,42.351447],[-71.058194,42.351496],[-71.058257,42.351339],[-71.05826,42.351331],[-71.057997,42.351282]]]},"properties":{"id":"678855-0","height_m":24.08}},{"type":"Feature","geometry":{"type":"Polygon","coordinates":[[[-71.05803,42.351164],[-71.057997,42.351282],[-71.05826,42.351331],[-71.058282,42.351277],[-71.05829,42.351278],[-71.058314,42.35122],[-71.05803,42.351164]]]},"properties":{"id":"678856-0","height_m":24.08}},{"type":"Feature","geometry":{"type":"Polygon","coordinates":[[[-71.058057,42.351069],[-71.05803,42.351164],[-71.058314,42.35122],[-71.05835,42.351128],[-71.058349,42.351128],[-71.058057,42.351069]]]},"properties":{"id":"678857-0","height_m":24.08}},{"type":"Feature","geometry":{"type":"Polygon","coordinates":[[[-71.057398,42.351433],[-71.057858,42.351492],[-71.057851,42.35147],[-71.057857,42.351448],[-71.057851,42.351447],[-71.05788,42.351366],[-71.057888,42.351344],[-71.057779,42.351328],[-71.057671,42.35131],[-71.05767,42.351318],[-71.057645,42.351315],[-71.057426,42.351291],[-71.057411,42.351367],[-71.057407,42.351388],[-71.057398,42.351433]]]},"properties":{"id":"678858-0","height_m":23.86}},{"type":"Feature","geometry":{"type":"Polygon","coordinates":[[[-71.057398,42.351433],[-71.057378,42.351533],[-71.057826,42.351601],[-71.057853,42.351499],[-71.057857,42.351499],[-71.057858,42.351493],[-71.057858,42.351492],[-71.057398,42.351433]]]},"properties":{"id":"678859-0","height_m":23.86}},{"type":"Feature","geometry":{"type":"Polygon","coordinates":[[[-71.057462,42.351106],[-71.057426,42.351291],[-71.057645,42.351315],[-71.057674,42.351293],[-71.057686,42.351251],[-71.057792,42.351269],[-71.057889,42.351283],[-71.05792,42.351178],[-71.05773,42.351135],[-71.057462,42.351106]]]},"properties":{"id":"678860-0","height_m":23.86}},{"type":"Feature","geometry":{"type":"Polygon","coordinates":[[[-71.057476,42.351034],[-71.057475,42.351037],[-71.057472,42.351052],[-71.057462,42.351106],[-71.05773,42.351135],[-71.057746,42.351066],[-71.057476,42.351034]]]},"properties":{"id":"678861-0","height_m":23.86}},{"type":"Feature","geometry":{"type":"Polygon","coordinates":[[[-71.057756,42.351022],[-71.057762,42.351027],[-71.057804,42.351077],[-71.057861,42.351084],[-71.057989,42.351103],[-71.058052,42.350873],[-71.057806,42.350816],[-71.057756,42.351022]]]},"properties":{"id":"678862-0","height_m":23.86}},{"type":"Feature","geometry":{"type":"Polygon","coordinates":[[[-71.056945,42.351475],[-71.057108,42.351534],[-71.057156,42.351519],[-71.057201,42.351292],[-71.057099,42.351276],[-71.057093,42.351289],[-71.056993,42.351276],[-71.056945,42.351475]]]},"properties":{"id":"678863-0","height_m":21.8}},{"type":"Feature","geometry":{"type":"Polygon","coordinates":[[[-71.056993,42.351276],[-71.056914,42.351266],[-71.056886,42.35133],[-71.056841,42.351433],[-71.05684,42.351436],[-71.056945,42.351475],[-71.056993,42.351276]]]},"properties":{"id":"678864-0","height_m":21.8}},{"type":"Feature","geometry":{"type":"Polygon","coordinates":[[[-71.056948,42.351188],[-71.056914,42.351266],[-71.057093,42.351289],[-71.057099,42.351276],[-71.057201,42.351292],[-71.057217,42.351211],[-71.057117,42.351199],[-71.057114,42.351206],[-71.056948,42.351188]]]},"properties":{"id":"678865-0","height_m":21.8}},{"type":"Feature","geometry":{"type":"Polygon","coordinates":[[[-71.056982,42.35111],[-71.056948,42.351188],[-71.057114,42.351206],[-71.057117,42.351199],[-71.057217,42.351211],[-71.057232,42.351136],[-71.056982,42.35111]]]},"properties":{"id":"678866-0","height_m":21.8}},{"type":"Feature","geometry":{"type":"Polygon","coordinates":[[[-71.05701,42.351021],[-71.056971,42.351107],[-71.056982,42.35111],[-71.057232,42.351136],[-71.057249,42.351049],[-71.05701,42.351021]]]},"properties":{"id":"678867-0","height_m":21.8}},{"type":"Feature","geometry":{"type":"Polygon","coordinates":[[[-71.057046,42.350942],[-71.05701,42.351021],[-71.057249,42.351049],[-71.057265,42.350968],[-71.057046,42.350942]]]},"properties":{"id":"678868-0","height_m":21.8}},{"type":"Feature","geometry":{"type":"Polygon","coordinates":[[[-71.056637,42.350734],[-71.05663,42.350732],[-71.056627,42.350738],[-71.056598,42.350803],[-71.05656,42.350888],[-71.056573,42.350891],[-71.056962,42.350987],[-71.057029,42.350836],[-71.056876,42.350798],[-71.056709,42.350758],[-71.056712,42.350754],[-71.056637,42.350734]]]},"properties":{"id":"678869-0","height_m":21.8}},{"type":"Feature","geometry":{"type":"Polygon","coordinates":[[[-71.056938,42.350603],[-71.056918,42.350598],[-71.056897,42.350599],[-71.056876,42.3506],[-71.056859,42.350602],[-71.056856,42.350602],[-71.056835,42.350604],[-71.056815,42.350607],[-71.056795,42.350611],[-71.056775,42.350615],[-71.056755,42.350619],[-71.056735,42.350624],[-71.056716,42.35063],[-71.056697,42.350636],[-71.056678,42.350643],[-71.056637,42.350734],[-71.056712,42.350754],[-71.056709,42.350758],[-71.056847,42.350791],[-71.056938,42.350603]]]},"properties":{"id":"678870-0","height_m":21.8}},{"type":"Feature","geometry":{"type":"Polygon","coordinates":[[[-71.057091,42.350843],[-71.057046,42.350942],[-71.057265,42.350968],[-71.05732,42.350691],[-71.057279,42.35068],[-71.05722,42.350666],[-71.057181,42.350857],[-71.057091,42.350843]]]},"properties":{"id":"678871-0","height_m":21.8}},{"type":"Feature","geometry":{"type":"Polygon","coordinates":[[[-71.057291,42.351952],[-71.057667,42.35201],[-71.057669,42.352002],[-71.057697,42.351908],[-71.057711,42.351859],[-71.05772,42.35183],[-71.057728,42.351803],[-71.057739,42.351764],[-71.057771,42.351767],[-71.05777,42.351776],[-71.057807,42.351782],[-71.057838,42.351684],[-71.057829,42.351683],[-71.057355,42.351608],[-71.057323,42.351778],[-71.057307,42.351865],[-71.057291,42.351952]]]},"properties":{"id":"678872-0","height_m":30.3}},{"type":"Feature","geometry":{"type":"Polygon","coordinates":[[[-71.057777,42.352039],[-71.057663,42.352022],[-71.057667,42.35201],[-71.057291,42.351952],[-71.057276,42.352035],[-71.057734,42.352178],[-71.057777,42.352039]]]},"properties":{"id":"678873-0","height_m":30.3}},{"type":"Feature","geometry":{"type":"Polygon","coordinates":[[[-71.057605,42.350329],[-71.057808,42.350361],[-71.057831,42.350251],[-71.05784,42.350218],[-71.057845,42.350219],[-71.057857,42.350178],[-71.057867,42.350139],[-71.05765,42.350107],[-71.057605,42.350329]]]},"properties":{"id":"678874-0","height_m":29.73}},{"type":"Feature","geometry":{"type":"Polygon","coordinates":[[[-71.055484,42.353868],[-71.055487,42.353871],[-71.055567,42.353835],[-71.05556,42.353827],[-71.055376,42.353638],[-71.055342,42.353603],[-71.055261,42.353648],[-71.055258,42.35365],[-71.055484,42.353868]]]},"properties":{"id":"678875-0","height_m":21.16}},{"type":"Feature","geometry":{"type":"Polygon","coordinates":[[[-71.058617,42.35453],[-71.05861,42.354537],[-71.058608,42.354536],[-71.058585,42.354558],[-71.058587,42.35456],[-71.058586,42.354561],[-71.058565,42.354582],[-71.058595,42.3546],[-71.058709,42.354669],[-71.058761,42.35462],[-71.058771,42.354625],[-71.058852,42.354549],[-71.058862,42.354554],[-71.058969,42.354454],[-71.058953,42.354442],[-71.058955,42.354441],[-71.05882,42.354343],[-71.058802,42.354357],[-71.058801,42.354356],[-71.058617,42.35453]]]},"properties":{"id":"678876-0","height_m":19.81}},{"type":"Feature","geometry":{"type":"Polygon","coordinates":[[[-71.058512,42.35447],[-71.058617,42.35453],[-71.058801,42.354356],[-71.058807,42.354351],[-71.058769,42.354323],[-71.058771,42.354322],[-71.058718,42.354284],[-71.058512,42.35447]]]},"properties":{"id":"678877-0","height_m":19.81}},{"type":"Feature","geometry":{"type":"Polygon","coordinates":[[[-71.059795,42.353807],[-71.05975,42.353848],[-71.059561,42.353734],[-71.0595,42.353791],[-71.059569,42.353833],[-71.059512,42.353884],[-71.05946,42.35385],[-71.059409,42.353899],[-71.059476,42.353941],[-71.059417,42.353992],[-71.059622,42.35412],[-71.059627,42.354123],[-71.059729,42.354032],[-71.059745,42.354017],[-71.059659,42.353965],[-71.059707,42.353921],[-71.059795,42.353973],[-71.05985,42.353924],[-71.059881,42.353896],[-71.059909,42.353871],[-71.059795,42.353807]]]},"properties":{"id":"678878-0","height_m":39.08}},{"type":"Feature","geometry":{"type":"Polygon","coordinates":[[[-71.059682,42.353588],[-71.059664,42.353606],[-71.059685,42.353618],[-71.059603,42.353695],[-71.059795,42.353807],[-71.059909,42.353871],[-71.059909,42.35387],[-71.059912,42.353872],[-71.060009,42.353776],[-71.059998,42.35377],[-71.059682,42.353588]]]},"properties":{"id":"678879-0","height_m":39.08}},{"type":"Feature","geometry":{"type":"Polygon","coordinates":[[[-71.060433,42.357017],[-71.060562,42.357082],[-71.060666,42.356963],[-71.06053,42.356902],[-71.060433,42.357017]]]},"properties":{"id":"678880-0","height_m":39.17}},{"type":"Feature","geometry":{"type":"Polygon","coordinates":[[[-71.060365,42.356828],[-71.060367,42.356824],[-71.060283,42.356789],[-71.060179,42.356903],[-71.060189,42.356909],[-71.060184,42.356914],[-71.060189,42.356917],[-71.060192,42.356918],[-71.06026,42.356952],[-71.060273,42.356938],[-71.060365,42.356828]]]},"properties":{"id":"678881-0","height_m":39.17}},{"type":"Feature","geometry":{"type":"Polygon","coordinates":[[[-71.060441,42.356867],[-71.060444,42.356863],[-71.060365,42.356828],[-71.060273,42.356938],[-71.060349,42.356976],[-71.060441,42.356867]]]},"properties":{"id":"678882-0","height_m":39.17}},{"type":"Feature","geometry":{"type":"Polygon","coordinates":[[[-71.059317,42.356083],[-71.05937,42.356146],[-71.059385,42.356146],[-71.059395,42.356143],[-71.059404,42.356139],[-71.059409,42.356135],[-71.059415,42.356129],[-71.059418,42.356123],[-71.059419,42.356118],[-71.059363,42.356053],[-71.059357,42.356048],[-71.05935,42.356044],[-71.059341,42.356043],[-71.059333,42.356044],[-71.059326,42.356046],[-71.05932,42.35605],[-71.059317,42.356053],[-71.059314,42.356057],[-71.05931,42.356062],[-71.05931,42.356068],[-71.05931,42.356074],[-71.059311,42.356076],[-71.059317,42.356083]]]},"properties":{"id":"678884-0","height_m":3.05}},{"type":"Feature","geometry":{"type":"Polygon","coordinates":[[[-71.061419,42.356078],[-71.061487,42.356116],[-71.061589,42.356011],[-71.061507,42.355972],[-71.061419,42.356078]]]},"properties":{"id":"678885-0","height_m":19.49}},{"type":"Feature","geometry":{"type":"Polygon","coordinates":[[[-71.061163,42.356086],[-71.061135,42.356073],[-71.06115,42.356056],[-71.061039,42.356004],[-71.060984,42.356069],[-71.06109,42.356125],[-71.06104,42.356183],[-71.06111,42.356216],[-71.061114,42.356223],[-71.061119,42.356229],[-71.061125,42.356235],[-71.061131,42.356241],[-71.061138,42.356246],[-71.061145,42.356251],[-71.061153,42.356256],[-71.061161,42.35626],[-71.061169,42.356264],[-71.061173,42.356265],[-71.061178,42.356267],[-71.061188,42.35627],[-71.061198,42.356273],[-71.061209,42.356276],[-71.061219,42.356277],[-71.06123,42.356278],[-71.061241,42.356279],[-71.061252,42.356279],[-71.061253,42.35628],[-71.061282,42.356296],[-71.061288,42.3563],[-71.06144,42.356121],[-71.0614,42.356103],[-71.061292,42.356053],[-71.061233,42.356118],[-71.061163,42.356086]]]},"properties":{"id":"678886-0","height_m":19.49}},{"type":"Feature","geometry":{"type":"Polygon","coordinates":[[[-71.061574,42.356243],[-71.061647,42.356284],[-71.061801,42.356133],[-71.0618,42.356133],[-71.061813,42.356116],[-71.061804,42.356112],[-71.061761,42.356092],[-71.061744,42.356084],[-71.061697,42.356128],[-71.061702,42.356131],[-71.061618,42.356204],[-71.061618,42.356203],[-71.061574,42.356243]]]},"properties":{"id":"678887-0","height_m":30.22}},{"type":"Feature","geometry":{"type":"Polygon","coordinates":[[[-71.060748,42.355369],[-71.060647,42.355464],[-71.060645,42.355465],[-71.060831,42.355552],[-71.060855,42.355563],[-71.060938,42.355602],[-71.06099,42.355555],[-71.060982,42.35555],[-71.061026,42.355509],[-71.061031,42.355512],[-71.061036,42.355506],[-71.060748,42.355369]]]},"properties":{"id":"678888-0","height_m":37.63}},{"type":"Feature","geometry":{"type":"Polygon","coordinates":[[[-71.060805,42.355317],[-71.060798,42.355313],[-71.060742,42.355366],[-71.060748,42.355369],[-71.061036,42.355506],[-71.06104,42.355508],[-71.061083,42.35546],[-71.061077,42.355457],[-71.061104,42.355427],[-71.060922,42.355335],[-71.060897,42.355363],[-71.060805,42.355317]]]},"properties":{"id":"678889-0","height_m":37.63}},{"type":"Feature","geometry":{"type":"Polygon","coordinates":[[[-71.061152,42.355527],[-71.061106,42.355503],[-71.061104,42.355505],[-71.061091,42.355499],[-71.060972,42.355615],[-71.061037,42.355647],[-71.061152,42.355527]]]},"properties":{"id":"678890-0","height_m":14.82}},{"type":"Feature","geometry":{"type":"Polygon","coordinates":[[[-71.061189,42.355587],[-71.06122,42.355552],[-71.06116,42.35552],[-71.061152,42.355527],[-71.061037,42.355647],[-71.061103,42.355679],[-71.061189,42.355587]]]},"properties":{"id":"678891-0","height_m":14.82}},{"type":"Feature","geometry":{"type":"Polygon","coordinates":[[[-71.061451,42.355406],[-71.061554,42.355458],[-71.061581,42.355428],[-71.061646,42.355355],[-71.061579,42.355322],[-71.061583,42.355318],[-71.061599,42.355298],[-71.061526,42.355261],[-71.061503,42.355286],[-71.061541,42.355305],[-71.061451,42.355406]]]},"properties":{"id":"678892-0","height_m":12.43}},{"type":"Feature","geometry":{"type":"Polygon","coordinates":[[[-71.061233,42.355364],[-71.061351,42.355421],[-71.061389,42.355376],[-71.061274,42.355319],[-71.061257,42.355339],[-71.061233,42.355364]]]},"properties":{"id":"678893-0","height_m":12.43}},{"type":"Feature","geometry":{"type":"Polygon","coordinates":[[[-71.061193,42.355408],[-71.061152,42.355453],[-71.061274,42.355513],[-71.061314,42.355466],[-71.061193,42.355408]]]},"properties":{"id":"678894-0","height_m":12.43}},{"type":"Feature","geometry":{"type":"Polygon","coordinates":[[[-71.061233,42.355364],[-71.061193,42.355408],[-71.061314,42.355466],[-71.061351,42.355421],[-71.061233,42.355364]]]},"properties":{"id":"678895-0","height_m":12.43}},{"type":"Feature","geometry":{"type":"Polygon","coordinates":[[[-71.061351,42.355421],[-71.061306,42.355475],[-71.061468,42.355554],[-71.061515,42.355502],[-71.061351,42.355421]]]},"properties":{"id":"678896-0","height_m":12.43}},{"type":"Feature","geometry":{"type":"Polygon","coordinates":[[[-71.061351,42.355421],[-71.061515,42.355502],[-71.061554,42.355458],[-71.061451,42.355406],[-71.061389,42.355376],[-71.061351,42.355421]]]},"properties":{"id":"678897-0","height_m":12.43}},{"type":"Feature","geometry":{"type":"Polygon","coordinates":[[[-71.063362,42.351516],[-71.063379,42.351518],[-71.063378,42.351522],[-71.063385,42.351524],[-71.063393,42.351526],[-71.063401,42.351528],[-71.063408,42.351528],[-71.063416,42.351528],[-71.063424,42.351528],[-71.063425,42.351524],[-71.063444,42.351527],[-71.063451,42.351495],[-71.063459,42.351462],[-71.063467,42.351428],[-71.063469,42.351429],[-71.063476,42.351399],[-71.063473,42.351398],[-71.063476,42.351387],[-71.063392,42.351376],[-71.063362,42.351516]]]},"properties":{"id":"678898-0","height_m":8.04}},{"type":"Feature","geometry":{"type":"Polygon","coordinates":[[[-71.063183,42.351495],[-71.063201,42.351497],[-71.063214,42.351499],[-71.063233,42.351501],[-71.063247,42.351503],[-71.063261,42.351505],[-71.063274,42.351507],[-71.063289,42.351509],[-71.063303,42.351511],[-71.063315,42.351512],[-71.063329,42.351514],[-71.063341,42.351515],[-71.063354,42.351517],[-71.063362,42.351518],[-71.063362,42.351516],[-71.063392,42.351376],[-71.063396,42.351358],[-71.063278,42.351343],[-71.063272,42.351369],[-71.063217,42.351362],[-71.063183,42.351495]]]},"properties":{"id":"678899-0","height_m":8.04}},{"type":"Feature","geometry":{"type":"Polygon","coordinates":[[[-71.062941,42.351405],[-71.062934,42.351404],[-71.062918,42.351459],[-71.062917,42.351464],[-71.063182,42.351498],[-71.063183,42.351495],[-71.063197,42.35144],[-71.062941,42.351405]]]},"properties":{"id":"678900-0","height_m":8.04}},{"type":"Feature","geometry":{"type":"Polygon","coordinates":[[[-71.062971,42.351302],[-71.06297,42.351306],[-71.062968,42.351313],[-71.06296,42.351312],[-71.062954,42.351337],[-71.062959,42.351338],[-71.062953,42.351364],[-71.062946,42.351363],[-71.06294,42.351387],[-71.062945,42.351388],[-71.062941,42.351405],[-71.063197,42.35144],[-71.063217,42.351362],[-71.063221,42.351345],[-71.062971,42.351302]]]},"properties":{"id":"678901-0","height_m":8.04}},{"type":"Feature","geometry":{"type":"Polygon","coordinates":[[[-71.063027,42.351108],[-71.063258,42.351135],[-71.063273,42.351069],[-71.063176,42.351057],[-71.063176,42.351061],[-71.063147,42.351057],[-71.063049,42.351044],[-71.063041,42.351049],[-71.063027,42.351108]]]},"properties":{"id":"678902-0","height_m":8.04}},{"type":"Feature","geometry":{"type":"Polygon","coordinates":[[[-71.062442,42.351432],[-71.062438,42.351457],[-71.062439,42.351461],[-71.062442,42.351463],[-71.062728,42.351525],[-71.062745,42.351469],[-71.062743,42.351468],[-71.062769,42.351379],[-71.062765,42.351379],[-71.062431,42.351313],[-71.06245,42.351402],[-71.062442,42.351432]]]},"properties":{"id":"678903-0","height_m":22.02}},{"type":"Feature","geometry":{"type":"Polygon","coordinates":[[[-71.062206,42.351316],[-71.062196,42.351316],[-71.062207,42.351387],[-71.062205,42.35139],[-71.062204,42.351394],[-71.062204,42.351398],[-71.062205,42.351401],[-71.062206,42.351405],[-71.062208,42.351408],[-71.062211,42.351412],[-71.062215,42.351414],[-71.062219,42.351417],[-71.062224,42.351418],[-71.062228,42.35142],[-71.062233,42.35142],[-71.062239,42.35142],[-71.062244,42.35142],[-71.062248,42.351418],[-71.06237,42.351446],[-71.062371,42.351448],[-71.062373,42.351451],[-71.062376,42.351453],[-71.062379,42.351455],[-71.062383,42.351457],[-71.062388,42.351458],[-71.062392,42.351459],[-71.062397,42.351459],[-71.062402,42.351459],[-71.062406,42.351458],[-71.062411,42.351457],[-71.062415,42.351455],[-71.062418,42.351453],[-71.062421,42.35145],[-71.062424,42.351447],[-71.062425,42.351444],[-71.062426,42.351441],[-71.062427,42.351437],[-71.062426,42.351434],[-71.062425,42.35143],[-71.062423,42.351427],[-71.062424,42.351425],[-71.062393,42.35131],[-71.062359,42.351315],[-71.062354,42.351299],[-71.062206,42.351316]]]},"properties":{"id":"678904-0","height_m":22.02}},{"type":"Feature","geometry":{"type":"Polygon","coordinates":[[[-71.062561,42.35106],[-71.062603,42.351071],[-71.062566,42.351146],[-71.062744,42.35122],[-71.062806,42.351228],[-71.062806,42.351228],[-71.062806,42.351226],[-71.062822,42.351173],[-71.062819,42.351172],[-71.062827,42.351145],[-71.06284,42.351103],[-71.062851,42.351068],[-71.062859,42.351039],[-71.062782,42.351028],[-71.062707,42.351016],[-71.062706,42.351018],[-71.062589,42.351],[-71.062561,42.35106]]]},"properties":{"id":"678905-0","height_m":22.02}},{"type":"Feature","geometry":{"type":"Polygon","coordinates":[[[-71.06242,42.3511],[-71.062365,42.351083],[-71.06227,42.351059],[-71.062268,42.351061],[-71.062268,42.351062],[-71.062158,42.351034],[-71.062189,42.351194],[-71.062185,42.351193],[-71.062204,42.351316],[-71.062206,42.351316],[-71.062336,42.351301],[-71.062333,42.351281],[-71.06242,42.3511]]]},"properties":{"id":"678906-0","height_m":22.02}},{"type":"Feature","geometry":{"type":"Polygon","coordinates":[[[-71.062589,42.351],[-71.062588,42.351],[-71.062513,42.350988],[-71.062448,42.350979],[-71.062425,42.350975],[-71.062375,42.350962],[-71.062307,42.350944],[-71.062298,42.350942],[-71.062278,42.351002],[-71.062553,42.351077],[-71.062561,42.35106],[-71.062589,42.351]]]},"properties":{"id":"678907-0","height_m":22.02}},{"type":"Feature","geometry":{"type":"Polygon","coordinates":[[[-71.064576,42.35338],[-71.06461,42.353278],[-71.064542,42.353266],[-71.064508,42.353366],[-71.064576,42.35338]]]},"properties":{"id":"678953-0","height_m":3.66}},{"type":"Feature","geometry":{"type":"Polygon","coordinates":[[[-71.064692,42.352647],[-71.064727,42.352541],[-71.064662,42.352531],[-71.064627,42.352637],[-71.064692,42.352647]]]},"properties":{"id":"678954-0","height_m":3.66}},{"type":"Feature","geometry":{"type":"Polygon","coordinates":[[[-71.06255,42.356509],[-71.062635,42.356425],[-71.062581,42.356394],[-71.062494,42.356478],[-71.06255,42.356509]]]},"properties":{"id":"678955-0","height_m":3.66}},{"type":"Feature","geometry":{"type":"Polygon","coordinates":[[[-71.062347,42.356391],[-71.062428,42.356309],[-71.062374,42.35628],[-71.06229,42.356362],[-71.062347,42.356391]]]},"properties":{"id":"678956-0","height_m":3.66}},{"type":"Feature","geometry":{"type":"Polygon","coordinates":[[[-71.063367,42.355542],[-71.063425,42.355467],[-71.06337,42.355444],[-71.063314,42.355521],[-71.063367,42.355542]]]},"properties":{"id":"678957-0","height_m":3.66}},{"type":"Feature","geometry":{"type":"Polygon","coordinates":[[[-71.0593,42.355475],[-71.059904,42.355881],[-71.059975,42.355818],[-71.059394,42.355388],[-71.0593,42.355475]]]},"properties":{"id":"763273-0","height_m":26.82}},{"type":"Feature","geometry":{"type":"Polygon","coordinates":[[[-71.064091,42.351334],[-71.064082,42.351329],[-71.064121,42.351156],[-71.064146,42.351153],[-71.063934,42.351133],[-71.063869,42.35144],[-71.063844,42.351437],[-71.063809,42.351572],[-71.064021,42.351596],[-71.064091,42.351334]]]},"properties":{"id":"763274-0","height_m":97.54}},{"type":"Feature","geometry":{"type":"Polygon","coordinates":[[[-71.063848,42.351437],[-71.063493,42.351393],[-71.063462,42.351529],[-71.063809,42.351573],[-71.063848,42.351437]]]},"properties":{"id":"763275-0","height_m":91.44}},{"type":"Feature","geometry":{"type":"Polygon","coordinates":[[[-71.064019,42.351595],[-71.064186,42.351617],[-71.064227,42.351438],[-71.06439,42.351458],[-71.064415,42.351373],[-71.064095,42.351332],[-71.064019,42.351595]]]},"properties":{"id":"763276-0","height_m":91.44}},{"type":"Feature","geometry":{"type":"Polygon","coordinates":[[[-71.058775,42.35235],[-71.059279,42.352439],[-71.059287,42.352438],[-71.059291,42.352434],[-71.059292,42.352429],[-71.059226,42.352012],[-71.059026,42.352083],[-71.058965,42.352116],[-71.058935,42.352134],[-71.058906,42.352152],[-71.058873,42.352183],[-71.058834,42.352228],[-71.058814,42.352257],[-71.058801,42.352281],[-71.058775,42.35235]]]},"properties":{"id":"763355-0","height_m":83.82}},{"type":"Feature","geometry":{"type":"Polygon","coordinates":[[[-71.060046,42.349753],[-71.060261,42.349801],[-71.060261,42.349801],[-71.060288,42.34973],[-71.060367,42.349747],[-71.060567,42.349259],[-71.060492,42.349234],[-71.060507,42.349189],[-71.060423,42.34917],[-71.060443,42.349109],[-71.060321,42.349063],[-71.060204,42.349326],[-71.060215,42.349331],[-71.060046,42.349753]]]},"properties":{"id":"763356-0","height_m":65.53}},{"type":"Feature","geometry":{"type":"Polygon","coordinates":[[[-71.060046,42.349753],[-71.060046,42.349754],[-71.059925,42.350048],[-71.060081,42.350084],[-71.060079,42.350096],[-71.060226,42.350142],[-71.060327,42.349891],[-71.060274,42.34988],[-71.060233,42.349872],[-71.060261,42.349801],[-71.060046,42.349753]]]},"properties":{"id":"763357-0","height_m":65.53}},{"type":"Feature","geometry":{"type":"Polygon","coordinates":[[[-71.060786,42.348796],[-71.061068,42.348118],[-71.061011,42.348097],[-71.060845,42.348325],[-71.060785,42.348472],[-71.060743,42.348465],[-71.060549,42.348739],[-71.060713,42.348779],[-71.060786,42.348796]]]},"properties":{"id":"763358-0","height_m":65.53}},{"type":"Feature","geometry":{"type":"Polygon","coordinates":[[[-71.062295,42.345489],[-71.062146,42.345882],[-71.06234,42.345922],[-71.062349,42.345899],[-71.062859,42.346004],[-71.063,42.345634],[-71.062295,42.345489]]]},"properties":{"id":"763359-0","height_m":3.05}},{"type":"Feature","geometry":{"type":"Polygon","coordinates":[[[-71.062349,42.345899],[-71.062285,42.34607],[-71.062588,42.346134],[-71.062969,42.346214],[-71.063036,42.346041],[-71.062349,42.345899]]]},"properties":{"id":"763360-0","height_m":30.18}},{"type":"Feature","geometry":{"type":"Polygon","coordinates":[[[-71.062859,42.346004],[-71.063036,42.346041],[-71.063025,42.34607],[-71.063077,42.346081],[-71.063295,42.345511],[-71.06236,42.345316],[-71.062358,42.345319],[-71.062303,42.345307],[-71.062282,42.345362],[-71.062303,42.345366],[-71.062276,42.345439],[-71.062311,42.345446],[-71.062293,42.345486],[-71.062296,42.345487],[-71.062295,42.345489],[-71.063,42.345634],[-71.062859,42.346004]]]},"properties":{"id":"763361-0","height_m":16.76}},{"type":"Feature","geometry":{"type":"Polygon","coordinates":[[[-71.064798,42.345186],[-71.064774,42.345177],[-71.064548,42.345567],[-71.064786,42.34563],[-71.065001,42.345252],[-71.064963,42.345239],[-71.064798,42.345186]]]},"properties":{"id":"763371-0","height_m":51.82}},{"type":"Feature","geometry":{"type":"Polygon","coordinates":[[[-71.06386,42.34525],[-71.063801,42.345403],[-71.064015,42.345452],[-71.064022,42.345433],[-71.064296,42.345504],[-71.064359,42.345368],[-71.064078,42.3453],[-71.06386,42.34525]]]},"properties":{"id":"763376-0","height_m":57.91}},{"type":"Feature","geometry":{"type":"Polygon","coordinates":[[[-71.064296,42.345504],[-71.064548,42.345567],[-71.064774,42.345177],[-71.064491,42.345083],[-71.06418,42.345022],[-71.064078,42.3453],[-71.064359,42.345368],[-71.064296,42.345504]]]},"properties":{"id":"763381-0","height_m":12.19}},{"type":"Feature","geometry":{"type":"Polygon","coordinates":[[[-71.064372,42.350853],[-71.064371,42.35086],[-71.064349,42.350857],[-71.064328,42.350899],[-71.064402,42.350907],[-71.0644,42.350916],[-71.064822,42.350958],[-71.064837,42.350906],[-71.06481,42.350903],[-71.06481,42.350898],[-71.064372,42.350853]]]},"properties":{"id":"763399-0","height_m":77.11}},{"type":"Feature","geometry":{"type":"Polygon","coordinates":[[[-71.06481,42.350898],[-71.06484,42.350901],[-71.064855,42.350843],[-71.064374,42.350794],[-71.064365,42.350853],[-71.064372,42.350853],[-71.06481,42.350898]]]},"properties":{"id":"763400-0","height_m":71.63}},{"type":"Feature","geometry":{"type":"Polygon","coordinates":[[[-71.065427,42.346733],[-71.065428,42.346733],[-71.065771,42.346805],[-71.065869,42.346556],[-71.065849,42.346552],[-71.065765,42.346773],[-71.065441,42.346692],[-71.065427,42.346733]]]},"properties":{"id":"771984-0","height_m":22.86}},{"type":"Feature","geometry":{"type":"Polygon","coordinates":[[[-71.065204,42.34641],[-71.065511,42.346477],[-71.065566,42.346338],[-71.06526,42.346271],[-71.065204,42.34641]]]},"properties":{"id":"771985-0","height_m":27.43}},{"type":"Feature","geometry":{"type":"Polygon","coordinates":[[[-71.059395,42.3545],[-71.059385,42.354511],[-71.05938,42.354517],[-71.059374,42.35453],[-71.05937,42.354543],[-71.05937,42.354557],[-71.059372,42.35457],[-71.059377,42.354583],[-71.059385,42.354596],[-71.059396,42.354607],[-71.05981,42.354926],[-71.05981,42.354926],[-71.060128,42.355172],[-71.060152,42.355154],[-71.060212,42.35511],[-71.059501,42.354574],[-71.059502,42.354573],[-71.059503,42.354572],[-71.059504,42.35457],[-71.059505,42.354569],[-71.059506,42.354568],[-71.059507,42.354567],[-71.059507,42.354566],[-71.059508,42.354564],[-71.059508,42.354563],[-71.059509,42.354562],[-71.059509,42.35456],[-71.059509,42.354559],[-71.05951,42.354558],[-71.05951,42.354556],[-71.05951,42.354555],[-71.05951,42.354554],[-71.05951,42.354552],[-71.05951,42.354551],[-71.059509,42.354549],[-71.059509,42.354548],[-71.059509,42.354547],[-71.059508,42.354545],[-71.059508,42.354544],[-71.059507,42.354543],[-71.059507,42.354542],[-71.059506,42.35454],[-71.059505,42.354539],[-71.059504,42.354538],[-71.059503,42.354537],[-71.059502,42.354536],[-71.059501,42.354535],[-71.0595,42.354533],[-71.059499,42.354532],[-71.059934,42.35414],[-71.059943,42.354143],[-71.059994,42.354094],[-71.060537,42.354475],[-71.06057,42.35445],[-71.060547,42.354432],[-71.059969,42.354033],[-71.059603,42.354356],[-71.05957,42.354386],[-71.059545,42.354367],[-71.059544,42.354366],[-71.059395,42.3545]]]},"properties":{"id":"772764-0","height_m":24.02}},{"type":"Feature","geometry":{"type":"Polygon","coordinates":[[[-71.060132,42.35478],[-71.060685,42.355214],[-71.060989,42.354931],[-71.061121,42.354808],[-71.061111,42.354803],[-71.060883,42.354663],[-71.06057,42.35445],[-71.060132,42.35478]]]},"properties":{"id":"772765-0","height_m":22.12}},{"type":"Feature","geometry":{"type":"Polygon","coordinates":[[[-71.057531,42.354326],[-71.057158,42.354198],[-71.056946,42.354202],[-71.056958,42.354254],[-71.056941,42.354264],[-71.056931,42.354292],[-71.056929,42.354333],[-71.056923,42.354482],[-71.056469,42.354512],[-71.056501,42.354724],[-71.056778,42.354702],[-71.056783,42.354724],[-71.056878,42.354715],[-71.056873,42.354692],[-71.056951,42.354688],[-71.057013,42.354873],[-71.057234,42.354854],[-71.057343,42.354854],[-71.057349,42.354613],[-71.057531,42.354326]]]},"properties":{"id":"772795-0","height_m":null}}],"metadata":{"source":"City of Boston Buildings (BPDA), BLDG_HGT_2010","purpose":"Wind-model context: padded footprints so boundary streets are not read as open ground.","extracted_at":"2026-10-09T22:48:36.130Z","bbox":{"west":-71.066,"south":42.348,"east":-71.055,"north":42.355},"pad_metres":280}}