{"type":"FeatureCollection","features":[{"type":"Feature","geometry":{"type":"MultiPolygon","coordinates":[[[[-71.063272,42.355213],[-71.063213,42.35529],[-71.062907,42.355128],[-71.062812,42.35506],[-71.06287,42.354999],[-71.062916,42.355012],[-71.063146,42.355127],[-71.063272,42.355213]]],[[[-71.062351,42.355028],[-71.062429,42.355084],[-71.062262,42.355263],[-71.062045,42.355136],[-71.06221,42.35496],[-71.062351,42.355028]]],[[[-71.062863,42.354997],[-71.062935,42.355049],[-71.062763,42.355227],[-71.06259,42.355118],[-71.062751,42.354949],[-71.062863,42.354997]]],[[[-71.062446,42.347953],[-71.062582,42.34805],[-71.062547,42.348139],[-71.062422,42.348132],[-71.062014,42.34804],[-71.061878,42.347943],[-71.061924,42.347827],[-71.062446,42.347953]]],[[[-71.061866,42.34764],[-71.062034,42.34776],[-71.061842,42.348194],[-71.061723,42.348166],[-71.061555,42.348046],[-71.061566,42.347954],[-71.061712,42.347604],[-71.061866,42.34764]]],[[[-71.063171,42.34797],[-71.063205,42.347995],[-71.063174,42.34807],[-71.063132,42.348119],[-71.063051,42.348085],[-71.063093,42.34795],[-71.063171,42.34797]]],[[[-71.063028,42.347936],[-71.063065,42.347962],[-71.063035,42.34804],[-71.062966,42.348026],[-71.062929,42.348],[-71.062961,42.347921],[-71.063028,42.347936]]],[[[-71.063093,42.34795],[-71.06313,42.347976],[-71.063105,42.348055],[-71.063042,42.348042],[-71.062998,42.348014],[-71.063028,42.347936],[-71.063093,42.34795]]],[[[-71.063239,42.347985],[-71.063274,42.34801],[-71.063243,42.348085],[-71.063175,42.34807],[-71.06314,42.348045],[-71.063171,42.34797],[-71.063239,42.347985]]],[[[-71.063301,42.347999],[-71.063336,42.348024],[-71.063315,42.348101],[-71.063243,42.348085],[-71.063208,42.34806],[-71.063239,42.347985],[-71.063301,42.347999]]],[[[-71.062886,42.348057],[-71.062931,42.34809],[-71.062916,42.348128],[-71.062733,42.348088],[-71.062688,42.348055],[-71.062712,42.347995],[-71.062834,42.34802],[-71.062886,42.348057]]],[[[-71.062909,42.347999],[-71.062955,42.348032],[-71.06294,42.348069],[-71.062758,42.348028],[-71.062712,42.347995],[-71.062734,42.347939],[-71.062855,42.347962],[-71.062909,42.347999]]],[[[-71.062777,42.348131],[-71.062828,42.348168],[-71.062812,42.348229],[-71.062691,42.348212],[-71.06264,42.348175],[-71.062667,42.348107],[-71.062777,42.348131]]],[[[-71.063268,42.348175],[-71.063291,42.348207],[-71.063267,42.34829],[-71.063192,42.348278],[-71.063154,42.348251],[-71.063186,42.348141],[-71.06323,42.348148],[-71.063268,42.348175]]],[[[-71.063177,42.348169],[-71.063221,42.3482],[-71.063198,42.348282],[-71.06312,42.348269],[-71.063076,42.348238],[-71.0631,42.348157],[-71.063177,42.348169]]],[[[-71.063024,42.348146],[-71.063069,42.348178],[-71.063045,42.348259],[-71.062967,42.348248],[-71.062922,42.348216],[-71.062946,42.348134],[-71.063024,42.348146]]],[[[-71.0631,42.348157],[-71.063147,42.348191],[-71.063123,42.348272],[-71.063047,42.348262],[-71.063,42.348228],[-71.063024,42.348146],[-71.0631,42.348157]]],[[[-71.062992,42.348166],[-71.062968,42.348249],[-71.062901,42.348239],[-71.062855,42.348206],[-71.062877,42.348122],[-71.062939,42.348131],[-71.062992,42.348166]]],[[[-71.061523,42.34862],[-71.061581,42.348661],[-71.061537,42.348767],[-71.061302,42.348713],[-71.061244,42.348672],[-71.061288,42.348565],[-71.061523,42.34862]]],[[[-71.06164,42.348359],[-71.061695,42.348398],[-71.061674,42.348449],[-71.061447,42.3484],[-71.061392,42.348361],[-71.061412,42.348312],[-71.06164,42.348359]]],[[[-71.061365,42.348369],[-71.061417,42.348406],[-71.061409,42.348444],[-71.061161,42.348388],[-71.061109,42.348351],[-71.061127,42.348305],[-71.061365,42.348369]]],[[[-71.06129,42.348281],[-71.061344,42.34832],[-71.061323,42.348373],[-71.061192,42.348347],[-71.061138,42.348308],[-71.061133,42.348276],[-71.061145,42.348247],[-71.06129,42.348281]]],[[[-71.061366,42.348266],[-71.061348,42.348311],[-71.061199,42.348286],[-71.061145,42.348247],[-71.061184,42.348198],[-71.061312,42.348227],[-71.061366,42.348266]]],[[[-71.061236,42.348384],[-71.061292,42.348424],[-71.06127,42.348477],[-71.061152,42.348451],[-71.061096,42.348411],[-71.061119,42.348355],[-71.061236,42.348384]]],[[[-71.061193,42.348488],[-71.061246,42.348526],[-71.061224,42.34858],[-71.061106,42.348554],[-71.061053,42.348516],[-71.061075,42.348462],[-71.061193,42.348488]]],[[[-71.061194,42.348627],[-71.061172,42.348681],[-71.061055,42.348654],[-71.06101,42.348621],[-71.061032,42.348568],[-71.061149,42.348594],[-71.061194,42.348627]]],[[[-71.061171,42.348542],[-71.061214,42.348573],[-71.061192,42.348625],[-71.061075,42.348599],[-71.061032,42.348568],[-71.06105,42.348523],[-71.061171,42.348542]]],[[[-71.061214,42.348437],[-71.061267,42.348475],[-71.061246,42.348526],[-71.061128,42.3485],[-71.061075,42.348462],[-71.061096,42.348411],[-71.061214,42.348437]]],[[[-71.058071,42.348706],[-71.05826,42.348842],[-71.058177,42.349051],[-71.057718,42.34895],[-71.057529,42.348814],[-71.057613,42.348605],[-71.058071,42.348706]]],[[[-71.062037,42.348157],[-71.062086,42.348192],[-71.061863,42.348747],[-71.061733,42.348717],[-71.061684,42.348682],[-71.061907,42.348129],[-71.062037,42.348157]]],[[[-71.061895,42.34873],[-71.06197,42.348784],[-71.061853,42.349035],[-71.061659,42.348993],[-71.061584,42.348939],[-71.061678,42.348681],[-71.061895,42.34873]]],[[[-71.062194,42.348453],[-71.062278,42.348522],[-71.062245,42.3486],[-71.061923,42.348528],[-71.061895,42.348508],[-71.061945,42.348382],[-71.062166,42.348433],[-71.062194,42.348453]]],[[[-71.062367,42.34823],[-71.062415,42.348265],[-71.062308,42.34854],[-71.062194,42.348515],[-71.062146,42.34848],[-71.062255,42.348206],[-71.062367,42.34823]]],[[[-71.060891,42.34916],[-71.060931,42.349189],[-71.060848,42.349299],[-71.060744,42.349244],[-71.060787,42.349136],[-71.060891,42.34916]]],[[[-71.06102,42.349213],[-71.061059,42.349241],[-71.061009,42.349365],[-71.060878,42.349299],[-71.060936,42.349221],[-71.060994,42.349204],[-71.06102,42.349213]]],[[[-71.061054,42.348944],[-71.0611,42.348977],[-71.061081,42.349023],[-71.060905,42.348983],[-71.060859,42.34895],[-71.060878,42.348902],[-71.061054,42.348944]]],[[[-71.061004,42.349108],[-71.061046,42.349138],[-71.061037,42.349162],[-71.060846,42.34912],[-71.060804,42.34909],[-71.060824,42.349041],[-71.060941,42.349067],[-71.061004,42.349108]]],[[[-71.060935,42.349223],[-71.060976,42.349252],[-71.060919,42.349328],[-71.060808,42.34927],[-71.060865,42.349194],[-71.060935,42.349223]]],[[[-71.060978,42.348976],[-71.06102,42.349006],[-71.061001,42.349053],[-71.060883,42.349027],[-71.060841,42.348997],[-71.060859,42.34895],[-71.060978,42.348976]]],[[[-71.060922,42.349116],[-71.060963,42.349146],[-71.060944,42.349193],[-71.060828,42.349166],[-71.060787,42.349136],[-71.060804,42.34909],[-71.060922,42.349116]]],[[[-71.061,42.349053],[-71.060982,42.349097],[-71.060865,42.349071],[-71.060824,42.349041],[-71.060841,42.348997],[-71.060959,42.349023],[-71.061,42.349053]]],[[[-71.061433,42.348815],[-71.061498,42.348863],[-71.061439,42.349012],[-71.061348,42.349028],[-71.061223,42.349001],[-71.061094,42.348905],[-71.06111,42.348835],[-71.061155,42.348757],[-71.061248,42.348743],[-71.061371,42.34877],[-71.061433,42.348815]]],[[[-71.061362,42.349071],[-71.061411,42.349106],[-71.061384,42.349174],[-71.061132,42.349119],[-71.061083,42.349084],[-71.061109,42.34902],[-71.061362,42.349071]]],[[[-71.061384,42.349005],[-71.061425,42.349035],[-71.061399,42.3491],[-71.06115,42.34905],[-71.061107,42.349019],[-71.061134,42.34895],[-71.061384,42.349005]]],[[[-71.061335,42.349139],[-71.061388,42.349177],[-71.061345,42.349285],[-71.061214,42.349257],[-71.061161,42.349219],[-71.061145,42.349177],[-71.061167,42.349121],[-71.061206,42.34911],[-71.061335,42.349139]]],[[[-71.061103,42.3493],[-71.061143,42.349329],[-71.061092,42.349399],[-71.060984,42.349342],[-71.061017,42.349264],[-71.061103,42.3493]]],[[[-71.061289,42.349246],[-71.06134,42.349283],[-71.06132,42.349335],[-71.061193,42.349304],[-71.061142,42.349267],[-71.06116,42.349221],[-71.061289,42.349246]]],[[[-71.061178,42.34933],[-71.061218,42.349359],[-71.061166,42.349429],[-71.061052,42.34937],[-71.061103,42.3493],[-71.061178,42.34933]]],[[[-71.061244,42.349357],[-71.061286,42.349388],[-71.061238,42.349459],[-71.061126,42.3494],[-71.061178,42.34933],[-71.061244,42.349357]]],[[[-71.066088,42.349411],[-71.066144,42.349509],[-71.06608,42.349529],[-71.066043,42.349503],[-71.065989,42.349405],[-71.066051,42.349385],[-71.066088,42.349411]]],[[[-71.061695,42.349213],[-71.061783,42.349276],[-71.061648,42.349646],[-71.061435,42.349552],[-71.061347,42.349489],[-71.061478,42.349165],[-71.061695,42.349213]]],[[[-71.061766,42.349036],[-71.061823,42.349077],[-71.061805,42.349123],[-71.0616,42.349078],[-71.061531,42.349019],[-71.061544,42.348987],[-71.061766,42.349036]]],[[[-71.061748,42.349082],[-71.061805,42.349123],[-71.061786,42.349169],[-71.061565,42.34912],[-71.061508,42.349079],[-71.06152,42.349047],[-71.061543,42.349037],[-71.061748,42.349082]]],[[[-71.061729,42.349128],[-71.061788,42.349171],[-71.061771,42.349213],[-71.061562,42.349167],[-71.061497,42.349105],[-71.061508,42.349079],[-71.061729,42.349128]]],[[[-71.061712,42.34917],[-71.061769,42.349211],[-71.061752,42.349254],[-71.061535,42.349206],[-71.061478,42.349165],[-71.061483,42.349137],[-71.061503,42.349124],[-71.061712,42.34917]]],[[[-71.061783,42.348996],[-71.06184,42.349037],[-71.061823,42.349077],[-71.061601,42.349028],[-71.061544,42.348987],[-71.061552,42.34896],[-71.061577,42.34895],[-71.061783,42.348996]]],[[[-71.059339,42.349741],[-71.059266,42.349912],[-71.059105,42.349866],[-71.059179,42.349693],[-71.059339,42.349741]]],[[[-71.061223,42.349999],[-71.061235,42.350008],[-71.061211,42.350065],[-71.061139,42.350043],[-71.061162,42.349985],[-71.061223,42.349999]]],[[[-71.061369,42.350031],[-71.061397,42.350051],[-71.061338,42.350199],[-71.06121,42.35017],[-71.061182,42.35015],[-71.061242,42.350003],[-71.061369,42.350031]]],[[[-71.060966,42.349994],[-71.061155,42.35013],[-71.061017,42.350469],[-71.060569,42.350343],[-71.06038,42.350207],[-71.060508,42.349891],[-71.060966,42.349994]]],[[[-71.062473,42.350335],[-71.062554,42.350393],[-71.062393,42.350593],[-71.061842,42.350414],[-71.061761,42.350356],[-71.06188,42.350138],[-71.062367,42.350288],[-71.062473,42.350335]]],[[[-71.062291,42.350533],[-71.062444,42.350643],[-71.062337,42.350799],[-71.061826,42.350669],[-71.061673,42.350559],[-71.061746,42.350372],[-71.062291,42.350533]]],[[[-71.060116,42.350367],[-71.060184,42.350416],[-71.060126,42.350565],[-71.059907,42.350558],[-71.059862,42.350548],[-71.059794,42.350499],[-71.059867,42.350296],[-71.060116,42.350367]]],[[[-71.06004,42.35063],[-71.060073,42.350654],[-71.060052,42.350708],[-71.059822,42.350658],[-71.059789,42.350634],[-71.059811,42.350581],[-71.06004,42.35063]]],[[[-71.058776,42.350034],[-71.058903,42.350125],[-71.058894,42.35019],[-71.058833,42.350301],[-71.058448,42.350215],[-71.058321,42.350124],[-71.058371,42.349948],[-71.058776,42.350034]]],[[[-71.058706,42.35021],[-71.058749,42.350241],[-71.058684,42.350402],[-71.058317,42.350321],[-71.058274,42.35029],[-71.058321,42.350124],[-71.058706,42.35021]]],[[[-71.058641,42.350371],[-71.058766,42.350461],[-71.058699,42.350628],[-71.05835,42.35055],[-71.058225,42.35046],[-71.058274,42.35029],[-71.058641,42.350371]]],[[[-71.058587,42.350541],[-71.058667,42.350598],[-71.058622,42.350709],[-71.058273,42.350631],[-71.058193,42.350574],[-71.058225,42.35046],[-71.058587,42.350541]]],[[[-71.058538,42.350651],[-71.058608,42.350701],[-71.058586,42.350756],[-71.058247,42.350681],[-71.058177,42.350631],[-71.058193,42.350574],[-71.058538,42.350651]]],[[[-71.058582,42.350755],[-71.05856,42.350812],[-71.05823,42.350739],[-71.05816,42.350689],[-71.058177,42.350631],[-71.058512,42.350705],[-71.058582,42.350755]]],[[[-71.062036,42.350875],[-71.062121,42.350936],[-71.062091,42.351002],[-71.061745,42.350927],[-71.06166,42.350866],[-71.061693,42.350788],[-71.062036,42.350875]]],[[[-71.059554,42.35024],[-71.059588,42.350275],[-71.059281,42.351035],[-71.059226,42.351051],[-71.058804,42.350957],[-71.058689,42.350861],[-71.058996,42.350102],[-71.059047,42.350086],[-71.059471,42.35018],[-71.059554,42.35024]]],[[[-71.066207,42.350966],[-71.066226,42.351164],[-71.066011,42.351194],[-71.065609,42.351171],[-71.065393,42.351105],[-71.065158,42.350936],[-71.065139,42.350903],[-71.06521,42.350652],[-71.065959,42.350666],[-71.066194,42.350835],[-71.066207,42.350966]]],[[[-71.060747,42.35054],[-71.060847,42.350612],[-71.0608,42.350721],[-71.060568,42.35067],[-71.060468,42.350598],[-71.060381,42.350499],[-71.060395,42.350464],[-71.060472,42.350463],[-71.060747,42.35054]]],[[[-71.060591,42.350922],[-71.060652,42.350966],[-71.060629,42.351022],[-71.060168,42.350918],[-71.060103,42.350872],[-71.060124,42.350819],[-71.060591,42.350922]]],[[[-71.060635,42.35081],[-71.060684,42.350845],[-71.06064,42.350957],[-71.060411,42.350905],[-71.060362,42.35087],[-71.06034,42.350745],[-71.060635,42.35081]]],[[[-71.06031,42.350921],[-71.060371,42.350965],[-71.060325,42.351077],[-71.060118,42.351032],[-71.060057,42.350988],[-71.060107,42.350874],[-71.06031,42.350921]]],[[[-71.060394,42.350515],[-71.060449,42.350555],[-71.060382,42.35072],[-71.060248,42.35069],[-71.060193,42.35065],[-71.06026,42.350485],[-71.060394,42.350515]]],[[[-71.0607,42.350649],[-71.060746,42.350682],[-71.060726,42.350732],[-71.060394,42.350661],[-71.060348,42.350628],[-71.06039,42.350524],[-71.060475,42.350543],[-71.0607,42.350649]]],[[[-71.060571,42.351043],[-71.060632,42.351087],[-71.060611,42.351139],[-71.060325,42.351077],[-71.060264,42.351033],[-71.06031,42.350921],[-71.060377,42.350936],[-71.060571,42.351043]]],[[[-71.060192,42.351018],[-71.060253,42.351062],[-71.060179,42.351244],[-71.060104,42.351228],[-71.060043,42.351184],[-71.060117,42.351001],[-71.060192,42.351018]]],[[[-71.060325,42.351077],[-71.060251,42.35126],[-71.060179,42.351244],[-71.060118,42.3512],[-71.060192,42.351018],[-71.060264,42.351033],[-71.060325,42.351077]]],[[[-71.060496,42.351215],[-71.060552,42.351255],[-71.060525,42.351319],[-71.060322,42.351274],[-71.060266,42.351234],[-71.060292,42.35117],[-71.060496,42.351215]]],[[[-71.060117,42.351001],[-71.060178,42.351045],[-71.060104,42.351228],[-71.060033,42.351212],[-71.059972,42.351168],[-71.060046,42.350986],[-71.060117,42.351001]]],[[[-71.060595,42.350984],[-71.060657,42.351029],[-71.060636,42.351082],[-71.060416,42.35104],[-71.060354,42.350995],[-71.060377,42.350936],[-71.060595,42.350984]]],[[[-71.060332,42.351048],[-71.060393,42.351092],[-71.060318,42.351275],[-71.060251,42.35126],[-71.06019,42.351216],[-71.060264,42.351033],[-71.060332,42.351048]]],[[[-71.06052,42.351156],[-71.060581,42.3512],[-71.060557,42.351259],[-71.060353,42.351214],[-71.060292,42.35117],[-71.060318,42.351108],[-71.06052,42.351156]]],[[[-71.06055,42.351095],[-71.060611,42.351139],[-71.060586,42.351201],[-71.060454,42.351169],[-71.060393,42.351125],[-71.060416,42.351067],[-71.06055,42.351095]]],[[[-71.060327,42.35068],[-71.060382,42.350719],[-71.060359,42.350776],[-71.060224,42.350747],[-71.060169,42.350708],[-71.060193,42.35065],[-71.060327,42.35068]]],[[[-71.060302,42.350738],[-71.060358,42.350779],[-71.060335,42.350834],[-71.060203,42.350805],[-71.060147,42.350764],[-71.060169,42.350708],[-71.060302,42.350738]]],[[[-71.060279,42.350793],[-71.060335,42.350833],[-71.060313,42.350886],[-71.060182,42.350856],[-71.060126,42.350816],[-71.060147,42.350764],[-71.060279,42.350793]]],[[[-71.05694,42.351044],[-71.057035,42.351113],[-71.056879,42.351453],[-71.056851,42.351462],[-71.056496,42.351318],[-71.056401,42.351249],[-71.056543,42.350948],[-71.05694,42.351044]]],[[[-71.061227,42.351071],[-71.061318,42.351136],[-71.06123,42.351361],[-71.060979,42.351307],[-71.060698,42.351127],[-71.060769,42.350979],[-71.061227,42.351071]]],[[[-71.063263,42.351135],[-71.063295,42.351158],[-71.063253,42.351368],[-71.063003,42.351325],[-71.062961,42.35129],[-71.063015,42.351107],[-71.063263,42.351135]]],[[[-71.05722,42.350666],[-71.057307,42.350729],[-71.057268,42.35092],[-71.056934,42.350854],[-71.056847,42.350791],[-71.05694,42.350597],[-71.05722,42.350666]]],[[[-71.058414,42.350953],[-71.05851,42.351022],[-71.058445,42.351197],[-71.058153,42.351138],[-71.058057,42.351069],[-71.058104,42.350876],[-71.058414,42.350953]]],[[[-71.059038,42.351101],[-71.059107,42.351151],[-71.059007,42.351352],[-71.058839,42.351577],[-71.058627,42.351782],[-71.058431,42.351739],[-71.058362,42.351689],[-71.058633,42.351011],[-71.059038,42.351101]]],[[[-71.060483,42.351424],[-71.060535,42.351461],[-71.060496,42.351559],[-71.060452,42.35155],[-71.0604,42.351513],[-71.060369,42.351415],[-71.060388,42.351402],[-71.060483,42.351424]]],[[[-71.061201,42.351771],[-71.061205,42.351798],[-71.061027,42.351835],[-71.060886,42.351733],[-71.060817,42.351597],[-71.060855,42.351502],[-71.061041,42.351545],[-71.061182,42.351647],[-71.061201,42.351771]]],[[[-71.061144,42.351753],[-71.061163,42.351879],[-71.061004,42.351904],[-71.060924,42.351847],[-71.060886,42.351733],[-71.061064,42.351696],[-71.061144,42.351753]]],[[[-71.061158,42.351964],[-71.061168,42.352029],[-71.061022,42.352048],[-71.060962,42.352005],[-71.060945,42.351945],[-71.061098,42.351921],[-71.061158,42.351964]]],[[[-71.061163,42.351879],[-71.061172,42.351939],[-71.061014,42.351963],[-71.060934,42.351906],[-71.060924,42.351847],[-71.061083,42.351822],[-71.061163,42.351879]]],[[[-71.061172,42.351939],[-71.061178,42.351978],[-71.061025,42.352002],[-71.060945,42.351945],[-71.060934,42.351906],[-71.061092,42.351882],[-71.061172,42.351939]]],[[[-71.060976,42.352036],[-71.060864,42.352063],[-71.060816,42.352029],[-71.060799,42.351976],[-71.060914,42.351956],[-71.060962,42.35199],[-71.060976,42.352036]]],[[[-71.060918,42.351846],[-71.060805,42.351874],[-71.060756,42.351839],[-71.06074,42.35179],[-71.060855,42.35177],[-71.060904,42.351805],[-71.060918,42.351846]]],[[[-71.060876,42.351714],[-71.060891,42.351763],[-71.060775,42.351783],[-71.060727,42.351749],[-71.060712,42.3517],[-71.060828,42.35168],[-71.060876,42.351714]]],[[[-71.06092,42.351854],[-71.060935,42.351903],[-71.06082,42.351923],[-71.060771,42.351888],[-71.060756,42.351839],[-71.060871,42.351819],[-71.06092,42.351854]]],[[[-71.060937,42.351904],[-71.060951,42.351948],[-71.060836,42.351968],[-71.060785,42.351932],[-71.060771,42.351888],[-71.060886,42.351868],[-71.060937,42.351904]]],[[[-71.060862,42.351671],[-71.060876,42.351715],[-71.06076,42.351735],[-71.060712,42.3517],[-71.060699,42.351658],[-71.060814,42.351636],[-71.060862,42.351671]]],[[[-71.060949,42.351947],[-71.060963,42.351991],[-71.060848,42.352011],[-71.060799,42.351976],[-71.060785,42.351932],[-71.0609,42.351912],[-71.060949,42.351947]]],[[[-71.060892,42.351764],[-71.060904,42.351805],[-71.060789,42.351825],[-71.06074,42.35179],[-71.060727,42.351749],[-71.060843,42.351729],[-71.060892,42.351764]]],[[[-71.060117,42.351342],[-71.060203,42.351404],[-71.060177,42.351537],[-71.06004,42.351544],[-71.059954,42.351482],[-71.059938,42.351405],[-71.059977,42.351309],[-71.060117,42.351342]]],[[[-71.060106,42.351511],[-71.060121,42.351616],[-71.06004,42.351623],[-71.06001,42.351602],[-71.059996,42.351497],[-71.060076,42.35149],[-71.060106,42.351511]]],[[[-71.061599,42.351932],[-71.061618,42.352104],[-71.061463,42.352112],[-71.061394,42.352062],[-71.061359,42.35189],[-71.06153,42.351882],[-71.061599,42.351932]]],[[[-71.060015,42.351502],[-71.060044,42.351679],[-71.059834,42.351698],[-71.059741,42.351633],[-71.059712,42.351456],[-71.059925,42.351437],[-71.060015,42.351502]]],[[[-71.059962,42.351307],[-71.060048,42.351369],[-71.060011,42.351499],[-71.059806,42.351518],[-71.05972,42.351456],[-71.059709,42.351391],[-71.059756,42.351267],[-71.059962,42.351307]]],[[[-71.06003,42.351673],[-71.060049,42.351795],[-71.059837,42.351814],[-71.059762,42.35176],[-71.059742,42.351642],[-71.059954,42.351614],[-71.06003,42.351673]]],[[[-71.060048,42.351794],[-71.060067,42.351911],[-71.059858,42.35193],[-71.059781,42.351877],[-71.059762,42.35176],[-71.059974,42.351741],[-71.060048,42.351794]]],[[[-71.060069,42.351913],[-71.060088,42.35203],[-71.05988,42.352049],[-71.059804,42.351994],[-71.059784,42.351877],[-71.059993,42.351858],[-71.060069,42.351913]]],[[[-71.060097,42.35209],[-71.060107,42.352155],[-71.059898,42.352174],[-71.059817,42.35212],[-71.059807,42.352057],[-71.060023,42.352037],[-71.060097,42.35209]]],[[[-71.060086,42.352028],[-71.060097,42.35209],[-71.059888,42.352109],[-71.059814,42.352056],[-71.059804,42.351994],[-71.060012,42.351975],[-71.060086,42.352028]]],[[[-71.06349,42.352019],[-71.063592,42.352092],[-71.063563,42.352318],[-71.062874,42.352243],[-71.062772,42.35217],[-71.062817,42.351944],[-71.06349,42.352019]]],[[[-71.058236,42.351821],[-71.058064,42.352328],[-71.057855,42.352265],[-71.057734,42.352178],[-71.057883,42.351691],[-71.058099,42.351719],[-71.058236,42.351821]]],[[[-71.064616,42.351742],[-71.064775,42.351856],[-71.064643,42.352377],[-71.064608,42.352397],[-71.064337,42.35239],[-71.064172,42.352275],[-71.064293,42.351704],[-71.064616,42.351742]]],[[[-71.062153,42.352252],[-71.062179,42.35242],[-71.062099,42.352426],[-71.062033,42.352378],[-71.062004,42.35221],[-71.062087,42.352204],[-71.062153,42.352252]]],[[[-71.062003,42.352443],[-71.061838,42.352465],[-71.061761,42.35241],[-71.061723,42.352231],[-71.061887,42.352201],[-71.061964,42.352256],[-71.062003,42.352443]]],[[[-71.061659,42.352325],[-71.061679,42.352438],[-71.061501,42.352455],[-71.061467,42.35243],[-71.061454,42.352351],[-71.061514,42.352311],[-71.061621,42.3523],[-71.061659,42.352325]]],[[[-71.059723,42.351874],[-71.059762,42.352136],[-71.059521,42.352173],[-71.059424,42.352103],[-71.059386,42.351848],[-71.059626,42.351804],[-71.059723,42.351874]]],[[[-71.059835,42.352491],[-71.059843,42.352546],[-71.059573,42.352529],[-71.059478,42.352461],[-71.059451,42.352282],[-71.059715,42.35226],[-71.05981,42.352328],[-71.059835,42.352491]]],[[[-71.059747,42.352125],[-71.059777,42.352321],[-71.059533,42.352341],[-71.059451,42.352282],[-71.059424,42.352103],[-71.05948,42.352081],[-71.059665,42.352066],[-71.059747,42.352125]]],[[[-71.065421,42.352871],[-71.065441,42.352885],[-71.065398,42.353],[-71.065312,42.352972],[-71.065286,42.352891],[-71.065303,42.352844],[-71.065421,42.352871]]],[[[-71.062452,42.352508],[-71.062573,42.352595],[-71.062547,42.353118],[-71.062512,42.353145],[-71.061643,42.353182],[-71.061522,42.353095],[-71.061487,42.352561],[-71.062412,42.352483],[-71.062452,42.352508]]],[[[-71.064097,42.353425],[-71.064157,42.353468],[-71.064112,42.353597],[-71.063856,42.353532],[-71.063796,42.353489],[-71.063834,42.353383],[-71.064097,42.353425]]],[[[-71.063791,42.353452],[-71.063839,42.353488],[-71.063813,42.353603],[-71.063663,42.353878],[-71.063327,42.353864],[-71.063187,42.353764],[-71.063204,42.353334],[-71.063651,42.353352],[-71.063791,42.353452]]],[[[-71.05903,42.353974],[-71.059205,42.3541],[-71.059147,42.354197],[-71.059037,42.354299],[-71.058709,42.354058],[-71.058895,42.353885],[-71.05903,42.353974]]],[[[-71.059472,42.353778],[-71.059569,42.353848],[-71.059509,42.353904],[-71.059133,42.353667],[-71.059194,42.353612],[-71.059472,42.353778]]],[[[-71.059182,42.354073],[-71.05923,42.354117],[-71.059041,42.354297],[-71.058862,42.354173],[-71.05906,42.353989],[-71.059182,42.354073]]],[[[-71.059773,42.353716],[-71.059794,42.353732],[-71.059742,42.35378],[-71.059716,42.353769],[-71.059304,42.353504],[-71.059361,42.353452],[-71.059617,42.353604],[-71.059773,42.353716]]],[[[-71.059527,42.353727],[-71.059616,42.353791],[-71.059561,42.353842],[-71.059194,42.353612],[-71.059245,42.353558],[-71.059527,42.353727]]],[[[-71.05956,42.353657],[-71.059651,42.353722],[-71.059618,42.353792],[-71.059245,42.353558],[-71.059304,42.353504],[-71.05956,42.353657]]],[[[-71.059338,42.353871],[-71.059423,42.353932],[-71.059354,42.353981],[-71.05902,42.353778],[-71.059085,42.353719],[-71.059338,42.353871]]],[[[-71.059412,42.353834],[-71.059509,42.353904],[-71.059456,42.353954],[-71.059085,42.353719],[-71.059138,42.35367],[-71.059412,42.353834]]],[[[-71.059592,42.35352],[-71.059748,42.353632],[-71.059655,42.353646],[-71.059361,42.353452],[-71.05941,42.353411],[-71.059592,42.35352]]],[[[-71.065601,42.354368],[-71.065576,42.354408],[-71.065523,42.354414],[-71.065454,42.35437],[-71.065443,42.354342],[-71.065469,42.354307],[-71.065521,42.354301],[-71.065586,42.35434],[-71.065601,42.354368]]],[[[-71.056989,42.35444],[-71.057001,42.354508],[-71.056986,42.354523],[-71.056651,42.354556],[-71.056444,42.354409],[-71.056399,42.354161],[-71.056413,42.354145],[-71.056749,42.354112],[-71.056956,42.354258],[-71.056989,42.35444]]],[[[-71.063935,42.354829],[-71.063949,42.354839],[-71.063926,42.354887],[-71.063846,42.35486],[-71.063869,42.354811],[-71.063935,42.354829]]],[[[-71.061545,42.355046],[-71.061646,42.355118],[-71.061474,42.355305],[-71.061161,42.355148],[-71.06106,42.355076],[-71.061254,42.354893],[-71.061545,42.355046]]],[[[-71.064309,42.35284],[-71.064464,42.352952],[-71.064421,42.353097],[-71.064016,42.353075],[-71.063861,42.352963],[-71.063869,42.352843],[-71.063906,42.352819],[-71.064309,42.35284]]],[[[-71.062955,42.354488],[-71.063047,42.354554],[-71.062747,42.354842],[-71.062579,42.354757],[-71.062487,42.354691],[-71.062756,42.354434],[-71.062955,42.354488]]],[[[-71.062563,42.35398],[-71.06264,42.354036],[-71.062565,42.35422],[-71.062167,42.354141],[-71.06209,42.354085],[-71.062227,42.353936],[-71.062563,42.35398]]],[[[-71.06221,42.35496],[-71.062294,42.35502],[-71.062129,42.355196],[-71.06186,42.35504],[-71.062017,42.354866],[-71.06221,42.35496]]],[[[-71.062662,42.35491],[-71.062742,42.354968],[-71.062549,42.355152],[-71.062357,42.355031],[-71.062552,42.354846],[-71.062662,42.35491]]],[[[-71.062017,42.354866],[-71.062101,42.354926],[-71.061944,42.3551],[-71.061779,42.354998],[-71.061941,42.354829],[-71.062017,42.354866]]],[[[-71.062751,42.354949],[-71.062866,42.355032],[-71.062705,42.355201],[-71.0625,42.355067],[-71.062662,42.35491],[-71.062751,42.354949]]],[[[-71.062414,42.354975],[-71.062435,42.35499],[-71.062378,42.355046],[-71.062017,42.354866],[-71.062062,42.354822],[-71.062217,42.354875],[-71.062414,42.354975]]],[[[-71.062555,42.354843],[-71.062635,42.354901],[-71.062494,42.355033],[-71.062297,42.354933],[-71.062217,42.354875],[-71.062343,42.354737],[-71.062555,42.354843]]],[[[-71.063476,42.348381],[-71.063556,42.348438],[-71.063445,42.34884],[-71.062536,42.348703],[-71.062448,42.348644],[-71.062604,42.34825],[-71.063476,42.348381]]],[[[-71.063042,42.348892],[-71.063116,42.348945],[-71.063058,42.349063],[-71.062577,42.34893],[-71.062503,42.348877],[-71.062559,42.348762],[-71.063042,42.348892]]],[[[-71.062961,42.348952],[-71.063051,42.349017],[-71.063027,42.349062],[-71.062911,42.34903],[-71.062821,42.348965],[-71.062846,42.348921],[-71.062961,42.348952]]],[[[-71.063928,42.35115],[-71.063976,42.351185],[-71.063888,42.351467],[-71.063671,42.351431],[-71.063623,42.351396],[-71.063677,42.351111],[-71.063928,42.35115]]],[[[-71.063677,42.351111],[-71.063772,42.351179],[-71.063726,42.35142],[-71.063337,42.351381],[-71.063242,42.351313],[-71.06329,42.35107],[-71.063677,42.351111]]],[[[-71.062806,42.351228],[-71.062894,42.351291],[-71.062853,42.351442],[-71.062424,42.351364],[-71.062336,42.351301],[-71.062333,42.351281],[-71.06242,42.3511],[-71.062806,42.351228]]],[[[-71.062641,42.349157],[-71.062716,42.349211],[-71.062691,42.349242],[-71.062526,42.349327],[-71.062311,42.34923],[-71.062236,42.349176],[-71.062234,42.34916],[-71.062296,42.349062],[-71.062641,42.349157]]],[[[-71.06136,42.350735],[-71.061412,42.350773],[-71.06139,42.350828],[-71.061107,42.35086],[-71.061029,42.350843],[-71.060977,42.350805],[-71.061034,42.350663],[-71.06136,42.350735]]],[[[-71.057505,42.349748],[-71.057658,42.349858],[-71.057609,42.3501],[-71.057482,42.350084],[-71.057185,42.350008],[-71.057032,42.349898],[-71.057133,42.349667],[-71.057505,42.349748]]],[[[-71.057456,42.34999],[-71.057551,42.350058],[-71.05744,42.350604],[-71.057403,42.350618],[-71.056968,42.350511],[-71.056873,42.350443],[-71.05695,42.350087],[-71.057032,42.349898],[-71.057456,42.34999]]],[[[-71.056677,42.351521],[-71.056713,42.351845],[-71.056656,42.351985],[-71.056232,42.351875],[-71.056079,42.351765],[-71.056294,42.351331],[-71.056524,42.351411],[-71.056677,42.351521]]],[[[-71.056722,42.351498],[-71.056875,42.351608],[-71.056759,42.351778],[-71.05658,42.351721],[-71.056427,42.351611],[-71.056524,42.351411],[-71.056722,42.351498]]],[[[-71.057247,42.350479],[-71.057235,42.350526],[-71.0572,42.350554],[-71.057132,42.350571],[-71.057071,42.350559],[-71.05686,42.350409],[-71.056828,42.350343],[-71.056847,42.350306],[-71.056895,42.350275],[-71.057,42.350276],[-71.057218,42.350429],[-71.057247,42.350479]]],[[[-71.057287,42.350169],[-71.057464,42.350296],[-71.057405,42.350561],[-71.057222,42.350524],[-71.057045,42.350397],[-71.056954,42.350266],[-71.057037,42.350115],[-71.057287,42.350169]]],[[[-71.056291,42.350409],[-71.056391,42.350481],[-71.05635,42.350648],[-71.056297,42.350667],[-71.056091,42.350611],[-71.055991,42.350539],[-71.056083,42.350359],[-71.056291,42.350409]]],[[[-71.061605,42.348407],[-71.061659,42.348446],[-71.061615,42.348551],[-71.061496,42.348524],[-71.061442,42.348485],[-71.061385,42.348414],[-71.061404,42.348367],[-71.061605,42.348407]]],[[[-71.061561,42.348512],[-71.061616,42.348551],[-71.061593,42.348609],[-71.061475,42.348582],[-71.06142,42.348543],[-71.061442,42.348485],[-71.061561,42.348512]]],[[[-71.061538,42.34857],[-71.061595,42.348611],[-71.061574,42.34866],[-71.061399,42.348618],[-71.061342,42.348577],[-71.061351,42.348556],[-71.06142,42.348543],[-71.061538,42.34857]]],[[[-71.062559,42.348762],[-71.062638,42.348819],[-71.062526,42.349113],[-71.062425,42.349086],[-71.062346,42.349029],[-71.062394,42.348793],[-71.062425,42.348727],[-71.062559,42.348762]]],[[[-71.062437,42.348806],[-71.062515,42.348862],[-71.062505,42.349106],[-71.062485,42.349148],[-71.062374,42.349118],[-71.062289,42.349058],[-71.062394,42.348793],[-71.062437,42.348806]]],[[[-71.062825,42.348966],[-71.062851,42.348985],[-71.062804,42.349074],[-71.062485,42.348986],[-71.062459,42.348967],[-71.062503,42.348877],[-71.062825,42.348966]]],[[[-71.062716,42.350171],[-71.062792,42.350235],[-71.062658,42.35041],[-71.062163,42.350206],[-71.062007,42.350094],[-71.061924,42.349957],[-71.061969,42.349845],[-71.062146,42.349886],[-71.06256,42.350059],[-71.062716,42.350171]]],[[[-71.062221,42.350126],[-71.062362,42.350285],[-71.06233,42.350327],[-71.062187,42.350287],[-71.062052,42.350223],[-71.061896,42.350111],[-71.06196,42.349972],[-71.062065,42.350014],[-71.062221,42.350126]]],[[[-71.062155,42.351083],[-71.062204,42.351451],[-71.061786,42.351464],[-71.061692,42.351396],[-71.061695,42.351243],[-71.061801,42.350948],[-71.062061,42.351015],[-71.062155,42.351083]]],[[[-71.061786,42.350946],[-71.061839,42.350984],[-71.061757,42.351211],[-71.061515,42.351178],[-71.061462,42.35114],[-71.06154,42.350894],[-71.061786,42.350946]]],[[[-71.061813,42.351278],[-71.061849,42.351353],[-71.061846,42.351506],[-71.061534,42.351516],[-71.061352,42.351379],[-71.061448,42.351138],[-71.061659,42.351168],[-71.061813,42.351278]]],[[[-71.061346,42.350791],[-71.061399,42.350829],[-71.061376,42.350886],[-71.061245,42.35086],[-71.061192,42.350822],[-71.061213,42.350765],[-71.061346,42.350791]]],[[[-71.060679,42.350701],[-71.060716,42.350728],[-71.060672,42.350837],[-71.060341,42.350764],[-71.060304,42.350737],[-71.060327,42.35068],[-71.060448,42.35065],[-71.060679,42.350701]]],[[[-71.057806,42.350816],[-71.057901,42.350885],[-71.057841,42.351135],[-71.057571,42.351103],[-71.057476,42.351034],[-71.057527,42.350772],[-71.057558,42.350757],[-71.057806,42.350816]]],[[[-71.060286,42.351458],[-71.060302,42.351509],[-71.060196,42.351589],[-71.06011,42.351608],[-71.060091,42.351595],[-71.060079,42.351435],[-71.060117,42.351342],[-71.060253,42.351382],[-71.060286,42.351458]]],[[[-71.062821,42.349229],[-71.062873,42.349266],[-71.062817,42.349387],[-71.062744,42.349421],[-71.062552,42.34932],[-71.062678,42.349167],[-71.062821,42.349229]]],[[[-71.063064,42.349342],[-71.063138,42.349395],[-71.063012,42.349548],[-71.062799,42.349451],[-71.062725,42.349398],[-71.062852,42.349243],[-71.063064,42.349342]]],[[[-71.061975,42.34927],[-71.062176,42.349415],[-71.062013,42.349798],[-71.06199,42.34981],[-71.061761,42.349728],[-71.06156,42.349583],[-71.061695,42.349213],[-71.061975,42.34927]]],[[[-71.061839,42.34916],[-71.061856,42.349172],[-71.061822,42.349255],[-71.061708,42.349216],[-71.06174,42.349138],[-71.061839,42.34916]]],[[[-71.061778,42.349762],[-71.061914,42.34986],[-71.061802,42.350136],[-71.061332,42.349943],[-71.061196,42.349845],[-71.061307,42.349568],[-71.061778,42.349762]]],[[[-71.061671,42.35004],[-71.061792,42.350127],[-71.061605,42.350581],[-71.061122,42.350466],[-71.061001,42.350379],[-71.061089,42.350161],[-71.061438,42.349944],[-71.061671,42.35004]]],[[[-71.058486,42.350762],[-71.058528,42.350792],[-71.058501,42.35086],[-71.05829,42.350807],[-71.058248,42.350777],[-71.058276,42.350715],[-71.058486,42.350762]]],[[[-71.058006,42.349861],[-71.058096,42.349926],[-71.058038,42.35008],[-71.057959,42.350115],[-71.057758,42.350088],[-71.057668,42.350023],[-71.057688,42.349927],[-71.057874,42.34983],[-71.058006,42.349861]]],[[[-71.05791,42.350263],[-71.058029,42.350348],[-71.057986,42.350525],[-71.057815,42.350733],[-71.057665,42.350697],[-71.057546,42.350612],[-71.057604,42.350332],[-71.057831,42.350251],[-71.05791,42.350263]]],[[[-71.058289,42.349924],[-71.058313,42.349941],[-71.058269,42.350103],[-71.058035,42.350065],[-71.058011,42.350048],[-71.058078,42.349882],[-71.058289,42.349924]]],[[[-71.05808,42.349878],[-71.058131,42.349915],[-71.058062,42.350085],[-71.05792,42.350087],[-71.057869,42.35005],[-71.057879,42.350006],[-71.058006,42.349861],[-71.05808,42.349878]]],[[[-71.058188,42.350307],[-71.058275,42.350369],[-71.058152,42.350797],[-71.057783,42.35071],[-71.057696,42.350648],[-71.057738,42.350426],[-71.05791,42.350263],[-71.058188,42.350307]]],[[[-71.058245,42.350086],[-71.058333,42.350149],[-71.058288,42.350295],[-71.057945,42.350241],[-71.057738,42.35017],[-71.05765,42.350107],[-71.057668,42.350023],[-71.057901,42.35003],[-71.058245,42.350086]]],[[[-71.058276,42.350715],[-71.058346,42.350765],[-71.058318,42.350827],[-71.058212,42.350801],[-71.058142,42.350751],[-71.05816,42.350689],[-71.058276,42.350715]]],[[[-71.057962,42.349568],[-71.05798,42.349581],[-71.057961,42.34963],[-71.057853,42.349597],[-71.057869,42.349555],[-71.057962,42.349568]]],[[[-71.058424,42.349376],[-71.058461,42.349402],[-71.058444,42.349445],[-71.058091,42.349368],[-71.058054,42.349342],[-71.058072,42.349298],[-71.058424,42.349376]]],[[[-71.058072,42.349298],[-71.058109,42.349324],[-71.058041,42.349491],[-71.057896,42.349459],[-71.057859,42.349433],[-71.057926,42.349266],[-71.058072,42.349298]]],[[[-71.058313,42.349655],[-71.058415,42.349728],[-71.058399,42.349769],[-71.058045,42.34969],[-71.057943,42.349617],[-71.057959,42.349577],[-71.058313,42.349655]]],[[[-71.06279,42.349088],[-71.062795,42.349108],[-71.062706,42.349204],[-71.062472,42.349139],[-71.062407,42.349092],[-71.06247,42.34897],[-71.062725,42.349041],[-71.06279,42.349088]]],[[[-71.062932,42.349097],[-71.062993,42.349141],[-71.062882,42.349273],[-71.062706,42.349196],[-71.062645,42.349152],[-71.062714,42.349068],[-71.062838,42.34907],[-71.062932,42.349097]]],[[[-71.062977,42.349008],[-71.063027,42.349044],[-71.062982,42.349133],[-71.062828,42.349091],[-71.062778,42.349055],[-71.062825,42.348966],[-71.062977,42.349008]]],[[[-71.055768,42.35162],[-71.055883,42.351702],[-71.055664,42.352151],[-71.055573,42.35226],[-71.055453,42.35235],[-71.055331,42.352378],[-71.055276,42.35239],[-71.055108,42.352365],[-71.054948,42.352314],[-71.054422,42.352036],[-71.054307,42.351954],[-71.054478,42.35178],[-71.055498,42.351545],[-71.055768,42.35162]]],[[[-71.063883,42.351802],[-71.063914,42.351824],[-71.063907,42.351938],[-71.063885,42.351984],[-71.063606,42.351926],[-71.063575,42.351904],[-71.063585,42.351838],[-71.063791,42.351792],[-71.063883,42.351802]]],[[[-71.064168,42.351982],[-71.064258,42.352047],[-71.064199,42.352328],[-71.064055,42.352326],[-71.063743,42.352071],[-71.063744,42.351947],[-71.064168,42.351982]]],[[[-71.063744,42.351908],[-71.063839,42.351976],[-71.063838,42.352139],[-71.063819,42.352178],[-71.063646,42.352171],[-71.063551,42.352103],[-71.06356,42.351983],[-71.063584,42.351904],[-71.063744,42.351908]]],[[[-71.063926,42.351682],[-71.063897,42.351818],[-71.063578,42.351783],[-71.063554,42.351766],[-71.063579,42.351629],[-71.063902,42.351665],[-71.063926,42.351682]]],[[[-71.060472,42.351867],[-71.060505,42.351974],[-71.060328,42.352031],[-71.06015,42.352039],[-71.060075,42.351985],[-71.060056,42.351864],[-71.060397,42.351813],[-71.060472,42.351867]]],[[[-71.060484,42.351959],[-71.060502,42.352018],[-71.060319,42.352049],[-71.060265,42.35201],[-71.060245,42.351953],[-71.06043,42.35192],[-71.060484,42.351959]]],[[[-71.060356,42.351592],[-71.06045,42.351851],[-71.060312,42.351877],[-71.060259,42.351839],[-71.060177,42.351575],[-71.060303,42.351554],[-71.060356,42.351592]]],[[[-71.065959,42.350348],[-71.065961,42.350382],[-71.065789,42.350391],[-71.06576,42.35037],[-71.065756,42.350338],[-71.06593,42.350327],[-71.065959,42.350348]]],[[[-71.06578,42.350376],[-71.06577,42.350432],[-71.065544,42.350411],[-71.065523,42.350396],[-71.065528,42.350376],[-71.065759,42.350361],[-71.06578,42.350376]]],[[[-71.065835,42.350481],[-71.065845,42.350601],[-71.065789,42.350633],[-71.065615,42.350688],[-71.065488,42.350668],[-71.065417,42.350617],[-71.065473,42.350327],[-71.065736,42.350411],[-71.065835,42.350481]]],[[[-71.065975,42.350599],[-71.065978,42.350633],[-71.065699,42.350675],[-71.065569,42.350655],[-71.065544,42.350637],[-71.065569,42.350605],[-71.065761,42.350565],[-71.06595,42.350581],[-71.065975,42.350599]]],[[[-71.065496,42.350538],[-71.065503,42.350588],[-71.065472,42.350656],[-71.06543,42.35065],[-71.065375,42.350611],[-71.065413,42.3505],[-71.065441,42.350499],[-71.065496,42.350538]]],[[[-71.065473,42.350327],[-71.065512,42.350355],[-71.065486,42.350459],[-71.065319,42.350434],[-71.06528,42.350406],[-71.06531,42.3503],[-71.065473,42.350327]]],[[[-71.065447,42.350431],[-71.065477,42.350452],[-71.065405,42.350632],[-71.065257,42.350609],[-71.065227,42.350588],[-71.065279,42.350409],[-71.065447,42.350431]]],[[[-71.066031,42.350432],[-71.066049,42.350652],[-71.065863,42.350661],[-71.065764,42.35059],[-71.065746,42.350385],[-71.06576,42.35037],[-71.065932,42.350361],[-71.066031,42.350432]]],[[[-71.066139,42.349677],[-71.066054,42.349706],[-71.066009,42.349673],[-71.065931,42.349536],[-71.065943,42.349482],[-71.066006,42.349489],[-71.066051,42.349522],[-71.066139,42.349677]]],[[[-71.065836,42.34947],[-71.065922,42.349532],[-71.065913,42.349574],[-71.065869,42.349611],[-71.0658,42.349603],[-71.065714,42.349541],[-71.065731,42.349458],[-71.065836,42.34947]]],[[[-71.066009,42.349529],[-71.066058,42.349691],[-71.066047,42.349728],[-71.06597,42.349752],[-71.065904,42.349705],[-71.065783,42.349549],[-71.065792,42.349508],[-71.065836,42.34947],[-71.065943,42.349482],[-71.066009,42.349529]]],[[[-71.065893,42.349957],[-71.065952,42.350024],[-71.065913,42.350077],[-71.065773,42.350056],[-71.065552,42.349897],[-71.065519,42.349852],[-71.065672,42.349798],[-71.065893,42.349957]]],[[[-71.066088,42.350165],[-71.066108,42.350357],[-71.065906,42.350371],[-71.06572,42.350365],[-71.065533,42.350338],[-71.065341,42.3502],[-71.065431,42.349881],[-71.065776,42.349769],[-71.065968,42.349907],[-71.066071,42.350025],[-71.066088,42.350165]]],[[[-71.065777,42.350041],[-71.065789,42.350148],[-71.065662,42.350146],[-71.065571,42.350081],[-71.065605,42.349965],[-71.065686,42.349976],[-71.065777,42.350041]]],[[[-71.065814,42.349517],[-71.065744,42.349861],[-71.065515,42.349941],[-71.065431,42.349881],[-71.065521,42.349461],[-71.06562,42.349445],[-71.06573,42.349457],[-71.065814,42.349517]]],[[[-71.066483,42.348529],[-71.066595,42.348609],[-71.06657,42.348729],[-71.066029,42.348666],[-71.065917,42.348586],[-71.065901,42.34853],[-71.06591,42.348462],[-71.066483,42.348529]]],[[[-71.06591,42.348462],[-71.066064,42.348572],[-71.066055,42.34864],[-71.065958,42.348632],[-71.065804,42.348522],[-71.065819,42.348453],[-71.06591,42.348462]]],[[[-71.064661,42.34827],[-71.064833,42.348394],[-71.064816,42.348453],[-71.064733,42.34844],[-71.064561,42.348316],[-71.064577,42.348257],[-71.064661,42.34827]]],[[[-71.064882,42.348195],[-71.065056,42.34832],[-71.065018,42.348509],[-71.06498,42.348567],[-71.064614,42.348511],[-71.06444,42.348386],[-71.064466,42.348292],[-71.064497,42.348267],[-71.064721,42.34817],[-71.064882,42.348195]]],[[[-71.065379,42.348328],[-71.065445,42.348403],[-71.065441,42.348423],[-71.065147,42.348488],[-71.065118,42.348463],[-71.065328,42.348279],[-71.065379,42.348328]]],[[[-71.065062,42.348898],[-71.06529,42.349163],[-71.065028,42.349286],[-71.064606,42.349155],[-71.064474,42.349049],[-71.064521,42.348942],[-71.064954,42.34882],[-71.065062,42.348898]]],[[[-71.064991,42.348874],[-71.065014,42.348903],[-71.064747,42.349032],[-71.064634,42.348962],[-71.06466,42.348867],[-71.064898,42.348807],[-71.064991,42.348874]]],[[[-71.06535,42.348821],[-71.065357,42.348906],[-71.065306,42.349094],[-71.065209,42.349104],[-71.064334,42.348568],[-71.064341,42.348545],[-71.064844,42.348594],[-71.065279,42.348688],[-71.065306,42.348707],[-71.06535,42.348821]]],[[[-71.064427,42.348602],[-71.064692,42.34889],[-71.064666,42.348985],[-71.064506,42.349072],[-71.064161,42.34902],[-71.064127,42.348996],[-71.064275,42.348582],[-71.064308,42.348564],[-71.064395,42.348579],[-71.064427,42.348602]]],[[[-71.064664,42.351553],[-71.0648,42.351651],[-71.064767,42.351773],[-71.064347,42.351724],[-71.064211,42.351626],[-71.064242,42.351506],[-71.064664,42.351553]]],[[[-71.064745,42.351218],[-71.064803,42.351259],[-71.064729,42.351538],[-71.06447,42.351507],[-71.064412,42.351466],[-71.064407,42.351428],[-71.064481,42.35119],[-71.064745,42.351218]]],[[[-71.06446,42.35119],[-71.064508,42.351225],[-71.064468,42.351386],[-71.064148,42.351332],[-71.0641,42.351297],[-71.06414,42.351156],[-71.06446,42.35119]]],[[[-71.064088,42.347938],[-71.064204,42.348021],[-71.064133,42.348277],[-71.064014,42.34826],[-71.063898,42.348177],[-71.063855,42.348085],[-71.063883,42.347989],[-71.063968,42.347919],[-71.064088,42.347938]]],[[[-71.064664,42.348167],[-71.064691,42.348197],[-71.064607,42.348238],[-71.064513,42.348159],[-71.064596,42.348118],[-71.064664,42.348167]]],[[[-71.06549,42.348112],[-71.06549,42.348186],[-71.065343,42.34832],[-71.065111,42.348485],[-71.064946,42.348305],[-71.06518,42.348106],[-71.06538,42.34801],[-71.065416,42.348028],[-71.06549,42.348112]]],[[[-71.065513,42.347842],[-71.065551,42.347918],[-71.065542,42.347956],[-71.06495,42.348337],[-71.064721,42.34817],[-71.06471,42.348144],[-71.065392,42.347805],[-71.065483,42.347819],[-71.065513,42.347842]]],[[[-71.064113,42.347947],[-71.064129,42.347958],[-71.064115,42.348012],[-71.064088,42.348008],[-71.064072,42.347997],[-71.064087,42.347943],[-71.064113,42.347947]]],[[[-71.064093,42.348022],[-71.064227,42.348118],[-71.064201,42.348213],[-71.064054,42.34819],[-71.06392,42.348094],[-71.063947,42.347999],[-71.064093,42.348022]]],[[[-71.065392,42.347796],[-71.065413,42.34782],[-71.064742,42.348185],[-71.064644,42.348163],[-71.064596,42.348118],[-71.064798,42.34794],[-71.064975,42.347854],[-71.065274,42.347785],[-71.065371,42.347781],[-71.065392,42.347796]]],[[[-71.064047,42.348191],[-71.064095,42.348226],[-71.064068,42.348326],[-71.063413,42.348228],[-71.063365,42.348193],[-71.063391,42.348097],[-71.063602,42.34811],[-71.064047,42.348191]]],[[[-71.063883,42.347989],[-71.063976,42.348056],[-71.063948,42.348152],[-71.063829,42.348081],[-71.063856,42.347985],[-71.063883,42.347989]]],[[[-71.063606,42.347866],[-71.063645,42.347894],[-71.063574,42.348146],[-71.06343,42.348125],[-71.063391,42.348097],[-71.06346,42.347843],[-71.063606,42.347866]]],[[[-71.056761,42.34923],[-71.056857,42.349299],[-71.056669,42.349681],[-71.056565,42.349652],[-71.056469,42.349583],[-71.056633,42.34926],[-71.056761,42.34923]]],[[[-71.063975,42.352108],[-71.064059,42.352168],[-71.064049,42.352321],[-71.064037,42.352327],[-71.063651,42.352316],[-71.063544,42.352244],[-71.063549,42.352134],[-71.063742,42.3521],[-71.063975,42.352108]]],[[[-71.058407,42.349419],[-71.058556,42.349526],[-71.058462,42.349762],[-71.058108,42.349684],[-71.057959,42.349577],[-71.058054,42.349342],[-71.058407,42.349419]]],[[[-71.064099,42.348001],[-71.064193,42.348068],[-71.064187,42.348089],[-71.064159,42.348085],[-71.064065,42.348018],[-71.064072,42.347997],[-71.064099,42.348001]]],[[[-71.057057,42.350113],[-71.057213,42.350225],[-71.05711,42.350378],[-71.057076,42.350381],[-71.056917,42.350269],[-71.056999,42.350117],[-71.057057,42.350113]]],[[[-71.0571,42.350177],[-71.056975,42.35041],[-71.056908,42.350418],[-71.056797,42.350339],[-71.05693,42.35009],[-71.056989,42.350098],[-71.0571,42.350177]]],[[[-71.057347,42.350197],[-71.057488,42.350299],[-71.057435,42.350574],[-71.057421,42.350589],[-71.057142,42.350528],[-71.057001,42.350426],[-71.057316,42.350191],[-71.057347,42.350197]]],[[[-71.057031,42.350107],[-71.057172,42.350209],[-71.057058,42.350371],[-71.057008,42.350391],[-71.056867,42.350289],[-71.056958,42.350108],[-71.056978,42.350097],[-71.057031,42.350107]]],[[[-71.056775,42.349199],[-71.05685,42.349253],[-71.05671,42.349836],[-71.056509,42.350335],[-71.056313,42.350727],[-71.056229,42.350743],[-71.055712,42.350757],[-71.055545,42.350737],[-71.055417,42.350676],[-71.055025,42.350377],[-71.055487,42.349466],[-71.056596,42.349149],[-71.056775,42.349199]]],[[[-71.055311,42.350145],[-71.05543,42.350231],[-71.055291,42.350504],[-71.055233,42.350488],[-71.055114,42.350402],[-71.055256,42.350121],[-71.055311,42.350145]]],[[[-71.065319,42.347677],[-71.065375,42.347718],[-71.065374,42.347805],[-71.065208,42.347922],[-71.064816,42.348114],[-71.064432,42.348267],[-71.064396,42.348261],[-71.06434,42.34822],[-71.064389,42.348045],[-71.064503,42.347783],[-71.064894,42.347587],[-71.065257,42.347643],[-71.065319,42.347677]]],[[[-71.066139,42.348165],[-71.066054,42.348565],[-71.065896,42.348548],[-71.065752,42.348445],[-71.065837,42.348044],[-71.065995,42.348062],[-71.066139,42.348165]]],[[[-71.065509,42.35051],[-71.065511,42.350549],[-71.065472,42.350549],[-71.065402,42.350499],[-71.065412,42.350456],[-71.065509,42.35051]]],[[[-71.06308,42.349293],[-71.063086,42.34933],[-71.063063,42.349357],[-71.062922,42.34929],[-71.062863,42.349248],[-71.062841,42.349206],[-71.06292,42.349121],[-71.063038,42.349187],[-71.06308,42.349293]]],[[[-71.057141,42.351687],[-71.057341,42.351831],[-71.057278,42.352169],[-71.056703,42.352019],[-71.056503,42.351875],[-71.056552,42.351747],[-71.056722,42.351498],[-71.057141,42.351687]]],[[[-71.057909,42.354363],[-71.058002,42.35443],[-71.057832,42.354702],[-71.057639,42.354648],[-71.057546,42.354581],[-71.057728,42.354303],[-71.057909,42.354363]]],[[[-71.064493,42.35252],[-71.064527,42.352546],[-71.064498,42.352772],[-71.064078,42.352748],[-71.06392,42.352627],[-71.063942,42.352395],[-71.064339,42.352409],[-71.064493,42.35252]]],[[[-71.064344,42.352661],[-71.064536,42.352799],[-71.064501,42.35295],[-71.064101,42.35293],[-71.063909,42.352792],[-71.063924,42.352637],[-71.064344,42.352661]]],[[[-71.060622,42.352223],[-71.060728,42.352585],[-71.060461,42.352592],[-71.060339,42.352504],[-71.060308,42.352378],[-71.060316,42.352167],[-71.0605,42.352135],[-71.060622,42.352223]]],[[[-71.060399,42.352296],[-71.060462,42.352592],[-71.060284,42.352593],[-71.060161,42.352505],[-71.060118,42.352221],[-71.060276,42.352208],[-71.060399,42.352296]]],[[[-71.058251,42.354395],[-71.058345,42.354463],[-71.058032,42.354768],[-71.057833,42.354703],[-71.057739,42.354635],[-71.05798,42.354261],[-71.058056,42.354281],[-71.058251,42.354395]]],[[[-71.058134,42.353886],[-71.058231,42.353955],[-71.058073,42.354203],[-71.057953,42.35416],[-71.057856,42.354091],[-71.058014,42.353836],[-71.058044,42.353831],[-71.058134,42.353886]]],[[[-71.059253,42.353418],[-71.059259,42.353453],[-71.05915,42.353554],[-71.058861,42.353373],[-71.059185,42.353377],[-71.059253,42.353418]]],[[[-71.05852,42.354135],[-71.058612,42.354201],[-71.058364,42.354439],[-71.058141,42.354297],[-71.058243,42.354151],[-71.05837,42.354038],[-71.05852,42.354135]]],[[[-71.05837,42.354038],[-71.058457,42.3541],[-71.058282,42.354281],[-71.058155,42.354231],[-71.058068,42.354169],[-71.058221,42.353942],[-71.05837,42.354038]]],[[[-71.058264,42.353363],[-71.058353,42.353427],[-71.058233,42.353742],[-71.057947,42.353542],[-71.057933,42.353509],[-71.05798,42.35339],[-71.058016,42.353373],[-71.058264,42.353363]]],[[[-71.058221,42.353942],[-71.058312,42.354007],[-71.058159,42.354234],[-71.058067,42.354199],[-71.057976,42.354134],[-71.058134,42.353886],[-71.058221,42.353942]]],[[[-71.058085,42.354175],[-71.058173,42.354238],[-71.058123,42.354311],[-71.057897,42.35423],[-71.057809,42.354167],[-71.057856,42.354091],[-71.058085,42.354175]]],[[[-71.058,42.354238],[-71.058092,42.354304],[-71.058001,42.354429],[-71.05782,42.354369],[-71.057726,42.354302],[-71.057809,42.354167],[-71.058,42.354238]]],[[[-71.058537,42.353426],[-71.058937,42.353829],[-71.0587,42.354053],[-71.058142,42.35368],[-71.058263,42.353356],[-71.058447,42.353361],[-71.058537,42.353426]]],[[[-71.059104,42.353521],[-71.059423,42.35375],[-71.0592,42.353958],[-71.058817,42.353843],[-71.058707,42.353781],[-71.058388,42.353552],[-71.058447,42.353361],[-71.058601,42.353346],[-71.058857,42.353371],[-71.059104,42.353521]]],[[[-71.057378,42.354095],[-71.057563,42.354274],[-71.057538,42.354313],[-71.056942,42.354112],[-71.056898,42.35408],[-71.05697,42.353964],[-71.057003,42.353951],[-71.057334,42.354063],[-71.057378,42.354095]]],[[[-71.056798,42.352204],[-71.057518,42.352721],[-71.057442,42.352887],[-71.05716,42.352992],[-71.056566,42.352843],[-71.055846,42.352326],[-71.055923,42.352162],[-71.056212,42.352057],[-71.056798,42.352204]]],[[[-71.056488,42.352539],[-71.056499,42.352572],[-71.05617,42.352696],[-71.056143,42.352691],[-71.056034,42.352612],[-71.055876,42.352367],[-71.055909,42.352342],[-71.056379,42.35246],[-71.056488,42.352539]]],[[[-71.057316,42.352897],[-71.057624,42.353118],[-71.057574,42.353409],[-71.057465,42.35335],[-71.057112,42.353085],[-71.057102,42.353015],[-71.057138,42.352961],[-71.057316,42.352897]]],[[[-71.056314,42.354403],[-71.056371,42.354605],[-71.055811,42.354692],[-71.055671,42.354591],[-71.055628,42.354474],[-71.055745,42.354392],[-71.056174,42.354302],[-71.056314,42.354403]]],[[[-71.055976,42.35383],[-71.056,42.353856],[-71.055814,42.353939],[-71.055737,42.353954],[-71.05556,42.353827],[-71.055376,42.353638],[-71.055419,42.353591],[-71.055589,42.353497],[-71.055799,42.353645],[-71.055976,42.35383]]],[[[-71.055343,42.353711],[-71.055569,42.353929],[-71.055247,42.354146],[-71.055162,42.354085],[-71.054915,42.353838],[-71.055258,42.35365],[-71.055343,42.353711]]],[[[-71.056051,42.353459],[-71.056173,42.3537],[-71.055932,42.353807],[-71.055823,42.353729],[-71.055573,42.353469],[-71.055897,42.353294],[-71.056006,42.353372],[-71.056051,42.353459]]],[[[-71.0558,42.353559],[-71.055981,42.353747],[-71.055908,42.353781],[-71.055799,42.353703],[-71.055622,42.353518],[-71.055691,42.353481],[-71.0558,42.353559]]],[[[-71.057135,42.353854],[-71.057136,42.35388],[-71.056866,42.353967],[-71.056712,42.353856],[-71.056521,42.353559],[-71.056816,42.353425],[-71.056941,42.353395],[-71.057102,42.353506],[-71.057125,42.353603],[-71.057135,42.353854]]],[[[-71.057,42.352232],[-71.057209,42.352382],[-71.057149,42.352514],[-71.057068,42.352634],[-71.056485,42.352791],[-71.056356,42.352757],[-71.056147,42.352607],[-71.055923,42.352162],[-71.05594,42.352127],[-71.056202,42.352031],[-71.057,42.352232]]],[[[-71.059818,42.35308],[-71.059847,42.353352],[-71.058481,42.353269],[-71.058004,42.352927],[-71.058055,42.352616],[-71.058142,42.35255],[-71.058176,42.352542],[-71.058902,42.352524],[-71.059318,42.352574],[-71.059795,42.352916],[-71.059818,42.35308]]],[[[-71.059795,42.353973],[-71.059831,42.353999],[-71.059781,42.354043],[-71.059659,42.353965],[-71.059707,42.353921],[-71.059795,42.353973]]],[[[-71.059789,42.35348],[-71.059825,42.353506],[-71.0597,42.353632],[-71.059619,42.353579],[-71.059577,42.353511],[-71.059658,42.353425],[-71.059789,42.35348]]],[[[-71.060283,42.353109],[-71.060325,42.353174],[-71.060211,42.353297],[-71.060022,42.353381],[-71.059739,42.353236],[-71.059612,42.353145],[-71.059553,42.352772],[-71.059657,42.352762],[-71.060152,42.353015],[-71.060283,42.353109]]],[[[-71.059602,42.352845],[-71.059649,42.353137],[-71.05962,42.353139],[-71.059577,42.353108],[-71.059531,42.352816],[-71.059559,42.352814],[-71.059602,42.352845]]],[[[-71.060325,42.353148],[-71.060421,42.353217],[-71.060306,42.35334],[-71.060084,42.353206],[-71.060198,42.353083],[-71.060325,42.353148]]],[[[-71.06136,42.353145],[-71.061515,42.353256],[-71.061497,42.353345],[-71.061439,42.353474],[-71.060965,42.353242],[-71.06081,42.353131],[-71.060971,42.35295],[-71.06136,42.353145]]],[[[-71.061495,42.352982],[-71.061515,42.353256],[-71.061433,42.353276],[-71.061209,42.353166],[-71.061054,42.353055],[-71.060971,42.35295],[-71.061103,42.352802],[-71.06134,42.352871],[-71.061495,42.352982]]],[[[-71.06149,42.35269],[-71.061501,42.35298],[-71.061409,42.35299],[-71.061274,42.352919],[-71.06112,42.352809],[-71.061194,42.352592],[-71.061336,42.35258],[-71.06149,42.35269]]],[[[-71.06037,42.352663],[-71.060385,42.352784],[-71.060229,42.352763],[-71.060197,42.35274],[-71.060188,42.352646],[-71.060338,42.35264],[-71.06037,42.352663]]],[[[-71.061768,42.351924],[-71.061769,42.351939],[-71.06148,42.351951],[-71.061352,42.351859],[-71.061289,42.351543],[-71.061513,42.351535],[-71.061641,42.351627],[-71.061735,42.351752],[-71.061768,42.351924]]],[[[-71.062209,42.351553],[-71.062325,42.351637],[-71.062309,42.351831],[-71.062264,42.351965],[-71.061813,42.352119],[-71.061754,42.352121],[-71.061638,42.352037],[-71.061532,42.351664],[-71.061514,42.351538],[-71.062023,42.351525],[-71.062209,42.351553]]],[[[-71.06257,42.352112],[-71.062658,42.352175],[-71.062587,42.352404],[-71.062294,42.352435],[-71.062206,42.352372],[-71.062186,42.352194],[-71.062249,42.352081],[-71.06257,42.352112]]],[[[-71.060902,42.352084],[-71.061277,42.352392],[-71.061244,42.352579],[-71.060869,42.352612],[-71.060709,42.352497],[-71.060551,42.351995],[-71.060742,42.351969],[-71.060902,42.352084]]],[[[-71.061156,42.352063],[-71.061167,42.352313],[-71.061091,42.352328],[-71.060891,42.352328],[-71.060841,42.352292],[-71.060776,42.352083],[-71.061106,42.352027],[-71.061156,42.352063]]],[[[-71.06082,42.352019],[-71.060631,42.352052],[-71.060551,42.351995],[-71.06047,42.351727],[-71.060656,42.351696],[-71.060736,42.351753],[-71.06082,42.352019]]],[[[-71.05625,42.353879],[-71.056348,42.354414],[-71.056192,42.354438],[-71.056034,42.354324],[-71.055996,42.354274],[-71.055891,42.353852],[-71.056092,42.353765],[-71.05625,42.353879]]],[[[-71.056651,42.353826],[-71.056708,42.354091],[-71.056622,42.3541],[-71.056353,42.353915],[-71.056311,42.353679],[-71.056391,42.353626],[-71.056651,42.353826]]],[[[-71.057796,42.352781],[-71.058104,42.353002],[-71.058039,42.353416],[-71.057973,42.35341],[-71.057665,42.353189],[-71.057309,42.352896],[-71.05756,42.352748],[-71.057688,42.352735],[-71.057796,42.352781]]],[[[-71.066295,42.351885],[-71.066349,42.351924],[-71.066324,42.352208],[-71.066044,42.352204],[-71.06599,42.352165],[-71.066028,42.351867],[-71.066295,42.351885]]],[[[-71.06608,42.35217],[-71.066181,42.352242],[-71.066164,42.352464],[-71.066068,42.352459],[-71.065967,42.352387],[-71.065967,42.352225],[-71.065987,42.352165],[-71.06608,42.35217]]],[[[-71.061117,42.352767],[-71.061085,42.352866],[-71.060973,42.352993],[-71.060619,42.352866],[-71.060497,42.352778],[-71.060475,42.352641],[-71.060985,42.352601],[-71.061107,42.352689],[-71.061117,42.352767]]],[[[-71.059511,42.353182],[-71.059513,42.353244],[-71.059484,42.353297],[-71.05943,42.353337],[-71.059371,42.353357],[-71.058111,42.35335],[-71.057947,42.353231],[-71.057997,42.352927],[-71.058889,42.352769],[-71.05931,42.352801],[-71.059431,42.352888],[-71.059511,42.353182]]],[[[-71.057554,42.353522],[-71.057979,42.353827],[-71.057667,42.354332],[-71.057414,42.354247],[-71.056984,42.35394],[-71.057295,42.353434],[-71.057554,42.353522]]],[[[-71.057846,42.353741],[-71.058271,42.354046],[-71.05796,42.354552],[-71.057701,42.354467],[-71.057276,42.354162],[-71.057588,42.353654],[-71.057846,42.353741]]],[[[-71.059612,42.354124],[-71.059787,42.35425],[-71.05957,42.354438],[-71.05918,42.354397],[-71.058944,42.354227],[-71.059133,42.354047],[-71.059414,42.353996],[-71.059612,42.354124]]],[[[-71.060133,42.353635],[-71.060289,42.353747],[-71.060154,42.353882],[-71.059838,42.3537],[-71.059682,42.353588],[-71.059811,42.353458],[-71.060133,42.353635]]],[[[-71.059795,42.353807],[-71.059951,42.353919],[-71.059906,42.35396],[-71.059561,42.353734],[-71.059603,42.353695],[-71.059795,42.353807]]],[[[-71.059658,42.353425],[-71.059814,42.353537],[-71.059733,42.353623],[-71.05941,42.353411],[-71.059432,42.35339],[-71.059597,42.353398],[-71.059658,42.353425]]],[[[-71.060851,42.352905],[-71.060938,42.352967],[-71.060786,42.353138],[-71.060355,42.352926],[-71.060268,42.352864],[-71.060338,42.35264],[-71.060475,42.352641],[-71.060851,42.352905]]],[[[-71.056913,42.353508],[-71.056923,42.353555],[-71.056667,42.353675],[-71.056289,42.353519],[-71.056026,42.35333],[-71.055998,42.353225],[-71.056237,42.353097],[-71.056638,42.353263],[-71.056901,42.353452],[-71.056913,42.353508]]],[[[-71.055565,42.354458],[-71.055564,42.354501],[-71.055534,42.35454],[-71.055221,42.354817],[-71.055171,42.354833],[-71.055117,42.354825],[-71.054619,42.354471],[-71.054364,42.354206],[-71.054355,42.354162],[-71.054391,42.354111],[-71.054509,42.354048],[-71.054776,42.353908],[-71.054851,42.353901],[-71.054903,42.35392],[-71.055388,42.354268],[-71.055565,42.354458]]],[[[-71.05694,42.353769],[-71.057045,42.35394],[-71.056954,42.354052],[-71.056844,42.354091],[-71.056729,42.354106],[-71.056652,42.35408],[-71.056394,42.353895],[-71.056358,42.353685],[-71.056391,42.353626],[-71.056506,42.353573],[-71.056682,42.353584],[-71.05694,42.353769]]],[[[-71.062678,42.351664],[-71.063052,42.351932],[-71.062935,42.352379],[-71.062573,42.352344],[-71.062199,42.352076],[-71.062148,42.351881],[-71.06213,42.351739],[-71.062209,42.351553],[-71.062591,42.351633],[-71.062678,42.351664]]],[[[-71.062573,42.352303],[-71.062547,42.352407],[-71.062097,42.352428],[-71.061723,42.35216],[-71.061697,42.352035],[-71.062199,42.352035],[-71.062573,42.352303]]],[[[-71.057744,42.353748],[-71.058256,42.354116],[-71.058045,42.354463],[-71.057685,42.354338],[-71.057173,42.35397],[-71.057385,42.353625],[-71.057744,42.353748]]],[[[-71.055389,42.348911],[-71.055487,42.348981],[-71.055432,42.349364],[-71.055124,42.349691],[-71.054679,42.349529],[-71.054581,42.349459],[-71.054593,42.349289],[-71.054626,42.349239],[-71.055063,42.348791],[-71.055389,42.348911]]],[[[-71.055026,42.349621],[-71.055147,42.349708],[-71.055002,42.349985],[-71.054462,42.350793],[-71.054179,42.351155],[-71.053598,42.35094],[-71.053477,42.350853],[-71.054447,42.34941],[-71.055026,42.349621]]],[[[-71.056744,42.347595],[-71.056754,42.347654],[-71.056592,42.347897],[-71.055441,42.349611],[-71.055305,42.349748],[-71.05459,42.349488],[-71.054519,42.349437],[-71.054533,42.349309],[-71.055908,42.347262],[-71.056673,42.347544],[-71.056744,42.347595]]],[[[-71.063853,42.348473],[-71.064025,42.348597],[-71.063923,42.348992],[-71.063796,42.348947],[-71.063624,42.348823],[-71.063727,42.348454],[-71.063853,42.348473]]],[[[-71.062714,42.350474],[-71.062912,42.350616],[-71.062887,42.350713],[-71.062824,42.350802],[-71.062706,42.350911],[-71.062483,42.350849],[-71.062285,42.350707],[-71.062526,42.350394],[-71.062714,42.350474]]],[[[-71.065169,42.349617],[-71.065306,42.349715],[-71.065294,42.349762],[-71.065213,42.349749],[-71.065076,42.349651],[-71.065089,42.349605],[-71.065169,42.349617]]],[[[-71.064382,42.349921],[-71.064531,42.350028],[-71.064513,42.35009],[-71.064432,42.350078],[-71.064283,42.349971],[-71.064301,42.349908],[-71.064382,42.349921]]],[[[-71.065195,42.349681],[-71.065263,42.34974],[-71.065149,42.350166],[-71.06447,42.350059],[-71.064364,42.349983],[-71.064301,42.349908],[-71.064416,42.349501],[-71.065089,42.349605],[-71.065195,42.349681]]],[[[-71.064366,42.34991],[-71.064353,42.35001],[-71.06428,42.35],[-71.064132,42.349893],[-71.064136,42.349752],[-71.064207,42.34974],[-71.064355,42.349847],[-71.064366,42.34991]]],[[[-71.064395,42.349572],[-71.064509,42.349654],[-71.064397,42.350053],[-71.064286,42.350047],[-71.064172,42.349965],[-71.063736,42.349471],[-71.064395,42.349572]]],[[[-71.064737,42.350164],[-71.064814,42.350219],[-71.064776,42.350392],[-71.064298,42.350225],[-71.064221,42.35017],[-71.064314,42.35002],[-71.064737,42.350164]]],[[[-71.06469,42.350337],[-71.064802,42.350418],[-71.064481,42.350749],[-71.064102,42.350623],[-71.06399,42.350542],[-71.064221,42.35017],[-71.06469,42.350337]]],[[[-71.065001,42.350248],[-71.065192,42.350385],[-71.065091,42.350765],[-71.064801,42.350722],[-71.06461,42.350585],[-71.064656,42.350297],[-71.064737,42.350164],[-71.065001,42.350248]]],[[[-71.064419,42.350685],[-71.064549,42.350778],[-71.064468,42.350947],[-71.064067,42.350811],[-71.063937,42.350718],[-71.064037,42.350558],[-71.064419,42.350685]]],[[[-71.055307,42.349724],[-71.055339,42.349747],[-71.054369,42.351194],[-71.054058,42.351068],[-71.055026,42.349621],[-71.055307,42.349724]]],[[[-71.056261,42.349488],[-71.056356,42.349556],[-71.05631,42.349646],[-71.056193,42.349705],[-71.056029,42.34966],[-71.055934,42.349592],[-71.05595,42.349559],[-71.056261,42.349488]]],[[[-71.055887,42.350409],[-71.055982,42.350477],[-71.055942,42.350557],[-71.055856,42.350534],[-71.055761,42.350466],[-71.055801,42.350385],[-71.055887,42.350409]]],[[[-71.055829,42.350457],[-71.055816,42.350492],[-71.055786,42.350516],[-71.055692,42.350525],[-71.05555,42.350431],[-71.05553,42.35037],[-71.05557,42.350323],[-71.055657,42.350312],[-71.055805,42.350406],[-71.055829,42.350457]]],[[[-71.064009,42.350572],[-71.064029,42.350808],[-71.063898,42.351019],[-71.063676,42.350986],[-71.063427,42.350808],[-71.063408,42.350576],[-71.063539,42.350364],[-71.06376,42.350394],[-71.064009,42.350572]]],[[[-71.063915,42.350416],[-71.063974,42.350458],[-71.063839,42.350672],[-71.06378,42.35063],[-71.06376,42.350394],[-71.063915,42.350416]]],[[[-71.063839,42.350672],[-71.063852,42.350847],[-71.063742,42.35083],[-71.063683,42.350788],[-71.06378,42.35063],[-71.063839,42.350672]]],[[[-71.064096,42.3506],[-71.064412,42.350892],[-71.064386,42.350951],[-71.063996,42.350911],[-71.063852,42.350847],[-71.063793,42.350805],[-71.06378,42.35063],[-71.063865,42.350497],[-71.064037,42.350558],[-71.064096,42.3506]]],[[[-71.062542,42.349597],[-71.06264,42.349671],[-71.062544,42.349786],[-71.062281,42.349888],[-71.06215,42.349827],[-71.062279,42.349534],[-71.062368,42.349508],[-71.062542,42.349597]]],[[[-71.062331,42.349518],[-71.062376,42.349604],[-71.062247,42.349897],[-71.062096,42.349834],[-71.061999,42.349764],[-71.062167,42.349358],[-71.062264,42.349428],[-71.062331,42.349518]]],[[[-71.058425,42.349682],[-71.058405,42.349711],[-71.058367,42.349713],[-71.058079,42.349508],[-71.058063,42.349478],[-71.058088,42.349454],[-71.058134,42.349461],[-71.058425,42.349682]]],[[[-71.058585,42.34973],[-71.058559,42.349758],[-71.058519,42.349755],[-71.058209,42.349533],[-71.058199,42.349501],[-71.058232,42.34948],[-71.058268,42.349488],[-71.058572,42.349707],[-71.058585,42.34973]]],[[[-71.062623,42.349617],[-71.062765,42.349719],[-71.062741,42.349749],[-71.062647,42.349705],[-71.062505,42.349603],[-71.062528,42.349572],[-71.062623,42.349617]]],[[[-71.06258,42.349458],[-71.062675,42.349526],[-71.062571,42.349627],[-71.062454,42.349579],[-71.062359,42.349511],[-71.062287,42.349326],[-71.06258,42.349458]]],[[[-71.062399,42.349406],[-71.062439,42.349485],[-71.062432,42.349503],[-71.062346,42.349528],[-71.062207,42.349438],[-71.062156,42.349339],[-71.062169,42.349306],[-71.062233,42.349284],[-71.062399,42.349406]]],[[[-71.062427,42.349505],[-71.062471,42.349591],[-71.062391,42.349614],[-71.062279,42.349534],[-71.062234,42.349448],[-71.062315,42.349425],[-71.062427,42.349505]]],[[[-71.062988,42.349795],[-71.063099,42.349875],[-71.063028,42.350136],[-71.062939,42.350187],[-71.062555,42.350029],[-71.062444,42.349949],[-71.06264,42.349684],[-71.062988,42.349795]]],[[[-71.062751,42.349798],[-71.062879,42.34989],[-71.06277,42.350034],[-71.062623,42.349973],[-71.062495,42.349881],[-71.062521,42.349845],[-71.062673,42.349765],[-71.062751,42.349798]]],[[[-71.062941,42.349878],[-71.063069,42.34997],[-71.063037,42.350012],[-71.062885,42.349949],[-71.062757,42.349857],[-71.06279,42.349814],[-71.062941,42.349878]]],[[[-71.063382,42.349972],[-71.063528,42.350077],[-71.06352,42.350105],[-71.063416,42.350091],[-71.06327,42.349986],[-71.063279,42.349956],[-71.063382,42.349972]]],[[[-71.063462,42.349688],[-71.063604,42.34979],[-71.063595,42.349824],[-71.063489,42.349805],[-71.063347,42.349703],[-71.063355,42.349672],[-71.063462,42.349688]]],[[[-71.063453,42.349722],[-71.063588,42.349819],[-71.063517,42.350069],[-71.063414,42.350284],[-71.06326,42.35026],[-71.063125,42.350163],[-71.063265,42.34966],[-71.063355,42.349672],[-71.063453,42.349722]]],[[[-71.063359,42.35],[-71.063478,42.350085],[-71.063457,42.35016],[-71.06343,42.350156],[-71.063311,42.350071],[-71.063332,42.349996],[-71.063359,42.35]]],[[[-71.064295,42.349935],[-71.064276,42.350022],[-71.063901,42.349754],[-71.063796,42.349539],[-71.063978,42.349587],[-71.064197,42.349738],[-71.064279,42.349838],[-71.064295,42.349935]]],[[[-71.064422,42.350186],[-71.064371,42.350289],[-71.064294,42.350328],[-71.064094,42.350187],[-71.063419,42.349422],[-71.063465,42.349378],[-71.063594,42.349316],[-71.063761,42.349436],[-71.064252,42.349904],[-71.064422,42.350186]]],[[[-71.064001,42.34977],[-71.064188,42.349904],[-71.064062,42.349966],[-71.063875,42.349832],[-71.063901,42.349754],[-71.064001,42.34977]]],[[[-71.06357,42.349327],[-71.063737,42.349447],[-71.063657,42.349523],[-71.063608,42.349546],[-71.063419,42.349422],[-71.063445,42.349309],[-71.06357,42.349327]]],[[[-71.063535,42.349505],[-71.063803,42.349812],[-71.063574,42.349786],[-71.063462,42.349754],[-71.063346,42.349671],[-71.063419,42.349422],[-71.063535,42.349505]]],[[[-71.063211,42.349432],[-71.063257,42.349465],[-71.063098,42.349639],[-71.063019,42.349577],[-71.063003,42.349503],[-71.063048,42.349445],[-71.063132,42.349419],[-71.063211,42.349432]]],[[[-71.063282,42.349573],[-71.063239,42.349621],[-71.063138,42.349632],[-71.063051,42.34956],[-71.063043,42.349512],[-71.06307,42.349474],[-71.063104,42.349457],[-71.063192,42.349457],[-71.063256,42.349503],[-71.063282,42.349573]]],[[[-71.063557,42.349285],[-71.063779,42.349444],[-71.06377,42.349476],[-71.063695,42.349465],[-71.063473,42.349306],[-71.063481,42.349274],[-71.063557,42.349285]]],[[[-71.063523,42.349233],[-71.063727,42.34938],[-71.063715,42.349426],[-71.063677,42.349451],[-71.063651,42.349447],[-71.063447,42.3493],[-71.063467,42.349225],[-71.063523,42.349233]]],[[[-71.064257,42.352984],[-71.06435,42.353051],[-71.064331,42.353121],[-71.063949,42.353098],[-71.063856,42.353031],[-71.063861,42.352963],[-71.064257,42.352984]]],[[[-71.063998,42.353634],[-71.064202,42.35378],[-71.064096,42.353979],[-71.063849,42.353906],[-71.063645,42.35376],[-71.063768,42.353564],[-71.063998,42.353634]]],[[[-71.063862,42.353896],[-71.064063,42.35404],[-71.064053,42.354087],[-71.063989,42.354204],[-71.063949,42.35424],[-71.063685,42.354162],[-71.063484,42.354018],[-71.063609,42.353818],[-71.063862,42.353896]]],[[[-71.063705,42.352384],[-71.063858,42.352494],[-71.063848,42.352673],[-71.063682,42.352786],[-71.063395,42.352591],[-71.06336,42.352448],[-71.063363,42.352382],[-71.063705,42.352384]]],[[[-71.063082,42.353402],[-71.063577,42.353757],[-71.063538,42.35401],[-71.063052,42.354012],[-71.062522,42.353635],[-71.06272,42.353391],[-71.063082,42.353402]]],[[[-71.059433,42.352686],[-71.059452,42.352819],[-71.059121,42.352812],[-71.059018,42.352774],[-71.058888,42.352681],[-71.058897,42.352545],[-71.059303,42.352593],[-71.059433,42.352686]]],[[[-71.058126,42.352633],[-71.058225,42.352704],[-71.058196,42.352885],[-71.058141,42.352882],[-71.058042,42.352811],[-71.058065,42.352629],[-71.058126,42.352633]]],[[[-71.058968,42.35305],[-71.059105,42.353149],[-71.059092,42.35326],[-71.058915,42.353248],[-71.058778,42.353149],[-71.058791,42.353038],[-71.058968,42.35305]]],[[[-71.059358,42.352961],[-71.059381,42.35312],[-71.059366,42.353238],[-71.059321,42.353282],[-71.059126,42.353268],[-71.058984,42.353166],[-71.059001,42.353029],[-71.059061,42.352848],[-71.059216,42.352859],[-71.059358,42.352961]]],[[[-71.057615,42.352985],[-71.057969,42.353239],[-71.057941,42.353407],[-71.057715,42.353387],[-71.057361,42.353133],[-71.057388,42.352965],[-71.057615,42.352985]]],[[[-71.057626,42.352978],[-71.05798,42.353232],[-71.057951,42.353416],[-71.057704,42.353394],[-71.05735,42.35314],[-71.057379,42.352956],[-71.057626,42.352978]]],[[[-71.057415,42.352905],[-71.057773,42.353162],[-71.057764,42.353216],[-71.057734,42.353233],[-71.057663,42.353227],[-71.057305,42.35297],[-71.057316,42.352897],[-71.057415,42.352905]]],[[[-71.05771,42.353376],[-71.057731,42.353398],[-71.057722,42.353453],[-71.057623,42.353444],[-71.057266,42.353188],[-71.057278,42.353113],[-71.057353,42.35312],[-71.05771,42.353376]]],[[[-71.057671,42.353149],[-71.058027,42.353404],[-71.058015,42.353479],[-71.057918,42.35347],[-71.057562,42.353215],[-71.057571,42.35316],[-71.0576,42.353143],[-71.057671,42.353149]]],[[[-71.057708,42.352932],[-71.058066,42.353189],[-71.058054,42.353263],[-71.057981,42.353256],[-71.057601,42.352976],[-71.057609,42.352923],[-71.057708,42.352932]]],[[[-71.057376,42.352976],[-71.057713,42.353218],[-71.05769,42.353362],[-71.057528,42.353361],[-71.057191,42.353119],[-71.057168,42.353024],[-71.05722,42.352946],[-71.057376,42.352976]]],[[[-71.057604,42.352958],[-71.057962,42.353215],[-71.057959,42.353233],[-71.057764,42.353216],[-71.057406,42.352959],[-71.057409,42.35294],[-71.057604,42.352958]]],[[[-71.057643,42.353001],[-71.057999,42.353257],[-71.057976,42.3534],[-71.057956,42.353399],[-71.0576,42.353143],[-71.057623,42.352999],[-71.057643,42.353001]]],[[[-71.058629,42.352678],[-71.059227,42.353107],[-71.059208,42.353261],[-71.058854,42.353237],[-71.058256,42.352808],[-71.058275,42.352653],[-71.058629,42.352678]]],[[[-71.055576,42.354212],[-71.055818,42.354445],[-71.055694,42.354534],[-71.055621,42.354481],[-71.0554,42.35422],[-71.055503,42.354159],[-71.055576,42.354212]]],[[[-71.05971,42.355032],[-71.059728,42.355053],[-71.059318,42.355433],[-71.058632,42.355135],[-71.058542,42.35507],[-71.058538,42.355044],[-71.058863,42.354745],[-71.059161,42.354622],[-71.05971,42.355032]]],[[[-71.059151,42.354632],[-71.059189,42.354659],[-71.05904,42.354844],[-71.058875,42.354739],[-71.059033,42.354595],[-71.059081,42.35459],[-71.059151,42.354632]]],[[[-71.059806,42.355221],[-71.059866,42.355283],[-71.059803,42.355361],[-71.059557,42.355575],[-71.059265,42.355456],[-71.058863,42.355166],[-71.059143,42.354891],[-71.05924,42.35482],[-71.059322,42.354864],[-71.059806,42.355221]]],[[[-71.058232,42.35489],[-71.058334,42.354963],[-71.058255,42.355075],[-71.058016,42.355071],[-71.057867,42.35498],[-71.05787,42.354957],[-71.058044,42.354785],[-71.058232,42.35489]]],[[[-71.058706,42.354274],[-71.058797,42.354341],[-71.058568,42.354549],[-71.058391,42.354438],[-71.058627,42.354217],[-71.058706,42.354274]]],[[[-71.058429,42.354911],[-71.058593,42.355029],[-71.058507,42.355113],[-71.058444,42.355135],[-71.058317,42.35512],[-71.058153,42.355002],[-71.058044,42.354785],[-71.058101,42.35473],[-71.058429,42.354911]]],[[[-71.058626,42.35459],[-71.058635,42.354629],[-71.058552,42.35471],[-71.058368,42.354602],[-71.058473,42.354497],[-71.058626,42.35459]]],[[[-71.058718,42.354674],[-71.058815,42.354743],[-71.058548,42.354992],[-71.058332,42.354857],[-71.058276,42.354689],[-71.058368,42.354602],[-71.058595,42.3546],[-71.058718,42.354674]]],[[[-71.058473,42.354497],[-71.05857,42.354566],[-71.058282,42.354845],[-71.058101,42.35473],[-71.058387,42.354449],[-71.058473,42.354497]]],[[[-71.058419,42.354769],[-71.05846,42.354799],[-71.058373,42.354887],[-71.058185,42.354776],[-71.058276,42.354689],[-71.058419,42.354769]]],[[[-71.062033,42.353919],[-71.062149,42.354002],[-71.061227,42.354886],[-71.060999,42.354746],[-71.060547,42.354432],[-71.061316,42.353581],[-71.062033,42.353919]]],[[[-71.060407,42.353793],[-71.060413,42.353987],[-71.060219,42.354208],[-71.059969,42.354033],[-71.060285,42.353714],[-71.060407,42.353793]]],[[[-71.061158,42.353505],[-71.061244,42.353566],[-71.060848,42.354252],[-71.060718,42.354398],[-71.060279,42.354177],[-71.060193,42.354116],[-71.060686,42.353582],[-71.061158,42.353505]]],[[[-71.061283,42.353618],[-71.061369,42.353679],[-71.061152,42.353916],[-71.061043,42.353862],[-71.060919,42.353772],[-71.061126,42.353541],[-71.061283,42.353618]]],[[[-71.060632,42.354337],[-71.060695,42.354382],[-71.06061,42.354477],[-71.060153,42.35416],[-71.060193,42.354116],[-71.060632,42.354337]]],[[[-71.060537,42.354475],[-71.060697,42.35459],[-71.060549,42.355097],[-71.060372,42.355225],[-71.059501,42.354574],[-71.059499,42.354532],[-71.059994,42.354094],[-71.060537,42.354475]]],[[[-71.060439,42.355018],[-71.060735,42.35525],[-71.060546,42.355423],[-71.060531,42.355425],[-71.060152,42.355154],[-71.060389,42.354982],[-71.060439,42.355018]]],[[[-71.061166,42.353496],[-71.061456,42.353704],[-71.060651,42.354154],[-71.060343,42.353937],[-71.060285,42.353714],[-71.060691,42.353273],[-71.061166,42.353496]]],[[[-71.060853,42.353799],[-71.060844,42.353832],[-71.060806,42.353865],[-71.060712,42.353873],[-71.06036,42.353632],[-71.060482,42.353501],[-71.060831,42.353751],[-71.060853,42.353799]]],[[[-71.060933,42.353382],[-71.061249,42.353609],[-71.061187,42.353647],[-71.0611,42.353635],[-71.060767,42.353395],[-71.060748,42.353335],[-71.060768,42.353302],[-71.060933,42.353382]]],[[[-71.06124,42.354049],[-71.061223,42.354103],[-71.061164,42.35416],[-71.061076,42.354192],[-71.060987,42.354192],[-71.060956,42.354171],[-71.060879,42.353903],[-71.060957,42.353801],[-71.061194,42.353943],[-71.061227,42.353986],[-71.06124,42.354049]]],[[[-71.062123,42.354769],[-71.062144,42.354784],[-71.062038,42.354881],[-71.061941,42.354829],[-71.062045,42.35473],[-71.062123,42.354769]]],[[[-71.061845,42.354707],[-71.061997,42.354816],[-71.061956,42.354872],[-71.061686,42.35474],[-71.061534,42.354631],[-71.061588,42.354581],[-71.061845,42.354707]]],[[[-71.061804,42.354763],[-71.061956,42.354872],[-71.061797,42.355038],[-71.061521,42.354895],[-71.061369,42.354786],[-71.061534,42.354631],[-71.061804,42.354763]]],[[[-71.062209,42.354674],[-71.062255,42.354707],[-71.062169,42.354802],[-71.062042,42.354818],[-71.061924,42.35475],[-71.062058,42.3546],[-71.062209,42.354674]]],[[[-71.061986,42.354554],[-71.062071,42.354615],[-71.06193,42.354768],[-71.061673,42.354642],[-71.061581,42.354577],[-71.061745,42.354425],[-71.061986,42.354554]]],[[[-71.063039,42.354164],[-71.063041,42.354197],[-71.062927,42.35452],[-71.062546,42.354443],[-71.062424,42.354355],[-71.062534,42.354051],[-71.062677,42.354023],[-71.062917,42.354076],[-71.063039,42.354164]]],[[[-71.06312,42.353711],[-71.063151,42.353774],[-71.063103,42.354028],[-71.062429,42.354009],[-71.062304,42.353992],[-71.062227,42.353936],[-71.062491,42.353619],[-71.063043,42.353655],[-71.06312,42.353711]]],[[[-71.063038,42.354129],[-71.063139,42.354202],[-71.063045,42.354482],[-71.062948,42.354516],[-71.062906,42.354505],[-71.062805,42.354432],[-71.062918,42.354097],[-71.063038,42.354129]]],[[[-71.062642,42.354491],[-71.06271,42.354623],[-71.062566,42.35476],[-71.062365,42.354662],[-71.062278,42.3546],[-71.062463,42.354408],[-71.062532,42.354417],[-71.062642,42.354491]]],[[[-71.06322,42.354163],[-71.063335,42.354246],[-71.063259,42.354456],[-71.063202,42.354518],[-71.063059,42.354492],[-71.062944,42.354409],[-71.063038,42.354129],[-71.06322,42.354163]]],[[[-71.063351,42.354035],[-71.063406,42.354075],[-71.063394,42.354158],[-71.063285,42.35432],[-71.063199,42.354413],[-71.062534,42.354051],[-71.062563,42.35398],[-71.063351,42.354035]]],[[[-71.062482,42.35419],[-71.062609,42.354281],[-71.062556,42.354429],[-71.062285,42.354497],[-71.062009,42.354391],[-71.061882,42.3543],[-71.062067,42.354108],[-71.062482,42.35419]]],[[[-71.062463,42.354408],[-71.062602,42.354508],[-71.062427,42.35469],[-71.061945,42.354465],[-71.061806,42.354365],[-71.061873,42.354296],[-71.062293,42.354325],[-71.062463,42.354408]]],[[[-71.063372,42.354709],[-71.063662,42.354917],[-71.063626,42.355016],[-71.063406,42.354958],[-71.063093,42.354737],[-71.063157,42.354645],[-71.063372,42.354709]]],[[[-71.063705,42.354129],[-71.063995,42.354337],[-71.063976,42.354372],[-71.063954,42.354381],[-71.063737,42.354317],[-71.063447,42.354109],[-71.063439,42.354087],[-71.06346,42.354056],[-71.063489,42.35406],[-71.063705,42.354129]]],[[[-71.063788,42.35406],[-71.063941,42.35417],[-71.063408,42.355154],[-71.063364,42.355163],[-71.062899,42.354933],[-71.062746,42.354823],[-71.063484,42.354018],[-71.063788,42.35406]]],[[[-71.063456,42.354092],[-71.063522,42.35414],[-71.06319,42.354755],[-71.063171,42.354764],[-71.062945,42.354638],[-71.063439,42.354087],[-71.063456,42.354092]]],[[[-71.063679,42.352915],[-71.063765,42.353314],[-71.063711,42.353411],[-71.063607,42.35338],[-71.063506,42.353315],[-71.062968,42.352929],[-71.062997,42.352519],[-71.063141,42.352529],[-71.063679,42.352915]]],[[[-71.063469,42.353187],[-71.063563,42.353349],[-71.063346,42.353345],[-71.063267,42.353307],[-71.062773,42.352952],[-71.062781,42.352843],[-71.062975,42.352832],[-71.063469,42.353187]]],[[[-71.063654,42.352885],[-71.06374,42.352972],[-71.063722,42.353283],[-71.063227,42.352928],[-71.063134,42.352643],[-71.063141,42.352529],[-71.063654,42.352885]]],[[[-71.063872,42.352394],[-71.063997,42.352483],[-71.063948,42.353065],[-71.063337,42.353044],[-71.063212,42.352955],[-71.063159,42.35253],[-71.063705,42.352384],[-71.063872,42.352394]]],[[[-71.064207,42.35314],[-71.064313,42.353216],[-71.064252,42.353372],[-71.062817,42.353249],[-71.062652,42.353126],[-71.062678,42.352486],[-71.062724,42.352488],[-71.064207,42.35314]]],[[[-71.063425,42.35247],[-71.063434,42.352615],[-71.063021,42.352601],[-71.062909,42.352521],[-71.062918,42.352433],[-71.063313,42.35239],[-71.063425,42.35247]]],[[[-71.064238,42.353054],[-71.06441,42.353177],[-71.064379,42.353263],[-71.064312,42.353343],[-71.063136,42.353254],[-71.062964,42.353131],[-71.062969,42.353021],[-71.063212,42.352955],[-71.063823,42.352976],[-71.064238,42.353054]]],[[[-71.056502,42.353324],[-71.056791,42.353531],[-71.056676,42.353584],[-71.056425,42.353481],[-71.056136,42.353274],[-71.056241,42.353215],[-71.056502,42.353324]]],[[[-71.057771,42.35524],[-71.057791,42.355391],[-71.057008,42.35545],[-71.056566,42.355133],[-71.056502,42.354776],[-71.05689,42.354747],[-71.057329,42.354923],[-71.057771,42.35524]]],[[[-71.055707,42.354549],[-71.055735,42.354574],[-71.055461,42.354738],[-71.055051,42.35444],[-71.055316,42.354268],[-71.055707,42.354549]]],[[[-71.055944,42.354766],[-71.055969,42.354788],[-71.0557,42.354952],[-71.05528,42.354646],[-71.055551,42.354484],[-71.055944,42.354766]]],[[[-71.055863,42.354564],[-71.05598,42.354669],[-71.055943,42.354691],[-71.055554,42.354412],[-71.05544,42.354307],[-71.055474,42.354285],[-71.055863,42.354564]]],[[[-71.056052,42.354428],[-71.056075,42.35448],[-71.055916,42.354519],[-71.05576,42.354407],[-71.055411,42.354084],[-71.055589,42.353983],[-71.055796,42.354133],[-71.056052,42.354428]]],[[[-71.056842,42.353855],[-71.05691,42.353962],[-71.056809,42.353995],[-71.056564,42.353819],[-71.056498,42.353714],[-71.056597,42.353679],[-71.056842,42.353855]]],[[[-71.057571,42.35316],[-71.057926,42.353415],[-71.057923,42.353429],[-71.057726,42.353414],[-71.057371,42.353159],[-71.057374,42.353142],[-71.057571,42.35316]]],[[[-71.064747,42.348305],[-71.064942,42.348445],[-71.064925,42.348508],[-71.064832,42.348494],[-71.064637,42.348354],[-71.064655,42.348291],[-71.064747,42.348305]]],[[[-71.065195,42.351242],[-71.065307,42.351322],[-71.065141,42.351524],[-71.065027,42.351512],[-71.064915,42.351432],[-71.064967,42.35123],[-71.065195,42.351242]]],[[[-71.065864,42.351354],[-71.066033,42.351475],[-71.06603,42.351528],[-71.065378,42.351497],[-71.065209,42.351376],[-71.065214,42.35132],[-71.065864,42.351354]]],[[[-71.065861,42.351407],[-71.06603,42.351528],[-71.066009,42.351727],[-71.065889,42.351718],[-71.065355,42.351583],[-71.065186,42.351462],[-71.065209,42.351376],[-71.065861,42.351407]]],[[[-71.065508,42.351259],[-71.065636,42.351351],[-71.065267,42.351549],[-71.065157,42.351536],[-71.065029,42.351444],[-71.065074,42.351265],[-71.065195,42.351242],[-71.065508,42.351259]]],[[[-71.065941,42.351728],[-71.066045,42.351803],[-71.066004,42.352166],[-71.065791,42.352448],[-71.065604,42.352434],[-71.0655,42.352359],[-71.065354,42.351982],[-71.065368,42.351897],[-71.065717,42.351715],[-71.065941,42.351728]]],[[[-71.065919,42.351661],[-71.065935,42.351951],[-71.065827,42.351955],[-71.065546,42.351831],[-71.065355,42.351694],[-71.065392,42.351486],[-71.065728,42.351524],[-71.065919,42.351661]]],[[[-71.06574,42.352015],[-71.065842,42.352088],[-71.06584,42.352149],[-71.065746,42.352142],[-71.065644,42.352069],[-71.065652,42.352009],[-71.06574,42.352015]]],[[[-71.065578,42.351784],[-71.065737,42.351898],[-71.065659,42.352473],[-71.06524,42.352455],[-71.065081,42.352341],[-71.065096,42.3522],[-71.065198,42.351749],[-71.065578,42.351784]]],[[[-71.065932,42.352094],[-71.066086,42.352204],[-71.066039,42.352492],[-71.065842,42.352477],[-71.065688,42.352367],[-71.065722,42.352155],[-71.065759,42.352082],[-71.065932,42.352094]]],[[[-71.065175,42.351747],[-71.06533,42.351858],[-71.065237,42.352446],[-71.064838,42.352426],[-71.064683,42.352315],[-71.064842,42.351707],[-71.065175,42.351747]]],[[[-71.065516,42.352148],[-71.065547,42.35217],[-71.065537,42.352249],[-71.065375,42.352241],[-71.065344,42.352219],[-71.065355,42.352139],[-71.065516,42.352148]]],[[[-71.065392,42.351486],[-71.065495,42.35156],[-71.065458,42.351769],[-71.06497,42.351724],[-71.064851,42.351641],[-71.064905,42.351431],[-71.065392,42.351486]]],[[[-71.063387,42.350401],[-71.0634,42.350447],[-71.063223,42.350994],[-71.062873,42.350944],[-71.062601,42.350749],[-71.062747,42.350157],[-71.062952,42.350109],[-71.063093,42.35013],[-71.063365,42.350325],[-71.063387,42.350401]]],[[[-71.063772,42.349073],[-71.063954,42.349203],[-71.063928,42.349343],[-71.063878,42.349472],[-71.063833,42.349504],[-71.063182,42.349363],[-71.063,42.349233],[-71.062999,42.349151],[-71.063032,42.34904],[-71.063074,42.348966],[-71.063772,42.349073]]],[[[-71.058754,42.352587],[-71.059231,42.352929],[-71.059226,42.35297],[-71.058654,42.352933],[-71.058177,42.352591],[-71.058182,42.352549],[-71.058754,42.352587]]],[[[-71.058177,42.352591],[-71.058654,42.352933],[-71.058622,42.353204],[-71.058569,42.353201],[-71.058092,42.352859],[-71.058131,42.352588],[-71.058177,42.352591]]],[[[-71.059279,42.352974],[-71.059328,42.353013],[-71.059305,42.353203],[-71.059246,42.353246],[-71.059193,42.353242],[-71.058716,42.3529],[-71.058749,42.352628],[-71.058802,42.352632],[-71.059279,42.352974]]],[[[-71.058716,42.3529],[-71.059193,42.353242],[-71.059189,42.353277],[-71.058617,42.353239],[-71.05814,42.352897],[-71.058145,42.352862],[-71.058716,42.3529]]],[[[-71.058749,42.352628],[-71.059319,42.353037],[-71.059286,42.353309],[-71.058715,42.353271],[-71.058145,42.352862],[-71.058177,42.352591],[-71.058749,42.352628]]],[[[-71.058683,42.352648],[-71.059277,42.353074],[-71.059255,42.353289],[-71.058795,42.353263],[-71.058201,42.352837],[-71.058223,42.352621],[-71.058683,42.352648]]],[[[-71.056558,42.355117],[-71.056648,42.355616],[-71.056542,42.355644],[-71.056087,42.355688],[-71.055972,42.355683],[-71.055688,42.355479],[-71.055554,42.354733],[-71.055658,42.35468],[-71.056094,42.354605],[-71.056229,42.354666],[-71.056513,42.35487],[-71.056558,42.355117]]],[[[-71.060885,42.353865],[-71.06095,42.353912],[-71.060895,42.354162],[-71.060827,42.354238],[-71.060663,42.354142],[-71.060614,42.354019],[-71.06079,42.353821],[-71.060885,42.353865]]],[[[-71.060997,42.353977],[-71.06107,42.354162],[-71.061018,42.354222],[-71.060937,42.354192],[-71.06083,42.354115],[-71.060789,42.354041],[-71.060804,42.353959],[-71.060885,42.353865],[-71.060972,42.353917],[-71.060997,42.353977]]],[[[-71.061996,42.354785],[-71.062074,42.354841],[-71.062019,42.354885],[-71.061882,42.354819],[-71.061804,42.354763],[-71.061845,42.354707],[-71.061996,42.354785]]],[[[-71.061941,42.354829],[-71.062019,42.354885],[-71.061857,42.355054],[-71.061645,42.354929],[-71.061804,42.354763],[-71.061941,42.354829]]],[[[-71.067154,42.351798],[-71.067177,42.351932],[-71.066994,42.351977],[-71.065864,42.351821],[-71.065286,42.351563],[-71.065139,42.351457],[-71.065179,42.351297],[-71.066747,42.351106],[-71.066894,42.351212],[-71.067154,42.351798]]],[[[-71.063265,42.34966],[-71.063441,42.349786],[-71.063295,42.350309],[-71.062983,42.350259],[-71.062807,42.350133],[-71.062815,42.350107],[-71.063014,42.349699],[-71.063127,42.349638],[-71.063265,42.34966]]],[[[-71.056536,42.34968],[-71.056631,42.349748],[-71.05654,42.349931],[-71.056439,42.349903],[-71.056344,42.349835],[-71.056435,42.349652],[-71.056536,42.34968]]],[[[-71.056413,42.349924],[-71.056508,42.349992],[-71.056453,42.350097],[-71.056317,42.350136],[-71.056222,42.350068],[-71.056313,42.349896],[-71.056413,42.349924]]],[[[-71.05623,42.350293],[-71.056305,42.350347],[-71.056263,42.350434],[-71.056158,42.350413],[-71.056083,42.350359],[-71.056128,42.350265],[-71.05623,42.350293]]],[[[-71.055549,42.350202],[-71.055657,42.35028],[-71.055607,42.35038],[-71.05552,42.350356],[-71.055412,42.350278],[-71.055462,42.350178],[-71.055549,42.350202]]],[[[-71.055458,42.350383],[-71.055566,42.350461],[-71.055516,42.35056],[-71.055427,42.350536],[-71.055319,42.350458],[-71.05537,42.350358],[-71.055458,42.350383]]],[[[-71.055937,42.35031],[-71.056046,42.350388],[-71.055996,42.350487],[-71.05591,42.350463],[-71.055801,42.350385],[-71.055851,42.350286],[-71.055937,42.35031]]],[[[-71.055847,42.350489],[-71.055956,42.350567],[-71.055906,42.350668],[-71.05582,42.350644],[-71.055711,42.350566],[-71.055761,42.350466],[-71.055847,42.350489]]],[[[-71.055563,42.349638],[-71.055682,42.349724],[-71.055478,42.350135],[-71.055428,42.350121],[-71.055303,42.350027],[-71.055505,42.349622],[-71.055563,42.349638]]],[[[-71.064357,42.349915],[-71.064342,42.350001],[-71.064304,42.35006],[-71.064172,42.349965],[-71.063736,42.349471],[-71.06394,42.349508],[-71.064086,42.349578],[-71.064288,42.349736],[-71.06434,42.349822],[-71.064357,42.349915]]],[[[-71.063945,42.348463],[-71.064094,42.34857],[-71.063976,42.348986],[-71.063885,42.349175],[-71.063711,42.34915],[-71.063562,42.349043],[-71.063505,42.348828],[-71.063623,42.348413],[-71.063945,42.348463]]],[[[-71.055558,42.354333],[-71.055632,42.354398],[-71.055598,42.35442],[-71.055502,42.354406],[-71.055308,42.354262],[-71.0554,42.35422],[-71.055558,42.354333]]],[[[-71.055749,42.354503],[-71.055789,42.354539],[-71.055779,42.354594],[-71.055745,42.354628],[-71.055551,42.354484],[-71.055554,42.354412],[-71.055591,42.35439],[-71.055749,42.354503]]],[[[-71.055347,42.354807],[-71.055382,42.354848],[-71.055138,42.354952],[-71.05498,42.354839],[-71.054775,42.354643],[-71.054951,42.354482],[-71.055109,42.354595],[-71.055347,42.354807]]],[[[-71.055438,42.354759],[-71.055475,42.354791],[-71.055347,42.354807],[-71.05515,42.354658],[-71.055184,42.354634],[-71.05528,42.354646],[-71.055438,42.354759]]],[[[-71.055228,42.35457],[-71.055228,42.354643],[-71.055189,42.354665],[-71.054991,42.354515],[-71.055004,42.35446],[-71.055051,42.35444],[-71.055228,42.35457]]],[[[-71.055734,42.354619],[-71.055745,42.354628],[-71.055732,42.354644],[-71.055657,42.354711],[-71.055475,42.354791],[-71.055307,42.35467],[-71.055576,42.354506],[-71.055734,42.354619]]],[[[-71.055466,42.354375],[-71.055474,42.354381],[-71.055209,42.354553],[-71.055051,42.35444],[-71.055139,42.35434],[-71.055308,42.354262],[-71.055466,42.354375]]],[[[-71.055228,42.354643],[-71.055342,42.354747],[-71.055308,42.354771],[-71.055031,42.354552],[-71.05507,42.35453],[-71.055228,42.354643]]],[[[-71.06486,42.350062],[-71.064904,42.350094],[-71.06487,42.350219],[-71.064291,42.35008],[-71.064172,42.349965],[-71.06486,42.350062]]],[[[-71.064902,42.350642],[-71.064968,42.350689],[-71.064916,42.350883],[-71.064453,42.350833],[-71.064387,42.350786],[-71.064511,42.350524],[-71.064625,42.350535],[-71.064902,42.350642]]],[[[-71.063079,42.349635],[-71.06321,42.349729],[-71.063191,42.3498],[-71.063119,42.349889],[-71.062817,42.349768],[-71.062607,42.349653],[-71.062476,42.349559],[-71.062477,42.349545],[-71.062494,42.349514],[-71.062592,42.349443],[-71.063079,42.349635]]],[[[-71.06247,42.34897],[-71.062568,42.34904],[-71.062546,42.349087],[-71.062477,42.349068],[-71.062379,42.348998],[-71.062402,42.348952],[-71.06247,42.34897]]],[[[-71.063679,42.354178],[-71.064004,42.354411],[-71.063715,42.354947],[-71.063474,42.354876],[-71.063149,42.354643],[-71.063438,42.354106],[-71.063679,42.354178]]],[[[-71.063127,42.352612],[-71.063303,42.353118],[-71.062877,42.353106],[-71.062747,42.353013],[-71.062724,42.352454],[-71.062918,42.352433],[-71.063048,42.352526],[-71.063127,42.352612]]],[[[-71.055498,42.351545],[-71.055562,42.351591],[-71.055556,42.351633],[-71.055379,42.352012],[-71.054966,42.352108],[-71.054479,42.351779],[-71.055498,42.351545]]],[[[-71.05695,42.355771],[-71.056965,42.355859],[-71.056513,42.355903],[-71.055785,42.35538],[-71.055679,42.354802],[-71.056136,42.354757],[-71.056864,42.35528],[-71.05695,42.355771]]],[[[-71.056507,42.355463],[-71.056553,42.355722],[-71.056475,42.3558],[-71.05577,42.355294],[-71.055696,42.354895],[-71.055802,42.354957],[-71.056507,42.355463]]],[[[-71.056856,42.355355],[-71.056925,42.355753],[-71.056818,42.355692],[-71.056115,42.355187],[-71.056069,42.354926],[-71.056153,42.35485],[-71.056856,42.355355]]],[[[-71.055848,42.354704],[-71.055916,42.354766],[-71.055892,42.354803],[-71.055802,42.35487],[-71.055695,42.354899],[-71.05516,42.354503],[-71.055243,42.354424],[-71.05538,42.354372],[-71.055848,42.354704]]],[[[-71.056068,42.354403],[-71.056103,42.354465],[-71.055992,42.354493],[-71.055785,42.354344],[-71.055511,42.354087],[-71.05564,42.354021],[-71.055847,42.35417],[-71.056068,42.354403]]],[[[-71.056245,42.353999],[-71.056321,42.354408],[-71.056205,42.354424],[-71.055996,42.354274],[-71.055969,42.354223],[-71.055898,42.353909],[-71.056036,42.353849],[-71.056245,42.353999]]],[[[-71.05624,42.354346],[-71.05625,42.354394],[-71.056199,42.354409],[-71.055806,42.354119],[-71.05588,42.354087],[-71.05624,42.354346]]],[[[-71.056254,42.354326],[-71.056269,42.354404],[-71.056191,42.354426],[-71.055831,42.354167],[-71.05578,42.354115],[-71.055894,42.354067],[-71.056254,42.354326]]],[[[-71.056129,42.354338],[-71.056138,42.354356],[-71.056031,42.354388],[-71.055861,42.354254],[-71.055969,42.354223],[-71.056129,42.354338]]],[[[-71.056138,42.354356],[-71.056203,42.354452],[-71.056079,42.354483],[-71.055919,42.354368],[-71.055871,42.354273],[-71.055978,42.354241],[-71.056138,42.354356]]],[[[-71.065917,42.348258],[-71.066075,42.348371],[-71.066057,42.348463],[-71.065968,42.348453],[-71.06581,42.34834],[-71.065828,42.348248],[-71.065917,42.348258]]],[[[-71.064802,42.349114],[-71.064942,42.349276],[-71.064761,42.349369],[-71.064404,42.349122],[-71.064662,42.348999],[-71.064802,42.349114]]],[[[-71.064959,42.348666],[-71.064991,42.348689],[-71.064958,42.34881],[-71.064756,42.348898],[-71.064565,42.34889],[-71.064324,42.348855],[-71.064292,42.348832],[-71.064395,42.348579],[-71.064959,42.348666]]],[[[-71.064516,42.348102],[-71.064581,42.34817],[-71.0645,42.348156],[-71.064432,42.348107],[-71.064448,42.348053],[-71.064516,42.348102]]],[[[-71.064834,42.348126],[-71.064842,42.348132],[-71.064752,42.348176],[-71.064599,42.348147],[-71.064525,42.348094],[-71.064545,42.348026],[-71.06476,42.348073],[-71.064834,42.348126]]],[[[-71.064061,42.348137],[-71.064086,42.348155],[-71.064072,42.348209],[-71.064019,42.348187],[-71.064032,42.348133],[-71.064061,42.348137]]],[[[-71.063599,42.349409],[-71.063627,42.349439],[-71.063619,42.34952],[-71.063528,42.349801],[-71.063256,42.34979],[-71.063074,42.34966],[-71.063052,42.349606],[-71.06306,42.349221],[-71.063417,42.349279],[-71.063599,42.349409]]],[[[-71.056225,42.354188],[-71.056263,42.35439],[-71.056097,42.354436],[-71.055819,42.354237],[-71.055684,42.354103],[-71.055947,42.353989],[-71.056225,42.354188]]],[[[-71.056253,42.354145],[-71.0563,42.354407],[-71.056086,42.354469],[-71.055808,42.35427],[-71.055634,42.354096],[-71.055975,42.353946],[-71.056253,42.354145]]],[[[-71.064067,42.348117],[-71.064161,42.348184],[-71.064155,42.348204],[-71.064126,42.3482],[-71.064032,42.348133],[-71.064037,42.348112],[-71.064067,42.348117]]],[[[-71.055852,42.354597],[-71.056012,42.354744],[-71.056009,42.354784],[-71.055693,42.354973],[-71.055643,42.354969],[-71.055207,42.354656],[-71.055046,42.354508],[-71.055047,42.35447],[-71.055362,42.354282],[-71.055416,42.354284],[-71.055852,42.354597]]],[[[-71.056263,42.354259],[-71.05629,42.354418],[-71.056164,42.354456],[-71.055829,42.354215],[-71.055725,42.354108],[-71.055928,42.354018],[-71.056263,42.354259]]],[[[-71.056272,42.354242],[-71.056309,42.354425],[-71.05616,42.354468],[-71.055825,42.354227],[-71.055701,42.354105],[-71.055937,42.354001],[-71.056272,42.354242]]],[[[-71.062581,42.351766],[-71.062955,42.352034],[-71.062921,42.352208],[-71.062874,42.352313],[-71.062744,42.352333],[-71.062164,42.352319],[-71.062071,42.352303],[-71.061697,42.352035],[-71.06169,42.351899],[-71.062319,42.351688],[-71.062467,42.351715],[-71.062581,42.351766]]],[[[-71.062415,42.35316],[-71.062604,42.353296],[-71.062602,42.353429],[-71.062549,42.353575],[-71.062476,42.353712],[-71.062386,42.35384],[-71.062332,42.353888],[-71.061672,42.353562],[-71.061483,42.353426],[-71.061528,42.35321],[-71.062415,42.35316]]],[[[-71.063941,42.351887],[-71.063957,42.352045],[-71.063922,42.352233],[-71.06319,42.352152],[-71.062827,42.351891],[-71.062895,42.351546],[-71.063578,42.351626],[-71.063941,42.351887]]],[[[-71.060792,42.351622],[-71.060814,42.351679],[-71.060707,42.351696],[-71.060484,42.351649],[-71.060432,42.351612],[-71.0604,42.351513],[-71.06074,42.351585],[-71.060792,42.351622]]],[[[-71.060856,42.351502],[-71.060908,42.351539],[-71.060888,42.351667],[-71.060814,42.351679],[-71.060762,42.351642],[-71.06074,42.351585],[-71.060777,42.351486],[-71.060856,42.351502]]],[[[-71.060777,42.351486],[-71.060829,42.351523],[-71.060792,42.351622],[-71.060734,42.35161],[-71.060682,42.351573],[-71.06072,42.351471],[-71.060777,42.351486]]],[[[-71.06072,42.351471],[-71.060772,42.351508],[-71.060734,42.35161],[-71.060654,42.351593],[-71.060602,42.351556],[-71.060642,42.351455],[-71.06072,42.351471]]],[[[-71.060642,42.351455],[-71.060694,42.351492],[-71.060654,42.351593],[-71.060575,42.351576],[-71.060523,42.351539],[-71.060562,42.351439],[-71.060642,42.351455]]],[[[-71.060562,42.351439],[-71.060614,42.351476],[-71.060575,42.351576],[-71.060496,42.351559],[-71.060444,42.351522],[-71.060483,42.351424],[-71.060562,42.351439]]],[[[-71.060337,42.351534],[-71.060356,42.351592],[-71.06023,42.351613],[-71.060177,42.351575],[-71.060159,42.351517],[-71.060283,42.351496],[-71.060337,42.351534]]],[[[-71.061408,42.35077],[-71.060946,42.35067],[-71.060881,42.350626],[-71.060899,42.350587],[-71.061295,42.350688],[-71.061408,42.35077]]],[[[-71.061034,42.350663],[-71.061086,42.350701],[-71.061029,42.350843],[-71.060891,42.350813],[-71.060839,42.350775],[-71.060894,42.350632],[-71.061034,42.350663]]],[[[-71.062111,42.350892],[-71.062196,42.350953],[-71.062168,42.351021],[-71.062091,42.351002],[-71.062006,42.350941],[-71.062036,42.350875],[-71.062111,42.350892]]],[[[-71.061693,42.350788],[-71.061778,42.350849],[-71.061745,42.350927],[-71.06165,42.350906],[-71.061565,42.350845],[-71.061597,42.350765],[-71.061693,42.350788]]],[[[-71.061136,42.351299],[-71.061227,42.351364],[-71.06119,42.351465],[-71.061165,42.351476],[-71.060705,42.351374],[-71.060611,42.351308],[-71.060688,42.351125],[-71.060913,42.351178],[-71.061136,42.351299]]],[[[-71.060111,42.350619],[-71.060089,42.350675],[-71.059879,42.35063],[-71.059811,42.350581],[-71.059832,42.350525],[-71.060043,42.35057],[-71.060111,42.350619]]],[[[-71.060064,42.350517],[-71.060132,42.350566],[-71.060111,42.350619],[-71.0599,42.350574],[-71.059832,42.350525],[-71.059845,42.350472],[-71.060064,42.350517]]],[[[-71.058194,42.351496],[-71.05829,42.351565],[-71.058227,42.35172],[-71.057999,42.351685],[-71.057903,42.351616],[-71.057951,42.351447],[-71.058194,42.351496]]],[[[-71.05826,42.351331],[-71.058356,42.3514],[-71.05829,42.351565],[-71.058047,42.351516],[-71.057951,42.351447],[-71.057997,42.351282],[-71.05826,42.351331]]],[[[-71.058314,42.35122],[-71.05841,42.351289],[-71.058356,42.3514],[-71.058093,42.351351],[-71.057997,42.351282],[-71.05803,42.351164],[-71.058314,42.35122]]],[[[-71.05835,42.351128],[-71.058446,42.351197],[-71.05841,42.351289],[-71.058126,42.351233],[-71.05803,42.351164],[-71.058057,42.351069],[-71.05835,42.351128]]],[[[-71.057888,42.351344],[-71.057983,42.351413],[-71.057953,42.351561],[-71.057493,42.351502],[-71.057398,42.351433],[-71.057426,42.351291],[-71.057888,42.351344]]],[[[-71.057953,42.351561],[-71.057921,42.35167],[-71.057473,42.351602],[-71.057378,42.351533],[-71.057398,42.351433],[-71.057858,42.351492],[-71.057953,42.351561]]],[[[-71.05792,42.351178],[-71.058015,42.351247],[-71.057984,42.351352],[-71.05774,42.351384],[-71.057521,42.35136],[-71.057426,42.351291],[-71.057462,42.351106],[-71.05773,42.351135],[-71.05792,42.351178]]],[[[-71.057746,42.351066],[-71.057841,42.351135],[-71.057825,42.351204],[-71.057557,42.351175],[-71.057462,42.351106],[-71.057475,42.351037],[-71.057746,42.351066]]],[[[-71.058052,42.350873],[-71.058147,42.350942],[-71.058084,42.351172],[-71.057899,42.351146],[-71.057804,42.351077],[-71.057756,42.351022],[-71.057806,42.350816],[-71.058052,42.350873]]],[[[-71.057201,42.351292],[-71.057288,42.351355],[-71.057243,42.351582],[-71.057195,42.351597],[-71.057032,42.351538],[-71.056945,42.351475],[-71.056993,42.351276],[-71.057201,42.351292]]],[[[-71.056993,42.351276],[-71.05708,42.351339],[-71.057032,42.351538],[-71.056927,42.351499],[-71.05684,42.351436],[-71.056914,42.351266],[-71.056993,42.351276]]],[[[-71.057217,42.351211],[-71.057304,42.351274],[-71.057288,42.351355],[-71.057001,42.351329],[-71.056914,42.351266],[-71.056948,42.351188],[-71.057217,42.351211]]],[[[-71.057232,42.351136],[-71.057319,42.351199],[-71.057304,42.351274],[-71.057035,42.351251],[-71.056948,42.351188],[-71.056982,42.35111],[-71.057232,42.351136]]],[[[-71.057249,42.351049],[-71.057336,42.351112],[-71.057319,42.351199],[-71.057069,42.351173],[-71.056971,42.351107],[-71.05701,42.351021],[-71.057249,42.351049]]],[[[-71.057265,42.350968],[-71.057352,42.351031],[-71.057336,42.351112],[-71.057097,42.351084],[-71.05701,42.351021],[-71.057046,42.350942],[-71.057265,42.350968]]],[[[-71.057029,42.350836],[-71.057116,42.350899],[-71.057049,42.35105],[-71.056647,42.350951],[-71.05656,42.350888],[-71.056627,42.350738],[-71.057029,42.350836]]],[[[-71.056938,42.350603],[-71.057025,42.350666],[-71.056934,42.350854],[-71.056724,42.350797],[-71.056637,42.350734],[-71.056678,42.350643],[-71.056815,42.350607],[-71.056938,42.350603]]],[[[-71.05732,42.350691],[-71.057407,42.350754],[-71.057352,42.351031],[-71.057133,42.351005],[-71.057046,42.350942],[-71.057091,42.350843],[-71.05722,42.350666],[-71.05732,42.350691]]],[[[-71.057838,42.351684],[-71.057959,42.351771],[-71.057928,42.351869],[-71.057788,42.352097],[-71.057412,42.352039],[-71.057291,42.351952],[-71.057355,42.351608],[-71.057838,42.351684]]],[[[-71.057777,42.352039],[-71.057898,42.352126],[-71.057855,42.352265],[-71.057397,42.352122],[-71.057276,42.352035],[-71.057291,42.351952],[-71.057777,42.352039]]],[[[-71.057867,42.350139],[-71.057986,42.350224],[-71.057927,42.350446],[-71.057724,42.350414],[-71.057605,42.350329],[-71.05765,42.350107],[-71.057867,42.350139]]],[[[-71.055645,42.353888],[-71.055652,42.353896],[-71.055572,42.353932],[-71.055487,42.353871],[-71.055258,42.35365],[-71.055342,42.353603],[-71.055427,42.353664],[-71.055645,42.353888]]],[[[-71.059034,42.354498],[-71.059048,42.354511],[-71.058941,42.354611],[-71.058788,42.354726],[-71.058565,42.354582],[-71.05882,42.354343],[-71.059034,42.354498]]],[[[-71.05885,42.354379],[-71.058886,42.354408],[-71.058696,42.354587],[-71.058512,42.35447],[-71.058718,42.354284],[-71.05885,42.354379]]],[[[-71.059909,42.353871],[-71.060065,42.353983],[-71.059783,42.354235],[-71.059417,42.353992],[-71.059409,42.353899],[-71.059561,42.353734],[-71.059795,42.353807],[-71.059909,42.353871]]],[[[-71.060009,42.353776],[-71.060165,42.353888],[-71.060068,42.353984],[-71.059759,42.353807],[-71.059603,42.353695],[-71.059682,42.353588],[-71.060009,42.353776]]],[[[-71.063508,42.35141],[-71.063476,42.35155],[-71.063417,42.351547],[-71.063362,42.351516],[-71.063392,42.351376],[-71.063476,42.351387],[-71.063508,42.35141]]],[[[-71.063396,42.351358],[-71.063428,42.351381],[-71.063394,42.351541],[-71.063215,42.351518],[-71.063183,42.351495],[-71.063217,42.351362],[-71.063278,42.351343],[-71.063396,42.351358]]],[[[-71.063197,42.35144],[-71.063229,42.351463],[-71.063215,42.351518],[-71.062949,42.351487],[-71.062917,42.351464],[-71.062934,42.351404],[-71.063197,42.35144]]],[[[-71.063221,42.351345],[-71.063253,42.351368],[-71.063229,42.351463],[-71.062973,42.351428],[-71.062941,42.351405],[-71.062971,42.351302],[-71.063221,42.351345]]],[[[-71.063273,42.351069],[-71.063305,42.351092],[-71.06329,42.351158],[-71.063059,42.351131],[-71.063027,42.351108],[-71.063041,42.351049],[-71.063273,42.351069]]],[[[-71.062769,42.351379],[-71.062857,42.351442],[-71.062816,42.351588],[-71.06253,42.351526],[-71.062439,42.351461],[-71.062431,42.351313],[-71.062769,42.351379]]],[[[-71.062512,42.351488],[-71.062512,42.35151],[-71.06249,42.351522],[-71.062299,42.351475],[-71.062211,42.351412],[-71.062196,42.351316],[-71.062354,42.351299],[-71.062393,42.35131],[-71.062481,42.351373],[-71.062512,42.351488]]],[[[-71.062859,42.351039],[-71.062947,42.351102],[-71.062894,42.351291],[-71.062832,42.351283],[-71.062654,42.351209],[-71.062566,42.351146],[-71.062561,42.35106],[-71.062589,42.351],[-71.062859,42.351039]]],[[[-71.06242,42.3511],[-71.062508,42.351163],[-71.062424,42.351364],[-71.062294,42.351379],[-71.062204,42.351316],[-71.062158,42.351034],[-71.06242,42.3511]]],[[[-71.062589,42.351],[-71.062677,42.351063],[-71.062641,42.35114],[-71.062366,42.351065],[-71.062278,42.351002],[-71.062298,42.350942],[-71.062589,42.351]]],[[[-71.06461,42.353278],[-71.064625,42.353289],[-71.064591,42.353391],[-71.064508,42.353366],[-71.064542,42.353266],[-71.06461,42.353278]]],[[[-71.064727,42.352541],[-71.064742,42.352552],[-71.064707,42.352658],[-71.064627,42.352637],[-71.064662,42.352531],[-71.064727,42.352541]]],[[[-71.064146,42.351153],[-71.064536,42.351433],[-71.064411,42.351876],[-71.064199,42.351852],[-71.063809,42.351572],[-71.063934,42.351133],[-71.064146,42.351153]]],[[[-71.063848,42.351437],[-71.064214,42.3517],[-71.064175,42.351836],[-71.063828,42.351792],[-71.063462,42.351529],[-71.063493,42.351393],[-71.063848,42.351437]]],[[[-71.064415,42.351373],[-71.064781,42.351636],[-71.064756,42.351721],[-71.064552,42.35188],[-71.064385,42.351858],[-71.064019,42.351595],[-71.064095,42.351332],[-71.064415,42.351373]]],[[[-71.059561,42.352253],[-71.059622,42.352679],[-71.05911,42.352591],[-71.058775,42.35235],[-71.058814,42.352257],[-71.058906,42.352152],[-71.059026,42.352083],[-71.059226,42.352012],[-71.059561,42.352253]]],[[[-71.060705,42.349297],[-71.060829,42.349447],[-71.060629,42.349935],[-71.060523,42.349989],[-71.060308,42.349941],[-71.060046,42.349753],[-71.060204,42.349326],[-71.060321,42.349063],[-71.060443,42.349109],[-71.060705,42.349297]]],[[[-71.060523,42.349989],[-71.060589,42.350079],[-71.060488,42.35033],[-71.060187,42.350236],[-71.059925,42.350048],[-71.060046,42.349753],[-71.060261,42.349801],[-71.060523,42.349989]]],[[[-71.061068,42.348118],[-71.06133,42.348306],[-71.061048,42.348984],[-71.060811,42.348927],[-71.060549,42.348739],[-71.061011,42.348097],[-71.061068,42.348118]]],[[[-71.064837,42.350906],[-71.065146,42.351127],[-71.065131,42.351179],[-71.064637,42.35112],[-71.064328,42.350899],[-71.064349,42.350857],[-71.064372,42.350853],[-71.064837,42.350906]]],[[[-71.064855,42.350843],[-71.065142,42.351049],[-71.065127,42.351107],[-71.064652,42.351059],[-71.064365,42.350853],[-71.064374,42.350794],[-71.064855,42.350843]]],[[[-71.060643,42.354501],[-71.060666,42.354519],[-71.060308,42.355179],[-71.060224,42.355241],[-71.059396,42.354607],[-71.05937,42.354557],[-71.059395,42.3545],[-71.059544,42.354366],[-71.059969,42.354033],[-71.060643,42.354501]]],[[[-71.061121,42.354808],[-71.06121,42.354872],[-71.060774,42.355278],[-71.060132,42.35478],[-71.06057,42.35445],[-71.061121,42.354808]]]]},"properties":{"kind":"building"}},{"type":"Feature","geometry":{"type":"MultiPolygon","coordinates":[[[[-71.06613,42.353503],[-71.066119,42.353461],[-71.066087,42.353426],[-71.065968,42.353351],[-71.065912,42.353343],[-71.065809,42.353375],[-71.065777,42.35341],[-71.065766,42.353451],[-71.065777,42.353492],[-71.065809,42.353527],[-71.065928,42.353602],[-71.065984,42.353611],[-71.066087,42.353579],[-71.066119,42.353544],[-71.06613,42.353503]]],[[[-71.066113,42.35297],[-71.066093,42.352883],[-71.065989,42.352797],[-71.065886,42.352765],[-71.065807,42.352785],[-71.065712,42.352727],[-71.06572,42.3527],[-71.065693,42.352652],[-71.065736,42.352663],[-71.065787,42.352648],[-71.06586,42.352679],[-71.06592,42.352655],[-71.065995,42.352687],[-71.066048,42.352671],[-71.066064,42.352653],[-71.066064,42.352611],[-71.066,42.352558],[-71.065947,42.352542],[-71.065887,42.352566],[-71.065841,42.352538],[-71.065761,42.352549],[-71.065688,42.352518],[-71.065619,42.352552],[-71.065613,42.352573],[-71.065634,42.35261],[-71.065574,42.352593],[-71.065519,42.352608],[-71.065401,42.352516],[-71.065321,42.352516],[-71.065265,42.352558],[-71.065257,42.352587],[-71.065288,42.352641],[-71.065382,42.352702],[-71.065422,42.352707],[-71.065491,42.352687],[-71.065565,42.352747],[-71.065617,42.352765],[-71.065612,42.352784],[-71.065525,42.352783],[-71.065472,42.352821],[-71.065472,42.352877],[-71.065516,42.352916],[-71.065463,42.35295],[-71.065463,42.352996],[-71.065408,42.353037],[-71.065408,42.353095],[-71.065442,42.353129],[-71.065375,42.353174],[-71.065373,42.35323],[-71.065321,42.353203],[-71.065238,42.353199],[-71.065243,42.353169],[-71.065182,42.353125],[-71.065133,42.353132],[-71.06512,42.353156],[-71.065183,42.353213],[-71.065162,42.353227],[-71.06506,42.353168],[-71.065018,42.353161],[-71.065,42.353117],[-71.064931,42.353055],[-71.064898,42.353001],[-71.064791,42.352933],[-71.064745,42.352926],[-71.06466,42.352952],[-71.064625,42.353015],[-71.064656,42.353073],[-71.064658,42.353148],[-71.064797,42.353261],[-71.064757,42.353275],[-71.064701,42.353248],[-71.064617,42.353248],[-71.064557,42.353292],[-71.064549,42.353323],[-71.064581,42.353381],[-71.06468,42.353444],[-71.064723,42.35345],[-71.064765,42.353444],[-71.064825,42.3534],[-71.064882,42.353394],[-71.064921,42.353366],[-71.064921,42.353325],[-71.064859,42.353275],[-71.064888,42.353264],[-71.064912,42.35326],[-71.06494,42.353301],[-71.065039,42.353364],[-71.06514,42.353356],[-71.065162,42.353379],[-71.065081,42.353409],[-71.065045,42.353473],[-71.064973,42.353429],[-71.064919,42.353429],[-71.06488,42.353458],[-71.06488,42.353498],[-71.064942,42.353549],[-71.064993,42.353564],[-71.065043,42.353549],[-71.065063,42.353517],[-71.06519,42.353607],[-71.065284,42.353607],[-71.065336,42.353574],[-71.065434,42.353644],[-71.065431,42.353682],[-71.065507,42.353738],[-71.065526,42.353787],[-71.065586,42.353825],[-71.065631,42.353825],[-71.065662,42.353802],[-71.065662,42.353769],[-71.065589,42.353716],[-71.065574,42.353663],[-71.065655,42.353601],[-71.065666,42.35356],[-71.065655,42.353518],[-71.065551,42.353432],[-71.065466,42.353403],[-71.065483,42.353355],[-71.065472,42.353313],[-71.065541,42.353332],[-71.065583,42.353326],[-71.065683,42.353269],[-71.065711,42.35322],[-71.065845,42.353324],[-71.065881,42.353329],[-71.065947,42.353309],[-71.065968,42.353286],[-71.065968,42.353233],[-71.065913,42.353186],[-71.066049,42.35315],[-71.066084,42.353088],[-71.066061,42.353038],[-71.066104,42.353002],[-71.066113,42.35297]],[[-71.065772,42.352938],[-71.065742,42.352958],[-71.065692,42.352938],[-71.06571,42.352918],[-71.065713,42.352876],[-71.065742,42.35288],[-71.065772,42.352938]],[[-71.06569,42.353131],[-71.065674,42.353164],[-71.065652,42.353148],[-71.065666,42.35312],[-71.06569,42.353131]]],[[[-71.066092,42.355005],[-71.066072,42.354969],[-71.066004,42.354925],[-71.06593,42.354936],[-71.06591,42.354972],[-71.06593,42.355008],[-71.065997,42.355051],[-71.066049,42.355051],[-71.066092,42.355005]]],[[[-71.066053,42.354085],[-71.065981,42.354032],[-71.065953,42.354041],[-71.065945,42.354071],[-71.065889,42.354045],[-71.065855,42.354056],[-71.06584,42.354081],[-71.065855,42.354106],[-71.065973,42.354181],[-71.065996,42.354165],[-71.065963,42.354134],[-71.065971,42.354094],[-71.066014,42.354113],[-71.066053,42.354085]]],[[[-71.065937,42.35452],[-71.065899,42.354452],[-71.065785,42.354379],[-71.065685,42.354379],[-71.065643,42.3544],[-71.065605,42.354468],[-71.065643,42.354536],[-71.065757,42.354608],[-71.065857,42.354608],[-71.065899,42.354588],[-71.065937,42.35452]]],[[[-71.065874,42.34807],[-71.065855,42.348036],[-71.06579,42.347994],[-71.065719,42.348004],[-71.0657,42.348038],[-71.065719,42.348072],[-71.065784,42.348114],[-71.065834,42.348114],[-71.065874,42.34807]]],[[[-71.06583,42.348209],[-71.065814,42.34818],[-71.065756,42.348142],[-71.065696,42.348151],[-71.06568,42.34818],[-71.065696,42.348209],[-71.065754,42.348246],[-71.065796,42.348246],[-71.06583,42.348209]]],[[[-71.065801,42.353966],[-71.065786,42.35394],[-71.065715,42.353903],[-71.065681,42.353914],[-71.06567,42.353953],[-71.06563,42.353965],[-71.065615,42.35399],[-71.06563,42.354015],[-71.065701,42.354053],[-71.065735,42.354042],[-71.065746,42.354003],[-71.065786,42.353991],[-71.065801,42.353966]]],[[[-71.06578,42.348476],[-71.065763,42.348445],[-71.065702,42.348406],[-71.065639,42.348415],[-71.065622,42.348446],[-71.065639,42.348477],[-71.065699,42.348515],[-71.065744,42.348515],[-71.06578,42.348476]]],[[[-71.065752,42.354893],[-71.065716,42.354828],[-71.065607,42.354759],[-71.065515,42.354759],[-71.065444,42.354711],[-71.065396,42.354711],[-71.065327,42.354655],[-71.065232,42.354615],[-71.065147,42.354627],[-71.065127,42.35459],[-71.065065,42.35455],[-71.065017,42.35455],[-71.064984,42.354575],[-71.064984,42.354609],[-71.06504,42.354655],[-71.065084,42.354668],[-71.065127,42.354655],[-71.06513,42.35469],[-71.065054,42.354729],[-71.065054,42.354773],[-71.065205,42.354876],[-71.06526,42.354876],[-71.065329,42.354917],[-71.065386,42.354917],[-71.065426,42.354887],[-71.065425,42.354831],[-71.065473,42.354907],[-71.065582,42.354977],[-71.065629,42.354984],[-71.065716,42.354957],[-71.065752,42.354893]],[[-71.065248,42.354765],[-71.065248,42.354765],[-71.065247,42.354764],[-71.065248,42.354765]]],[[[-71.065747,42.348306],[-71.06571,42.34828],[-71.065692,42.348293],[-71.065729,42.34832],[-71.065747,42.348306]]],[[[-71.065638,42.353894],[-71.065623,42.353866],[-71.065568,42.353831],[-71.065528,42.353831],[-71.0655,42.353851],[-71.065459,42.35383],[-71.065442,42.353786],[-71.065374,42.353742],[-71.065322,42.353742],[-71.065285,42.35377],[-71.065285,42.353808],[-71.0653,42.353825],[-71.065384,42.353871],[-71.065457,42.353933],[-71.065499,42.353933],[-71.065529,42.353911],[-71.065606,42.353929],[-71.065638,42.353894]]],[[[-71.065616,42.348969],[-71.06558,42.348944],[-71.065562,42.348957],[-71.065597,42.348983],[-71.065616,42.348969]]],[[[-71.06561,42.351239],[-71.06557,42.35121],[-71.065552,42.351223],[-71.065592,42.351252],[-71.06561,42.351239]]],[[[-71.065594,42.348347],[-71.065576,42.348314],[-71.065514,42.348274],[-71.065446,42.348284],[-71.065428,42.348316],[-71.065446,42.348348],[-71.065509,42.348389],[-71.065556,42.348389],[-71.065594,42.348347]]],[[[-71.065591,42.349259],[-71.065529,42.349203],[-71.065476,42.349211],[-71.065461,42.349236],[-71.065523,42.349292],[-71.065561,42.349292],[-71.065591,42.349259]]],[[[-71.06558,42.349106],[-71.065544,42.349081],[-71.065526,42.349094],[-71.065561,42.34912],[-71.06558,42.349106]]],[[[-71.065567,42.348123],[-71.06553,42.348097],[-71.065512,42.34811],[-71.065549,42.348137],[-71.065567,42.348123]]],[[[-71.065509,42.348465],[-71.06546,42.348429],[-71.065437,42.348446],[-71.065486,42.348481],[-71.065509,42.348465]]],[[[-71.065465,42.348813],[-71.065403,42.348757],[-71.06535,42.348765],[-71.065335,42.34879],[-71.065397,42.348846],[-71.065435,42.348846],[-71.065465,42.348813]]],[[[-71.065427,42.348963],[-71.065374,42.348916],[-71.065327,42.34893],[-71.065327,42.34895],[-71.065378,42.348987],[-71.065405,42.348987],[-71.065427,42.348963]]],[[[-71.065424,42.354002],[-71.065405,42.353968],[-71.065329,42.353924],[-71.065311,42.35389],[-71.065269,42.35386],[-71.065201,42.35385],[-71.065168,42.353875],[-71.065168,42.353909],[-71.065313,42.354035],[-71.065384,42.354046],[-71.065424,42.354002]]],[[[-71.065416,42.349097],[-71.065349,42.349037],[-71.065296,42.349045],[-71.065281,42.34907],[-71.065348,42.34913],[-71.065386,42.34913],[-71.065416,42.349097]]],[[[-71.065388,42.351225],[-71.06535,42.351197],[-71.065332,42.35121],[-71.06537,42.351238],[-71.065388,42.351225]]],[[[-71.065354,42.353084],[-71.065334,42.353048],[-71.065288,42.353015],[-71.065307,42.352992],[-71.065295,42.352971],[-71.065179,42.352913],[-71.065212,42.352892],[-71.065203,42.352855],[-71.065241,42.352831],[-71.065241,42.352798],[-71.065168,42.352745],[-71.065105,42.352754],[-71.065088,42.352785],[-71.065105,42.352816],[-71.065081,42.352852],[-71.065094,42.352876],[-71.065032,42.352908],[-71.065032,42.352948],[-71.065117,42.35301],[-71.065172,42.35301],[-71.065206,42.352987],[-71.065227,42.353003],[-71.065192,42.353015],[-71.065172,42.353051],[-71.065192,42.353087],[-71.065259,42.35313],[-71.065311,42.35313],[-71.065354,42.353084]]],[[[-71.06529,42.354094],[-71.065273,42.354063],[-71.065121,42.353947],[-71.065071,42.353947],[-71.065036,42.353973],[-71.06505,42.354025],[-71.065133,42.35407],[-71.065209,42.354133],[-71.065254,42.354133],[-71.06529,42.354094]]],[[[-71.065287,42.351223],[-71.06525,42.351197],[-71.065232,42.35121],[-71.065269,42.351237],[-71.065287,42.351223]]],[[[-71.065203,42.35074],[-71.065168,42.350706],[-71.065126,42.350713],[-71.065159,42.350753],[-71.065187,42.350757],[-71.065203,42.35074]]],[[[-71.065178,42.350804],[-71.065143,42.35077],[-71.065101,42.350777],[-71.065134,42.350817],[-71.065162,42.350821],[-71.065178,42.350804]]],[[[-71.065167,42.352623],[-71.065139,42.352572],[-71.065049,42.352515],[-71.064975,42.352515],[-71.064943,42.35253],[-71.064915,42.352581],[-71.064943,42.352632],[-71.065033,42.352689],[-71.065107,42.352689],[-71.065139,42.352674],[-71.065167,42.352623]]],[[[-71.065154,42.350871],[-71.06511,42.350839],[-71.065091,42.350853],[-71.065134,42.350885],[-71.065154,42.350871]]],[[[-71.065141,42.354209],[-71.065124,42.354178],[-71.065063,42.354139],[-71.065,42.354148],[-71.064983,42.354179],[-71.065,42.35421],[-71.06506,42.354248],[-71.065105,42.354248],[-71.065141,42.354209]]],[[[-71.065109,42.354489],[-71.065091,42.354456],[-71.065029,42.354416],[-71.064961,42.354426],[-71.064899,42.354414],[-71.064842,42.354432],[-71.064756,42.354384],[-71.064804,42.354355],[-71.064804,42.354316],[-71.064744,42.354267],[-71.064696,42.354253],[-71.064648,42.354267],[-71.064628,42.354303],[-71.064648,42.354339],[-71.064693,42.354371],[-71.064662,42.354375],[-71.064616,42.354356],[-71.064571,42.354378],[-71.064616,42.354497],[-71.064548,42.354444],[-71.064507,42.354432],[-71.064466,42.354444],[-71.064449,42.354475],[-71.064466,42.354506],[-71.064595,42.354597],[-71.064636,42.35461],[-71.064678,42.354597],[-71.064691,42.354552],[-71.064761,42.354573],[-71.064802,42.354567],[-71.064857,42.354527],[-71.064919,42.354566],[-71.064981,42.354566],[-71.065025,42.354534],[-71.065091,42.354521],[-71.065109,42.354489]]],[[[-71.065051,42.354701],[-71.065024,42.354653],[-71.06494,42.354599],[-71.06487,42.354599],[-71.064841,42.354613],[-71.064814,42.354661],[-71.064841,42.354709],[-71.064913,42.354756],[-71.064877,42.354779],[-71.064877,42.354811],[-71.064947,42.354861],[-71.064989,42.354861],[-71.065019,42.354839],[-71.065019,42.354808],[-71.064968,42.354767],[-71.065024,42.354748],[-71.065051,42.354701]]],[[[-71.064993,42.354322],[-71.064978,42.354294],[-71.064923,42.354259],[-71.064866,42.354267],[-71.064851,42.354294],[-71.064866,42.354321],[-71.064922,42.354357],[-71.064961,42.354357],[-71.064993,42.354322]]],[[[-71.064986,42.353997],[-71.064962,42.353954],[-71.064885,42.353905],[-71.064823,42.353905],[-71.064737,42.353847],[-71.064668,42.353852],[-71.064588,42.3538],[-71.064513,42.353806],[-71.064467,42.353779],[-71.064527,42.353672],[-71.064508,42.353638],[-71.064418,42.353592],[-71.064358,42.353622],[-71.064358,42.353658],[-71.064319,42.35371],[-71.064332,42.353737],[-71.064296,42.353748],[-71.06428,42.353777],[-71.064318,42.353821],[-71.064276,42.353837],[-71.064252,42.353881],[-71.064244,42.353968],[-71.064313,42.354024],[-71.064238,42.354041],[-71.064214,42.354083],[-71.064238,42.354125],[-71.064315,42.354175],[-71.064377,42.354175],[-71.064421,42.354143],[-71.064512,42.35422],[-71.064588,42.354243],[-71.064629,42.354237],[-71.064687,42.354194],[-71.064695,42.354164],[-71.064664,42.354108],[-71.064567,42.354046],[-71.064526,42.35404],[-71.06445,42.354063],[-71.064423,42.354104],[-71.064352,42.354041],[-71.064427,42.354024],[-71.064472,42.353923],[-71.064526,42.353916],[-71.064544,42.353929],[-71.064526,42.353966],[-71.064533,42.353991],[-71.064606,42.35405],[-71.064771,42.354088],[-71.064821,42.354073],[-71.064842,42.354036],[-71.064874,42.354052],[-71.064936,42.354052],[-71.064962,42.354039],[-71.064986,42.353997]]],[[[-71.064972,42.35503],[-71.064941,42.354975],[-71.064847,42.354915],[-71.064767,42.354915],[-71.064734,42.354932],[-71.064703,42.354986],[-71.064734,42.35504],[-71.064828,42.355101],[-71.064908,42.355101],[-71.064941,42.355084],[-71.064972,42.35503]]],[[[-71.064964,42.351325],[-71.064926,42.351297],[-71.064908,42.35131],[-71.064946,42.351338],[-71.064964,42.351325]]],[[[-71.064952,42.354197],[-71.064885,42.354137],[-71.064832,42.354145],[-71.064817,42.35417],[-71.064884,42.35423],[-71.064922,42.35423],[-71.064952,42.354197]]],[[[-71.064876,42.348469],[-71.064839,42.348443],[-71.064821,42.348456],[-71.064858,42.348483],[-71.064876,42.348469]]],[[[-71.064791,42.353579],[-71.064762,42.353526],[-71.06467,42.353467],[-71.064592,42.353467],[-71.06456,42.353483],[-71.06453,42.353536],[-71.06456,42.353589],[-71.064652,42.353647],[-71.064729,42.353647],[-71.064762,42.353631],[-71.064791,42.353579]]],[[[-71.064758,42.35481],[-71.064721,42.354784],[-71.064703,42.354797],[-71.06474,42.354824],[-71.064758,42.35481]]],[[[-71.064643,42.351839],[-71.064606,42.351813],[-71.064588,42.351826],[-71.064625,42.351853],[-71.064643,42.351839]]],[[[-71.06464,42.348438],[-71.064603,42.348412],[-71.064585,42.348425],[-71.064622,42.348452],[-71.06464,42.348438]]],[[[-71.064589,42.352122],[-71.064545,42.35209],[-71.064526,42.352104],[-71.064569,42.352136],[-71.064589,42.352122]]],[[[-71.064588,42.35207],[-71.06455,42.352042],[-71.064532,42.352055],[-71.06457,42.352083],[-71.064588,42.35207]]],[[[-71.064584,42.354649],[-71.064569,42.354621],[-71.064426,42.354522],[-71.064382,42.354522],[-71.06435,42.354545],[-71.064363,42.354593],[-71.064513,42.354684],[-71.064552,42.354684],[-71.064584,42.354649]]],[[[-71.064567,42.352173],[-71.06453,42.352147],[-71.064512,42.35216],[-71.064549,42.352187],[-71.064567,42.352173]]],[[[-71.064495,42.354724],[-71.064479,42.354695],[-71.064336,42.3546],[-71.064296,42.3546],[-71.064268,42.35462],[-71.064279,42.354662],[-71.064419,42.354761],[-71.064461,42.354761],[-71.064495,42.354724]]],[[[-71.064482,42.354336],[-71.064471,42.354294],[-71.064439,42.354259],[-71.064207,42.354121],[-71.064125,42.354133],[-71.064103,42.354172],[-71.064142,42.354223],[-71.064088,42.354236],[-71.064069,42.35427],[-71.064088,42.354304],[-71.06428,42.354435],[-71.064392,42.354435],[-71.064439,42.354412],[-71.064471,42.354377],[-71.064482,42.354336]]],[[[-71.064455,42.348412],[-71.064418,42.348386],[-71.0644,42.348399],[-71.064437,42.348426],[-71.064455,42.348412]]],[[[-71.064421,42.354815],[-71.0644,42.354777],[-71.064233,42.354675],[-71.064191,42.354675],[-71.064161,42.354697],[-71.064173,42.354742],[-71.064322,42.354863],[-71.064377,42.354863],[-71.064421,42.354815]]],[[[-71.064257,42.350938],[-71.06422,42.350912],[-71.064202,42.350925],[-71.064239,42.350952],[-71.064257,42.350938]]],[[[-71.064256,42.354575],[-71.064245,42.354533],[-71.06416,42.35446],[-71.064168,42.354436],[-71.064144,42.354393],[-71.064036,42.354339],[-71.063961,42.354376],[-71.063968,42.35443],[-71.063903,42.354482],[-71.063892,42.354523],[-71.063903,42.354564],[-71.063935,42.354599],[-71.064054,42.354674],[-71.06411,42.354683],[-71.064213,42.354651],[-71.064245,42.354616],[-71.064256,42.354575]]],[[[-71.064235,42.348739],[-71.064186,42.348703],[-71.064163,42.34872],[-71.064212,42.348755],[-71.064235,42.348739]]],[[[-71.064191,42.348857],[-71.06415,42.348827],[-71.064132,42.34884],[-71.064173,42.34887],[-71.064191,42.348857]]],[[[-71.064167,42.350927],[-71.06413,42.350901],[-71.064112,42.350914],[-71.064149,42.350941],[-71.064167,42.350927]]],[[[-71.064112,42.350936],[-71.064062,42.350892],[-71.06402,42.350905],[-71.06402,42.350923],[-71.064068,42.350958],[-71.064092,42.350958],[-71.064112,42.350936]]],[[[-71.064111,42.353317],[-71.06407,42.353287],[-71.064052,42.3533],[-71.064093,42.35333],[-71.064111,42.353317]]],[[[-71.064074,42.353408],[-71.06403,42.353376],[-71.064011,42.35339],[-71.064054,42.353422],[-71.064074,42.353408]]],[[[-71.064036,42.3533],[-71.063995,42.35327],[-71.063977,42.353283],[-71.064018,42.353313],[-71.064036,42.3533]]],[[[-71.064021,42.353777],[-71.06398,42.353747],[-71.063962,42.35376],[-71.064003,42.35379],[-71.064021,42.353777]]],[[[-71.064015,42.354745],[-71.06399,42.354701],[-71.063938,42.354663],[-71.063878,42.354645],[-71.063818,42.354663],[-71.0638,42.354683],[-71.063799,42.354727],[-71.063772,42.354739],[-71.063749,42.35478],[-71.063772,42.354821],[-71.063877,42.354873],[-71.063932,42.354856],[-71.063951,42.354804],[-71.06399,42.354789],[-71.064015,42.354745]]],[[[-71.064009,42.353404],[-71.063965,42.353372],[-71.06391,42.353361],[-71.063892,42.353374],[-71.063933,42.353404],[-71.063989,42.353418],[-71.064009,42.353404]]],[[[-71.064006,42.350927],[-71.063949,42.350876],[-71.063906,42.350883],[-71.063895,42.350903],[-71.063952,42.350953],[-71.063982,42.350953],[-71.064006,42.350927]]],[[[-71.063969,42.353287],[-71.06392,42.353251],[-71.063897,42.353268],[-71.063946,42.353303],[-71.063969,42.353287]]],[[[-71.063953,42.353989],[-71.063902,42.353945],[-71.06386,42.353958],[-71.06386,42.353976],[-71.063908,42.354011],[-71.063932,42.354011],[-71.063953,42.353989]]],[[[-71.06394,42.348693],[-71.063896,42.348661],[-71.063877,42.348675],[-71.06392,42.348707],[-71.06394,42.348693]]],[[[-71.063919,42.348762],[-71.06387,42.348726],[-71.063847,42.348743],[-71.063896,42.348778],[-71.063919,42.348762]]],[[[-71.063904,42.348888],[-71.06386,42.348856],[-71.063841,42.34887],[-71.063884,42.348902],[-71.063904,42.348888]]],[[[-71.063892,42.348806],[-71.063855,42.34878],[-71.063837,42.348793],[-71.063874,42.34882],[-71.063892,42.348806]]],[[[-71.063843,42.35414],[-71.063808,42.354106],[-71.063766,42.354113],[-71.063799,42.354153],[-71.063827,42.354157],[-71.063843,42.35414]]],[[[-71.06384,42.349161],[-71.063803,42.349135],[-71.063785,42.349148],[-71.063822,42.349175],[-71.06384,42.349161]]],[[[-71.063827,42.34844],[-71.06379,42.348414],[-71.063772,42.348427],[-71.063809,42.348454],[-71.063827,42.34844]]],[[[-71.063787,42.349306],[-71.06375,42.34928],[-71.063732,42.349293],[-71.063769,42.34932],[-71.063787,42.349306]]],[[[-71.063774,42.349348],[-71.063737,42.349322],[-71.063719,42.349335],[-71.063756,42.349362],[-71.063774,42.349348]]],[[[-71.063737,42.350905],[-71.063687,42.350861],[-71.063645,42.350874],[-71.063645,42.350892],[-71.063693,42.350927],[-71.063717,42.350927],[-71.063737,42.350905]]],[[[-71.063737,42.348423],[-71.0637,42.348397],[-71.063682,42.34841],[-71.063719,42.348437],[-71.063737,42.348423]]],[[[-71.063714,42.349778],[-71.06367,42.349746],[-71.063651,42.34976],[-71.063694,42.349792],[-71.063714,42.349778]]],[[[-71.063655,42.349871],[-71.063614,42.349841],[-71.063596,42.349854],[-71.063637,42.349884],[-71.063655,42.349871]]],[[[-71.063639,42.350895],[-71.06359,42.350859],[-71.063568,42.350873],[-71.06352,42.350845],[-71.063496,42.350857],[-71.063496,42.350871],[-71.063547,42.350903],[-71.063571,42.350891],[-71.063616,42.350911],[-71.063639,42.350895]]],[[[-71.063604,42.349968],[-71.06356,42.349936],[-71.063541,42.34995],[-71.063584,42.349982],[-71.063604,42.349968]]],[[[-71.063601,42.354723],[-71.063539,42.354667],[-71.063486,42.354675],[-71.063471,42.3547],[-71.063533,42.354756],[-71.063571,42.354756],[-71.063601,42.354723]]],[[[-71.063571,42.350017],[-71.06353,42.349987],[-71.063512,42.35],[-71.063553,42.35003],[-71.063571,42.350017]]],[[[-71.063541,42.354823],[-71.063479,42.354767],[-71.063426,42.354775],[-71.063411,42.3548],[-71.063473,42.354856],[-71.063511,42.354856],[-71.063541,42.354823]]],[[[-71.063481,42.350435],[-71.06344,42.350405],[-71.063422,42.350418],[-71.063463,42.350448],[-71.063481,42.350435]]],[[[-71.06348,42.350196],[-71.06344,42.350167],[-71.063422,42.35018],[-71.063462,42.350209],[-71.06348,42.350196]]],[[[-71.063456,42.350503],[-71.063416,42.350474],[-71.063398,42.350487],[-71.063438,42.350516],[-71.063456,42.350503]]],[[[-71.06345,42.350262],[-71.06341,42.350233],[-71.063392,42.350246],[-71.063432,42.350275],[-71.06345,42.350262]]],[[[-71.063425,42.350296],[-71.063385,42.350267],[-71.063367,42.35028],[-71.063407,42.350309],[-71.063425,42.350296]]],[[[-71.063423,42.350565],[-71.063385,42.350537],[-71.063367,42.35055],[-71.063405,42.350578],[-71.063423,42.350565]]],[[[-71.063413,42.350846],[-71.063378,42.350812],[-71.063336,42.350819],[-71.063369,42.350859],[-71.063397,42.350863],[-71.063413,42.350846]]],[[[-71.063412,42.350786],[-71.063365,42.350745],[-71.063325,42.350765],[-71.063371,42.350805],[-71.063412,42.350786]]],[[[-71.063394,42.350722],[-71.06335,42.35069],[-71.063331,42.350704],[-71.063374,42.350736],[-71.063394,42.350722]]],[[[-71.063388,42.350625],[-71.06335,42.350597],[-71.063332,42.35061],[-71.06337,42.350638],[-71.063388,42.350625]]],[[[-71.063348,42.350455],[-71.06331,42.350427],[-71.063292,42.35044],[-71.06333,42.350468],[-71.063348,42.350455]]],[[[-71.06332,42.350499],[-71.06328,42.35047],[-71.063262,42.350483],[-71.063302,42.350512],[-71.06332,42.350499]]],[[[-71.063295,42.350552],[-71.063255,42.350523],[-71.063237,42.350536],[-71.063277,42.350565],[-71.063295,42.350552]]],[[[-71.063271,42.350599],[-71.06323,42.350569],[-71.063212,42.350582],[-71.063253,42.350612],[-71.063271,42.350599]]],[[[-71.063251,42.350647],[-71.06321,42.350617],[-71.063192,42.35063],[-71.063233,42.35066],[-71.063251,42.350647]]],[[[-71.063216,42.350689],[-71.06318,42.350664],[-71.063162,42.350677],[-71.063197,42.350703],[-71.063216,42.350689]]],[[[-71.0632,42.350743],[-71.06316,42.350714],[-71.063142,42.350727],[-71.063182,42.350756],[-71.0632,42.350743]]],[[[-71.063174,42.350783],[-71.06313,42.350751],[-71.063111,42.350765],[-71.063154,42.350797],[-71.063174,42.350783]]],[[[-71.063164,42.352253],[-71.063126,42.352225],[-71.063108,42.352238],[-71.063146,42.352266],[-71.063164,42.352253]]],[[[-71.063103,42.352265],[-71.063065,42.352237],[-71.063047,42.35225],[-71.063085,42.352278],[-71.063103,42.352265]]],[[[-71.063003,42.352268],[-71.062965,42.35224],[-71.062947,42.352253],[-71.062985,42.352281],[-71.063003,42.352268]]],[[[-71.062944,42.352236],[-71.062904,42.352207],[-71.062886,42.35222],[-71.062926,42.352249],[-71.062944,42.352236]]],[[[-71.062868,42.35223],[-71.06283,42.352202],[-71.062812,42.352215],[-71.06285,42.352243],[-71.062868,42.35223]]],[[[-71.062854,42.35332],[-71.06281,42.353288],[-71.062791,42.353302],[-71.062834,42.353334],[-71.062854,42.35332]]],[[[-71.062854,42.353232],[-71.06281,42.3532],[-71.062791,42.353214],[-71.062834,42.353246],[-71.062854,42.353232]]],[[[-71.062789,42.353325],[-71.06274,42.353289],[-71.062717,42.353306],[-71.062766,42.353341],[-71.062789,42.353325]]],[[[-71.062788,42.353225],[-71.062744,42.353193],[-71.062725,42.353207],[-71.062768,42.353239],[-71.062788,42.353225]]],[[[-71.062588,42.348375],[-71.062541,42.348334],[-71.062501,42.348354],[-71.062547,42.348394],[-71.062588,42.348375]]],[[[-71.06253,42.349398],[-71.06247,42.349344],[-71.062426,42.34935],[-71.062366,42.349294],[-71.062311,42.349311],[-71.062311,42.349335],[-71.062354,42.34937],[-71.062412,42.34937],[-71.062472,42.349426],[-71.062504,42.349426],[-71.06253,42.349398]]],[[[-71.062489,42.348576],[-71.06244,42.34854],[-71.062417,42.348557],[-71.062466,42.348592],[-71.062489,42.348576]]],[[[-71.062442,42.348397],[-71.062385,42.348346],[-71.062342,42.348353],[-71.062331,42.348373],[-71.062388,42.348423],[-71.062418,42.348423],[-71.062442,42.348397]]],[[[-71.062064,42.35377],[-71.06202,42.353738],[-71.062001,42.353752],[-71.062044,42.353784],[-71.062064,42.35377]]],[[[-71.062025,42.349319],[-71.061988,42.349293],[-71.06197,42.349306],[-71.062007,42.349333],[-71.062025,42.349319]]],[[[-71.062007,42.353873],[-71.06197,42.353847],[-71.061952,42.35386],[-71.061989,42.353887],[-71.062007,42.353873]]],[[[-71.061973,42.349571],[-71.061911,42.349515],[-71.061858,42.349523],[-71.061843,42.349548],[-71.061905,42.349604],[-71.061943,42.349604],[-71.061973,42.349571]]],[[[-71.06197,42.349451],[-71.061933,42.349425],[-71.061915,42.349438],[-71.061952,42.349465],[-71.06197,42.349451]]],[[[-71.061949,42.353718],[-71.061905,42.353686],[-71.061886,42.3537],[-71.061929,42.353732],[-71.061949,42.353718]]],[[[-71.061947,42.349893],[-71.06191,42.349867],[-71.061892,42.34988],[-71.061929,42.349907],[-71.061947,42.349893]]],[[[-71.061934,42.353843],[-71.06189,42.353811],[-71.061871,42.353825],[-71.061914,42.353857],[-71.061934,42.353843]]],[[[-71.061917,42.349939],[-71.06188,42.349913],[-71.061862,42.349926],[-71.061899,42.349953],[-71.061917,42.349939]]],[[[-71.061911,42.350013],[-71.061874,42.349987],[-71.061856,42.35],[-71.061893,42.350027],[-71.061911,42.350013]]],[[[-71.061887,42.350057],[-71.06185,42.350031],[-71.061832,42.350044],[-71.061869,42.350071],[-71.061887,42.350057]]],[[[-71.061887,42.348338],[-71.061823,42.348281],[-71.061774,42.348288],[-71.061761,42.348312],[-71.061824,42.348369],[-71.061859,42.348369],[-71.061887,42.348338]]],[[[-71.061857,42.350093],[-71.06182,42.350067],[-71.061802,42.35008],[-71.061839,42.350107],[-71.061857,42.350093]]],[[[-71.06185,42.353671],[-71.061806,42.353639],[-71.061787,42.353653],[-71.06183,42.353685],[-71.06185,42.353671]]],[[[-71.061847,42.353796],[-71.06181,42.35377],[-71.061792,42.353783],[-71.061829,42.35381],[-71.061847,42.353796]]],[[[-71.061842,42.350167],[-71.061806,42.350142],[-71.061788,42.350155],[-71.061823,42.350181],[-71.061842,42.350167]]],[[[-71.061822,42.350316],[-71.061778,42.350272],[-71.061735,42.350265],[-71.061711,42.350292],[-71.061722,42.350312],[-71.061688,42.350322],[-71.061675,42.350346],[-71.061724,42.350395],[-71.061773,42.350403],[-71.061798,42.350384],[-71.061788,42.350348],[-71.061822,42.350316]]],[[[-71.061817,42.350213],[-71.06178,42.350187],[-71.061762,42.3502],[-71.061799,42.350227],[-71.061817,42.350213]]],[[[-71.061798,42.349689],[-71.061736,42.349633],[-71.061683,42.349641],[-71.061668,42.349666],[-71.06173,42.349722],[-71.061768,42.349722],[-71.061798,42.349689]]],[[[-71.061791,42.35363],[-71.061729,42.353574],[-71.061676,42.353582],[-71.061661,42.353607],[-71.061723,42.353663],[-71.061761,42.353663],[-71.061791,42.35363]]],[[[-71.061789,42.348434],[-71.061752,42.348408],[-71.061734,42.348421],[-71.061771,42.348448],[-71.061789,42.348434]]],[[[-71.061766,42.353751],[-71.061729,42.353725],[-71.061711,42.353738],[-71.061748,42.353765],[-71.061766,42.353751]]],[[[-71.061726,42.348673],[-71.061666,42.348619],[-71.06162,42.348626],[-71.061608,42.348648],[-71.061668,42.348701],[-71.0617,42.348701],[-71.061726,42.348673]]],[[[-71.061685,42.348326],[-71.061669,42.348297],[-71.061611,42.348259],[-71.061551,42.348268],[-71.061535,42.348297],[-71.061551,42.348326],[-71.061609,42.348363],[-71.061651,42.348363],[-71.061685,42.348326]]],[[[-71.06165,42.353566],[-71.06161,42.353537],[-71.061592,42.35355],[-71.061632,42.353579],[-71.06165,42.353566]]],[[[-71.061629,42.34885],[-71.061592,42.348824],[-71.061574,42.348837],[-71.061611,42.348864],[-71.061629,42.34885]]],[[[-71.061627,42.348513],[-71.06159,42.348487],[-71.061572,42.3485],[-71.061609,42.348527],[-71.061627,42.348513]]],[[[-71.061619,42.3482],[-71.061579,42.348171],[-71.061561,42.348184],[-71.061601,42.348213],[-71.061619,42.3482]]],[[[-71.061601,42.348696],[-71.061537,42.348639],[-71.061488,42.348646],[-71.061475,42.34867],[-71.061538,42.348727],[-71.061573,42.348727],[-71.061601,42.348696]]],[[[-71.06158,42.349591],[-71.061533,42.349543],[-71.061467,42.349532],[-71.06142,42.349501],[-71.061382,42.349501],[-71.061356,42.34952],[-71.061356,42.349548],[-71.061399,42.349582],[-71.061465,42.349593],[-71.061512,42.349624],[-71.06155,42.349624],[-71.06158,42.349591]]],[[[-71.061536,42.348879],[-71.061476,42.348825],[-71.06143,42.348832],[-71.061418,42.348854],[-71.061478,42.348907],[-71.06151,42.348907],[-71.061536,42.348879]]],[[[-71.061519,42.350969],[-71.06147,42.350933],[-71.061447,42.35095],[-71.061496,42.350985],[-71.061519,42.350969]]],[[[-71.061514,42.348181],[-71.061496,42.348148],[-71.061434,42.348108],[-71.061366,42.348118],[-71.061348,42.34815],[-71.061366,42.348182],[-71.061429,42.348223],[-71.061476,42.348223],[-71.061514,42.348181]]],[[[-71.061482,42.34827],[-71.061432,42.348226],[-71.06139,42.348239],[-71.06139,42.348257],[-71.061438,42.348292],[-71.061462,42.348292],[-71.061482,42.34827]]],[[[-71.06146,42.349271],[-71.06142,42.349242],[-71.061402,42.349255],[-71.061442,42.349284],[-71.06146,42.349271]]],[[[-71.061437,42.351135],[-71.0614,42.351109],[-71.061382,42.351122],[-71.061419,42.351149],[-71.061437,42.351135]]],[[[-71.061424,42.34907],[-71.06138,42.349038],[-71.061361,42.349052],[-71.061404,42.349084],[-71.061424,42.34907]]],[[[-71.061416,42.351193],[-71.061379,42.351167],[-71.061361,42.35118],[-71.061398,42.351207],[-71.061416,42.351193]]],[[[-71.06139,42.351253],[-71.061353,42.351227],[-71.061335,42.35124],[-71.061372,42.351267],[-71.06139,42.351253]]],[[[-71.061387,42.349443],[-71.06135,42.349417],[-71.061332,42.34943],[-71.061369,42.349457],[-71.061387,42.349443]]],[[[-71.061378,42.349249],[-71.061331,42.349208],[-71.061291,42.349228],[-71.061337,42.349268],[-71.061378,42.349249]]],[[[-71.061371,42.351302],[-71.061334,42.351276],[-71.061316,42.351289],[-71.061353,42.351316],[-71.061371,42.351302]]],[[[-71.061302,42.349645],[-71.061264,42.349617],[-71.061246,42.34963],[-71.061284,42.349658],[-71.061302,42.349645]]],[[[-71.061281,42.349693],[-71.061243,42.349665],[-71.061225,42.349678],[-71.061263,42.349706],[-71.061281,42.349693]]],[[[-71.061263,42.353383],[-71.061226,42.353357],[-71.061208,42.35337],[-71.061245,42.353397],[-71.061263,42.353383]]],[[[-71.061257,42.354787],[-71.06122,42.354761],[-71.061202,42.354774],[-71.061239,42.354801],[-71.061257,42.354787]]],[[[-71.061256,42.349855],[-71.061196,42.349801],[-71.06115,42.349808],[-71.061138,42.34983],[-71.061198,42.349883],[-71.06123,42.349883],[-71.061256,42.349855]]],[[[-71.061207,42.354929],[-71.06117,42.354903],[-71.061152,42.354916],[-71.061189,42.354943],[-71.061207,42.354929]]],[[[-71.061207,42.353357],[-71.061133,42.35331],[-71.061102,42.35332],[-71.061176,42.353367],[-71.061207,42.353357]]],[[[-71.061194,42.350058],[-71.061179,42.35003],[-71.061124,42.349995],[-71.061067,42.350003],[-71.061052,42.35003],[-71.061067,42.350057],[-71.061123,42.350093],[-71.061162,42.350093],[-71.061194,42.350058]]],[[[-71.06107,42.34863],[-71.061055,42.348602],[-71.061,42.348567],[-71.060943,42.348575],[-71.060928,42.348602],[-71.060943,42.348629],[-71.060999,42.348665],[-71.061038,42.348665],[-71.06107,42.34863]]],[[[-71.06107,42.353291],[-71.06103,42.353262],[-71.061012,42.353275],[-71.061052,42.353304],[-71.06107,42.353291]]],[[[-71.061057,42.348503],[-71.06102,42.348477],[-71.061002,42.34849],[-71.061039,42.348517],[-71.061057,42.348503]]],[[[-71.061045,42.348746],[-71.061029,42.348717],[-71.060971,42.348679],[-71.060911,42.348688],[-71.060895,42.348717],[-71.060911,42.348746],[-71.060969,42.348783],[-71.061011,42.348783],[-71.061045,42.348746]]],[[[-71.061007,42.353376],[-71.06097,42.35335],[-71.060952,42.353363],[-71.060989,42.35339],[-71.061007,42.353376]]],[[[-71.060976,42.348852],[-71.060916,42.348798],[-71.06087,42.348805],[-71.060858,42.348827],[-71.060918,42.34888],[-71.06095,42.34888],[-71.060976,42.348852]]],[[[-71.060957,42.353233],[-71.06092,42.353207],[-71.060902,42.35322],[-71.060939,42.353247],[-71.060957,42.353233]]],[[[-71.060943,42.353345],[-71.060905,42.353317],[-71.060887,42.35333],[-71.060925,42.353358],[-71.060943,42.353345]]],[[[-71.060894,42.349208],[-71.060873,42.34917],[-71.060803,42.349125],[-71.060725,42.349137],[-71.060705,42.349174],[-71.060725,42.349211],[-71.060795,42.349256],[-71.06085,42.349256],[-71.060894,42.349208]]],[[[-71.060881,42.353315],[-71.060844,42.353289],[-71.060826,42.353302],[-71.060863,42.353329],[-71.060881,42.353315]]],[[[-71.060765,42.349413],[-71.060703,42.349357],[-71.06065,42.349365],[-71.060635,42.34939],[-71.060697,42.349446],[-71.060735,42.349446],[-71.060765,42.349413]]],[[[-71.060732,42.349533],[-71.060665,42.349473],[-71.060612,42.349481],[-71.060597,42.349506],[-71.060664,42.349566],[-71.060702,42.349566],[-71.060732,42.349533]]],[[[-71.060647,42.349273],[-71.06061,42.349247],[-71.060592,42.34926],[-71.060629,42.349287],[-71.060647,42.349273]]],[[[-71.060646,42.349697],[-71.060579,42.349637],[-71.060526,42.349645],[-71.060511,42.34967],[-71.060578,42.34973],[-71.060616,42.34973],[-71.060646,42.349697]]],[[[-71.060627,42.349313],[-71.06059,42.349287],[-71.060572,42.3493],[-71.060609,42.349327],[-71.060627,42.349313]]],[[[-71.06062,42.34982],[-71.060605,42.349792],[-71.06055,42.349757],[-71.060493,42.349765],[-71.060478,42.349792],[-71.060493,42.349819],[-71.060549,42.349855],[-71.060588,42.349855],[-71.06062,42.34982]]],[[[-71.060617,42.353053],[-71.06058,42.353027],[-71.060562,42.35304],[-71.060599,42.353067],[-71.060617,42.353053]]],[[[-71.060607,42.349355],[-71.06057,42.349329],[-71.060552,42.349342],[-71.060589,42.349369],[-71.060607,42.349355]]],[[[-71.060577,42.34942],[-71.06054,42.349394],[-71.060522,42.349407],[-71.060559,42.349434],[-71.060577,42.34942]]],[[[-71.060568,42.349468],[-71.06053,42.34944],[-71.060512,42.349453],[-71.06055,42.349481],[-71.060568,42.349468]]],[[[-71.060558,42.349518],[-71.06052,42.34949],[-71.060502,42.349503],[-71.06054,42.349531],[-71.060558,42.349518]]],[[[-71.060537,42.35301],[-71.060463,42.352964],[-71.060432,42.352974],[-71.060506,42.35302],[-71.060537,42.35301]]],[[[-71.060528,42.353298],[-71.06049,42.35327],[-71.060472,42.353283],[-71.06051,42.353311],[-71.060528,42.353298]]],[[[-71.060523,42.353163],[-71.060486,42.353137],[-71.060468,42.35315],[-71.060505,42.353177],[-71.060523,42.353163]]],[[[-71.060523,42.349613],[-71.060486,42.349587],[-71.060468,42.3496],[-71.060505,42.349627],[-71.060523,42.349613]]],[[[-71.060523,42.349569],[-71.060486,42.349543],[-71.060468,42.349556],[-71.060505,42.349583],[-71.060523,42.349569]]],[[[-71.060507,42.349653],[-71.06047,42.349627],[-71.060452,42.34964],[-71.060489,42.349667],[-71.060507,42.349653]]],[[[-71.060452,42.353429],[-71.060436,42.353388],[-71.0604,42.353367],[-71.060352,42.353385],[-71.060341,42.353405],[-71.060398,42.353455],[-71.060428,42.353455],[-71.060452,42.353429]]],[[[-71.060447,42.353113],[-71.06041,42.353087],[-71.060392,42.3531],[-71.060429,42.353127],[-71.060447,42.353113]]],[[[-71.060408,42.349899],[-71.06037,42.349871],[-71.060352,42.349884],[-71.06039,42.349912],[-71.060408,42.349899]]],[[[-71.060393,42.353083],[-71.060356,42.353057],[-71.060338,42.35307],[-71.060375,42.353097],[-71.060393,42.353083]]],[[[-71.060377,42.35346],[-71.06034,42.353434],[-71.060322,42.353447],[-71.060359,42.353474],[-71.060377,42.35346]]],[[[-71.060346,42.350173],[-71.060307,42.35013],[-71.060316,42.350113],[-71.06028,42.350092],[-71.060216,42.35015],[-71.060278,42.350206],[-71.060316,42.350206],[-71.060346,42.350173]]],[[[-71.060337,42.35005],[-71.0603,42.350024],[-71.060282,42.350037],[-71.060319,42.350064],[-71.060337,42.35005]]],[[[-71.060207,42.349494],[-71.06015,42.349443],[-71.060107,42.34945],[-71.060096,42.34947],[-71.060153,42.34952],[-71.060183,42.34952],[-71.060207,42.349494]]],[[[-71.060177,42.352975],[-71.06014,42.352949],[-71.060122,42.352962],[-71.060159,42.352989],[-71.060177,42.352975]]],[[[-71.060148,42.349577],[-71.060101,42.349536],[-71.060061,42.349556],[-71.060107,42.349596],[-71.060148,42.349577]]],[[[-71.060141,42.353436],[-71.060077,42.353379],[-71.060028,42.353386],[-71.060015,42.35341],[-71.060078,42.353467],[-71.060113,42.353467],[-71.060141,42.353436]]],[[[-71.060117,42.349667],[-71.060064,42.34962],[-71.060017,42.349634],[-71.060017,42.349654],[-71.060068,42.349691],[-71.060095,42.349691],[-71.060117,42.349667]]],[[[-71.060006,42.351069],[-71.059946,42.351015],[-71.0599,42.351022],[-71.059888,42.351044],[-71.059948,42.351097],[-71.05998,42.351097],[-71.060006,42.351069]]],[[[-71.059928,42.351155],[-71.059893,42.351121],[-71.059851,42.351128],[-71.059884,42.351168],[-71.059912,42.351172],[-71.059928,42.351155]]],[[[-71.059877,42.353313],[-71.059844,42.353262],[-71.059796,42.353231],[-71.059741,42.353248],[-71.059741,42.353272],[-71.059798,42.353313],[-71.059859,42.353327],[-71.059877,42.353313]]],[[[-71.059778,42.352768],[-71.05974,42.35274],[-71.059722,42.352753],[-71.05976,42.352781],[-71.059778,42.352768]]],[[[-71.059708,42.352752],[-71.05967,42.352724],[-71.059652,42.352737],[-71.059616,42.352717],[-71.059598,42.35273],[-71.059636,42.352758],[-71.059654,42.352745],[-71.05969,42.352765],[-71.059708,42.352752]]],[[[-71.059698,42.354975],[-71.059573,42.354873],[-71.05955,42.354866],[-71.05952,42.354881],[-71.059527,42.354907],[-71.059648,42.35499],[-71.05968,42.354994],[-71.059698,42.354975]]],[[[-71.059681,42.351733],[-71.059666,42.351708],[-71.0596,42.351674],[-71.059566,42.351685],[-71.059552,42.351709],[-71.059525,42.351696],[-71.059506,42.35171],[-71.059536,42.351738],[-71.059632,42.351769],[-71.059666,42.351758],[-71.059681,42.351733]]],[[[-71.059621,42.352806],[-71.059559,42.35275],[-71.059506,42.352758],[-71.059491,42.352783],[-71.059553,42.352839],[-71.059591,42.352839],[-71.059621,42.352806]]],[[[-71.059592,42.351622],[-71.059542,42.351578],[-71.0595,42.351591],[-71.0595,42.351609],[-71.059548,42.351644],[-71.059572,42.351644],[-71.059592,42.351622]]],[[[-71.059537,42.35111],[-71.0595,42.351084],[-71.059482,42.351097],[-71.059519,42.351124],[-71.059537,42.35111]]],[[[-71.059513,42.354835],[-71.059389,42.354714],[-71.05935,42.354709],[-71.059331,42.354723],[-71.059331,42.354743],[-71.059377,42.354791],[-71.059457,42.354852],[-71.059492,42.354857],[-71.059513,42.354835]]],[[[-71.059497,42.351183],[-71.05946,42.351157],[-71.059442,42.35117],[-71.059479,42.351197],[-71.059497,42.351183]]],[[[-71.059483,42.351647],[-71.059448,42.351613],[-71.059406,42.35162],[-71.059439,42.35166],[-71.059467,42.351664],[-71.059483,42.351647]]],[[[-71.059447,42.353113],[-71.05941,42.353087],[-71.059392,42.3531],[-71.059429,42.353127],[-71.059447,42.353113]]],[[[-71.059437,42.353023],[-71.0594,42.352997],[-71.059382,42.35301],[-71.059419,42.353037],[-71.059437,42.353023]]],[[[-71.059413,42.351723],[-71.059364,42.351687],[-71.059341,42.351704],[-71.05939,42.351739],[-71.059413,42.351723]]],[[[-71.059349,42.351799],[-71.0593,42.351763],[-71.059277,42.35178],[-71.059326,42.351815],[-71.059349,42.351799]]],[[[-71.059256,42.351317],[-71.059204,42.351265],[-71.059203,42.351245],[-71.059144,42.351205],[-71.059091,42.351197],[-71.059065,42.351216],[-71.059065,42.351244],[-71.059144,42.351322],[-71.059106,42.351332],[-71.059091,42.351357],[-71.059143,42.351409],[-71.059177,42.35142],[-71.059211,42.351409],[-71.059226,42.351384],[-71.059203,42.351352],[-71.059241,42.351342],[-71.059256,42.351317]]],[[[-71.059203,42.353307],[-71.059166,42.353281],[-71.059148,42.353294],[-71.059185,42.353321],[-71.059203,42.353307]]],[[[-71.059123,42.354407],[-71.059072,42.354363],[-71.05903,42.354376],[-71.05903,42.354394],[-71.059078,42.354429],[-71.059102,42.354429],[-71.059123,42.354407]]],[[[-71.059117,42.351473],[-71.05908,42.351447],[-71.059062,42.35146],[-71.059099,42.351487],[-71.059117,42.351473]]],[[[-71.059107,42.3533],[-71.05907,42.353274],[-71.059052,42.353287],[-71.059089,42.353314],[-71.059107,42.3533]]],[[[-71.059093,42.351537],[-71.059058,42.351503],[-71.059016,42.35151],[-71.059049,42.35155],[-71.059077,42.351554],[-71.059093,42.351537]]],[[[-71.059037,42.351627],[-71.058984,42.35158],[-71.058937,42.351594],[-71.058937,42.351614],[-71.058988,42.351651],[-71.059015,42.351651],[-71.059037,42.351627]]],[[[-71.059037,42.354345],[-71.059,42.354319],[-71.058982,42.354332],[-71.059019,42.354359],[-71.059037,42.354345]]],[[[-71.059017,42.353296],[-71.05898,42.35327],[-71.058962,42.353283],[-71.058999,42.35331],[-71.059017,42.353296]]],[[[-71.058984,42.354308],[-71.05894,42.354276],[-71.058921,42.35429],[-71.058964,42.354322],[-71.058984,42.354308]]],[[[-71.05897,42.351662],[-71.05893,42.351633],[-71.058912,42.351646],[-71.058952,42.351675],[-71.05897,42.351662]]],[[[-71.058952,42.351712],[-71.058902,42.351668],[-71.05886,42.351681],[-71.05886,42.351699],[-71.058908,42.351734],[-71.058932,42.351734],[-71.058952,42.351712]]],[[[-71.058917,42.351761],[-71.058864,42.351714],[-71.058817,42.351728],[-71.058817,42.351748],[-71.058868,42.351785],[-71.058895,42.351785],[-71.058917,42.351761]]],[[[-71.058883,42.353281],[-71.058846,42.353255],[-71.058828,42.353268],[-71.058865,42.353295],[-71.058883,42.353281]]],[[[-71.058867,42.351803],[-71.058814,42.351756],[-71.058767,42.35177],[-71.058767,42.35179],[-71.058818,42.351827],[-71.058845,42.351827],[-71.058867,42.351803]]],[[[-71.058798,42.351841],[-71.05876,42.351813],[-71.058701,42.351818],[-71.058677,42.351845],[-71.058749,42.351897],[-71.058785,42.35188],[-71.058798,42.351841]]],[[[-71.058777,42.353281],[-71.05874,42.353255],[-71.058722,42.353268],[-71.058759,42.353295],[-71.058777,42.353281]]],[[[-71.058722,42.351928],[-71.05866,42.351882],[-71.058597,42.35193],[-71.058646,42.351965],[-71.058669,42.351949],[-71.058702,42.35195],[-71.058722,42.351928]]],[[[-71.058625,42.352026],[-71.058609,42.351997],[-71.058616,42.351975],[-71.058593,42.351957],[-71.058509,42.351959],[-71.058451,42.352018],[-71.058451,42.352042],[-71.058392,42.35206],[-71.058398,42.352087],[-71.058444,42.352123],[-71.058493,42.352131],[-71.058518,42.352112],[-71.058518,42.352087],[-71.058609,42.352054],[-71.058625,42.352026]]],[[[-71.058587,42.352543],[-71.05855,42.352517],[-71.058532,42.35253],[-71.058569,42.352557],[-71.058587,42.352543]]],[[[-71.058527,42.352537],[-71.05849,42.352511],[-71.058472,42.352524],[-71.058509,42.352551],[-71.058527,42.352537]]],[[[-71.058524,42.352498],[-71.05848,42.352466],[-71.058461,42.35248],[-71.058504,42.352512],[-71.058524,42.352498]]],[[[-71.058448,42.352543],[-71.05841,42.352515],[-71.058392,42.352528],[-71.05843,42.352556],[-71.058448,42.352543]]],[[[-71.058408,42.352112],[-71.05837,42.352084],[-71.058352,42.352097],[-71.05839,42.352125],[-71.058408,42.352112]]],[[[-71.058407,42.352483],[-71.05837,42.352457],[-71.058352,42.35247],[-71.058389,42.352497],[-71.058407,42.352483]]],[[[-71.058367,42.352533],[-71.05833,42.352507],[-71.058312,42.35252],[-71.058349,42.352547],[-71.058367,42.352533]]],[[[-71.058307,42.350923],[-71.05827,42.350897],[-71.058252,42.35091],[-71.058289,42.350937],[-71.058307,42.350923]]],[[[-71.058297,42.35248],[-71.05826,42.352454],[-71.058242,42.352467],[-71.058279,42.352494],[-71.058297,42.35248]]],[[[-71.058287,42.352525],[-71.05825,42.352499],[-71.058232,42.352512],[-71.058269,42.352539],[-71.058287,42.352525]]],[[[-71.058237,42.3509],[-71.0582,42.350874],[-71.058182,42.350887],[-71.058219,42.350914],[-71.058237,42.3509]]],[[[-71.058057,42.352678],[-71.05802,42.352652],[-71.058002,42.352665],[-71.058039,42.352692],[-71.058057,42.352678]]],[[[-71.058051,42.352781],[-71.058014,42.352755],[-71.057996,42.352768],[-71.058033,42.352795],[-71.058051,42.352781]]],[[[-71.058027,42.352918],[-71.05799,42.352892],[-71.057972,42.352905],[-71.058009,42.352932],[-71.058027,42.352918]]],[[[-71.057822,42.350706],[-71.05774,42.350664],[-71.057722,42.350677],[-71.057804,42.35072],[-71.057822,42.350706]]],[[[-71.057777,42.352246],[-71.057742,42.352212],[-71.0577,42.352219],[-71.057733,42.352259],[-71.057761,42.352263],[-71.057777,42.352246]]],[[[-71.057652,42.352211],[-71.057605,42.35217],[-71.057565,42.35219],[-71.057611,42.35223],[-71.057652,42.352211]]],[[[-71.057563,42.35218],[-71.057528,42.352146],[-71.057486,42.352153],[-71.057519,42.352193],[-71.057547,42.352197],[-71.057563,42.35218]]],[[[-71.057483,42.35216],[-71.057448,42.352126],[-71.057406,42.352133],[-71.057439,42.352173],[-71.057467,42.352177],[-71.057483,42.35216]]],[[[-71.057433,42.350416],[-71.057396,42.35039],[-71.057378,42.350403],[-71.057415,42.35043],[-71.057433,42.350416]]],[[[-71.057417,42.350507],[-71.05738,42.350481],[-71.057362,42.350494],[-71.057399,42.350521],[-71.057417,42.350507]]],[[[-71.057398,42.352131],[-71.057351,42.35209],[-71.057311,42.35211],[-71.057357,42.35215],[-71.057398,42.352131]]],[[[-71.057368,42.351722],[-71.05733,42.351694],[-71.057312,42.351707],[-71.05735,42.351735],[-71.057368,42.351722]]],[[[-71.057357,42.351763],[-71.05732,42.351737],[-71.057302,42.35175],[-71.057339,42.351777],[-71.057357,42.351763]]],[[[-71.057328,42.35191],[-71.057291,42.351884],[-71.057273,42.351897],[-71.05731,42.351924],[-71.057328,42.35191]]],[[[-71.05732,42.350941],[-71.05728,42.350912],[-71.057262,42.350925],[-71.057302,42.350954],[-71.05732,42.350941]]],[[[-71.057316,42.351967],[-71.05728,42.351942],[-71.057262,42.351955],[-71.057297,42.351981],[-71.057316,42.351967]]],[[[-71.05729,42.351079],[-71.05725,42.35105],[-71.057232,42.351063],[-71.057272,42.351092],[-71.05729,42.351079]]],[[[-71.057227,42.351423],[-71.05719,42.351397],[-71.057172,42.35141],[-71.057209,42.351437],[-71.057227,42.351423]]],[[[-71.057217,42.350563],[-71.05718,42.350537],[-71.057162,42.35055],[-71.057199,42.350577],[-71.057217,42.350563]]],[[[-71.057166,42.350645],[-71.057129,42.350619],[-71.057111,42.350632],[-71.057148,42.350659],[-71.057166,42.350645]]],[[[-71.057113,42.350546],[-71.057076,42.35052],[-71.057058,42.350533],[-71.057095,42.35056],[-71.057113,42.350546]]],[[[-71.057057,42.349853],[-71.05702,42.349827],[-71.057002,42.34984],[-71.057039,42.349867],[-71.057057,42.349853]]],[[[-71.057052,42.349925],[-71.057002,42.349881],[-71.05696,42.349894],[-71.05696,42.349912],[-71.057008,42.349947],[-71.057032,42.349947],[-71.057052,42.349925]]],[[[-71.056891,42.352045],[-71.05685,42.352015],[-71.056832,42.352028],[-71.056873,42.352058],[-71.056891,42.352045]]],[[[-71.056862,42.349784],[-71.056805,42.349733],[-71.056762,42.34974],[-71.056751,42.34976],[-71.056808,42.34981],[-71.056838,42.34981],[-71.056862,42.349784]]],[[[-71.056853,42.350243],[-71.056816,42.350217],[-71.056798,42.35023],[-71.056835,42.350257],[-71.056853,42.350243]]],[[[-71.056822,42.349862],[-71.056772,42.349818],[-71.05673,42.349831],[-71.05673,42.349849],[-71.056778,42.349884],[-71.056802,42.349884],[-71.056822,42.349862]]],[[[-71.056817,42.35032],[-71.05678,42.350294],[-71.056762,42.350307],[-71.056799,42.350334],[-71.056817,42.35032]]],[[[-71.056806,42.349938],[-71.056744,42.349882],[-71.056691,42.34989],[-71.056676,42.349915],[-71.056738,42.349971],[-71.056776,42.349971],[-71.056806,42.349938]]],[[[-71.05677,42.35201],[-71.05673,42.351981],[-71.056712,42.351994],[-71.056752,42.352023],[-71.05677,42.35201]]],[[[-71.056761,42.350029],[-71.056699,42.349973],[-71.056646,42.349981],[-71.056631,42.350006],[-71.056693,42.350062],[-71.056731,42.350062],[-71.056761,42.350029]]],[[[-71.056688,42.350115],[-71.056641,42.350074],[-71.056601,42.350094],[-71.056647,42.350134],[-71.056688,42.350115]]],[[[-71.056666,42.35063],[-71.056625,42.3506],[-71.056607,42.350613],[-71.056648,42.350643],[-71.056666,42.35063]]],[[[-71.056653,42.353223],[-71.056618,42.353189],[-71.056576,42.353196],[-71.056609,42.353236],[-71.056637,42.35324],[-71.056653,42.353223]]],[[[-71.056652,42.350207],[-71.056602,42.350163],[-71.05656,42.350176],[-71.05656,42.350194],[-71.056608,42.350229],[-71.056632,42.350229],[-71.056652,42.350207]]],[[[-71.056631,42.350697],[-71.05659,42.350667],[-71.056572,42.35068],[-71.056613,42.35071],[-71.056631,42.350697]]],[[[-71.056591,42.350857],[-71.056529,42.350801],[-71.056476,42.350809],[-71.056461,42.350834],[-71.056523,42.35089],[-71.056561,42.35089],[-71.056591,42.350857]]],[[[-71.056584,42.353183],[-71.05654,42.353151],[-71.056521,42.353165],[-71.056564,42.353197],[-71.056584,42.353183]]],[[[-71.056509,42.353145],[-71.056465,42.353113],[-71.056446,42.353127],[-71.056489,42.353159],[-71.056509,42.353145]]],[[[-71.056491,42.351937],[-71.05645,42.351907],[-71.056432,42.35192],[-71.056473,42.35195],[-71.056491,42.351937]]],[[[-71.056447,42.351043],[-71.05641,42.351017],[-71.056392,42.35103],[-71.056429,42.351057],[-71.056447,42.351043]]],[[[-71.056421,42.351114],[-71.05638,42.351084],[-71.056362,42.351097],[-71.056403,42.351127],[-71.056421,42.351114]]],[[[-71.056419,42.353109],[-71.05637,42.353073],[-71.056347,42.35309],[-71.056396,42.353125],[-71.056419,42.353109]]],[[[-71.056406,42.351912],[-71.05637,42.351887],[-71.056352,42.3519],[-71.056387,42.351926],[-71.056406,42.351912]]],[[[-71.056383,42.351189],[-71.056346,42.351163],[-71.056328,42.351176],[-71.056365,42.351203],[-71.056383,42.351189]]],[[[-71.056361,42.354947],[-71.05632,42.354917],[-71.056302,42.35493],[-71.056343,42.35496],[-71.056361,42.354947]]],[[[-71.056351,42.354853],[-71.05631,42.354823],[-71.056292,42.354836],[-71.056333,42.354866],[-71.056351,42.354853]]],[[[-71.056334,42.354768],[-71.05629,42.354736],[-71.056271,42.35475],[-71.056314,42.354782],[-71.056334,42.354768]]],[[[-71.056333,42.35469],[-71.056298,42.354656],[-71.056256,42.354663],[-71.056289,42.354703],[-71.056317,42.354707],[-71.056333,42.35469]]],[[[-71.056279,42.350859],[-71.056238,42.350829],[-71.05622,42.350842],[-71.056261,42.350872],[-71.056279,42.350859]]],[[[-71.056278,42.351391],[-71.05624,42.351363],[-71.056222,42.351376],[-71.05626,42.351404],[-71.056278,42.351391]]],[[[-71.056267,42.353063],[-71.05623,42.353037],[-71.056212,42.35305],[-71.056249,42.353077],[-71.056267,42.353063]]],[[[-71.056259,42.351426],[-71.056221,42.351398],[-71.056203,42.351411],[-71.056241,42.351439],[-71.056259,42.351426]]],[[[-71.056249,42.35095],[-71.056208,42.35092],[-71.05619,42.350933],[-71.056231,42.350963],[-71.056249,42.35095]]],[[[-71.056228,42.351465],[-71.05619,42.351437],[-71.056172,42.35145],[-71.05621,42.351478],[-71.056228,42.351465]]],[[[-71.056209,42.351053],[-71.056168,42.351023],[-71.05615,42.351036],[-71.056191,42.351066],[-71.056209,42.351053]]],[[[-71.056171,42.351162],[-71.05613,42.351132],[-71.056112,42.351145],[-71.056153,42.351175],[-71.056171,42.351162]]],[[[-71.056098,42.351725],[-71.05606,42.351697],[-71.056042,42.35171],[-71.05608,42.351738],[-71.056098,42.351725]]],[[[-71.056,42.351372],[-71.055959,42.351342],[-71.055941,42.351355],[-71.055982,42.351385],[-71.056,42.351372]]],[[[-71.055976,42.351429],[-71.055935,42.351399],[-71.055917,42.351412],[-71.055958,42.351442],[-71.055976,42.351429]]],[[[-71.055943,42.351499],[-71.055902,42.351469],[-71.055884,42.351482],[-71.055925,42.351512],[-71.055943,42.351499]]],[[[-71.055911,42.351578],[-71.05587,42.351548],[-71.055852,42.351561],[-71.055893,42.351591],[-71.055911,42.351578]]],[[[-71.055901,42.352249],[-71.055854,42.352201],[-71.055801,42.352193],[-71.055737,42.352276],[-71.055784,42.352324],[-71.055837,42.352332],[-71.055901,42.352249]]],[[[-71.055882,42.351639],[-71.055841,42.351609],[-71.055823,42.351622],[-71.055864,42.351652],[-71.055882,42.351639]]],[[[-71.055831,42.351744],[-71.05579,42.351714],[-71.055772,42.351727],[-71.055813,42.351757],[-71.055831,42.351744]]],[[[-71.055819,42.353358],[-71.055768,42.353314],[-71.055726,42.353327],[-71.055726,42.353345],[-71.055774,42.35338],[-71.055798,42.35338],[-71.055819,42.353358]]],[[[-71.055811,42.351793],[-71.05577,42.351763],[-71.055752,42.351776],[-71.055793,42.351806],[-71.055811,42.351793]]],[[[-71.055753,42.353415],[-71.055706,42.353374],[-71.055666,42.353394],[-71.055712,42.353434],[-71.055753,42.353415]]],[[[-71.05567,42.353448],[-71.055626,42.353416],[-71.055607,42.35343],[-71.05565,42.353462],[-71.05567,42.353448]]],[[[-71.055581,42.353514],[-71.05554,42.353484],[-71.055522,42.353497],[-71.055563,42.353527],[-71.055581,42.353514]]],[[[-71.055518,42.353545],[-71.05548,42.353517],[-71.055462,42.35353],[-71.0555,42.353558],[-71.055518,42.353545]]],[[[-71.055281,42.353666],[-71.055244,42.35364],[-71.055181,42.353672],[-71.055239,42.353714],[-71.055259,42.353708],[-71.055262,42.35368],[-71.055281,42.353666]]],[[[-71.055219,42.353719],[-71.05517,42.353683],[-71.055147,42.3537],[-71.055196,42.353735],[-71.055219,42.353719]]]]},"properties":{"kind":"tree"}}]}