{"type":"FeatureCollection","features":[{"type":"Feature","geometry":{"type":"MultiPolygon","coordinates":[[[[-71.063177,42.355145],[-71.063118,42.355222],[-71.062874,42.355416],[-71.062568,42.355254],[-71.06287,42.354999],[-71.063177,42.355145]]],[[[-71.06221,42.35496],[-71.062351,42.355028],[-71.062184,42.355207],[-71.061983,42.355367],[-71.061844,42.355296],[-71.062009,42.35512],[-71.06221,42.35496]]],[[[-71.062756,42.354945],[-71.062863,42.354997],[-71.062691,42.355175],[-71.062505,42.355323],[-71.062404,42.355266],[-71.062565,42.355097],[-71.062756,42.354945]]],[[[-71.062334,42.347917],[-71.062446,42.347953],[-71.062411,42.348042],[-71.062062,42.34832],[-71.061937,42.348313],[-71.061529,42.348221],[-71.061575,42.348105],[-71.061924,42.347827],[-71.062334,42.347917]]],[[[-71.061802,42.347625],[-71.061866,42.34764],[-71.061674,42.348074],[-71.061241,42.348418],[-71.061122,42.34839],[-71.061133,42.348298],[-71.061279,42.347948],[-71.061712,42.347604],[-71.061802,42.347625]]],[[[-71.063123,42.347957],[-71.063171,42.34797],[-71.06314,42.348045],[-71.063009,42.348165],[-71.062962,42.348156],[-71.063004,42.348021],[-71.063093,42.34795],[-71.063123,42.347957]]],[[[-71.062961,42.347921],[-71.063028,42.347936],[-71.062998,42.348014],[-71.062904,42.348089],[-71.062835,42.348075],[-71.062867,42.347996],[-71.062961,42.347921]]],[[[-71.063028,42.347936],[-71.063093,42.34795],[-71.063068,42.348029],[-71.062973,42.348105],[-71.06291,42.348092],[-71.062933,42.348012],[-71.063028,42.347936]]],[[[-71.063171,42.34797],[-71.063239,42.347985],[-71.063208,42.34806],[-71.063118,42.348132],[-71.06305,42.348117],[-71.063081,42.348042],[-71.063171,42.34797]]],[[[-71.063239,42.347985],[-71.063301,42.347999],[-71.06328,42.348076],[-71.06319,42.348147],[-71.063118,42.348131],[-71.063149,42.348056],[-71.063239,42.347985]]],[[[-71.062834,42.34802],[-71.062886,42.348057],[-71.062871,42.348095],[-71.062754,42.348188],[-71.062571,42.348148],[-71.062595,42.348088],[-71.062712,42.347995],[-71.062834,42.34802]]],[[[-71.062855,42.347962],[-71.062909,42.347999],[-71.062894,42.348036],[-71.062775,42.34813],[-71.062593,42.348089],[-71.062615,42.348033],[-71.062734,42.347939],[-71.062855,42.347962]]],[[[-71.062667,42.348107],[-71.062777,42.348131],[-71.062761,42.348192],[-71.062629,42.348297],[-71.062508,42.34828],[-71.062535,42.348212],[-71.062667,42.348107]]],[[[-71.06323,42.348148],[-71.063253,42.34818],[-71.063229,42.348263],[-71.063131,42.348341],[-71.063056,42.348329],[-71.063088,42.348219],[-71.063186,42.348141],[-71.06323,42.348148]]],[[[-71.0631,42.348157],[-71.063177,42.348169],[-71.063154,42.348251],[-71.063041,42.348341],[-71.062963,42.348328],[-71.062987,42.348247],[-71.0631,42.348157]]],[[[-71.062979,42.348139],[-71.063024,42.348146],[-71.063,42.348227],[-71.062884,42.348319],[-71.062806,42.348308],[-71.06283,42.348226],[-71.062946,42.348134],[-71.062979,42.348139]]],[[[-71.063024,42.348146],[-71.0631,42.348157],[-71.063076,42.348238],[-71.062954,42.348337],[-71.062879,42.348324],[-71.062903,42.348242],[-71.063024,42.348146]]],[[[-71.062939,42.348131],[-71.062922,42.348216],[-71.062805,42.348309],[-71.062738,42.348299],[-71.06276,42.348215],[-71.062877,42.348122],[-71.062939,42.348131]]],[[[-71.061342,42.348577],[-71.061523,42.34862],[-71.061479,42.348726],[-71.06133,42.348844],[-71.061095,42.34879],[-71.061139,42.348683],[-71.061288,42.348565],[-71.061342,42.348577]]],[[[-71.061414,42.348308],[-71.06164,42.348359],[-71.061619,42.34841],[-71.061478,42.348522],[-71.061251,42.348473],[-71.061271,42.348424],[-71.061414,42.348308]]],[[[-71.061295,42.34834],[-71.061365,42.348369],[-71.061357,42.348407],[-71.061223,42.348517],[-71.060976,42.348457],[-71.060994,42.348411],[-71.061127,42.348305],[-71.061295,42.34834]]],[[[-71.061145,42.348247],[-71.06129,42.348281],[-71.061269,42.348334],[-71.06113,42.348445],[-71.060999,42.348419],[-71.061006,42.348358],[-71.061145,42.348247]]],[[[-71.061184,42.348198],[-71.061312,42.348227],[-71.061294,42.348272],[-71.06115,42.348392],[-71.061005,42.348358],[-71.061044,42.348309],[-71.061184,42.348198]]],[[[-71.06112,42.348353],[-71.061236,42.348384],[-71.061214,42.348437],[-71.061069,42.348553],[-71.060951,42.348527],[-71.060974,42.348471],[-71.06112,42.348353]]],[[[-71.061075,42.348462],[-71.061193,42.348488],[-71.061171,42.348542],[-71.061035,42.34865],[-71.060917,42.348624],[-71.060939,42.34857],[-71.061075,42.348462]]],[[[-71.061032,42.348568],[-71.061149,42.348594],[-71.061127,42.348648],[-71.06101,42.348741],[-71.060893,42.348714],[-71.060915,42.348661],[-71.061032,42.348568]]],[[[-71.061053,42.348516],[-71.061171,42.348542],[-71.061149,42.348594],[-71.061039,42.348681],[-71.060922,42.348655],[-71.06094,42.34861],[-71.061053,42.348516]]],[[[-71.061096,42.348411],[-71.061214,42.348437],[-71.061193,42.348488],[-71.061057,42.348596],[-71.060939,42.34857],[-71.06096,42.348519],[-71.061096,42.348411]]],[[[-71.057613,42.348605],[-71.058071,42.348706],[-71.057988,42.348915],[-71.0575,42.349303],[-71.057041,42.349202],[-71.057125,42.348993],[-71.057613,42.348605]]],[[[-71.061907,42.348129],[-71.062037,42.348157],[-71.061814,42.348712],[-71.061689,42.348812],[-71.061559,42.348782],[-71.061782,42.348229],[-71.061907,42.348129]]],[[[-71.061878,42.348726],[-71.061895,42.34873],[-71.061867,42.348804],[-71.061778,42.348981],[-71.061584,42.349135],[-71.06139,42.349093],[-71.061484,42.348835],[-71.061678,42.348681],[-71.061878,42.348726]]],[[[-71.062166,42.348433],[-71.06225,42.348502],[-71.062217,42.34858],[-71.062143,42.34864],[-71.061822,42.348566],[-71.061872,42.34844],[-71.061945,42.348382],[-71.062166,42.348433]]],[[[-71.062255,42.348206],[-71.062367,42.34823],[-71.06226,42.348505],[-71.062135,42.348604],[-71.062021,42.348579],[-71.06213,42.348305],[-71.062255,42.348206]]],[[[-71.060787,42.349136],[-71.060891,42.34916],[-71.060808,42.34927],[-71.060705,42.349352],[-71.060641,42.349326],[-71.060684,42.349218],[-71.060787,42.349136]]],[[[-71.060994,42.349204],[-71.06102,42.349213],[-71.06097,42.349337],[-71.06087,42.349416],[-71.060778,42.349378],[-71.060836,42.3493],[-71.060936,42.349221],[-71.060994,42.349204]]],[[[-71.060997,42.348929],[-71.061054,42.348944],[-71.061035,42.34899],[-71.060917,42.349084],[-71.060741,42.349044],[-71.06076,42.348996],[-71.060878,42.348902],[-71.060997,42.348929]]],[[[-71.060941,42.349067],[-71.061004,42.349108],[-71.060995,42.349132],[-71.060888,42.349217],[-71.060697,42.349175],[-71.060717,42.349126],[-71.060824,42.349041],[-71.060941,42.349067]]],[[[-71.060865,42.349194],[-71.060935,42.349223],[-71.060878,42.349299],[-71.060773,42.349382],[-71.060703,42.349353],[-71.06076,42.349277],[-71.060865,42.349194]]],[[[-71.060859,42.34895],[-71.060978,42.348976],[-71.060959,42.349023],[-71.060851,42.349109],[-71.060733,42.349083],[-71.060751,42.349036],[-71.060859,42.34895]]],[[[-71.060804,42.34909],[-71.060922,42.349116],[-71.060903,42.349163],[-71.060797,42.349248],[-71.060681,42.349221],[-71.060698,42.349175],[-71.060804,42.34909]]],[[[-71.060841,42.348997],[-71.060959,42.349023],[-71.060941,42.349067],[-71.060834,42.349152],[-71.060717,42.349126],[-71.060734,42.349082],[-71.060841,42.348997]]],[[[-71.061371,42.34877],[-71.061436,42.348818],[-71.061377,42.348967],[-71.061217,42.349095],[-71.061126,42.349111],[-71.061001,42.349084],[-71.060934,42.349033],[-71.06095,42.348963],[-71.060995,42.348885],[-71.061155,42.348757],[-71.061248,42.348743],[-71.061371,42.34877]]],[[[-71.061358,42.34907],[-71.061335,42.349139],[-71.06121,42.349239],[-71.060958,42.349184],[-71.060984,42.34912],[-71.061109,42.34902],[-71.061358,42.34907]]],[[[-71.061286,42.348983],[-71.061384,42.349005],[-71.061358,42.34907],[-71.061252,42.349154],[-71.061003,42.349104],[-71.061028,42.349034],[-71.061134,42.34895],[-71.061286,42.348983]]],[[[-71.061206,42.34911],[-71.061335,42.349139],[-71.061292,42.349247],[-71.061154,42.349357],[-71.061023,42.349329],[-71.061007,42.349287],[-71.061029,42.349231],[-71.061167,42.349121],[-71.061206,42.34911]]],[[[-71.061017,42.349264],[-71.061103,42.3493],[-71.061052,42.34937],[-71.060949,42.349452],[-71.060881,42.349424],[-71.060914,42.349346],[-71.061017,42.349264]]],[[[-71.061161,42.349219],[-71.061289,42.349246],[-71.061269,42.349298],[-71.061137,42.349403],[-71.06101,42.349372],[-71.061028,42.349326],[-71.061161,42.349219]]],[[[-71.061103,42.3493],[-71.061178,42.34933],[-71.061126,42.3494],[-71.061024,42.349481],[-71.06095,42.349451],[-71.061001,42.349381],[-71.061103,42.3493]]],[[[-71.061178,42.34933],[-71.061244,42.349357],[-71.061196,42.349428],[-71.061086,42.349515],[-71.061016,42.349487],[-71.061068,42.349417],[-71.061178,42.34933]]],[[[-71.066051,42.349385],[-71.066107,42.349483],[-71.066012,42.349558],[-71.065948,42.349578],[-71.065894,42.34948],[-71.065989,42.349405],[-71.066051,42.349385]]],[[[-71.061478,42.349165],[-71.061695,42.349213],[-71.06156,42.349583],[-71.061333,42.349764],[-71.06112,42.34967],[-71.061251,42.349346],[-71.061478,42.349165]]],[[[-71.061544,42.348987],[-71.061766,42.349036],[-71.061748,42.349082],[-71.061601,42.349199],[-71.061396,42.349154],[-71.061384,42.349136],[-71.061397,42.349104],[-71.061544,42.348987]]],[[[-71.061543,42.349037],[-71.061748,42.349082],[-71.061729,42.349128],[-71.061583,42.349244],[-71.061362,42.349195],[-71.061374,42.349163],[-71.061543,42.349037]]],[[[-71.061508,42.349079],[-71.061729,42.349128],[-71.061712,42.34917],[-71.061559,42.349292],[-71.06135,42.349246],[-71.061355,42.349201],[-71.061508,42.349079]]],[[[-71.061503,42.349124],[-71.061712,42.34917],[-71.061695,42.349213],[-71.061549,42.349329],[-71.061332,42.349281],[-71.061337,42.349253],[-71.061503,42.349124]]],[[[-71.061577,42.34895],[-71.061783,42.348996],[-71.061766,42.349036],[-71.061619,42.349153],[-71.061397,42.349104],[-71.061405,42.349077],[-71.061577,42.34895]]],[[[-71.05924,42.349701],[-71.059318,42.349726],[-71.059245,42.349897],[-71.05919,42.349942],[-71.059051,42.349909],[-71.059125,42.349736],[-71.059179,42.349693],[-71.05924,42.349701]]],[[[-71.061162,42.349985],[-71.061223,42.349999],[-71.061199,42.350056],[-71.061167,42.350082],[-71.061107,42.350069],[-71.06113,42.350011],[-71.061162,42.349985]]],[[[-71.061242,42.350003],[-71.061369,42.350031],[-71.06131,42.350179],[-71.061237,42.350237],[-71.061109,42.350208],[-71.061169,42.350061],[-71.061242,42.350003]]],[[[-71.060964,42.349993],[-71.060828,42.350333],[-71.060341,42.35072],[-71.059893,42.350594],[-71.060021,42.350278],[-71.060508,42.349891],[-71.060964,42.349993]]],[[[-71.062451,42.350325],[-71.062473,42.350335],[-71.062312,42.350535],[-71.062104,42.3507],[-71.061553,42.350521],[-71.061672,42.350303],[-71.06188,42.350138],[-71.062451,42.350325]]],[[[-71.061977,42.350434],[-71.062291,42.350533],[-71.062184,42.350689],[-71.06179,42.351002],[-71.061279,42.350872],[-71.061352,42.350685],[-71.061746,42.350372],[-71.061977,42.350434]]],[[[-71.059867,42.350296],[-71.060116,42.350367],[-71.060058,42.350516],[-71.059883,42.350655],[-71.059619,42.350638],[-71.059692,42.350435],[-71.059867,42.350296]]],[[[-71.060032,42.350628],[-71.060019,42.350684],[-71.059934,42.350752],[-71.059704,42.350702],[-71.059726,42.350649],[-71.059811,42.350581],[-71.060032,42.350628]]],[[[-71.058372,42.349945],[-71.058776,42.350034],[-71.058767,42.350099],[-71.058706,42.35021],[-71.058379,42.35047],[-71.057994,42.350384],[-71.058044,42.350208],[-71.058372,42.349945]]],[[[-71.058321,42.350124],[-71.058706,42.35021],[-71.058641,42.350371],[-71.058529,42.35046],[-71.058162,42.350379],[-71.058209,42.350213],[-71.058321,42.350124]]],[[[-71.058274,42.35029],[-71.058641,42.350371],[-71.058574,42.350538],[-71.058252,42.350794],[-71.057903,42.350716],[-71.057952,42.350546],[-71.058274,42.35029]]],[[[-71.058574,42.350538],[-71.058587,42.350541],[-71.058542,42.350652],[-71.058336,42.350816],[-71.057987,42.350738],[-71.058019,42.350624],[-71.058225,42.35046],[-71.058574,42.350538]]],[[[-71.058193,42.350574],[-71.058538,42.350651],[-71.058516,42.350706],[-71.058337,42.350849],[-71.057998,42.350774],[-71.058014,42.350717],[-71.058193,42.350574]]],[[[-71.058177,42.350631],[-71.058512,42.350705],[-71.05849,42.350762],[-71.058311,42.350905],[-71.057981,42.350832],[-71.057998,42.350774],[-71.058177,42.350631]]],[[[-71.061985,42.350862],[-71.062036,42.350875],[-71.062006,42.350941],[-71.061788,42.351114],[-71.061442,42.351039],[-71.061475,42.350961],[-71.061693,42.350788],[-71.061985,42.350862]]],[[[-71.059471,42.35018],[-71.059505,42.350215],[-71.059198,42.350975],[-71.058983,42.351146],[-71.058928,42.351162],[-71.058506,42.351068],[-71.058474,42.351032],[-71.058781,42.350273],[-71.058996,42.350102],[-71.059047,42.350086],[-71.059471,42.35018]]],[[[-71.065972,42.350797],[-71.065991,42.350995],[-71.065385,42.351476],[-71.06517,42.351506],[-71.064768,42.351483],[-71.064552,42.351417],[-71.064533,42.351384],[-71.064604,42.351133],[-71.06521,42.350652],[-71.065959,42.350666],[-71.065972,42.350797]]],[[[-71.060472,42.350463],[-71.060747,42.35054],[-71.0607,42.350649],[-71.060442,42.350854],[-71.06021,42.350803],[-71.060123,42.350704],[-71.060137,42.350669],[-71.060395,42.350464],[-71.060472,42.350463]]],[[[-71.060126,42.350816],[-71.060591,42.350922],[-71.060568,42.350978],[-71.060412,42.351102],[-71.059951,42.350998],[-71.059968,42.350943],[-71.060126,42.350816]]],[[[-71.06034,42.350745],[-71.060635,42.35081],[-71.060591,42.350922],[-71.060466,42.351022],[-71.060237,42.35097],[-71.060215,42.350845],[-71.06034,42.350745]]],[[[-71.060107,42.350874],[-71.06031,42.350921],[-71.060264,42.351033],[-71.060108,42.351157],[-71.059901,42.351112],[-71.059951,42.350998],[-71.060107,42.350874]]],[[[-71.06026,42.350485],[-71.060394,42.350515],[-71.060327,42.35068],[-71.060184,42.350794],[-71.06005,42.350764],[-71.060117,42.350599],[-71.06026,42.350485]]],[[[-71.060475,42.350543],[-71.0607,42.350649],[-71.06068,42.350699],[-71.060561,42.350795],[-71.06023,42.350722],[-71.060272,42.350618],[-71.06039,42.350524],[-71.060475,42.350543]]],[[[-71.060377,42.350936],[-71.060571,42.351043],[-71.06055,42.351095],[-71.060394,42.351219],[-71.060108,42.351157],[-71.060154,42.351045],[-71.06031,42.350921],[-71.060377,42.350936]]],[[[-71.060117,42.351001],[-71.060192,42.351018],[-71.060118,42.3512],[-71.059962,42.351324],[-71.059887,42.351308],[-71.059961,42.351125],[-71.060117,42.351001]]],[[[-71.060192,42.351018],[-71.060264,42.351033],[-71.06019,42.351216],[-71.060034,42.35134],[-71.059962,42.351324],[-71.060036,42.351142],[-71.060192,42.351018]]],[[[-71.060292,42.35117],[-71.060496,42.351215],[-71.060469,42.351279],[-71.060325,42.351394],[-71.060122,42.351349],[-71.060148,42.351285],[-71.060292,42.35117]]],[[[-71.060057,42.350988],[-71.060117,42.351001],[-71.060043,42.351184],[-71.059887,42.351308],[-71.059816,42.351292],[-71.05989,42.35111],[-71.060057,42.350988]]],[[[-71.060568,42.350978],[-71.060595,42.350984],[-71.060574,42.351037],[-71.06041,42.351171],[-71.060193,42.351123],[-71.060216,42.351064],[-71.060377,42.350936],[-71.060568,42.350978]]],[[[-71.060264,42.351033],[-71.060332,42.351048],[-71.060257,42.351231],[-71.060101,42.351355],[-71.060034,42.35134],[-71.060108,42.351157],[-71.060264,42.351033]]],[[[-71.060393,42.351125],[-71.06052,42.351156],[-71.060496,42.351215],[-71.06034,42.351339],[-71.060136,42.351294],[-71.060162,42.351232],[-71.060318,42.351108],[-71.060393,42.351125]]],[[[-71.060416,42.351067],[-71.06055,42.351095],[-71.060525,42.351157],[-71.060369,42.351281],[-71.060237,42.351249],[-71.06026,42.351191],[-71.060416,42.351067]]],[[[-71.060193,42.35065],[-71.060327,42.35068],[-71.060304,42.350737],[-71.060163,42.350849],[-71.060028,42.35082],[-71.060052,42.350762],[-71.060193,42.35065]]],[[[-71.060169,42.350708],[-71.060302,42.350738],[-71.060279,42.350793],[-71.060133,42.350909],[-71.060001,42.35088],[-71.060023,42.350824],[-71.060169,42.350708]]],[[[-71.060147,42.350764],[-71.060279,42.350793],[-71.060257,42.350846],[-71.060112,42.350961],[-71.059981,42.350931],[-71.060002,42.350879],[-71.060147,42.350764]]],[[[-71.056543,42.350948],[-71.05694,42.351044],[-71.056784,42.351384],[-71.05651,42.351589],[-71.056155,42.351445],[-71.056297,42.351144],[-71.056543,42.350948]]],[[[-71.060981,42.351018],[-71.061227,42.351071],[-71.061139,42.351296],[-71.060902,42.351485],[-71.060654,42.351428],[-71.060464,42.351313],[-71.060535,42.351165],[-71.060769,42.350979],[-71.060981,42.351018]]],[[[-71.063027,42.351108],[-71.063263,42.351135],[-71.063221,42.351345],[-71.063138,42.351411],[-71.062878,42.351356],[-71.062932,42.351173],[-71.063027,42.351108]]],[[[-71.057129,42.350643],[-71.05722,42.350666],[-71.057181,42.350857],[-71.056956,42.351036],[-71.056622,42.35097],[-71.056715,42.350776],[-71.05694,42.350597],[-71.057129,42.350643]]],[[[-71.058104,42.350876],[-71.058414,42.350953],[-71.058349,42.351128],[-71.058101,42.351325],[-71.057809,42.351266],[-71.057856,42.351073],[-71.058104,42.350876]]],[[[-71.058988,42.351089],[-71.059038,42.351101],[-71.05892,42.351331],[-71.05877,42.351527],[-71.058615,42.351682],[-71.05838,42.351873],[-71.058184,42.35183],[-71.058455,42.351152],[-71.058633,42.351011],[-71.058988,42.351089]]],[[[-71.060388,42.351402],[-71.060483,42.351424],[-71.060444,42.351522],[-71.060311,42.351628],[-71.060267,42.351619],[-71.060236,42.351521],[-71.060388,42.351402]]],[[[-71.06106,42.351669],[-71.061064,42.351696],[-71.060699,42.351986],[-71.060521,42.352023],[-71.060452,42.351887],[-71.06049,42.351792],[-71.060855,42.351502],[-71.061041,42.351545],[-71.06106,42.351669]]],[[[-71.061064,42.351696],[-71.061083,42.351822],[-71.060878,42.351985],[-71.060719,42.35201],[-71.060681,42.351896],[-71.060886,42.351733],[-71.061064,42.351696]]],[[[-71.061098,42.351921],[-71.061108,42.351986],[-71.060952,42.35211],[-71.060806,42.352129],[-71.060789,42.352069],[-71.060945,42.351945],[-71.061098,42.351921]]],[[[-71.061083,42.351822],[-71.061092,42.351882],[-71.060887,42.352045],[-71.060729,42.352069],[-71.060719,42.35201],[-71.060924,42.351847],[-71.061083,42.351822]]],[[[-71.061092,42.351882],[-71.061098,42.351921],[-71.060893,42.352084],[-71.06074,42.352108],[-71.060729,42.352069],[-71.060934,42.351906],[-71.061092,42.351882]]],[[[-71.060928,42.352002],[-71.060807,42.352107],[-71.060693,42.352127],[-71.060676,42.352074],[-71.060799,42.351976],[-71.060914,42.351956],[-71.060928,42.352002]]],[[[-71.060869,42.351811],[-71.060744,42.35192],[-71.060629,42.35194],[-71.060613,42.351891],[-71.06074,42.35179],[-71.060855,42.35177],[-71.060869,42.351811]]],[[[-71.060828,42.35168],[-71.060843,42.351729],[-71.06072,42.351827],[-71.060604,42.351847],[-71.060589,42.351798],[-71.060712,42.3517],[-71.060828,42.35168]]],[[[-71.060871,42.351819],[-71.060886,42.351868],[-71.060759,42.351969],[-71.060644,42.351989],[-71.060629,42.35194],[-71.060756,42.351839],[-71.060871,42.351819]]],[[[-71.060886,42.351868],[-71.0609,42.351912],[-71.06077,42.352016],[-71.060655,42.352036],[-71.060641,42.351992],[-71.060771,42.351888],[-71.060886,42.351868]]],[[[-71.060814,42.351636],[-71.060828,42.35168],[-71.060704,42.351779],[-71.060588,42.351799],[-71.060575,42.351757],[-71.060699,42.351658],[-71.060814,42.351636]]],[[[-71.0609,42.351912],[-71.060914,42.351956],[-71.060787,42.352057],[-71.060672,42.352077],[-71.060658,42.352033],[-71.060785,42.351932],[-71.0609,42.351912]]],[[[-71.060843,42.351729],[-71.060855,42.35177],[-71.060728,42.351871],[-71.060613,42.351891],[-71.0606,42.35185],[-71.060727,42.351749],[-71.060843,42.351729]]],[[[-71.059977,42.351309],[-71.060117,42.351342],[-71.060091,42.351475],[-71.05987,42.351651],[-71.059733,42.351658],[-71.059717,42.351581],[-71.059756,42.351485],[-71.059977,42.351309]]],[[[-71.060076,42.35149],[-71.060091,42.351595],[-71.060014,42.351656],[-71.059933,42.351663],[-71.059919,42.351558],[-71.059996,42.351497],[-71.060076,42.35149]]],[[[-71.06153,42.351882],[-71.061549,42.352054],[-71.061371,42.352196],[-71.061216,42.352204],[-71.061181,42.352032],[-71.061359,42.35189],[-71.06153,42.351882]]],[[[-71.059925,42.351437],[-71.059954,42.351614],[-71.059721,42.351799],[-71.059511,42.351818],[-71.059479,42.351641],[-71.059712,42.351456],[-71.059925,42.351437]]],[[[-71.059758,42.351262],[-71.059962,42.351307],[-71.059925,42.351437],[-71.059703,42.351613],[-71.059498,42.351632],[-71.059487,42.351567],[-71.059534,42.351443],[-71.059758,42.351262]]],[[[-71.059955,42.351619],[-71.059974,42.351741],[-71.059779,42.351896],[-71.059567,42.351915],[-71.059547,42.351797],[-71.059744,42.351633],[-71.059955,42.351619]]],[[[-71.059974,42.351741],[-71.059993,42.351858],[-71.059803,42.352009],[-71.059594,42.352028],[-71.059572,42.351911],[-71.059762,42.35176],[-71.059974,42.351741]]],[[[-71.059993,42.351858],[-71.060012,42.351975],[-71.059816,42.352131],[-71.059608,42.35215],[-71.059588,42.352033],[-71.059784,42.351877],[-71.059993,42.351858]]],[[[-71.060023,42.352037],[-71.060033,42.352102],[-71.059843,42.352253],[-71.059634,42.352272],[-71.059617,42.352208],[-71.059807,42.352057],[-71.060023,42.352037]]],[[[-71.060012,42.351975],[-71.060023,42.352037],[-71.059831,42.35219],[-71.059622,42.352209],[-71.059612,42.352147],[-71.059804,42.351994],[-71.060012,42.351975]]],[[[-71.062817,42.351944],[-71.06349,42.352019],[-71.063461,42.352245],[-71.063198,42.352454],[-71.062509,42.352379],[-71.062554,42.352153],[-71.062817,42.351944]]],[[[-71.058113,42.351727],[-71.057953,42.352233],[-71.057636,42.352486],[-71.057421,42.352426],[-71.05757,42.351939],[-71.057885,42.351686],[-71.058113,42.351727]]],[[[-71.064465,42.351724],[-71.064616,42.351742],[-71.064484,42.352263],[-71.06404,42.352608],[-71.063769,42.352601],[-71.063884,42.352029],[-71.064293,42.351704],[-71.064465,42.351724]]],[[[-71.062087,42.352204],[-71.062113,42.352372],[-71.061942,42.352508],[-71.061862,42.352514],[-71.061833,42.352346],[-71.062004,42.35221],[-71.062087,42.352204]]],[[[-71.061923,42.352361],[-71.061926,42.352388],[-71.061729,42.352547],[-71.061564,42.352567],[-71.061526,42.352388],[-71.061723,42.352231],[-71.061887,42.352201],[-71.061923,42.352361]]],[[[-71.061625,42.3523],[-71.061645,42.352413],[-71.061557,42.352483],[-71.061379,42.3525],[-71.061366,42.352421],[-71.061514,42.352311],[-71.061625,42.3523]]],[[[-71.059626,42.351804],[-71.059665,42.352066],[-71.059415,42.352265],[-71.059174,42.352302],[-71.059136,42.352047],[-71.059386,42.351848],[-71.059626,42.351804]]],[[[-71.05974,42.352423],[-71.059748,42.352478],[-71.059502,42.352673],[-71.059232,42.352656],[-71.059205,42.352477],[-71.059451,42.352282],[-71.059715,42.35226],[-71.05974,42.352423]]],[[[-71.059665,42.352066],[-71.059695,42.352262],[-71.059485,42.352429],[-71.059241,42.352449],[-71.059214,42.35227],[-71.059424,42.352103],[-71.05948,42.352081],[-71.059665,42.352066]]],[[[-71.065361,42.352856],[-71.065421,42.352871],[-71.065378,42.352986],[-71.065327,42.353027],[-71.065261,42.353013],[-71.065235,42.352932],[-71.065252,42.352885],[-71.065303,42.352844],[-71.065361,42.352856]]],[[[-71.062412,42.352483],[-71.062452,42.352508],[-71.062426,42.353031],[-71.062078,42.353307],[-71.061209,42.353344],[-71.061174,42.35281],[-71.061487,42.352561],[-71.062412,42.352483]]],[[[-71.063837,42.353375],[-71.064097,42.353425],[-71.064052,42.353554],[-71.063897,42.353677],[-71.063641,42.353612],[-71.063679,42.353506],[-71.063837,42.353375]]],[[[-71.063651,42.353352],[-71.063699,42.353388],[-71.063673,42.353503],[-71.063523,42.353778],[-71.063162,42.354065],[-71.062827,42.35405],[-71.062844,42.35362],[-71.063204,42.353334],[-71.063651,42.353352]]],[[[-71.058917,42.353899],[-71.05903,42.353974],[-71.058972,42.354071],[-71.05841,42.354533],[-71.058257,42.354418],[-71.058443,42.354245],[-71.058895,42.353885],[-71.058917,42.353899]]],[[[-71.059194,42.353612],[-71.059472,42.353778],[-71.059162,42.354033],[-71.058883,42.353866],[-71.059194,42.353612]]],[[[-71.059085,42.354003],[-71.059133,42.354047],[-71.058944,42.354227],[-71.058689,42.35443],[-71.058612,42.354372],[-71.05881,42.354188],[-71.05906,42.353989],[-71.059085,42.354003]]],[[[-71.059617,42.353604],[-71.059638,42.35362],[-71.059586,42.353668],[-71.059183,42.353988],[-71.058901,42.353824],[-71.059361,42.353452],[-71.059617,42.353604]]],[[[-71.059245,42.353558],[-71.059527,42.353727],[-71.059242,42.353961],[-71.058964,42.353795],[-71.059245,42.353558]]],[[[-71.059304,42.353504],[-71.05956,42.353657],[-71.059527,42.353727],[-71.059293,42.353913],[-71.059011,42.353744],[-71.059304,42.353504]]],[[[-71.059085,42.353719],[-71.059338,42.353871],[-71.059051,42.354093],[-71.058802,42.353951],[-71.059085,42.353719]]],[[[-71.05926,42.353743],[-71.059412,42.353834],[-71.059109,42.354083],[-71.058835,42.353918],[-71.059138,42.35367],[-71.05926,42.353743]]],[[[-71.05941,42.353411],[-71.059592,42.35352],[-71.059182,42.353846],[-71.059096,42.353854],[-71.058958,42.353772],[-71.05941,42.353411]]],[[[-71.065563,42.354332],[-71.065558,42.354367],[-71.065441,42.354459],[-71.065394,42.354462],[-71.065354,42.354435],[-71.065357,42.354396],[-71.065463,42.35431],[-71.065521,42.354301],[-71.065563,42.354332]]],[[[-71.056801,42.354305],[-71.056813,42.354373],[-71.056798,42.354388],[-71.056312,42.354774],[-71.055977,42.354807],[-71.055958,42.354795],[-71.055913,42.354547],[-71.056413,42.354145],[-71.056749,42.354112],[-71.056768,42.354123],[-71.056801,42.354305]]],[[[-71.063869,42.354811],[-71.063935,42.354829],[-71.063912,42.354877],[-71.063876,42.354906],[-71.06381,42.354889],[-71.063833,42.35484],[-71.063869,42.354811]]],[[[-71.061426,42.354983],[-71.061545,42.355046],[-71.061373,42.355233],[-71.061113,42.35544],[-71.0608,42.355283],[-71.060994,42.3551],[-71.061254,42.354893],[-71.061426,42.354983]]],[[[-71.064239,42.352835],[-71.064309,42.35284],[-71.064266,42.352985],[-71.063865,42.353303],[-71.06346,42.353281],[-71.063468,42.353161],[-71.063906,42.352819],[-71.064239,42.352835]]],[[[-71.062858,42.354457],[-71.062955,42.354488],[-71.062655,42.354776],[-71.062418,42.354965],[-71.06225,42.35488],[-71.062519,42.354623],[-71.062756,42.354434],[-71.062858,42.354457]]],[[[-71.062227,42.353936],[-71.062563,42.35398],[-71.062488,42.354164],[-71.062288,42.354323],[-71.06189,42.354244],[-71.062027,42.354095],[-71.062227,42.353936]]],[[[-71.062159,42.354935],[-71.06221,42.35496],[-71.062045,42.355136],[-71.061829,42.355307],[-71.061644,42.355211],[-71.061801,42.355037],[-71.062017,42.354866],[-71.062159,42.354935]]],[[[-71.062552,42.354846],[-71.062662,42.35491],[-71.062469,42.355094],[-71.062262,42.355258],[-71.06215,42.355195],[-71.062345,42.35501],[-71.062552,42.354846]]],[[[-71.061941,42.354829],[-71.062017,42.354866],[-71.06186,42.35504],[-71.061644,42.355211],[-71.061563,42.355169],[-71.061725,42.355],[-71.061941,42.354829]]],[[[-71.062729,42.354937],[-71.062751,42.354949],[-71.06259,42.355118],[-71.062293,42.355354],[-71.062203,42.355303],[-71.062365,42.355146],[-71.062668,42.354905],[-71.062729,42.354937]]],[[[-71.062217,42.354875],[-71.062414,42.354975],[-71.062303,42.355074],[-71.061963,42.354909],[-71.062062,42.354822],[-71.062217,42.354875]]],[[[-71.062343,42.354737],[-71.062555,42.354843],[-71.062207,42.355139],[-71.06201,42.355039],[-71.062136,42.354901],[-71.062343,42.354737]]],[[[-71.062822,42.348282],[-71.063476,42.348381],[-71.063365,42.348783],[-71.063159,42.348947],[-71.06225,42.34881],[-71.062398,42.348414],[-71.062604,42.34825],[-71.062822,42.348282]]],[[[-71.062562,42.348758],[-71.063042,42.348892],[-71.062984,42.34901],[-71.062794,42.349161],[-71.062313,42.349028],[-71.062369,42.348913],[-71.062562,42.348758]]],[[[-71.062846,42.348921],[-71.062961,42.348952],[-71.062937,42.348997],[-71.062704,42.349182],[-71.062588,42.34915],[-71.062613,42.349106],[-71.062846,42.348921]]],[[[-71.063875,42.351138],[-71.063928,42.35115],[-71.06384,42.351432],[-71.063716,42.351531],[-71.063499,42.351495],[-71.063553,42.35121],[-71.063677,42.351111],[-71.063875,42.351138]]],[[[-71.06329,42.35107],[-71.063677,42.351111],[-71.063631,42.351352],[-71.063387,42.351546],[-71.062998,42.351507],[-71.063046,42.351264],[-71.06329,42.35107]]],[[[-71.062566,42.351146],[-71.062806,42.351228],[-71.062765,42.351379],[-71.062538,42.35156],[-71.062109,42.351482],[-71.062106,42.351462],[-71.062193,42.351281],[-71.06242,42.3511],[-71.062566,42.351146]]],[[[-71.062333,42.349071],[-71.062641,42.349157],[-71.062423,42.349341],[-71.062258,42.349426],[-71.062043,42.349329],[-71.062061,42.349265],[-71.062103,42.349215],[-71.062296,42.349062],[-71.062333,42.349071]]],[[[-71.061034,42.350663],[-71.06136,42.350735],[-71.061338,42.35079],[-71.061203,42.350897],[-71.06092,42.350929],[-71.060842,42.350912],[-71.060899,42.35077],[-71.061034,42.350663]]],[[[-71.057133,42.349667],[-71.057505,42.349748],[-71.057456,42.34999],[-71.057061,42.350304],[-71.056934,42.350288],[-71.056637,42.350212],[-71.056738,42.349981],[-71.057133,42.349667]]],[[[-71.057032,42.349898],[-71.057456,42.34999],[-71.057345,42.350536],[-71.057073,42.350745],[-71.056627,42.350638],[-71.056704,42.350282],[-71.056786,42.350093],[-71.057032,42.349898]]],[[[-71.056524,42.351411],[-71.05656,42.351735],[-71.056503,42.351875],[-71.056109,42.352188],[-71.055685,42.352078],[-71.0559,42.351644],[-71.056294,42.351331],[-71.056524,42.351411]]],[[[-71.05672,42.351497],[-71.056606,42.351668],[-71.056212,42.351981],[-71.056033,42.351924],[-71.05613,42.351724],[-71.056524,42.351411],[-71.05672,42.351497]]],[[[-71.057058,42.350333],[-71.057059,42.350369],[-71.05704,42.350402],[-71.056541,42.350797],[-71.056466,42.350818],[-71.056405,42.350806],[-71.056363,42.350773],[-71.056348,42.350724],[-71.056367,42.350687],[-71.056873,42.350285],[-71.056978,42.350269],[-71.057032,42.350295],[-71.057058,42.350333]]],[[[-71.057057,42.350113],[-71.057287,42.350169],[-71.057238,42.350423],[-71.056776,42.350794],[-71.056588,42.35076],[-71.056497,42.350629],[-71.056569,42.350486],[-71.057028,42.350121],[-71.057057,42.350113]]],[[[-71.056188,42.35038],[-71.056291,42.350409],[-71.05625,42.350576],[-71.055991,42.350782],[-71.055938,42.350801],[-71.055732,42.350745],[-71.055824,42.350565],[-71.056083,42.350359],[-71.056188,42.35038]]],[[[-71.061406,42.348364],[-71.061605,42.348407],[-71.061561,42.348512],[-71.061421,42.348623],[-71.061302,42.348596],[-71.061245,42.348525],[-71.061264,42.348478],[-71.061406,42.348364]]],[[[-71.061442,42.348485],[-71.061561,42.348512],[-71.061538,42.34857],[-71.061397,42.348682],[-71.061279,42.348655],[-71.061301,42.348597],[-71.061442,42.348485]]],[[[-71.06142,42.348543],[-71.061538,42.34857],[-71.061517,42.348619],[-71.06137,42.348736],[-71.061195,42.348694],[-71.061351,42.348556],[-71.06142,42.348543]]],[[[-71.062425,42.348727],[-71.062559,42.348762],[-71.062447,42.349056],[-71.062244,42.349218],[-71.062143,42.349191],[-71.062206,42.348915],[-71.062425,42.348727]]],[[[-71.062394,42.348793],[-71.062437,42.348806],[-71.062427,42.34905],[-71.062407,42.349092],[-71.062205,42.349253],[-71.062094,42.349223],[-71.062192,42.348954],[-71.062394,42.348793]]],[[[-71.062503,42.348877],[-71.062825,42.348966],[-71.062778,42.349055],[-71.062711,42.349108],[-71.062392,42.34902],[-71.062436,42.34893],[-71.062503,42.348877]]],[[[-71.06256,42.350059],[-71.062636,42.350123],[-71.062502,42.350298],[-71.062099,42.350619],[-71.061604,42.350415],[-71.061521,42.350278],[-71.061566,42.350166],[-71.061969,42.349845],[-71.062146,42.349886],[-71.06256,42.350059]]],[[[-71.062065,42.350014],[-71.062206,42.350173],[-71.062174,42.350215],[-71.061771,42.350536],[-71.061628,42.350496],[-71.061493,42.350432],[-71.061557,42.350293],[-71.06196,42.349972],[-71.062065,42.350014]]],[[[-71.062061,42.351015],[-71.06211,42.351383],[-71.061867,42.351576],[-71.061449,42.351589],[-71.061452,42.351436],[-71.061558,42.351141],[-71.061801,42.350948],[-71.062061,42.351015]]],[[[-71.061545,42.350895],[-71.061786,42.350946],[-71.061704,42.351173],[-71.061566,42.351282],[-71.061324,42.351249],[-71.061402,42.351003],[-71.061545,42.350895]]],[[[-71.061659,42.351168],[-71.061695,42.351243],[-71.061692,42.351396],[-71.061296,42.351711],[-71.060984,42.351721],[-71.060956,42.351694],[-71.061052,42.351453],[-71.061448,42.351138],[-71.061659,42.351168]]],[[[-71.061213,42.350765],[-71.061346,42.350791],[-71.061323,42.350848],[-71.061184,42.350961],[-71.061055,42.350931],[-71.061076,42.350874],[-71.061213,42.350765]]],[[[-71.060448,42.35065],[-71.060679,42.350701],[-71.060635,42.35081],[-71.06054,42.350886],[-71.060209,42.350813],[-71.060232,42.350756],[-71.060327,42.35068],[-71.060448,42.35065]]],[[[-71.057558,42.350757],[-71.057806,42.350816],[-71.057746,42.351066],[-71.0575,42.351262],[-71.05723,42.35123],[-71.057281,42.350968],[-71.057558,42.350757]]],[[[-71.060267,42.351445],[-71.060283,42.351496],[-71.060129,42.351615],[-71.060043,42.351634],[-71.060031,42.351474],[-71.060069,42.351381],[-71.060117,42.351342],[-71.060225,42.351365],[-71.060242,42.351375],[-71.060267,42.351445]]],[[[-71.062678,42.349167],[-71.062821,42.349229],[-71.062765,42.34935],[-71.062631,42.349457],[-71.062558,42.349491],[-71.062418,42.349427],[-71.062544,42.349274],[-71.062678,42.349167]]],[[[-71.062863,42.349248],[-71.063064,42.349342],[-71.062938,42.349495],[-71.062746,42.349648],[-71.062533,42.349551],[-71.06266,42.349396],[-71.062852,42.349243],[-71.062863,42.349248]]],[[[-71.061967,42.349268],[-71.061812,42.349653],[-71.061292,42.350066],[-71.061269,42.350078],[-71.06104,42.349996],[-71.061175,42.349626],[-71.061695,42.349213],[-71.061967,42.349268]]],[[[-71.061833,42.349158],[-71.061805,42.349243],[-71.061761,42.349278],[-71.061664,42.349251],[-71.061696,42.349173],[-71.06174,42.349138],[-71.061833,42.349158]]],[[[-71.061542,42.349664],[-71.061778,42.349762],[-71.061666,42.350038],[-71.061314,42.350318],[-71.060844,42.350125],[-71.060955,42.349848],[-71.061307,42.349568],[-71.061542,42.349664]]],[[[-71.061438,42.349944],[-71.061671,42.35004],[-71.061484,42.350494],[-71.061172,42.350742],[-71.060689,42.350627],[-71.060777,42.350409],[-71.06109,42.35016],[-71.061438,42.349944]]],[[[-71.058276,42.350715],[-71.058486,42.350762],[-71.058459,42.35083],[-71.058351,42.350916],[-71.05814,42.350863],[-71.058168,42.350801],[-71.058276,42.350715]]],[[[-71.057874,42.34983],[-71.058006,42.349861],[-71.057948,42.350015],[-71.057715,42.3502],[-71.057636,42.350235],[-71.057435,42.350208],[-71.057455,42.350112],[-71.057688,42.349927],[-71.057874,42.34983]]],[[[-71.057831,42.350251],[-71.05791,42.350263],[-71.057867,42.35044],[-71.057696,42.350648],[-71.057389,42.350892],[-71.057239,42.350856],[-71.057297,42.350576],[-71.057605,42.350329],[-71.057831,42.350251]]],[[[-71.05823,42.349911],[-71.058289,42.349924],[-71.058245,42.350086],[-71.058184,42.350134],[-71.05795,42.350096],[-71.058017,42.34993],[-71.058078,42.349882],[-71.05823,42.349911]]],[[[-71.058006,42.349861],[-71.05808,42.349878],[-71.058011,42.350048],[-71.05788,42.350152],[-71.057738,42.350154],[-71.057748,42.35011],[-71.057875,42.349965],[-71.058006,42.349861]]],[[[-71.05791,42.350263],[-71.058188,42.350307],[-71.058065,42.350735],[-71.057841,42.350916],[-71.057473,42.350826],[-71.057515,42.350604],[-71.057687,42.350441],[-71.05791,42.350263]]],[[[-71.057901,42.35003],[-71.058245,42.350086],[-71.0582,42.350232],[-71.057973,42.350412],[-71.05763,42.350358],[-71.057423,42.350287],[-71.057441,42.350203],[-71.057668,42.350023],[-71.057901,42.35003]]],[[[-71.05816,42.350689],[-71.058276,42.350715],[-71.058248,42.350777],[-71.058069,42.35092],[-71.057963,42.350894],[-71.057981,42.350832],[-71.05816,42.350689]]],[[[-71.057872,42.349548],[-71.057962,42.349568],[-71.057943,42.349617],[-71.057898,42.349653],[-71.057808,42.349633],[-71.057824,42.349591],[-71.057872,42.349548]]],[[[-71.058072,42.349298],[-71.058424,42.349376],[-71.058407,42.349419],[-71.058312,42.349494],[-71.057959,42.349417],[-71.057977,42.349373],[-71.058072,42.349298]]],[[[-71.057926,42.349266],[-71.058072,42.349298],[-71.058004,42.349465],[-71.057909,42.34954],[-71.057764,42.349508],[-71.057831,42.349341],[-71.057926,42.349266]]],[[[-71.057959,42.349577],[-71.058313,42.349655],[-71.058297,42.349696],[-71.058035,42.349904],[-71.057681,42.349825],[-71.057697,42.349785],[-71.057959,42.349577]]],[[[-71.062725,42.349041],[-71.06273,42.349061],[-71.062641,42.349157],[-71.062473,42.34929],[-71.062239,42.349225],[-71.062302,42.349103],[-71.06247,42.34897],[-71.062725,42.349041]]],[[[-71.062838,42.34907],[-71.062932,42.349097],[-71.062821,42.349229],[-71.062663,42.349355],[-71.062487,42.349278],[-71.062556,42.349194],[-71.062714,42.349068],[-71.062838,42.34907]]],[[[-71.062825,42.348966],[-71.062977,42.349008],[-71.062932,42.349097],[-71.062803,42.3492],[-71.062649,42.349158],[-71.062696,42.349069],[-71.062825,42.348966]]],[[[-71.055711,42.351604],[-71.055768,42.35162],[-71.055549,42.352069],[-71.055458,42.352178],[-71.055042,42.352503],[-71.054865,42.352543],[-71.054697,42.352518],[-71.054537,42.352467],[-71.054011,42.352189],[-71.054182,42.352015],[-71.054479,42.351779],[-71.055498,42.351545],[-71.055711,42.351604]]],[[[-71.063791,42.351792],[-71.063883,42.351802],[-71.063876,42.351916],[-71.063854,42.351962],[-71.063773,42.352026],[-71.063494,42.351968],[-71.063504,42.351902],[-71.063585,42.351838],[-71.063791,42.351792]]],[[[-71.064153,42.35198],[-71.064168,42.351982],[-71.064109,42.352263],[-71.063876,42.352448],[-71.063732,42.352446],[-71.06351,42.352256],[-71.063511,42.352132],[-71.063744,42.351947],[-71.064153,42.35198]]],[[[-71.063584,42.351904],[-71.063744,42.351908],[-71.063743,42.352071],[-71.063724,42.35211],[-71.063478,42.352305],[-71.063305,42.352298],[-71.063314,42.352178],[-71.063338,42.352099],[-71.063584,42.351904]]],[[[-71.063587,42.351628],[-71.063902,42.351665],[-71.063873,42.351801],[-71.063812,42.351849],[-71.063493,42.351814],[-71.063518,42.351677],[-71.063587,42.351628]]],[[[-71.060397,42.351813],[-71.06043,42.35192],[-71.060237,42.352073],[-71.06006,42.35213],[-71.059882,42.352138],[-71.059863,42.352017],[-71.060056,42.351864],[-71.060397,42.351813]]],[[[-71.06043,42.35192],[-71.060448,42.351979],[-71.060308,42.35209],[-71.060125,42.352121],[-71.060105,42.352064],[-71.060245,42.351953],[-71.06043,42.35192]]],[[[-71.060303,42.351554],[-71.060397,42.351813],[-71.060259,42.351923],[-71.060121,42.351949],[-71.060039,42.351685],[-71.060177,42.351575],[-71.060303,42.351554]]],[[[-71.06593,42.350327],[-71.065932,42.350361],[-71.065857,42.350421],[-71.065685,42.35043],[-71.065681,42.350398],[-71.065756,42.350338],[-71.06593,42.350327]]],[[[-71.065759,42.350361],[-71.065749,42.350417],[-71.065695,42.35046],[-71.065469,42.350439],[-71.065474,42.350419],[-71.065528,42.350376],[-71.065759,42.350361]]],[[[-71.065764,42.35043],[-71.065774,42.35055],[-71.065579,42.35071],[-71.065362,42.350782],[-71.065235,42.350762],[-71.065291,42.350472],[-71.065473,42.350327],[-71.065537,42.350337],[-71.065764,42.35043]]],[[[-71.06595,42.350581],[-71.065953,42.350615],[-71.06589,42.350665],[-71.065611,42.350707],[-71.065481,42.350687],[-71.065569,42.350605],[-71.065761,42.350565],[-71.06595,42.350581]]],[[[-71.065441,42.350499],[-71.065448,42.350549],[-71.065417,42.350617],[-71.065276,42.350729],[-71.065234,42.350723],[-71.065272,42.350612],[-71.065413,42.3505],[-71.065441,42.350499]]],[[[-71.06531,42.3503],[-71.065473,42.350327],[-71.065447,42.350431],[-71.065345,42.350512],[-71.065178,42.350487],[-71.065208,42.350381],[-71.06531,42.3503]]],[[[-71.06528,42.350406],[-71.065447,42.350431],[-71.065375,42.350611],[-71.065298,42.350672],[-71.06515,42.350649],[-71.065202,42.35047],[-71.06528,42.350406]]],[[[-71.065932,42.350361],[-71.06595,42.350581],[-71.065695,42.350784],[-71.065509,42.350793],[-71.065491,42.350588],[-71.065505,42.350573],[-71.06576,42.35037],[-71.065932,42.350361]]],[[[-71.066094,42.349644],[-71.065978,42.349739],[-71.065892,42.349766],[-71.065814,42.349629],[-71.065826,42.349575],[-71.065943,42.349482],[-71.066006,42.349489],[-71.066094,42.349644]]],[[[-71.065813,42.349467],[-71.065836,42.34947],[-71.065827,42.349512],[-71.06556,42.349726],[-71.065491,42.349718],[-71.065508,42.349635],[-71.065731,42.349458],[-71.065813,42.349467]]],[[[-71.065943,42.349482],[-71.065992,42.349644],[-71.065981,42.349681],[-71.065812,42.349815],[-71.065735,42.349839],[-71.065614,42.349683],[-71.065623,42.349642],[-71.065836,42.34947],[-71.065943,42.349482]]],[[[-71.065672,42.349798],[-71.065731,42.349865],[-71.065692,42.349918],[-71.065122,42.350371],[-71.064982,42.35035],[-71.064949,42.350305],[-71.065519,42.349852],[-71.065672,42.349798]]],[[[-71.065896,42.350027],[-71.065916,42.350219],[-71.065422,42.350612],[-71.065034,42.35062],[-71.064847,42.350593],[-71.064937,42.350274],[-71.065431,42.349881],[-71.065776,42.349769],[-71.065879,42.349887],[-71.065896,42.350027]]],[[[-71.065686,42.349976],[-71.065698,42.350083],[-71.065464,42.350269],[-71.065337,42.350267],[-71.065371,42.350151],[-71.065605,42.349965],[-71.065686,42.349976]]],[[[-71.06573,42.349457],[-71.06566,42.349801],[-71.065444,42.349973],[-71.065215,42.350053],[-71.065305,42.349633],[-71.065521,42.349461],[-71.06562,42.349445],[-71.06573,42.349457]]],[[[-71.066064,42.34848],[-71.066483,42.348529],[-71.066458,42.348649],[-71.06617,42.348878],[-71.065629,42.348815],[-71.065613,42.348759],[-71.065622,42.348691],[-71.06591,42.348462],[-71.066064,42.34848]]],[[[-71.065819,42.348453],[-71.06591,42.348462],[-71.065901,42.34853],[-71.065503,42.348848],[-71.065407,42.348837],[-71.065422,42.348768],[-71.065819,42.348453]]],[[[-71.064585,42.348258],[-71.064661,42.34827],[-71.064644,42.348329],[-71.0642,42.348682],[-71.064117,42.348669],[-71.064133,42.34861],[-71.064585,42.348258]]],[[[-71.064721,42.34817],[-71.064882,42.348195],[-71.064844,42.348384],[-71.064806,42.348442],[-71.064357,42.348799],[-71.063991,42.348743],[-71.064017,42.348649],[-71.064497,42.348267],[-71.064721,42.34817]]],[[[-71.065361,42.348315],[-71.065427,42.34839],[-71.065423,42.34841],[-71.065375,42.348448],[-71.065081,42.348513],[-71.06507,42.348501],[-71.065328,42.348279],[-71.065361,42.348315]]],[[[-71.064954,42.34882],[-71.065182,42.349085],[-71.064903,42.349306],[-71.064641,42.349429],[-71.064219,42.349298],[-71.064195,42.34927],[-71.064242,42.349163],[-71.064521,42.348942],[-71.064954,42.34882]]],[[[-71.064898,42.348807],[-71.064921,42.348836],[-71.064681,42.349027],[-71.064414,42.349156],[-71.064394,42.349153],[-71.06442,42.349058],[-71.06466,42.348867],[-71.064898,42.348807]]],[[[-71.065323,42.348802],[-71.06533,42.348887],[-71.065279,42.349075],[-71.06521,42.34913],[-71.065113,42.34914],[-71.064265,42.348623],[-71.064272,42.3486],[-71.064341,42.348545],[-71.064992,42.348617],[-71.065279,42.348688],[-71.065323,42.348802]]],[[[-71.064395,42.348579],[-71.06466,42.348867],[-71.064634,42.348962],[-71.064552,42.349027],[-71.064392,42.349114],[-71.064047,42.349062],[-71.064193,42.348647],[-71.064308,42.348564],[-71.064395,42.348579]]],[[[-71.06428,42.35151],[-71.064664,42.351553],[-71.064631,42.351675],[-71.06428,42.351954],[-71.06386,42.351905],[-71.063891,42.351785],[-71.064242,42.351506],[-71.06428,42.35151]]],[[[-71.064502,42.351183],[-71.064745,42.351218],[-71.064671,42.351497],[-71.064522,42.351615],[-71.064263,42.351584],[-71.064258,42.351546],[-71.064332,42.351308],[-71.064502,42.351183]]],[[[-71.064438,42.351187],[-71.06446,42.35119],[-71.06442,42.351351],[-71.064295,42.35145],[-71.063975,42.351396],[-71.064015,42.351255],[-71.06414,42.351156],[-71.064438,42.351187]]],[[[-71.063968,42.347919],[-71.064088,42.347938],[-71.064017,42.348194],[-71.063717,42.348432],[-71.063598,42.348415],[-71.063555,42.348323],[-71.063583,42.348227],[-71.063968,42.347919]]],[[[-71.064596,42.348118],[-71.064623,42.348148],[-71.064448,42.348287],[-71.064364,42.348328],[-71.064338,42.348298],[-71.064513,42.348159],[-71.064596,42.348118]]],[[[-71.065475,42.348101],[-71.065475,42.348175],[-71.065289,42.34834],[-71.065055,42.348506],[-71.064907,42.348336],[-71.06518,42.348106],[-71.06538,42.34801],[-71.065475,42.348101]]],[[[-71.065491,42.347827],[-71.065529,42.347903],[-71.06552,42.347941],[-71.064873,42.348366],[-71.064666,42.348214],[-71.064655,42.348188],[-71.06471,42.348144],[-71.065392,42.347805],[-71.065491,42.347827]]],[[[-71.064087,42.347943],[-71.064113,42.347947],[-71.064099,42.348001],[-71.064059,42.348033],[-71.064032,42.348029],[-71.064047,42.347975],[-71.064087,42.347943]]],[[[-71.063947,42.347999],[-71.064093,42.348022],[-71.064067,42.348117],[-71.063722,42.348391],[-71.063575,42.348368],[-71.063602,42.348273],[-71.063947,42.347999]]],[[[-71.065371,42.347781],[-71.065392,42.347805],[-71.065338,42.347848],[-71.064667,42.348213],[-71.064569,42.348191],[-71.064542,42.348161],[-71.064798,42.34794],[-71.064975,42.347854],[-71.065274,42.347785],[-71.065371,42.347781]]],[[[-71.063842,42.348147],[-71.064047,42.348191],[-71.06402,42.348291],[-71.063895,42.34839],[-71.06324,42.348292],[-71.063266,42.348196],[-71.063391,42.348097],[-71.063602,42.34811],[-71.063842,42.348147]]],[[[-71.063856,42.347985],[-71.063883,42.347989],[-71.063855,42.348085],[-71.063615,42.348276],[-71.063589,42.348272],[-71.063616,42.348176],[-71.063856,42.347985]]],[[[-71.06346,42.347843],[-71.063606,42.347866],[-71.063535,42.348118],[-71.063435,42.348197],[-71.063291,42.348176],[-71.06336,42.347922],[-71.06346,42.347843]]],[[[-71.056633,42.34926],[-71.056761,42.34923],[-71.056573,42.349612],[-71.056326,42.349808],[-71.056222,42.349779],[-71.056386,42.349456],[-71.056633,42.34926]]],[[[-71.063742,42.3521],[-71.063975,42.352108],[-71.063965,42.352261],[-71.063737,42.352439],[-71.063351,42.352428],[-71.063328,42.352416],[-71.063333,42.352306],[-71.063549,42.352134],[-71.063742,42.3521]]],[[[-71.058054,42.349342],[-71.058407,42.349419],[-71.058313,42.349655],[-71.057928,42.349961],[-71.057574,42.349883],[-71.057669,42.349648],[-71.058054,42.349342]]],[[[-71.064072,42.347997],[-71.064099,42.348001],[-71.064093,42.348022],[-71.063852,42.348214],[-71.063824,42.34821],[-71.063831,42.348189],[-71.064072,42.347997]]],[[[-71.057031,42.350107],[-71.057057,42.350113],[-71.056954,42.350266],[-71.056551,42.350587],[-71.056517,42.35059],[-71.056596,42.350438],[-71.057004,42.350112],[-71.057031,42.350107]]],[[[-71.056989,42.350098],[-71.056864,42.350331],[-71.056579,42.350558],[-71.056512,42.350566],[-71.056635,42.350325],[-71.056922,42.350095],[-71.056945,42.350086],[-71.056989,42.350098]]],[[[-71.057316,42.350191],[-71.057347,42.350197],[-71.057287,42.350483],[-71.056922,42.350773],[-71.056894,42.35078],[-71.056636,42.350716],[-71.057316,42.350191]]],[[[-71.056985,42.350097],[-71.057031,42.350107],[-71.056917,42.350269],[-71.056552,42.350559],[-71.056502,42.350579],[-71.056593,42.350398],[-71.056985,42.350097]]],[[[-71.056676,42.349171],[-71.056775,42.349199],[-71.056635,42.349782],[-71.056434,42.350281],[-71.056238,42.350673],[-71.056046,42.350826],[-71.055962,42.350842],[-71.055445,42.350856],[-71.055313,42.350845],[-71.055175,42.350792],[-71.054833,42.35053],[-71.055295,42.349619],[-71.055487,42.349466],[-71.056596,42.349149],[-71.056676,42.349171]]],[[[-71.055256,42.350121],[-71.055311,42.350145],[-71.055172,42.350418],[-71.054865,42.350662],[-71.054807,42.350646],[-71.054949,42.350365],[-71.055256,42.350121]]],[[[-71.065257,42.347643],[-71.065319,42.347677],[-71.065318,42.347764],[-71.065006,42.347997],[-71.064614,42.348189],[-71.06423,42.348342],[-71.064194,42.348336],[-71.064243,42.348161],[-71.064357,42.347899],[-71.064503,42.347783],[-71.064894,42.347587],[-71.065257,42.347643]]],[[[-71.065837,42.348044],[-71.065995,42.348062],[-71.06591,42.348462],[-71.065539,42.348757],[-71.065381,42.34874],[-71.065466,42.348339],[-71.065837,42.348044]]],[[[-71.065439,42.35046],[-71.065441,42.350499],[-71.065261,42.350642],[-71.065222,42.350642],[-71.065232,42.350599],[-71.065412,42.350456],[-71.065439,42.35046]]],[[[-71.063021,42.349251],[-71.063027,42.349288],[-71.063004,42.349315],[-71.062852,42.349436],[-71.062711,42.349369],[-71.062689,42.349327],[-71.062768,42.349242],[-71.06292,42.349121],[-71.062979,42.349145],[-71.063021,42.349251]]],[[[-71.057059,42.351648],[-71.057141,42.351687],[-71.057078,42.352025],[-71.056562,42.352435],[-71.055987,42.352285],[-71.056036,42.352157],[-71.056206,42.351908],[-71.056722,42.351498],[-71.057059,42.351648]]],[[[-71.057728,42.354303],[-71.057909,42.354363],[-71.057739,42.354635],[-71.057498,42.354827],[-71.057305,42.354773],[-71.057487,42.354495],[-71.057728,42.354303]]],[[[-71.064339,42.352409],[-71.064373,42.352435],[-71.064344,42.352661],[-71.063947,42.352977],[-71.063527,42.352953],[-71.063545,42.352711],[-71.063942,42.352395],[-71.064339,42.352409]]],[[[-71.063924,42.352637],[-71.064344,42.352661],[-71.064309,42.352812],[-71.063815,42.353205],[-71.063415,42.353185],[-71.06343,42.35303],[-71.063924,42.352637]]],[[[-71.0605,42.352135],[-71.060606,42.352497],[-71.060292,42.352747],[-71.060025,42.352754],[-71.059994,42.352628],[-71.060002,42.352417],[-71.060316,42.352167],[-71.0605,42.352135]]],[[[-71.060276,42.352208],[-71.060339,42.352504],[-71.060021,42.352756],[-71.059843,42.352757],[-71.0598,42.352473],[-71.060118,42.352221],[-71.060276,42.352208]]],[[[-71.058095,42.354303],[-71.058251,42.354395],[-71.057938,42.3547],[-71.057694,42.354894],[-71.057495,42.354829],[-71.057736,42.354455],[-71.05798,42.354261],[-71.058095,42.354303]]],[[[-71.05806,42.353838],[-71.058134,42.353886],[-71.057976,42.354134],[-71.057727,42.354332],[-71.057607,42.354289],[-71.057765,42.354034],[-71.058014,42.353836],[-71.05806,42.353838]]],[[[-71.059207,42.353385],[-71.059213,42.35342],[-71.058984,42.353616],[-71.058741,42.353468],[-71.058861,42.353373],[-71.059207,42.353385]]],[[[-71.05837,42.354038],[-71.05852,42.354135],[-71.058272,42.354373],[-71.058034,42.354562],[-71.057903,42.354486],[-71.058005,42.35434],[-71.05837,42.354038]]],[[[-71.058221,42.353942],[-71.05837,42.354038],[-71.058195,42.354219],[-71.057971,42.354397],[-71.057844,42.354347],[-71.057997,42.35412],[-71.058221,42.353942]]],[[[-71.058229,42.353363],[-71.058264,42.353363],[-71.058144,42.353678],[-71.057915,42.35386],[-71.057718,42.353724],[-71.057704,42.353691],[-71.057751,42.353572],[-71.05798,42.35339],[-71.058016,42.353373],[-71.058229,42.353363]]],[[[-71.058142,42.353891],[-71.058221,42.353942],[-71.058068,42.354169],[-71.057834,42.354355],[-71.057742,42.35432],[-71.0579,42.354072],[-71.058142,42.353891]]],[[[-71.057976,42.354134],[-71.058085,42.354175],[-71.058035,42.354248],[-71.057809,42.354428],[-71.057583,42.354347],[-71.05763,42.354271],[-71.057856,42.354091],[-71.057976,42.354134]]],[[[-71.057809,42.354167],[-71.058,42.354238],[-71.057909,42.354363],[-71.057671,42.354552],[-71.05749,42.354492],[-71.057571,42.354356],[-71.057809,42.354167]]],[[[-71.058447,42.353361],[-71.058847,42.353764],[-71.05861,42.353988],[-71.058378,42.354172],[-71.05791,42.353864],[-71.058031,42.35354],[-71.058263,42.353356],[-71.058447,42.353361]]],[[[-71.058861,42.353373],[-71.059104,42.353521],[-71.058881,42.353729],[-71.058058,42.354383],[-71.057675,42.354268],[-71.057565,42.354206],[-71.057624,42.354015],[-71.058447,42.353361],[-71.058707,42.353349],[-71.058861,42.353373]]],[[[-71.057334,42.354063],[-71.057519,42.354242],[-71.057494,42.354281],[-71.05738,42.354371],[-71.056784,42.35417],[-71.056856,42.354054],[-71.057003,42.353951],[-71.057334,42.354063]]],[[[-71.056212,42.352057],[-71.056798,42.352204],[-71.056722,42.35237],[-71.054866,42.353845],[-71.054584,42.35395],[-71.05399,42.353801],[-71.054067,42.353637],[-71.055923,42.352162],[-71.056212,42.352057]]],[[[-71.056379,42.35246],[-71.05639,42.352493],[-71.056101,42.352724],[-71.055779,42.352841],[-71.055752,42.352836],[-71.055594,42.352591],[-71.055909,42.352342],[-71.056379,42.35246]]],[[[-71.057309,42.352896],[-71.057266,42.353188],[-71.056472,42.353819],[-71.056324,42.353725],[-71.056305,42.353663],[-71.056344,42.353592],[-71.057145,42.352955],[-71.057309,42.352896]]],[[[-71.056174,42.354302],[-71.056231,42.354504],[-71.05587,42.354791],[-71.05531,42.354878],[-71.055267,42.354761],[-71.055745,42.354392],[-71.056174,42.354302]]],[[[-71.055799,42.353703],[-71.055823,42.353729],[-71.055366,42.354092],[-71.05518,42.354175],[-71.055103,42.35419],[-71.054919,42.354001],[-71.055421,42.353589],[-71.055589,42.353497],[-71.055799,42.353703]]],[[[-71.055258,42.35365],[-71.055484,42.353868],[-71.055266,42.354042],[-71.054944,42.354259],[-71.054697,42.354012],[-71.054915,42.353838],[-71.055258,42.35365]]],[[[-71.055942,42.353381],[-71.056064,42.353622],[-71.055783,42.353845],[-71.055542,42.353952],[-71.055292,42.353692],[-71.055573,42.353469],[-71.055897,42.353294],[-71.055942,42.353381]]],[[[-71.055691,42.353481],[-71.055872,42.353669],[-71.055591,42.353892],[-71.055518,42.353926],[-71.055341,42.353741],[-71.055622,42.353518],[-71.055691,42.353481]]],[[[-71.056981,42.353743],[-71.056982,42.353769],[-71.056584,42.354086],[-71.056314,42.354173],[-71.056123,42.353876],[-71.056521,42.353559],[-71.056816,42.353425],[-71.056941,42.353395],[-71.056971,42.353492],[-71.056981,42.353743]]],[[[-71.05699,42.352229],[-71.057,42.352232],[-71.056951,42.352343],[-71.056859,42.352484],[-71.05632,42.352913],[-71.055737,42.35307],[-71.055608,42.353036],[-71.055384,42.352591],[-71.055401,42.352556],[-71.05594,42.352127],[-71.056202,42.352031],[-71.05699,42.352229]]],[[[-71.059341,42.352738],[-71.05937,42.35301],[-71.058141,42.353987],[-71.056775,42.353904],[-71.056826,42.353593],[-71.056842,42.353571],[-71.058142,42.35255],[-71.058902,42.352524],[-71.059318,42.352574],[-71.059341,42.352738]]],[[[-71.059707,42.353921],[-71.059795,42.353973],[-71.059652,42.354091],[-71.059566,42.354039],[-71.059707,42.353921]]],[[[-71.059662,42.353426],[-71.059789,42.35348],[-71.059572,42.353679],[-71.059527,42.353652],[-71.059485,42.353584],[-71.059566,42.353498],[-71.059662,42.353426]]],[[[-71.060156,42.353018],[-71.060198,42.353083],[-71.060084,42.353206],[-71.059757,42.353466],[-71.059568,42.35355],[-71.059285,42.353405],[-71.059226,42.353032],[-71.059553,42.352772],[-71.059657,42.352762],[-71.060156,42.353018]]],[[[-71.059559,42.352814],[-71.059606,42.353106],[-71.059495,42.353194],[-71.059466,42.353196],[-71.05942,42.352904],[-71.059531,42.352816],[-71.059559,42.352814]]],[[[-71.060289,42.353129],[-71.060325,42.353148],[-71.06021,42.353271],[-71.059964,42.353467],[-71.059838,42.353402],[-71.059952,42.353279],[-71.060198,42.353083],[-71.060289,42.353129]]],[[[-71.061317,42.353123],[-71.06136,42.353145],[-71.061342,42.353234],[-71.061284,42.353363],[-71.060885,42.35368],[-71.060411,42.353448],[-71.060572,42.353267],[-71.060971,42.35295],[-71.061317,42.353123]]],[[[-71.06134,42.352871],[-71.06136,42.353145],[-71.060961,42.353462],[-71.060879,42.353482],[-71.060655,42.353372],[-71.060572,42.353267],[-71.060704,42.353119],[-71.061104,42.352801],[-71.06134,42.352871]]],[[[-71.061336,42.35258],[-71.061347,42.35287],[-71.060951,42.353185],[-71.060859,42.353195],[-71.060724,42.353124],[-71.060798,42.352907],[-71.061194,42.352592],[-71.061336,42.35258]]],[[[-71.060338,42.35264],[-71.060353,42.352761],[-71.06027,42.352827],[-71.060114,42.352806],[-71.060105,42.352712],[-71.060188,42.352643],[-71.060338,42.35264]]],[[[-71.06164,42.351832],[-71.061641,42.351847],[-71.061311,42.35211],[-71.061022,42.352122],[-71.060959,42.351806],[-71.061289,42.351543],[-71.061513,42.351535],[-71.061607,42.35166],[-71.06164,42.351832]]],[[[-71.06213,42.351536],[-71.062209,42.351553],[-71.062193,42.351747],[-71.062148,42.351881],[-71.061848,42.35212],[-71.061397,42.352274],[-71.061338,42.352276],[-71.061232,42.351903],[-71.061214,42.351777],[-71.061514,42.351538],[-71.062023,42.351525],[-71.06213,42.351536]]],[[[-71.062561,42.352111],[-71.062499,42.352341],[-71.062273,42.352521],[-71.06198,42.352552],[-71.06196,42.352374],[-71.062023,42.352261],[-71.062249,42.352081],[-71.062561,42.352111]]],[[[-71.060742,42.351969],[-71.061117,42.352277],[-71.061084,42.352464],[-71.060672,42.352791],[-71.060297,42.352824],[-71.060139,42.352322],[-71.060551,42.351995],[-71.060742,42.351969]]],[[[-71.061106,42.352027],[-71.061117,42.352277],[-71.060989,42.352379],[-71.060913,42.352394],[-71.060713,42.352394],[-71.060648,42.352185],[-71.060795,42.352076],[-71.061106,42.352027]]],[[[-71.06074,42.351962],[-71.060536,42.352133],[-71.060345,42.352159],[-71.060264,42.351891],[-71.06047,42.351727],[-71.060656,42.351696],[-71.06074,42.351962]]],[[[-71.056092,42.353765],[-71.05619,42.3543],[-71.055782,42.354624],[-71.055626,42.354648],[-71.055588,42.354598],[-71.055483,42.354176],[-71.055891,42.353852],[-71.056092,42.353765]]],[[[-71.056414,42.353656],[-71.056471,42.353921],[-71.055859,42.354407],[-71.055773,42.354416],[-71.055741,42.354401],[-71.055697,42.354175],[-71.055707,42.35415],[-71.056334,42.353653],[-71.056391,42.353626],[-71.056414,42.353656]]],[[[-71.057776,42.35277],[-71.057796,42.352781],[-71.057731,42.353195],[-71.056936,42.353827],[-71.05687,42.353821],[-71.056514,42.353528],[-71.05731,42.352888],[-71.05756,42.352748],[-71.057688,42.352735],[-71.057776,42.35277]]],[[[-71.066029,42.351867],[-71.066295,42.351885],[-71.06627,42.352169],[-71.066131,42.35228],[-71.065851,42.352276],[-71.065889,42.351978],[-71.066029,42.351867]]],[[[-71.06599,42.352165],[-71.06608,42.35217],[-71.066063,42.352392],[-71.065803,42.352598],[-71.065707,42.352593],[-71.065707,42.352431],[-71.065727,42.352371],[-71.06599,42.352165]]],[[[-71.060994,42.352666],[-71.060973,42.352762],[-71.060851,42.352905],[-71.060535,42.353156],[-71.060181,42.353029],[-71.060159,42.352892],[-71.060475,42.352641],[-71.060985,42.352601],[-71.060994,42.352666]]],[[[-71.05939,42.353095],[-71.059389,42.353168],[-71.059355,42.353218],[-71.059025,42.353481],[-71.058937,42.353519],[-71.057677,42.353512],[-71.057634,42.35348],[-71.057684,42.353176],[-71.057997,42.352927],[-71.058889,42.352769],[-71.059283,42.352791],[-71.05931,42.352801],[-71.05939,42.353095]]],[[[-71.057546,42.353519],[-71.057242,42.354027],[-71.056146,42.354898],[-71.055893,42.354813],[-71.056199,42.354305],[-71.057295,42.353434],[-71.057546,42.353519]]],[[[-71.057835,42.353737],[-71.057846,42.353741],[-71.057535,42.354247],[-71.056439,42.355118],[-71.05618,42.355033],[-71.056492,42.354525],[-71.057588,42.353654],[-71.057835,42.353737]]],[[[-71.059414,42.353996],[-71.059612,42.354124],[-71.058943,42.354672],[-71.058553,42.354631],[-71.058492,42.354587],[-71.058681,42.354407],[-71.059133,42.354047],[-71.059414,42.353996]]],[[[-71.059811,42.353458],[-71.060133,42.353635],[-71.059998,42.35377],[-71.059595,42.35409],[-71.059279,42.353908],[-71.059408,42.353778],[-71.059811,42.353458]]],[[[-71.059603,42.353695],[-71.059795,42.353807],[-71.059347,42.354168],[-71.059158,42.354054],[-71.059603,42.353695]]],[[[-71.059597,42.353398],[-71.059658,42.353425],[-71.059577,42.353511],[-71.059174,42.353831],[-71.059007,42.353731],[-71.059432,42.35339],[-71.059597,42.353398]]],[[[-71.060475,42.352641],[-71.060851,42.352905],[-71.060699,42.353076],[-71.060475,42.353254],[-71.060044,42.353042],[-71.060114,42.352818],[-71.060338,42.35264],[-71.060475,42.352641]]],[[[-71.05665,42.353319],[-71.05666,42.353366],[-71.055982,42.353905],[-71.055726,42.354025],[-71.055348,42.353869],[-71.05532,42.353764],[-71.055998,42.353225],[-71.056237,42.353097],[-71.056638,42.353263],[-71.05665,42.353319]]],[[[-71.05508,42.35411],[-71.055079,42.354153],[-71.055049,42.354192],[-71.054774,42.354437],[-71.053486,42.355463],[-71.053436,42.355479],[-71.053369,42.355465],[-71.053114,42.3552],[-71.053105,42.355156],[-71.053128,42.355116],[-71.054391,42.354111],[-71.054776,42.353908],[-71.054834,42.353899],[-71.054889,42.353912],[-71.05493,42.353943],[-71.05508,42.35411]]],[[[-71.056682,42.353584],[-71.056787,42.353755],[-71.056712,42.353856],[-71.056031,42.354396],[-71.055921,42.354435],[-71.055806,42.35445],[-71.055729,42.354424],[-71.055693,42.354214],[-71.055726,42.354155],[-71.056391,42.353626],[-71.056506,42.353573],[-71.056682,42.353584]]],[[[-71.062591,42.351633],[-71.062678,42.351664],[-71.062561,42.352111],[-71.061597,42.352877],[-71.061235,42.352842],[-71.061184,42.352647],[-71.061166,42.352505],[-71.061245,42.352319],[-71.062209,42.351553],[-71.062591,42.351633]]],[[[-71.06213,42.352029],[-71.062199,42.352035],[-71.062173,42.352139],[-71.061208,42.352907],[-71.060759,42.352926],[-71.060733,42.352801],[-71.061697,42.352035],[-71.06213,42.352029]]],[[[-71.057568,42.353685],[-71.057744,42.353748],[-71.057533,42.354095],[-71.056212,42.355145],[-71.055852,42.35502],[-71.056064,42.354675],[-71.057385,42.353625],[-71.057568,42.353685]]],[[[-71.055063,42.348791],[-71.055389,42.348911],[-71.055334,42.349294],[-71.055315,42.349324],[-71.055026,42.349621],[-71.054774,42.349821],[-71.054329,42.349659],[-71.054341,42.349489],[-71.054374,42.349439],[-71.054811,42.348991],[-71.055063,42.348791]]],[[[-71.054447,42.34941],[-71.055026,42.349621],[-71.054881,42.349898],[-71.054341,42.350706],[-71.054058,42.351068],[-71.053747,42.351316],[-71.053166,42.351101],[-71.054136,42.349658],[-71.054447,42.34941]]],[[[-71.056673,42.347544],[-71.056683,42.347603],[-71.056521,42.347846],[-71.05537,42.34956],[-71.055234,42.349697],[-71.05505,42.349843],[-71.054335,42.349583],[-71.054349,42.349455],[-71.055724,42.347408],[-71.055908,42.347262],[-71.056673,42.347544]]],[[[-71.063727,42.348454],[-71.063853,42.348473],[-71.063751,42.348868],[-71.063307,42.349221],[-71.06318,42.349176],[-71.063283,42.348807],[-71.063727,42.348454]]],[[[-71.06266,42.350451],[-71.062714,42.350474],[-71.062689,42.350571],[-71.062626,42.35066],[-71.061998,42.351174],[-71.061775,42.351112],[-71.062016,42.350799],[-71.062526,42.350394],[-71.06266,42.350451]]],[[[-71.065089,42.349605],[-71.065169,42.349617],[-71.065157,42.349664],[-71.064803,42.349945],[-71.064722,42.349932],[-71.064735,42.349886],[-71.065089,42.349605]]],[[[-71.064301,42.349908],[-71.064382,42.349921],[-71.064364,42.349983],[-71.063979,42.350289],[-71.063898,42.350277],[-71.063916,42.350214],[-71.064301,42.349908]]],[[[-71.065089,42.349605],[-71.065157,42.349664],[-71.065043,42.35009],[-71.064769,42.350308],[-71.06409,42.350201],[-71.064027,42.350126],[-71.064142,42.349719],[-71.064416,42.349501],[-71.065089,42.349605]]],[[[-71.064217,42.34979],[-71.064205,42.349903],[-71.06382,42.350211],[-71.063749,42.350197],[-71.063753,42.350056],[-71.064136,42.349752],[-71.064207,42.34974],[-71.064217,42.34979]]],[[[-71.064343,42.349564],[-71.064395,42.349572],[-71.064283,42.349971],[-71.063987,42.350212],[-71.063878,42.350199],[-71.063442,42.349705],[-71.063736,42.349471],[-71.064343,42.349564]]],[[[-71.064332,42.350026],[-71.064737,42.350164],[-71.064699,42.350337],[-71.064501,42.350494],[-71.064023,42.350327],[-71.064116,42.350177],[-71.064314,42.35002],[-71.064332,42.350026]]],[[[-71.064221,42.35017],[-71.06469,42.350337],[-71.064369,42.350668],[-71.06408,42.350898],[-71.063701,42.350772],[-71.063932,42.3504],[-71.064221,42.35017]]],[[[-71.064826,42.350187],[-71.065001,42.350248],[-71.0649,42.350628],[-71.064407,42.35102],[-71.064117,42.350977],[-71.064163,42.350689],[-71.064244,42.350556],[-71.064741,42.350158],[-71.064826,42.350187]]],[[[-71.064369,42.350668],[-71.064419,42.350685],[-71.064338,42.350854],[-71.064003,42.35112],[-71.063602,42.350984],[-71.063702,42.350824],[-71.064037,42.350558],[-71.064369,42.350668]]],[[[-71.055234,42.349697],[-71.055307,42.349724],[-71.054337,42.351171],[-71.054254,42.351237],[-71.053975,42.351134],[-71.054943,42.349687],[-71.055026,42.349621],[-71.055234,42.349697]]],[[[-71.05595,42.349559],[-71.056261,42.349488],[-71.056215,42.349578],[-71.055969,42.349773],[-71.055852,42.349832],[-71.055688,42.349787],[-71.055704,42.349754],[-71.05595,42.349559]]],[[[-71.055801,42.350385],[-71.055887,42.350409],[-71.055847,42.350489],[-71.055603,42.350683],[-71.055517,42.35066],[-71.055557,42.350579],[-71.055801,42.350385]]],[[[-71.05573,42.350375],[-71.05571,42.35043],[-71.055436,42.350646],[-71.055342,42.350655],[-71.055285,42.350616],[-71.055276,42.350588],[-71.055289,42.350547],[-71.05557,42.350323],[-71.055608,42.350311],[-71.055679,42.350319],[-71.05573,42.350375]]],[[[-71.06376,42.350394],[-71.06378,42.35063],[-71.063649,42.350841],[-71.063008,42.35135],[-71.062786,42.351317],[-71.062767,42.351085],[-71.062898,42.350873],[-71.063539,42.350364],[-71.06376,42.350394]]],[[[-71.063856,42.350407],[-71.063915,42.350416],[-71.06378,42.35063],[-71.063629,42.35075],[-71.063609,42.350514],[-71.06376,42.350394],[-71.063856,42.350407]]],[[[-71.06378,42.35063],[-71.063793,42.350805],[-71.063642,42.350925],[-71.063532,42.350908],[-71.063629,42.35075],[-71.06378,42.35063]]],[[[-71.064037,42.350558],[-71.064353,42.35085],[-71.064327,42.350909],[-71.064176,42.351029],[-71.063786,42.350989],[-71.063642,42.350925],[-71.063629,42.35075],[-71.063714,42.350617],[-71.063865,42.350497],[-71.064037,42.350558]]],[[[-71.062521,42.349582],[-71.062619,42.349656],[-71.062468,42.349814],[-71.062205,42.349916],[-71.062095,42.34987],[-71.062224,42.349577],[-71.062279,42.349534],[-71.062368,42.349508],[-71.062521,42.349582]]],[[[-71.062234,42.349448],[-71.062279,42.349534],[-71.06215,42.349827],[-71.0619,42.350025],[-71.061749,42.349962],[-71.061917,42.349556],[-71.062167,42.349358],[-71.062234,42.349448]]],[[[-71.058145,42.349476],[-71.058139,42.349501],[-71.057414,42.350077],[-71.057372,42.350085],[-71.05735,42.350072],[-71.057356,42.350032],[-71.058076,42.34946],[-71.058122,42.349455],[-71.058145,42.349476]]],[[[-71.058277,42.349498],[-71.058274,42.349528],[-71.057482,42.350158],[-71.057442,42.350165],[-71.057416,42.350148],[-71.05742,42.350116],[-71.05821,42.349488],[-71.058246,42.34948],[-71.058277,42.349498]]],[[[-71.062528,42.349572],[-71.062623,42.349617],[-71.062234,42.349937],[-71.06214,42.349893],[-71.062528,42.349572]]],[[[-71.062287,42.349326],[-71.06258,42.349458],[-71.06223,42.349754],[-71.062113,42.349706],[-71.062041,42.349521],[-71.062287,42.349326]]],[[[-71.062287,42.349326],[-71.062327,42.349405],[-71.06232,42.349423],[-71.062031,42.349652],[-71.061945,42.349677],[-71.061918,42.349667],[-71.061867,42.349568],[-71.06188,42.349535],[-71.062169,42.349306],[-71.062233,42.349284],[-71.062287,42.349326]]],[[[-71.062315,42.349425],[-71.062359,42.349511],[-71.06207,42.34974],[-71.06199,42.349763],[-71.061945,42.349677],[-71.062234,42.349448],[-71.062315,42.349425]]],[[[-71.062962,42.349783],[-71.062988,42.349795],[-71.062917,42.350056],[-71.062631,42.350283],[-71.062542,42.350334],[-71.062158,42.350176],[-71.062354,42.349911],[-71.06264,42.349684],[-71.062962,42.349783]]],[[[-71.062673,42.349765],[-71.062751,42.349798],[-71.062642,42.349942],[-71.062312,42.350205],[-71.062165,42.350144],[-71.062191,42.350108],[-71.062525,42.34984],[-71.062673,42.349765]]],[[[-71.06279,42.349814],[-71.062941,42.349878],[-71.062909,42.34992],[-71.062579,42.350183],[-71.062427,42.35012],[-71.06246,42.350077],[-71.06279,42.349814]]],[[[-71.063279,42.349956],[-71.063382,42.349972],[-71.063374,42.35],[-71.062996,42.350301],[-71.062893,42.350285],[-71.062902,42.350255],[-71.063279,42.349956]]],[[[-71.063355,42.349672],[-71.063462,42.349688],[-71.063453,42.349722],[-71.063088,42.350012],[-71.062982,42.349993],[-71.06299,42.349962],[-71.063355,42.349672]]],[[[-71.063355,42.349672],[-71.063453,42.349722],[-71.063382,42.349972],[-71.063279,42.350187],[-71.062932,42.350463],[-71.062778,42.350439],[-71.062918,42.349936],[-71.063265,42.34966],[-71.063355,42.349672]]],[[[-71.063332,42.349996],[-71.063359,42.35],[-71.063338,42.350075],[-71.063032,42.350318],[-71.063005,42.350314],[-71.063026,42.350239],[-71.063332,42.349996]]],[[[-71.064142,42.349786],[-71.064124,42.349913],[-71.063733,42.350224],[-71.06351,42.350065],[-71.063405,42.34985],[-71.063796,42.349539],[-71.063931,42.349567],[-71.064029,42.349617],[-71.064115,42.349706],[-71.064142,42.349786]]],[[[-71.064254,42.350062],[-71.064204,42.350169],[-71.063774,42.350511],[-71.063697,42.35055],[-71.063664,42.350529],[-71.062989,42.349764],[-71.063465,42.349378],[-71.063594,42.349316],[-71.064085,42.349784],[-71.064254,42.350062]]],[[[-71.063901,42.349754],[-71.064001,42.34977],[-71.063519,42.350153],[-71.063393,42.350215],[-71.063419,42.350137],[-71.063901,42.349754]]],[[[-71.063445,42.349309],[-71.06357,42.349327],[-71.063059,42.349746],[-71.062988,42.349765],[-71.063014,42.349652],[-71.063445,42.349309]]],[[[-71.063419,42.349422],[-71.063687,42.349729],[-71.063388,42.349966],[-71.063159,42.34994],[-71.063047,42.349908],[-71.063113,42.349668],[-71.063419,42.349422]]],[[[-71.063202,42.349429],[-71.063192,42.349457],[-71.063052,42.349606],[-71.062932,42.349701],[-71.062899,42.349672],[-71.062881,42.349606],[-71.062914,42.349551],[-71.063074,42.349432],[-71.063132,42.349419],[-71.063202,42.349429]]],[[[-71.063217,42.349513],[-71.063201,42.349559],[-71.063022,42.3497],[-71.062909,42.349717],[-71.062886,42.349691],[-71.062876,42.349661],[-71.06289,42.34962],[-71.063083,42.349466],[-71.063128,42.349452],[-71.063192,42.349457],[-71.063217,42.349513]]],[[[-71.063481,42.349274],[-71.063557,42.349285],[-71.063548,42.349317],[-71.062976,42.349771],[-71.062901,42.34976],[-71.062909,42.349728],[-71.063481,42.349274]]],[[[-71.063467,42.349225],[-71.063523,42.349233],[-71.063511,42.349279],[-71.062984,42.349698],[-71.062946,42.349723],[-71.06292,42.349719],[-71.06294,42.349644],[-71.063467,42.349225]]],[[[-71.063861,42.352963],[-71.064257,42.352984],[-71.064238,42.353054],[-71.063998,42.353244],[-71.063616,42.353221],[-71.063621,42.353153],[-71.063861,42.352963]]],[[[-71.063986,42.35363],[-71.063998,42.353634],[-71.063989,42.353668],[-71.063892,42.353833],[-71.063366,42.354251],[-71.063119,42.354178],[-71.063242,42.353982],[-71.063768,42.353564],[-71.063986,42.35363]]],[[[-71.063609,42.353818],[-71.063862,42.353896],[-71.063852,42.353943],[-71.063788,42.35406],[-71.063231,42.354507],[-71.062967,42.354429],[-71.063092,42.354229],[-71.063609,42.353818]]],[[[-71.063388,42.352382],[-71.063705,42.352384],[-71.063695,42.352563],[-71.063299,42.352877],[-71.06312,42.352989],[-71.062984,42.352883],[-71.062967,42.352696],[-71.063363,42.352382],[-71.063388,42.352382]]],[[[-71.06272,42.353391],[-71.063082,42.353402],[-71.063043,42.353655],[-71.061767,42.354669],[-71.061281,42.354671],[-71.061246,42.354649],[-71.061444,42.354405],[-71.06272,42.353391]]],[[[-71.059303,42.352593],[-71.059322,42.352726],[-71.058988,42.352992],[-71.058657,42.352985],[-71.058554,42.352947],[-71.058563,42.352811],[-71.058897,42.352545],[-71.059303,42.352593]]],[[[-71.058065,42.352629],[-71.058126,42.352633],[-71.058097,42.352814],[-71.057841,42.353018],[-71.057786,42.353015],[-71.057809,42.352833],[-71.058065,42.352629]]],[[[-71.058791,42.353038],[-71.058968,42.35305],[-71.058955,42.353161],[-71.058601,42.353443],[-71.058424,42.353431],[-71.058437,42.35332],[-71.058791,42.353038]]],[[[-71.059216,42.352859],[-71.059239,42.353018],[-71.059224,42.353136],[-71.058812,42.353472],[-71.058617,42.353458],[-71.058634,42.353321],[-71.058694,42.35314],[-71.059061,42.352848],[-71.059216,42.352859]]],[[[-71.057388,42.352965],[-71.057615,42.352985],[-71.057587,42.353153],[-71.056674,42.353879],[-71.056448,42.353859],[-71.056475,42.353691],[-71.057388,42.352965]]],[[[-71.057379,42.352956],[-71.057626,42.352978],[-71.057597,42.353162],[-71.056684,42.353888],[-71.056437,42.353866],[-71.056466,42.353682],[-71.057379,42.352956]]],[[[-71.057316,42.352897],[-71.057415,42.352905],[-71.057406,42.352959],[-71.056482,42.353693],[-71.056452,42.35371],[-71.056381,42.353704],[-71.056392,42.353631],[-71.057316,42.352897]]],[[[-71.057353,42.35312],[-71.057374,42.353142],[-71.057365,42.353197],[-71.056445,42.353928],[-71.056346,42.353919],[-71.056358,42.353844],[-71.057278,42.353113],[-71.057353,42.35312]]],[[[-71.05762,42.353144],[-71.057671,42.353149],[-71.057659,42.353224],[-71.056742,42.353953],[-71.056645,42.353944],[-71.056654,42.353889],[-71.057571,42.35316],[-71.05762,42.353144]]],[[[-71.057609,42.352923],[-71.057708,42.352932],[-71.057696,42.353006],[-71.056774,42.353739],[-71.056701,42.353732],[-71.056679,42.353709],[-71.056687,42.353656],[-71.057609,42.352923]]],[[[-71.057307,42.352954],[-71.057376,42.352976],[-71.057353,42.35312],[-71.056484,42.35381],[-71.056322,42.353809],[-71.056299,42.353714],[-71.056351,42.353636],[-71.05722,42.352946],[-71.057307,42.352954]]],[[[-71.057409,42.35294],[-71.057604,42.352958],[-71.057601,42.352976],[-71.056677,42.353711],[-71.056482,42.353694],[-71.056485,42.353675],[-71.057409,42.35294]]],[[[-71.057623,42.352999],[-71.057643,42.353001],[-71.05762,42.353144],[-71.056702,42.353874],[-71.056682,42.353873],[-71.056705,42.353729],[-71.057623,42.352999]]],[[[-71.058275,42.352653],[-71.058629,42.352678],[-71.05861,42.352832],[-71.057069,42.354057],[-71.056715,42.354033],[-71.056734,42.353878],[-71.058275,42.352653]]],[[[-71.055503,42.354159],[-71.055745,42.354392],[-71.055432,42.354631],[-71.055211,42.35437],[-71.0554,42.35422],[-71.055503,42.354159]]],[[[-71.05962,42.354967],[-71.059638,42.354988],[-71.059228,42.355368],[-71.058996,42.355553],[-71.05831,42.355255],[-71.058306,42.355229],[-71.058434,42.355109],[-71.058863,42.354745],[-71.059161,42.354622],[-71.05962,42.354967]]],[[[-71.059081,42.35459],[-71.059151,42.354632],[-71.059025,42.354795],[-71.058903,42.354895],[-71.058776,42.354817],[-71.059033,42.354595],[-71.059081,42.35459]]],[[[-71.059478,42.354986],[-71.059538,42.355048],[-71.059475,42.355126],[-71.059312,42.355275],[-71.058384,42.356012],[-71.058092,42.355893],[-71.058018,42.355838],[-71.058298,42.355563],[-71.05924,42.35482],[-71.059322,42.354864],[-71.059478,42.354986]]],[[[-71.058044,42.354785],[-71.058232,42.35489],[-71.058153,42.355002],[-71.057891,42.35521],[-71.057652,42.355206],[-71.057605,42.355188],[-71.057608,42.355165],[-71.057782,42.354993],[-71.058044,42.354785]]],[[[-71.058627,42.354217],[-71.058718,42.354284],[-71.058489,42.354492],[-71.058285,42.354654],[-71.058187,42.3546],[-71.058423,42.354379],[-71.058627,42.354217]]],[[[-71.058101,42.35473],[-71.058429,42.354911],[-71.058343,42.354995],[-71.057919,42.355332],[-71.057856,42.355354],[-71.057729,42.355339],[-71.05762,42.355122],[-71.058101,42.35473]]],[[[-71.058586,42.354561],[-71.058595,42.3546],[-71.05841,42.354762],[-71.058266,42.354683],[-71.058473,42.354497],[-71.058586,42.354561]]],[[[-71.058595,42.3546],[-71.058718,42.354674],[-71.058451,42.354923],[-71.058201,42.355121],[-71.058082,42.355055],[-71.058026,42.354887],[-71.058118,42.3548],[-71.058368,42.354602],[-71.058595,42.3546]]],[[[-71.058387,42.354449],[-71.058473,42.354497],[-71.058185,42.354776],[-71.057935,42.354974],[-71.057851,42.354928],[-71.058137,42.354647],[-71.058387,42.354449]]],[[[-71.058276,42.354689],[-71.058419,42.354769],[-71.058225,42.354942],[-71.058078,42.354861],[-71.058276,42.354689]]],[[[-71.061507,42.353663],[-71.062033,42.353919],[-71.061111,42.354803],[-71.060812,42.355041],[-71.060248,42.35467],[-71.061017,42.353819],[-71.061316,42.353581],[-71.061507,42.353663]]],[[[-71.060341,42.353745],[-71.060347,42.353939],[-71.060153,42.35416],[-71.059982,42.354296],[-71.059798,42.354169],[-71.060114,42.35385],[-71.060285,42.353714],[-71.060341,42.353745]]],[[[-71.060686,42.353582],[-71.061158,42.353505],[-71.060762,42.354191],[-71.060632,42.354337],[-71.060411,42.354513],[-71.059972,42.354292],[-71.060465,42.353758],[-71.060686,42.353582]]],[[[-71.061276,42.353614],[-71.061066,42.353855],[-71.060845,42.354031],[-71.060698,42.353948],[-71.060905,42.353717],[-71.061126,42.353541],[-71.061276,42.353614]]],[[[-71.060193,42.354116],[-71.060632,42.354337],[-71.060547,42.354432],[-71.060385,42.354561],[-71.059991,42.354289],[-71.060193,42.354116]]],[[[-71.059994,42.354094],[-71.060537,42.354475],[-71.060389,42.354982],[-71.059799,42.355438],[-71.059088,42.354902],[-71.059086,42.35486],[-71.059521,42.354468],[-71.059994,42.354094]]],[[[-71.060389,42.354982],[-71.060685,42.355214],[-71.060496,42.355387],[-71.060351,42.355492],[-71.060022,42.355257],[-71.060389,42.354982]]],[[[-71.061155,42.35349],[-71.061158,42.353505],[-71.06041,42.354099],[-71.059613,42.35454],[-71.059595,42.354531],[-71.059537,42.354308],[-71.059943,42.353867],[-71.060691,42.353273],[-71.061155,42.35349]]],[[[-71.060533,42.353558],[-71.060518,42.353612],[-71.059675,42.354284],[-71.059593,42.354301],[-71.059539,42.354285],[-71.059661,42.354154],[-71.060482,42.353501],[-71.060533,42.353558]]],[[[-71.060921,42.353376],[-71.060933,42.353382],[-71.060906,42.353406],[-71.06009,42.354054],[-71.060012,42.35407],[-71.059939,42.354028],[-71.05993,42.353993],[-71.059952,42.35395],[-71.060768,42.353302],[-71.060921,42.353376]]],[[[-71.061211,42.353997],[-71.061196,42.354083],[-71.06109,42.35418],[-71.060995,42.354225],[-71.060905,42.35423],[-71.06089,42.354228],[-71.060809,42.353959],[-71.060887,42.353857],[-71.060957,42.353801],[-71.061148,42.353908],[-71.061194,42.353955],[-71.061211,42.353997]]],[[[-71.062045,42.35473],[-71.062123,42.354769],[-71.061963,42.354909],[-71.061887,42.354872],[-71.062045,42.35473]]],[[[-71.061588,42.354581],[-71.061845,42.354707],[-71.061804,42.354763],[-71.061411,42.355075],[-71.061141,42.354943],[-71.061588,42.354581]]],[[[-71.061534,42.354631],[-71.061804,42.354763],[-71.061645,42.354929],[-71.061252,42.355241],[-71.060976,42.355098],[-71.061141,42.354943],[-71.061534,42.354631]]],[[[-71.062128,42.354634],[-71.062209,42.354674],[-71.062123,42.354769],[-71.062004,42.354863],[-71.061877,42.354879],[-71.061805,42.354844],[-71.061939,42.354694],[-71.062058,42.3546],[-71.062128,42.354634]]],[[[-71.061745,42.354425],[-71.061986,42.354554],[-71.061845,42.354707],[-71.061625,42.354882],[-71.061368,42.354756],[-71.06151,42.354613],[-71.061745,42.354425]]],[[[-71.062917,42.354076],[-71.062919,42.354109],[-71.062805,42.354432],[-71.06249,42.354682],[-71.062109,42.354605],[-71.062219,42.354301],[-71.062534,42.354051],[-71.062677,42.354023],[-71.062917,42.354076]]],[[[-71.063043,42.353655],[-71.063074,42.353718],[-71.063026,42.353972],[-71.062826,42.354131],[-71.062152,42.354112],[-71.062027,42.354095],[-71.062291,42.353778],[-71.062491,42.353619],[-71.063043,42.353655]]],[[[-71.062918,42.354097],[-71.063038,42.354129],[-71.062944,42.354409],[-71.062682,42.354617],[-71.062585,42.354651],[-71.062543,42.35464],[-71.062656,42.354305],[-71.062918,42.354097]]],[[[-71.062555,42.354429],[-71.062623,42.354561],[-71.062479,42.354698],[-71.062255,42.354876],[-71.062054,42.354778],[-71.062239,42.354586],[-71.062463,42.354408],[-71.062555,42.354429]]],[[[-71.063038,42.354129],[-71.06322,42.354163],[-71.063144,42.354373],[-71.063087,42.354435],[-71.06279,42.354671],[-71.062647,42.354645],[-71.062741,42.354365],[-71.063038,42.354129]]],[[[-71.062563,42.35398],[-71.063351,42.354035],[-71.063339,42.354118],[-71.06323,42.35428],[-71.063144,42.354373],[-71.063001,42.354487],[-71.062391,42.354165],[-71.06242,42.354094],[-71.062563,42.35398]]],[[[-71.062067,42.354108],[-71.062482,42.35419],[-71.062429,42.354338],[-71.062102,42.354598],[-71.061831,42.354666],[-71.061555,42.35456],[-71.06174,42.354368],[-71.062067,42.354108]]],[[[-71.062293,42.354325],[-71.062463,42.354408],[-71.062288,42.35459],[-71.061929,42.354876],[-71.061447,42.354651],[-71.061514,42.354582],[-71.061873,42.354296],[-71.062293,42.354325]]],[[[-71.063157,42.354645],[-71.063372,42.354709],[-71.063336,42.354808],[-71.062588,42.355403],[-71.062345,42.355332],[-71.062409,42.35524],[-71.063157,42.354645]]],[[[-71.06368,42.354117],[-71.063705,42.354129],[-71.063686,42.354164],[-71.062938,42.354759],[-71.062916,42.354768],[-71.062699,42.354704],[-71.062691,42.354682],[-71.062712,42.354651],[-71.06346,42.354056],[-71.06368,42.354117]]],[[[-71.063771,42.354055],[-71.063788,42.35406],[-71.063255,42.355044],[-71.062861,42.355357],[-71.062817,42.355366],[-71.062352,42.355136],[-71.06309,42.354331],[-71.063484,42.354018],[-71.063771,42.354055]]],[[[-71.063439,42.354087],[-71.063456,42.354092],[-71.063124,42.354707],[-71.062934,42.354852],[-71.062774,42.354774],[-71.063268,42.354223],[-71.063439,42.354087]]],[[[-71.063141,42.352529],[-71.063227,42.352928],[-71.063173,42.353025],[-71.061785,42.354128],[-71.061681,42.354097],[-71.06158,42.354032],[-71.061609,42.353622],[-71.062997,42.352519],[-71.063141,42.352529]]],[[[-71.062975,42.352832],[-71.063069,42.352994],[-71.061796,42.354006],[-71.061579,42.354002],[-71.0615,42.353964],[-71.061508,42.353855],[-71.062781,42.352843],[-71.062975,42.352832]]],[[[-71.063159,42.35253],[-71.063245,42.352617],[-71.063227,42.352928],[-71.061951,42.353942],[-71.061858,42.353657],[-71.061865,42.353543],[-71.063141,42.352529],[-71.063159,42.35253]]],[[[-71.063705,42.352384],[-71.063872,42.352394],[-71.063823,42.352976],[-71.063502,42.353231],[-71.062891,42.35321],[-71.062838,42.352785],[-71.063159,42.35253],[-71.063705,42.352384]]],[[[-71.062724,42.352488],[-71.064207,42.35314],[-71.064146,42.353296],[-71.063872,42.353514],[-71.062498,42.353406],[-71.062427,42.353386],[-71.062373,42.353336],[-71.062404,42.352704],[-71.062678,42.352486],[-71.062724,42.352488]]],[[[-71.063313,42.35239],[-71.063322,42.352535],[-71.063033,42.352765],[-71.06262,42.352751],[-71.062629,42.352663],[-71.062918,42.352433],[-71.063313,42.35239]]],[[[-71.063823,42.352976],[-71.064238,42.353054],[-71.064207,42.35314],[-71.06414,42.35322],[-71.063697,42.353572],[-71.062521,42.353483],[-71.062526,42.353373],[-71.062969,42.353021],[-71.063212,42.352955],[-71.063823,42.352976]]],[[[-71.056241,42.353215],[-71.056502,42.353324],[-71.055757,42.353916],[-71.055642,42.353969],[-71.055391,42.353866],[-71.056136,42.353274],[-71.056241,42.353215]]],[[[-71.057329,42.354923],[-71.057349,42.355074],[-71.056209,42.35598],[-71.055426,42.356039],[-71.055362,42.355682],[-71.056502,42.354776],[-71.05689,42.354747],[-71.057329,42.354923]]],[[[-71.055316,42.354268],[-71.055344,42.354293],[-71.054336,42.355094],[-71.054062,42.355258],[-71.054043,42.355241],[-71.055051,42.35444],[-71.055316,42.354268]]],[[[-71.055551,42.354484],[-71.055576,42.354506],[-71.054562,42.355312],[-71.054293,42.355476],[-71.054266,42.355452],[-71.05528,42.354646],[-71.055551,42.354484]]],[[[-71.055474,42.354285],[-71.055591,42.35439],[-71.054587,42.355188],[-71.05455,42.35521],[-71.054436,42.355105],[-71.055474,42.354285]]],[[[-71.055896,42.354316],[-71.055919,42.354368],[-71.055516,42.354688],[-71.055357,42.354727],[-71.055008,42.354404],[-71.055411,42.354084],[-71.055589,42.353983],[-71.05564,42.354021],[-71.055896,42.354316]]],[[[-71.056597,42.353679],[-71.056665,42.353786],[-71.056033,42.354288],[-71.055932,42.354321],[-71.055866,42.354216],[-71.056498,42.353714],[-71.056597,42.353679]]],[[[-71.057374,42.353142],[-71.057571,42.35316],[-71.056652,42.353902],[-71.056455,42.353887],[-71.056458,42.35387],[-71.057374,42.353142]]],[[[-71.064655,42.348291],[-71.064747,42.348305],[-71.06473,42.348368],[-71.064226,42.348768],[-71.064133,42.348754],[-71.064151,42.348691],[-71.064655,42.348291]]],[[[-71.06502,42.351232],[-71.065195,42.351242],[-71.065029,42.351444],[-71.064741,42.351673],[-71.064627,42.351661],[-71.064679,42.351459],[-71.064967,42.35123],[-71.06502,42.351232]]],[[[-71.065214,42.35132],[-71.065864,42.351354],[-71.065861,42.351407],[-71.065426,42.351753],[-71.064774,42.351722],[-71.064779,42.351666],[-71.065214,42.35132]]],[[[-71.065209,42.351376],[-71.065861,42.351407],[-71.06584,42.351606],[-71.065405,42.351952],[-71.065285,42.351943],[-71.064751,42.351808],[-71.064774,42.351722],[-71.065209,42.351376]]],[[[-71.065195,42.351242],[-71.065508,42.351259],[-71.065141,42.351549],[-71.064808,42.35172],[-71.064698,42.351707],[-71.064743,42.351528],[-71.065074,42.351265],[-71.065195,42.351242]]],[[[-71.065932,42.351727],[-71.0659,42.352091],[-71.065687,42.352373],[-71.065418,42.352587],[-71.065231,42.352573],[-71.065085,42.352196],[-71.065099,42.352111],[-71.065368,42.351897],[-71.065717,42.351715],[-71.065932,42.351727]]],[[[-71.065728,42.351524],[-71.065744,42.351814],[-71.065252,42.352205],[-71.065144,42.352209],[-71.064863,42.352085],[-71.0649,42.351877],[-71.065392,42.351486],[-71.065728,42.351524]]],[[[-71.065652,42.352009],[-71.06574,42.352015],[-71.065738,42.352076],[-71.065476,42.352284],[-71.065382,42.352277],[-71.06539,42.352217],[-71.065652,42.352009]]],[[[-71.065198,42.351749],[-71.065578,42.351784],[-71.0655,42.352359],[-71.065089,42.352689],[-71.064671,42.352667],[-71.064686,42.352526],[-71.064788,42.352075],[-71.065198,42.351749]]],[[[-71.0659,42.352091],[-71.065932,42.352094],[-71.065885,42.352382],[-71.065489,42.352697],[-71.065292,42.352682],[-71.065326,42.35247],[-71.065363,42.352397],[-71.065759,42.352082],[-71.0659,42.352091]]],[[[-71.064842,42.351707],[-71.065175,42.351747],[-71.065082,42.352335],[-71.064683,42.352652],[-71.064284,42.352632],[-71.064443,42.352024],[-71.064842,42.351707]]],[[[-71.065355,42.352139],[-71.065516,42.352148],[-71.065506,42.352227],[-71.065426,42.352291],[-71.065264,42.352283],[-71.065275,42.352203],[-71.065355,42.352139]]],[[[-71.065186,42.351462],[-71.065392,42.351486],[-71.065355,42.351695],[-71.065089,42.351907],[-71.064585,42.351853],[-71.064639,42.351643],[-71.064905,42.351431],[-71.065186,42.351462]]],[[[-71.063115,42.350206],[-71.063128,42.350252],[-71.062951,42.350799],[-71.06225,42.351356],[-71.0619,42.351306],[-71.062046,42.350714],[-71.062747,42.350157],[-71.062952,42.350109],[-71.063093,42.35013],[-71.063115,42.350206]]],[[[-71.063133,42.348973],[-71.063772,42.349073],[-71.063746,42.349213],[-71.063696,42.349342],[-71.063183,42.349746],[-71.062532,42.349605],[-71.062531,42.349523],[-71.062564,42.349412],[-71.062606,42.349338],[-71.063074,42.348966],[-71.063133,42.348973]]],[[[-71.058182,42.352549],[-71.058754,42.352587],[-71.058749,42.352628],[-71.05752,42.353605],[-71.056948,42.353568],[-71.056953,42.353526],[-71.058182,42.352549]]],[[[-71.058131,42.352588],[-71.058177,42.352591],[-71.058145,42.352862],[-71.056916,42.353839],[-71.056863,42.353836],[-71.056902,42.353565],[-71.058131,42.352588]]],[[[-71.058802,42.352632],[-71.058851,42.352671],[-71.058828,42.352861],[-71.057599,42.353838],[-71.05754,42.353881],[-71.057487,42.353877],[-71.05752,42.353605],[-71.058749,42.352628],[-71.058802,42.352632]]],[[[-71.058145,42.352862],[-71.058716,42.3529],[-71.058712,42.352935],[-71.057483,42.353912],[-71.056911,42.353874],[-71.056916,42.353839],[-71.058145,42.352862]]],[[[-71.058177,42.352591],[-71.058749,42.352628],[-71.058716,42.3529],[-71.057247,42.354067],[-71.056676,42.354029],[-71.056708,42.353758],[-71.058177,42.352591]]],[[[-71.058223,42.352621],[-71.058683,42.352648],[-71.058661,42.352863],[-71.057131,42.354079],[-71.056671,42.354053],[-71.056693,42.353837],[-71.058223,42.352621]]],[[[-71.056274,42.354913],[-71.056364,42.355412],[-71.055632,42.355994],[-71.055526,42.356022],[-71.055071,42.356066],[-71.054956,42.356061],[-71.054822,42.355315],[-71.055554,42.354733],[-71.055658,42.35468],[-71.056094,42.354605],[-71.056229,42.354666],[-71.056274,42.354913]]],[[[-71.06079,42.353821],[-71.060885,42.353865],[-71.06083,42.354115],[-71.060762,42.354191],[-71.060594,42.354324],[-71.060495,42.354275],[-71.060446,42.354152],[-71.060622,42.353954],[-71.06079,42.353821]]],[[[-71.060932,42.35393],[-71.061005,42.354115],[-71.060953,42.354175],[-71.060785,42.354308],[-71.060662,42.354248],[-71.060621,42.354174],[-71.060625,42.354118],[-71.060651,42.354071],[-71.060717,42.353998],[-71.060885,42.353865],[-71.060899,42.353866],[-71.060932,42.35393]]],[[[-71.061845,42.354707],[-71.061996,42.354785],[-71.06174,42.354989],[-71.061603,42.354923],[-71.061644,42.354867],[-71.061845,42.354707]]],[[[-71.061804,42.354763],[-71.061941,42.354829],[-71.061779,42.354998],[-71.061578,42.355158],[-71.061444,42.355089],[-71.061603,42.354923],[-71.061804,42.354763]]],[[[-71.067007,42.351692],[-71.06703,42.351826],[-71.066651,42.352128],[-71.066468,42.352173],[-71.065338,42.352017],[-71.06476,42.351759],[-71.0648,42.351599],[-71.065179,42.351297],[-71.066747,42.351106],[-71.067007,42.351692]]],[[[-71.063127,42.349638],[-71.063265,42.34966],[-71.063119,42.350183],[-71.062665,42.350544],[-71.062353,42.350494],[-71.06256,42.35006],[-71.063014,42.349699],[-71.063127,42.349638]]],[[[-71.056435,42.349652],[-71.056536,42.34968],[-71.056445,42.349863],[-71.0562,42.350057],[-71.056099,42.350029],[-71.05619,42.349846],[-71.056435,42.349652]]],[[[-71.056313,42.349896],[-71.056413,42.349924],[-71.056358,42.350029],[-71.056113,42.350223],[-71.055977,42.350262],[-71.056068,42.35009],[-71.056313,42.349896]]],[[[-71.056128,42.350265],[-71.05623,42.350293],[-71.056188,42.35038],[-71.055992,42.350541],[-71.055891,42.350512],[-71.055936,42.350418],[-71.056128,42.350265]]],[[[-71.055462,42.350178],[-71.055549,42.350202],[-71.055499,42.350302],[-71.05522,42.350524],[-71.055133,42.3505],[-71.055183,42.3504],[-71.055462,42.350178]]],[[[-71.05537,42.350358],[-71.055458,42.350383],[-71.055408,42.350482],[-71.055129,42.350704],[-71.05504,42.35068],[-71.055091,42.35058],[-71.05537,42.350358]]],[[[-71.055851,42.350286],[-71.055937,42.35031],[-71.055887,42.350409],[-71.055607,42.350632],[-71.055521,42.350608],[-71.055571,42.350509],[-71.055851,42.350286]]],[[[-71.055761,42.350466],[-71.055847,42.350489],[-71.055797,42.35059],[-71.055517,42.350813],[-71.055431,42.350789],[-71.055481,42.350689],[-71.055761,42.350466]]],[[[-71.055505,42.349622],[-71.055563,42.349638],[-71.055359,42.350049],[-71.055052,42.350293],[-71.055002,42.350279],[-71.055198,42.349866],[-71.055505,42.349622]]],[[[-71.064224,42.349799],[-71.06422,42.349873],[-71.06418,42.349957],[-71.063831,42.350236],[-71.063395,42.349742],[-71.063736,42.349471],[-71.06394,42.349508],[-71.064073,42.349569],[-71.064184,42.349679],[-71.064224,42.349799]]],[[[-71.063623,42.348413],[-71.063945,42.348463],[-71.063827,42.348879],[-71.063736,42.349068],[-71.063353,42.349372],[-71.063179,42.349347],[-71.063122,42.349132],[-71.06324,42.348717],[-71.063623,42.348413]]],[[[-71.0554,42.35422],[-71.055474,42.354285],[-71.055068,42.354608],[-71.055034,42.35463],[-71.054978,42.354626],[-71.054938,42.354616],[-71.054902,42.354585],[-71.055308,42.354262],[-71.0554,42.35422]]],[[[-71.055591,42.35439],[-71.055631,42.354426],[-71.055621,42.354481],[-71.055587,42.354515],[-71.055181,42.354838],[-71.055145,42.354807],[-71.055148,42.354735],[-71.055591,42.35439]]],[[[-71.055189,42.354694],[-71.055224,42.354735],[-71.054818,42.355058],[-71.054574,42.355162],[-71.054369,42.354966],[-71.054545,42.354805],[-71.054951,42.354482],[-71.055189,42.354694]]],[[[-71.05528,42.354646],[-71.055317,42.354678],[-71.05491,42.355002],[-71.054783,42.355017],[-71.054744,42.354981],[-71.055184,42.354634],[-71.05528,42.354646]]],[[[-71.05507,42.354457],[-71.05507,42.35453],[-71.054664,42.354853],[-71.054625,42.354875],[-71.054585,42.354838],[-71.054598,42.354783],[-71.055004,42.35446],[-71.055051,42.35444],[-71.05507,42.354457]]],[[[-71.055576,42.354506],[-71.055587,42.354515],[-71.055539,42.354566],[-71.055107,42.354911],[-71.054964,42.354986],[-71.054901,42.354993],[-71.055307,42.35467],[-71.055576,42.354506]]],[[[-71.055308,42.354262],[-71.055316,42.354268],[-71.05491,42.354591],[-71.054645,42.354763],[-71.054709,42.354683],[-71.055139,42.35434],[-71.055308,42.354262]]],[[[-71.05507,42.35453],[-71.055184,42.354634],[-71.054778,42.354957],[-71.054744,42.354981],[-71.054625,42.354875],[-71.05507,42.35453]]],[[[-71.064364,42.349983],[-71.06486,42.350062],[-71.064826,42.350187],[-71.064711,42.350278],[-71.064132,42.350139],[-71.064057,42.350056],[-71.064172,42.349965],[-71.064364,42.349983]]],[[[-71.064625,42.350535],[-71.064902,42.350642],[-71.06485,42.350836],[-71.06468,42.350971],[-71.064217,42.350921],[-71.064341,42.350659],[-71.064517,42.350517],[-71.064625,42.350535]]],[[[-71.062592,42.349443],[-71.063079,42.349635],[-71.06306,42.349706],[-71.062988,42.349795],[-71.062651,42.350063],[-71.062349,42.349942],[-71.062139,42.349827],[-71.062157,42.349782],[-71.062592,42.349443]]],[[[-71.062402,42.348952],[-71.06247,42.34897],[-71.062448,42.349017],[-71.062196,42.349217],[-71.062127,42.349198],[-71.06215,42.349152],[-71.062402,42.348952]]],[[[-71.063438,42.354106],[-71.063679,42.354178],[-71.06339,42.354714],[-71.062552,42.35538],[-71.062311,42.355309],[-71.0626,42.354772],[-71.063438,42.354106]]],[[[-71.062997,42.352519],[-71.063173,42.353025],[-71.062838,42.353292],[-71.062412,42.35328],[-71.062389,42.352721],[-71.062724,42.352454],[-71.062918,42.352433],[-71.062997,42.352519]]],[[[-71.054479,42.351779],[-71.055498,42.351545],[-71.055492,42.351587],[-71.055315,42.351966],[-71.055149,42.352098],[-71.054736,42.352194],[-71.054313,42.351911],[-71.054479,42.351779]]],[[[-71.056222,42.355248],[-71.056237,42.355336],[-71.054359,42.356829],[-71.053907,42.356873],[-71.053801,42.356295],[-71.055679,42.354802],[-71.056136,42.354757],[-71.056222,42.355248]]],[[[-71.055802,42.354957],[-71.055848,42.355216],[-71.05577,42.355294],[-71.053953,42.356738],[-71.053879,42.356339],[-71.055696,42.354895],[-71.055802,42.354957]]],[[[-71.056153,42.35485],[-71.056222,42.355248],[-71.054409,42.356689],[-71.054302,42.356628],[-71.054256,42.356367],[-71.056153,42.35485]]],[[[-71.055385,42.354371],[-71.055453,42.354433],[-71.055413,42.354487],[-71.054197,42.355455],[-71.054128,42.355494],[-71.054037,42.355516],[-71.053965,42.355453],[-71.054012,42.3554],[-71.055217,42.354442],[-71.055288,42.3544],[-71.055385,42.354371]]],[[[-71.055861,42.354254],[-71.055896,42.354316],[-71.055361,42.354741],[-71.05525,42.354769],[-71.054976,42.354512],[-71.055511,42.354087],[-71.05564,42.354021],[-71.055861,42.354254]]],[[[-71.056036,42.353849],[-71.056112,42.354258],[-71.055573,42.354687],[-71.055457,42.354703],[-71.05543,42.354652],[-71.055359,42.354338],[-71.055898,42.353909],[-71.056036,42.353849]]],[[[-71.05588,42.354087],[-71.05589,42.354135],[-71.054961,42.354873],[-71.05491,42.354888],[-71.054877,42.354857],[-71.055806,42.354119],[-71.05588,42.354087]]],[[[-71.055894,42.354067],[-71.055909,42.354145],[-71.05498,42.354883],[-71.054902,42.354905],[-71.054851,42.354853],[-71.05578,42.354115],[-71.055894,42.354067]]],[[[-71.055969,42.354223],[-71.055978,42.354241],[-71.055565,42.354569],[-71.055458,42.354601],[-71.055448,42.354582],[-71.055861,42.354254],[-71.055969,42.354223]]],[[[-71.055978,42.354241],[-71.056043,42.354337],[-71.05563,42.354665],[-71.055506,42.354696],[-71.055458,42.354601],[-71.055871,42.354273],[-71.055978,42.354241]]],[[[-71.065828,42.348248],[-71.065917,42.348258],[-71.065899,42.34835],[-71.065493,42.348673],[-71.065404,42.348663],[-71.065422,42.348571],[-71.065828,42.348248]]],[[[-71.064694,42.349036],[-71.064834,42.349198],[-71.064555,42.349419],[-71.064374,42.349512],[-71.064125,42.349343],[-71.064404,42.349122],[-71.064662,42.348999],[-71.064694,42.349036]]],[[[-71.064395,42.348579],[-71.064959,42.348666],[-71.064911,42.348803],[-71.064829,42.348868],[-71.064642,42.34894],[-71.064451,42.348932],[-71.06421,42.348897],[-71.064313,42.348644],[-71.064395,42.348579]]],[[[-71.064448,42.348053],[-71.064513,42.348121],[-71.064338,42.34826],[-71.064257,42.348246],[-71.064273,42.348192],[-71.064448,42.348053]]],[[[-71.06476,42.348073],[-71.064576,42.348231],[-71.064486,42.348275],[-71.064333,42.348246],[-71.064353,42.348178],[-71.064545,42.348026],[-71.06476,42.348073]]],[[[-71.064032,42.348133],[-71.064061,42.348137],[-71.064047,42.348191],[-71.063983,42.348242],[-71.063955,42.348238],[-71.063968,42.348184],[-71.064032,42.348133]]],[[[-71.063417,42.349279],[-71.063445,42.349309],[-71.063437,42.34939],[-71.063346,42.349671],[-71.062878,42.350043],[-71.062606,42.350032],[-71.062584,42.349978],[-71.062592,42.349593],[-71.06306,42.349221],[-71.063417,42.349279]]],[[[-71.055947,42.353989],[-71.055985,42.354191],[-71.055269,42.35476],[-71.055103,42.354806],[-71.054968,42.354672],[-71.055684,42.354103],[-71.055947,42.353989]]],[[[-71.055975,42.353946],[-71.056022,42.354208],[-71.055306,42.354777],[-71.055092,42.354839],[-71.054918,42.354665],[-71.055634,42.354096],[-71.055975,42.353946]]],[[[-71.064037,42.348112],[-71.064067,42.348117],[-71.064061,42.348137],[-71.06382,42.348329],[-71.063791,42.348325],[-71.063796,42.348304],[-71.064037,42.348112]]],[[[-71.055416,42.354284],[-71.055576,42.354431],[-71.055573,42.354471],[-71.054448,42.355365],[-71.054132,42.355554],[-71.054082,42.35555],[-71.053921,42.355402],[-71.053922,42.355364],[-71.055047,42.35447],[-71.055362,42.354282],[-71.055416,42.354284]]],[[[-71.055928,42.354018],[-71.055955,42.354177],[-71.05509,42.354864],[-71.054964,42.354902],[-71.05486,42.354795],[-71.055725,42.354108],[-71.055928,42.354018]]],[[[-71.055937,42.354001],[-71.055974,42.354184],[-71.055109,42.354871],[-71.05496,42.354914],[-71.054836,42.354792],[-71.055701,42.354105],[-71.055937,42.354001]]],[[[-71.062467,42.351715],[-71.062581,42.351766],[-71.062547,42.35194],[-71.0625,42.352045],[-71.061536,42.352811],[-71.061406,42.352831],[-71.060826,42.352817],[-71.060733,42.352801],[-71.060726,42.352665],[-71.06169,42.351899],[-71.062319,42.351688],[-71.062467,42.351715]]],[[[-71.062088,42.353171],[-71.062415,42.35316],[-71.062413,42.353293],[-71.06236,42.353439],[-71.062197,42.353704],[-71.061656,42.354139],[-71.060996,42.353813],[-71.061041,42.353597],[-71.061528,42.35321],[-71.062088,42.353171]]],[[[-71.063578,42.351626],[-71.063594,42.351784],[-71.063559,42.351972],[-71.062622,42.352717],[-71.06189,42.352636],[-71.061958,42.352291],[-71.062895,42.351546],[-71.063578,42.351626]]],[[[-71.06074,42.351585],[-71.060762,42.351642],[-71.060629,42.351748],[-71.060522,42.351765],[-71.060299,42.351718],[-71.060267,42.351619],[-71.0604,42.351513],[-71.06074,42.351585]]],[[[-71.060777,42.351486],[-71.060856,42.351502],[-71.060836,42.35163],[-71.060703,42.351736],[-71.060629,42.351748],[-71.060607,42.351691],[-71.060644,42.351592],[-71.060777,42.351486]]],[[[-71.060768,42.351481],[-71.06074,42.351585],[-71.060607,42.351691],[-71.060549,42.351679],[-71.060587,42.351577],[-71.06072,42.351471],[-71.060768,42.351481]]],[[[-71.060642,42.351455],[-71.06072,42.351471],[-71.060682,42.351573],[-71.060549,42.351679],[-71.060469,42.351662],[-71.060509,42.351561],[-71.060642,42.351455]]],[[[-71.060562,42.351439],[-71.060642,42.351455],[-71.060602,42.351556],[-71.060469,42.351662],[-71.06039,42.351645],[-71.060429,42.351545],[-71.060562,42.351439]]],[[[-71.060499,42.351426],[-71.060562,42.351439],[-71.060523,42.351539],[-71.06039,42.351645],[-71.060311,42.351628],[-71.06035,42.35153],[-71.060483,42.351424],[-71.060499,42.351426]]],[[[-71.060284,42.351496],[-71.060303,42.351554],[-71.060165,42.351664],[-71.060039,42.351685],[-71.060021,42.351627],[-71.060159,42.351517],[-71.060284,42.351496]]],[[[-71.061356,42.350732],[-71.061225,42.350842],[-71.060746,42.350733],[-71.060764,42.350694],[-71.060899,42.350587],[-71.061295,42.350688],[-71.061356,42.350732]]],[[[-71.060894,42.350632],[-71.061034,42.350663],[-71.060977,42.350805],[-71.060842,42.350912],[-71.060704,42.350882],[-71.060759,42.350739],[-71.060894,42.350632]]],[[[-71.062092,42.350886],[-71.062111,42.350892],[-71.062083,42.35096],[-71.061865,42.351133],[-71.061788,42.351114],[-71.061818,42.351048],[-71.062038,42.350872],[-71.062092,42.350886]]],[[[-71.061689,42.350787],[-71.06166,42.350866],[-71.061442,42.351039],[-71.061347,42.351018],[-71.061379,42.350938],[-71.061597,42.350765],[-71.061689,42.350787]]],[[[-71.060913,42.351178],[-71.061136,42.351299],[-71.061099,42.3514],[-71.060864,42.351587],[-71.06084,42.351597],[-71.06038,42.351495],[-71.060454,42.351311],[-71.060688,42.351125],[-71.060913,42.351178]]],[[[-71.059832,42.350525],[-71.060043,42.35057],[-71.060021,42.350626],[-71.059846,42.350765],[-71.059636,42.35072],[-71.059657,42.350664],[-71.059832,42.350525]]],[[[-71.059845,42.350472],[-71.060064,42.350517],[-71.060043,42.35057],[-71.059868,42.350709],[-71.059657,42.350664],[-71.05967,42.350611],[-71.059845,42.350472]]],[[[-71.057951,42.351447],[-71.058194,42.351496],[-71.058131,42.351651],[-71.057883,42.351848],[-71.057655,42.351813],[-71.057703,42.351644],[-71.057951,42.351447]]],[[[-71.057997,42.351282],[-71.05826,42.351331],[-71.058194,42.351496],[-71.057946,42.351693],[-71.057703,42.351644],[-71.057749,42.351479],[-71.057997,42.351282]]],[[[-71.05803,42.351164],[-71.058314,42.35122],[-71.05826,42.351331],[-71.058012,42.351528],[-71.057749,42.351479],[-71.057782,42.351361],[-71.05803,42.351164]]],[[[-71.058057,42.351069],[-71.05835,42.351128],[-71.058314,42.35122],[-71.058066,42.351417],[-71.057782,42.351361],[-71.057809,42.351266],[-71.058057,42.351069]]],[[[-71.057671,42.35131],[-71.057888,42.351344],[-71.057858,42.351492],[-71.057612,42.351688],[-71.057152,42.351629],[-71.05718,42.351487],[-71.057426,42.351291],[-71.057671,42.35131]]],[[[-71.057398,42.351433],[-71.057858,42.351492],[-71.057826,42.351601],[-71.05758,42.351797],[-71.057132,42.351729],[-71.057152,42.351629],[-71.057398,42.351433]]],[[[-71.05773,42.351135],[-71.05792,42.351178],[-71.057889,42.351283],[-71.057643,42.351479],[-71.057399,42.351511],[-71.05718,42.351487],[-71.057216,42.351302],[-71.057462,42.351106],[-71.05773,42.351135]]],[[[-71.057476,42.351034],[-71.057746,42.351066],[-71.05773,42.351135],[-71.057484,42.351331],[-71.057216,42.351302],[-71.057229,42.351233],[-71.057476,42.351034]]],[[[-71.057806,42.350816],[-71.058052,42.350873],[-71.057989,42.351103],[-71.057743,42.351299],[-71.057558,42.351273],[-71.05751,42.351218],[-71.05756,42.351012],[-71.057806,42.350816]]],[[[-71.057099,42.351276],[-71.057201,42.351292],[-71.057156,42.351519],[-71.056931,42.351698],[-71.056883,42.351713],[-71.05672,42.351654],[-71.056768,42.351455],[-71.056993,42.351276],[-71.057099,42.351276]]],[[[-71.056914,42.351266],[-71.056993,42.351276],[-71.056945,42.351475],[-71.05672,42.351654],[-71.056615,42.351615],[-71.056689,42.351445],[-71.056914,42.351266]]],[[[-71.057117,42.351199],[-71.057217,42.351211],[-71.057201,42.351292],[-71.056976,42.351471],[-71.056689,42.351445],[-71.056723,42.351367],[-71.056948,42.351188],[-71.057117,42.351199]]],[[[-71.056982,42.35111],[-71.057232,42.351136],[-71.057217,42.351211],[-71.056992,42.35139],[-71.056723,42.351367],[-71.056757,42.351289],[-71.056982,42.35111]]],[[[-71.05701,42.351021],[-71.057249,42.351049],[-71.057232,42.351136],[-71.057007,42.351315],[-71.056746,42.351286],[-71.056785,42.3512],[-71.05701,42.351021]]],[[[-71.057046,42.350942],[-71.057265,42.350968],[-71.057249,42.351049],[-71.057024,42.351228],[-71.056785,42.3512],[-71.056821,42.351121],[-71.057046,42.350942]]],[[[-71.05663,42.350732],[-71.057029,42.350836],[-71.056962,42.350987],[-71.056737,42.351166],[-71.056335,42.351067],[-71.056402,42.350917],[-71.05663,42.350732]]],[[[-71.056918,42.350598],[-71.056938,42.350603],[-71.056847,42.350791],[-71.056622,42.35097],[-71.056412,42.350913],[-71.056453,42.350822],[-71.056678,42.350643],[-71.056815,42.350607],[-71.056918,42.350598]]],[[[-71.057279,42.35068],[-71.05732,42.350691],[-71.057265,42.350968],[-71.05704,42.351147],[-71.056821,42.351121],[-71.056866,42.351022],[-71.056995,42.350845],[-71.05722,42.350666],[-71.057279,42.35068]]],[[[-71.057355,42.351608],[-71.057838,42.351684],[-71.057807,42.351782],[-71.057667,42.35201],[-71.057354,42.352258],[-71.056978,42.3522],[-71.057042,42.351856],[-71.057355,42.351608]]],[[[-71.057667,42.35201],[-71.057777,42.352039],[-71.057734,42.352178],[-71.057421,42.352426],[-71.056963,42.352283],[-71.056978,42.3522],[-71.057291,42.351952],[-71.057667,42.35201]]],[[[-71.05765,42.350107],[-71.057867,42.350139],[-71.057808,42.350361],[-71.057501,42.350605],[-71.057298,42.350573],[-71.057343,42.350351],[-71.05765,42.350107]]],[[[-71.05556,42.353827],[-71.055567,42.353835],[-71.055349,42.354009],[-71.055269,42.354045],[-71.05504,42.353824],[-71.055258,42.35365],[-71.055342,42.353603],[-71.05556,42.353827]]],[[[-71.058955,42.354441],[-71.058969,42.354454],[-71.058862,42.354554],[-71.058505,42.354831],[-71.058361,42.354744],[-71.058597,42.354518],[-71.05882,42.354343],[-71.058955,42.354441]]],[[[-71.058771,42.354322],[-71.058807,42.354351],[-71.058617,42.35453],[-71.058413,42.354692],[-71.058308,42.354632],[-71.058718,42.354284],[-71.058771,42.354322]]],[[[-71.059795,42.353807],[-71.059909,42.353871],[-71.059627,42.354123],[-71.059224,42.354443],[-71.059014,42.354312],[-71.059006,42.354219],[-71.059097,42.354111],[-71.059561,42.353734],[-71.059795,42.353807]]],[[[-71.059682,42.353588],[-71.060009,42.353776],[-71.059912,42.353872],[-71.059509,42.354192],[-71.0592,42.354015],[-71.059279,42.353908],[-71.059682,42.353588]]],[[[-71.063392,42.351376],[-71.063476,42.351387],[-71.063444,42.351527],[-71.063361,42.351593],[-71.063279,42.351582],[-71.063309,42.351442],[-71.063392,42.351376]]],[[[-71.063278,42.351343],[-71.063396,42.351358],[-71.063362,42.351518],[-71.063279,42.351584],[-71.0631,42.351561],[-71.063134,42.351428],[-71.063217,42.351362],[-71.063278,42.351343]]],[[[-71.062934,42.351404],[-71.063197,42.35144],[-71.063183,42.351495],[-71.063099,42.351564],[-71.062834,42.35153],[-71.062851,42.35147],[-71.062934,42.351404]]],[[[-71.062971,42.351302],[-71.063221,42.351345],[-71.063197,42.35144],[-71.063114,42.351506],[-71.062858,42.351471],[-71.062877,42.351378],[-71.062971,42.351302]]],[[[-71.063176,42.351057],[-71.063273,42.351069],[-71.063258,42.351135],[-71.063175,42.351201],[-71.062944,42.351174],[-71.062958,42.351115],[-71.063041,42.351049],[-71.063176,42.351057]]],[[[-71.062431,42.351313],[-71.062769,42.351379],[-71.062728,42.351525],[-71.062501,42.351706],[-71.062215,42.351644],[-71.062204,42.351494],[-71.062431,42.351313]]],[[[-71.062424,42.351425],[-71.062424,42.351447],[-71.062175,42.35164],[-71.062001,42.351601],[-71.061977,42.351579],[-71.061969,42.351497],[-71.062196,42.351316],[-71.062354,42.351299],[-71.062393,42.35131],[-71.062424,42.351425]]],[[[-71.062707,42.351016],[-71.062859,42.351039],[-71.062806,42.351228],[-71.062579,42.351409],[-71.062517,42.351401],[-71.062339,42.351327],[-71.062334,42.351241],[-71.062362,42.351181],[-71.062589,42.351],[-71.062707,42.351016]]],[[[-71.062365,42.351083],[-71.06242,42.3511],[-71.062336,42.351301],[-71.062109,42.351482],[-71.061979,42.351497],[-71.061931,42.351215],[-71.062158,42.351034],[-71.062365,42.351083]]],[[[-71.062298,42.350942],[-71.062589,42.351],[-71.062553,42.351077],[-71.062326,42.351258],[-71.062051,42.351183],[-71.062071,42.351123],[-71.062298,42.350942]]],[[[-71.064542,42.353266],[-71.06461,42.353278],[-71.064576,42.35338],[-71.064538,42.35341],[-71.06447,42.353396],[-71.064504,42.353296],[-71.064542,42.353266]]],[[[-71.064662,42.352531],[-71.064727,42.352541],[-71.064692,42.352647],[-71.064654,42.352677],[-71.064589,42.352667],[-71.064624,42.352561],[-71.064662,42.352531]]],[[[-71.063934,42.351133],[-71.064146,42.351153],[-71.064021,42.351596],[-71.063015,42.352396],[-71.062803,42.352372],[-71.062928,42.351933],[-71.063934,42.351133]]],[[[-71.063493,42.351393],[-71.063848,42.351437],[-71.063809,42.351573],[-71.062866,42.352323],[-71.062519,42.352279],[-71.06255,42.352143],[-71.063493,42.351393]]],[[[-71.064095,42.351332],[-71.064415,42.351373],[-71.06439,42.351458],[-71.063243,42.352367],[-71.063076,42.352345],[-71.063152,42.352082],[-71.064095,42.351332]]],[[[-71.059226,42.352012],[-71.059287,42.352438],[-71.058422,42.353125],[-71.05791,42.353037],[-71.057949,42.352944],[-71.058041,42.352839],[-71.058906,42.352152],[-71.059026,42.352083],[-71.059226,42.352012]]],[[[-71.060443,42.349109],[-71.060567,42.349259],[-71.060367,42.349747],[-71.059691,42.350284],[-71.059585,42.350338],[-71.05937,42.35029],[-71.059528,42.349863],[-71.059645,42.3496],[-71.060321,42.349063],[-71.060443,42.349109]]],[[[-71.060261,42.349801],[-71.060327,42.349891],[-71.060226,42.350142],[-71.05955,42.350679],[-71.059249,42.350585],[-71.05937,42.35029],[-71.060046,42.349753],[-71.060261,42.349801]]],[[[-71.061011,42.348097],[-71.061068,42.348118],[-71.060786,42.348796],[-71.06011,42.349333],[-71.059873,42.349276],[-71.060335,42.348634],[-71.061011,42.348097]]],[[[-71.06481,42.350898],[-71.064837,42.350906],[-71.064822,42.350958],[-71.064027,42.35159],[-71.063533,42.351531],[-71.063554,42.351489],[-71.064349,42.350857],[-71.06481,42.350898]]],[[[-71.064374,42.350794],[-71.064855,42.350843],[-71.06484,42.350901],[-71.064101,42.351488],[-71.063626,42.35144],[-71.063635,42.351381],[-71.064374,42.350794]]],[[[-71.060547,42.354432],[-71.06057,42.35445],[-71.060212,42.35511],[-71.05988,42.355369],[-71.059148,42.354804],[-71.059124,42.354767],[-71.059132,42.354714],[-71.059296,42.354563],[-71.059969,42.354033],[-71.060547,42.354432]]],[[[-71.06057,42.35445],[-71.061121,42.354808],[-71.060685,42.355214],[-71.060457,42.355395],[-71.059904,42.354961],[-71.06057,42.35445]]]]},"properties":{"kind":"building"}},{"type":"Feature","geometry":{"type":"MultiPolygon","coordinates":[[[[-71.066058,42.353451],[-71.066047,42.35341],[-71.066015,42.353375],[-71.065968,42.353351],[-71.065856,42.353351],[-71.065623,42.353522],[-71.065591,42.353557],[-71.06558,42.353599],[-71.065591,42.35364],[-71.06567,42.353698],[-71.065782,42.353698],[-71.066015,42.353527],[-71.066047,42.353492],[-71.066058,42.353451]]],[[[-71.066048,42.352923],[-71.066021,42.352832],[-71.065989,42.352797],[-71.065886,42.352765],[-71.06583,42.352773],[-71.065763,42.352812],[-71.065768,42.352761],[-71.06573,42.352732],[-71.065754,42.352716],[-71.065823,42.352751],[-71.065875,42.352735],[-71.066016,42.352618],[-71.066016,42.352576],[-71.065976,42.352546],[-71.065918,42.352546],[-71.065881,42.352568],[-71.065841,42.352538],[-71.065759,42.35255],[-71.065688,42.352518],[-71.065635,42.352534],[-71.065558,42.352595],[-71.06551,42.352612],[-71.065348,42.352747],[-71.065348,42.352799],[-71.065367,42.352821],[-71.065442,42.352839],[-71.065322,42.35294],[-71.065322,42.352995],[-71.06536,42.353027],[-71.065331,42.353055],[-71.065329,42.353092],[-71.065251,42.353161],[-71.065243,42.353191],[-71.065125,42.353256],[-71.065303,42.35307],[-71.065303,42.353032],[-71.065246,42.353002],[-71.065274,42.352968],[-71.06525,42.352941],[-71.065207,42.352948],[-71.065114,42.353024],[-71.065114,42.353046],[-71.065134,42.353061],[-71.06506,42.353125],[-71.065067,42.353171],[-71.064976,42.353168],[-71.064839,42.353265],[-71.064812,42.35326],[-71.064928,42.353148],[-71.064939,42.353107],[-71.064928,42.353066],[-71.064865,42.353015],[-71.064856,42.352981],[-71.064791,42.352933],[-71.064699,42.352933],[-71.06466,42.352952],[-71.064485,42.353091],[-71.06445,42.353154],[-71.064477,42.353208],[-71.064461,42.353255],[-71.064472,42.353296],[-71.064502,42.353328],[-71.064417,42.353396],[-71.064385,42.353453],[-71.064417,42.353511],[-71.064495,42.353535],[-71.064422,42.353593],[-71.064372,42.353606],[-71.064245,42.353712],[-71.064245,42.353749],[-71.064211,42.353782],[-71.06421,42.353817],[-71.064177,42.353859],[-71.064205,42.353893],[-71.064141,42.353944],[-71.064117,42.353988],[-71.064112,42.354072],[-71.064156,42.354105],[-71.063985,42.35425],[-71.063979,42.354271],[-71.063999,42.354307],[-71.063961,42.354342],[-71.063959,42.354372],[-71.063847,42.354461],[-71.063823,42.354504],[-71.063829,42.354526],[-71.063717,42.354629],[-71.063706,42.354671],[-71.063734,42.35473],[-71.063665,42.354791],[-71.063662,42.354827],[-71.063627,42.35486],[-71.063627,42.354904],[-71.063699,42.354939],[-71.063754,42.354922],[-71.063882,42.354821],[-71.063922,42.354763],[-71.064141,42.354599],[-71.064173,42.354564],[-71.06418,42.354509],[-71.064399,42.354325],[-71.064625,42.354149],[-71.06468,42.354114],[-71.064722,42.354125],[-71.06478,42.354107],[-71.064929,42.353983],[-71.064929,42.353937],[-71.064885,42.353905],[-71.064823,42.353905],[-71.064752,42.353953],[-71.064785,42.3539],[-71.064779,42.353878],[-71.064737,42.353847],[-71.064677,42.353847],[-71.064633,42.353874],[-71.064632,42.353832],[-71.064588,42.3538],[-71.064508,42.353809],[-71.064437,42.353774],[-71.064387,42.353789],[-71.064444,42.353728],[-71.064516,42.353726],[-71.064549,42.35371],[-71.064724,42.353564],[-71.064724,42.353508],[-71.064702,42.353483],[-71.064635,42.353462],[-71.064649,42.353451],[-71.064715,42.353457],[-71.064767,42.353422],[-71.064812,42.353449],[-71.064883,42.353451],[-71.064759,42.353554],[-71.064759,42.353594],[-71.064775,42.353611],[-71.064825,42.353627],[-71.064867,42.353616],[-71.064902,42.353679],[-71.06499,42.353706],[-71.065037,42.353699],[-71.065119,42.353646],[-71.065127,42.353697],[-71.065159,42.353732],[-71.065206,42.353755],[-71.065293,42.353759],[-71.064923,42.354063],[-71.064937,42.354115],[-71.065007,42.354125],[-71.065396,42.353825],[-71.065416,42.353789],[-71.065545,42.353682],[-71.065545,42.353648],[-71.065512,42.353623],[-71.065583,42.353549],[-71.065594,42.353508],[-71.065583,42.353467],[-71.065504,42.353408],[-71.065448,42.3534],[-71.065378,42.353415],[-71.065368,42.353404],[-71.065552,42.353287],[-71.065589,42.353316],[-71.065591,42.353362],[-71.065612,42.353384],[-71.065678,42.353405],[-71.065745,42.353384],[-71.065911,42.353246],[-71.065918,42.353219],[-71.065893,42.353172],[-71.066007,42.353073],[-71.066016,42.353039],[-71.065998,42.352995],[-71.066039,42.352955],[-71.066048,42.352923]],[[-71.06565,42.352734],[-71.065586,42.352781],[-71.065548,42.352779],[-71.065626,42.352717],[-71.06565,42.352734]],[[-71.065606,42.352938],[-71.065603,42.352939],[-71.065603,42.352939],[-71.065606,42.352938]],[[-71.06494,42.353424],[-71.06494,42.353426],[-71.064938,42.353426],[-71.06494,42.353424]],[[-71.064427,42.354019],[-71.064394,42.354052],[-71.064394,42.354101],[-71.064301,42.354182],[-71.064285,42.354179],[-71.06437,42.354106],[-71.06437,42.35406],[-71.064326,42.354028],[-71.064364,42.353997],[-71.064427,42.354019]]],[[[-71.066046,42.354972],[-71.066026,42.354936],[-71.065952,42.354925],[-71.065813,42.355029],[-71.065793,42.355065],[-71.065798,42.355084],[-71.065835,42.355112],[-71.065887,42.355112],[-71.066026,42.355008],[-71.066046,42.354972]]],[[[-71.06602,42.354061],[-71.065981,42.354032],[-71.065928,42.354061],[-71.06587,42.354048],[-71.065759,42.354131],[-71.065749,42.354171],[-71.065775,42.35419],[-71.065812,42.35419],[-71.06587,42.354149],[-71.065896,42.354157],[-71.065858,42.354199],[-71.065897,42.354211],[-71.065963,42.354158],[-71.06597,42.354146],[-71.065948,42.354129],[-71.06602,42.354061]]],[[[-71.065865,42.354468],[-71.065827,42.3544],[-71.065785,42.354379],[-71.065685,42.354379],[-71.065457,42.354548],[-71.065419,42.354616],[-71.065429,42.354652],[-71.0655,42.354704],[-71.065599,42.354704],[-71.065827,42.354536],[-71.065865,42.354468]]],[[[-71.06583,42.348038],[-71.065811,42.348004],[-71.06574,42.347994],[-71.065606,42.348094],[-71.065592,42.348147],[-71.065627,42.348172],[-71.065668,42.348174],[-71.065581,42.348246],[-71.065593,42.34829],[-71.065653,42.348299],[-71.065774,42.348209],[-71.065786,42.348164],[-71.065724,42.348141],[-71.065811,42.348072],[-71.06583,42.348038]]],[[[-71.065764,42.353939],[-71.065734,42.353906],[-71.065681,42.353914],[-71.065534,42.35404],[-71.065524,42.35408],[-71.065569,42.354102],[-71.065603,42.354091],[-71.065698,42.354015],[-71.065764,42.353939]]],[[[-71.065738,42.348446],[-71.065721,42.348415],[-71.065658,42.348406],[-71.065532,42.3485],[-71.06552,42.348547],[-71.065551,42.34857],[-71.065596,42.34857],[-71.065721,42.348477],[-71.065738,42.348446]]],[[[-71.065728,42.348293],[-71.065697,42.348283],[-71.065643,42.348332],[-71.065674,42.348341],[-71.065728,42.348293]]],[[[-71.065683,42.354843],[-71.065674,42.354808],[-71.065607,42.354759],[-71.06556,42.354752],[-71.065482,42.354774],[-71.065466,42.354722],[-71.065418,42.354708],[-71.065361,42.35473],[-71.065345,42.354722],[-71.065351,42.354697],[-71.065327,42.354655],[-71.065202,42.35461],[-71.065147,42.354627],[-71.065019,42.354729],[-71.06498,42.354783],[-71.064949,42.354757],[-71.064908,42.354757],[-71.065098,42.354609],[-71.065085,42.35456],[-71.065017,42.35455],[-71.064945,42.354601],[-71.064905,42.354594],[-71.064841,42.354613],[-71.064679,42.354748],[-71.06466,42.354845],[-71.064709,42.354827],[-71.064763,42.354841],[-71.064807,42.354832],[-71.06477,42.354877],[-71.064797,42.354911],[-71.064734,42.354932],[-71.064577,42.355056],[-71.064546,42.355111],[-71.064577,42.355165],[-71.06461,42.355182],[-71.06465,42.355187],[-71.064724,42.355165],[-71.064903,42.355015],[-71.064903,42.354957],[-71.064847,42.354915],[-71.064922,42.35486],[-71.064943,42.354893],[-71.065038,42.354939],[-71.06511,42.35493],[-71.065156,42.354981],[-71.065213,42.354981],[-71.065284,42.354932],[-71.065258,42.354985],[-71.065294,42.355049],[-71.065382,42.355076],[-71.065429,42.355069],[-71.065647,42.354907],[-71.065683,42.354843]]],[[[-71.065625,42.353756],[-71.065589,42.353716],[-71.065526,42.353725],[-71.064893,42.354233],[-71.064877,42.354262],[-71.064767,42.354346],[-71.064755,42.354383],[-71.064704,42.354371],[-71.064759,42.354322],[-71.064759,42.354284],[-71.064805,42.354271],[-71.064911,42.354184],[-71.0649,42.354145],[-71.064847,42.354137],[-71.064736,42.35422],[-71.064725,42.354258],[-71.064648,42.354267],[-71.064531,42.35436],[-71.064498,42.354433],[-71.064466,42.354444],[-71.064058,42.354779],[-71.06407,42.354823],[-71.06413,42.354832],[-71.064437,42.354599],[-71.064132,42.35484],[-71.064111,42.354877],[-71.064116,42.354897],[-71.064182,42.35493],[-71.064233,42.354914],[-71.064519,42.354657],[-71.06458,42.35465],[-71.064687,42.354574],[-71.06471,42.354621],[-71.064767,42.354639],[-71.064825,42.354621],[-71.064869,42.354586],[-71.064939,42.354578],[-71.065062,42.354475],[-71.065062,42.354441],[-71.065029,42.354416],[-71.064961,42.354426],[-71.064899,42.354414],[-71.064842,42.354432],[-71.064802,42.354463],[-71.064789,42.354409],[-71.064841,42.3544],[-71.065095,42.354196],[-71.065247,42.354094],[-71.0654,42.353957],[-71.065429,42.35398],[-71.065486,42.353972],[-71.065596,42.353881],[-71.065596,42.353851],[-71.065555,42.353829],[-71.065625,42.353756]]],[[[-71.065598,42.348957],[-71.065567,42.348947],[-71.065517,42.348993],[-71.065548,42.349002],[-71.065598,42.348957]]],[[[-71.065588,42.351223],[-71.065557,42.351213],[-71.065496,42.351267],[-71.065527,42.351277],[-71.065588,42.351223]]],[[[-71.065562,42.349094],[-71.065531,42.349084],[-71.065481,42.34913],[-71.065512,42.349139],[-71.065562,42.349094]]],[[[-71.065559,42.349236],[-71.065544,42.349211],[-71.065491,42.349203],[-71.065393,42.349276],[-71.065383,42.349315],[-71.065409,42.349335],[-71.065446,42.349335],[-71.065559,42.349236]]],[[[-71.065552,42.348316],[-71.065534,42.348284],[-71.065466,42.348274],[-71.065337,42.348371],[-71.065323,42.348421],[-71.065357,42.348445],[-71.065404,42.348445],[-71.065534,42.348348],[-71.065552,42.348316]]],[[[-71.065548,42.34811],[-71.065517,42.3481],[-71.065463,42.348149],[-71.065494,42.348158],[-71.065548,42.34811]]],[[[-71.065483,42.348446],[-71.065444,42.348434],[-71.065371,42.348499],[-71.06541,42.348511],[-71.065483,42.348446]]],[[[-71.065465,42.352587],[-71.065434,42.352533],[-71.065401,42.352516],[-71.065321,42.352516],[-71.065131,42.352657],[-71.0651,42.352712],[-71.065116,42.352749],[-71.064986,42.352853],[-71.064998,42.3529],[-71.064989,42.352938],[-71.064911,42.353004],[-71.064911,42.353044],[-71.06495,42.353073],[-71.065005,42.353073],[-71.065149,42.352965],[-71.065169,42.352928],[-71.065149,42.352891],[-71.065175,42.352866],[-71.065168,42.352831],[-71.065204,42.352788],[-71.065278,42.352766],[-71.065434,42.352641],[-71.065465,42.352587]]],[[[-71.065433,42.34879],[-71.065418,42.348765],[-71.065365,42.348757],[-71.065267,42.34883],[-71.065257,42.348869],[-71.065283,42.348889],[-71.06532,42.348889],[-71.065433,42.34879]]],[[[-71.065396,42.34894],[-71.065374,42.348916],[-71.065335,42.348921],[-71.065254,42.348986],[-71.065246,42.349014],[-71.065279,42.349031],[-71.065304,42.349023],[-71.065396,42.34894]]],[[[-71.065379,42.34907],[-71.065364,42.349045],[-71.065311,42.349037],[-71.0652,42.34912],[-71.06519,42.34916],[-71.065216,42.349179],[-71.065253,42.349179],[-71.065379,42.34907]]],[[[-71.065368,42.35121],[-71.065337,42.3512],[-71.06528,42.351251],[-71.065311,42.351261],[-71.065368,42.35121]]],[[[-71.065268,42.35121],[-71.065237,42.3512],[-71.065183,42.351249],[-71.065214,42.351258],[-71.065268,42.35121]]],[[[-71.065176,42.35072],[-71.06514,42.350702],[-71.065062,42.350762],[-71.065054,42.350776],[-71.065077,42.350794],[-71.065037,42.350826],[-71.065037,42.350853],[-71.065065,42.350857],[-71.065143,42.350798],[-71.065151,42.350784],[-71.065128,42.350765],[-71.065176,42.35072]]],[[[-71.065129,42.350853],[-71.065096,42.350843],[-71.065028,42.350903],[-71.065061,42.350913],[-71.065129,42.350853]]],[[[-71.065109,42.352581],[-71.065081,42.35253],[-71.065049,42.352515],[-71.064975,42.352515],[-71.064794,42.352649],[-71.064765,42.3527],[-71.064772,42.352727],[-71.064825,42.352766],[-71.0649,42.352766],[-71.065081,42.352632],[-71.065109,42.352581]]],[[[-71.064944,42.35131],[-71.064913,42.3513],[-71.064856,42.351351],[-71.064887,42.351361],[-71.064944,42.35131]]],[[[-71.064857,42.348456],[-71.064826,42.348446],[-71.064772,42.348495],[-71.064803,42.348504],[-71.064857,42.348456]]],[[[-71.064624,42.351826],[-71.064593,42.351816],[-71.064539,42.351865],[-71.06457,42.351874],[-71.064624,42.351826]]],[[[-71.064621,42.348425],[-71.06459,42.348415],[-71.064536,42.348464],[-71.064567,42.348473],[-71.064621,42.348425]]],[[[-71.064568,42.352055],[-71.064537,42.352045],[-71.06448,42.352096],[-71.064511,42.352106],[-71.064568,42.352055]]],[[[-71.064564,42.352104],[-71.064531,42.352094],[-71.064463,42.352154],[-71.064496,42.352164],[-71.064564,42.352104]]],[[[-71.064548,42.35216],[-71.064517,42.35215],[-71.064463,42.352199],[-71.064494,42.352208],[-71.064548,42.35216]]],[[[-71.064436,42.348399],[-71.064405,42.348389],[-71.064351,42.348438],[-71.064382,42.348447],[-71.064436,42.348399]]],[[[-71.064238,42.350925],[-71.064207,42.350915],[-71.064153,42.350964],[-71.064184,42.350973],[-71.064238,42.350925]]],[[[-71.064209,42.34872],[-71.06417,42.348708],[-71.064097,42.348773],[-71.064136,42.348785],[-71.064209,42.34872]]],[[[-71.064168,42.34884],[-71.064137,42.34883],[-71.064072,42.348887],[-71.064104,42.348897],[-71.064168,42.34884]]],[[[-71.064148,42.350914],[-71.064117,42.350904],[-71.064063,42.350953],[-71.064094,42.350962],[-71.064148,42.350914]]],[[[-71.064088,42.3533],[-71.064057,42.35329],[-71.063992,42.353347],[-71.064024,42.353357],[-71.064088,42.3533]]],[[[-71.064082,42.350914],[-71.064062,42.350892],[-71.064027,42.350897],[-71.06395,42.350959],[-71.063943,42.350985],[-71.063973,42.351],[-71.063996,42.350992],[-71.064082,42.350914]]],[[[-71.064049,42.35339],[-71.064016,42.35338],[-71.063948,42.35344],[-71.063981,42.35345],[-71.064049,42.35339]]],[[[-71.064013,42.353283],[-71.063982,42.353273],[-71.063917,42.35333],[-71.063949,42.35334],[-71.064013,42.353283]]],[[[-71.063998,42.35376],[-71.063967,42.35375],[-71.063902,42.353807],[-71.063934,42.353817],[-71.063998,42.35376]]],[[[-71.063984,42.353386],[-71.063951,42.353376],[-71.063883,42.353436],[-71.063916,42.353446],[-71.063984,42.353386]]],[[[-71.063973,42.350903],[-71.063962,42.350883],[-71.063919,42.350876],[-71.063822,42.35095],[-71.063813,42.350981],[-71.063864,42.350997],[-71.063973,42.350903]]],[[[-71.063943,42.353268],[-71.063904,42.353256],[-71.063831,42.353321],[-71.06387,42.353333],[-71.063943,42.353268]]],[[[-71.063928,42.353374],[-71.063897,42.353364],[-71.063832,42.353421],[-71.063864,42.353431],[-71.063928,42.353374]]],[[[-71.063922,42.353967],[-71.063902,42.353945],[-71.063867,42.35395],[-71.06379,42.354012],[-71.063783,42.354038],[-71.063813,42.354053],[-71.063836,42.354045],[-71.063922,42.353967]]],[[[-71.063915,42.348675],[-71.063882,42.348665],[-71.063814,42.348725],[-71.063847,42.348735],[-71.063915,42.348675]]],[[[-71.063893,42.348743],[-71.063854,42.348731],[-71.063787,42.348784],[-71.063787,42.348808],[-71.063803,42.348813],[-71.063794,42.348841],[-71.063819,42.348841],[-71.063868,42.348803],[-71.063855,42.34878],[-71.063893,42.348743]]],[[[-71.063879,42.34887],[-71.063846,42.34886],[-71.063778,42.34892],[-71.063811,42.34893],[-71.063879,42.34887]]],[[[-71.063821,42.349148],[-71.06379,42.349138],[-71.063736,42.349187],[-71.063767,42.349196],[-71.063821,42.349148]]],[[[-71.063816,42.35412],[-71.06378,42.354102],[-71.063694,42.354176],[-71.06373,42.354193],[-71.063816,42.35412]]],[[[-71.063808,42.348427],[-71.063777,42.348417],[-71.063723,42.348466],[-71.063754,42.348475],[-71.063808,42.348427]]],[[[-71.063768,42.349293],[-71.063737,42.349283],[-71.063689,42.349322],[-71.0637,42.349345],[-71.063676,42.349364],[-71.063676,42.349383],[-71.063701,42.349383],[-71.06375,42.349345],[-71.063739,42.349322],[-71.063768,42.349293]]],[[[-71.063718,42.34841],[-71.063687,42.3484],[-71.063633,42.348449],[-71.063664,42.348458],[-71.063718,42.34841]]],[[[-71.063707,42.350883],[-71.063687,42.350861],[-71.063652,42.350866],[-71.063575,42.350928],[-71.063568,42.350954],[-71.063598,42.350969],[-71.063621,42.350961],[-71.063707,42.350883]]],[[[-71.063689,42.34976],[-71.063656,42.34975],[-71.063588,42.34981],[-71.063621,42.34982],[-71.063689,42.34976]]],[[[-71.063632,42.349854],[-71.063601,42.349844],[-71.063536,42.349901],[-71.063568,42.349911],[-71.063632,42.349854]]],[[[-71.063613,42.350876],[-71.063574,42.350864],[-71.063501,42.350929],[-71.06354,42.350941],[-71.063613,42.350876]]],[[[-71.063579,42.34995],[-71.063546,42.34994],[-71.063483,42.34999],[-71.063458,42.350057],[-71.063484,42.350057],[-71.063543,42.35001],[-71.063579,42.34995]]],[[[-71.063569,42.3547],[-71.063539,42.354667],[-71.063486,42.354675],[-71.063392,42.354752],[-71.063403,42.354791],[-71.063332,42.354852],[-71.063332,42.354879],[-71.063377,42.354902],[-71.063412,42.354891],[-71.063505,42.354814],[-71.063494,42.354775],[-71.063569,42.3547]]],[[[-71.063546,42.350864],[-71.06351,42.350846],[-71.063424,42.35092],[-71.06346,42.350937],[-71.063546,42.350864]]],[[[-71.063458,42.350418],[-71.063427,42.350408],[-71.063362,42.350465],[-71.063394,42.350475],[-71.063458,42.350418]]],[[[-71.063458,42.35018],[-71.063427,42.35017],[-71.063366,42.350224],[-71.063397,42.350234],[-71.063458,42.35018]]],[[[-71.063434,42.350487],[-71.063403,42.350477],[-71.063347,42.350522],[-71.06336,42.350545],[-71.06332,42.350582],[-71.063332,42.350605],[-71.063285,42.350642],[-71.063285,42.350661],[-71.063311,42.350661],[-71.063363,42.35062],[-71.063351,42.350597],[-71.063398,42.35056],[-71.063385,42.350537],[-71.063434,42.350487]]],[[[-71.063428,42.350246],[-71.063397,42.350236],[-71.063341,42.350281],[-71.063316,42.350334],[-71.063342,42.350334],[-71.063428,42.350246]]],[[[-71.063386,42.350826],[-71.06335,42.350808],[-71.063264,42.350882],[-71.0633,42.350899],[-71.063386,42.350826]]],[[[-71.063383,42.350765],[-71.063343,42.350745],[-71.063251,42.350824],[-71.063291,42.350844],[-71.063383,42.350765]]],[[[-71.063369,42.350704],[-71.063336,42.350694],[-71.063268,42.350754],[-71.063301,42.350764],[-71.063369,42.350704]]],[[[-71.063328,42.35044],[-71.063297,42.35043],[-71.063211,42.350518],[-71.063224,42.350541],[-71.063186,42.350571],[-71.063152,42.350629],[-71.063169,42.350642],[-71.063138,42.350668],[-71.063117,42.350713],[-71.063135,42.350726],[-71.063053,42.350805],[-71.063053,42.350825],[-71.063081,42.350825],[-71.063173,42.350737],[-71.06316,42.350714],[-71.063223,42.35064],[-71.063211,42.350617],[-71.063273,42.350536],[-71.063255,42.350523],[-71.063328,42.35044]]],[[[-71.063144,42.352238],[-71.063126,42.352225],[-71.063083,42.352253],[-71.063052,42.35224],[-71.062995,42.352291],[-71.063013,42.352305],[-71.063056,42.352277],[-71.063087,42.352289],[-71.063144,42.352238]]],[[[-71.062983,42.352253],[-71.062952,42.352243],[-71.062895,42.352294],[-71.062926,42.352304],[-71.062983,42.352253]]],[[[-71.062922,42.35222],[-71.062891,42.35221],[-71.06283,42.352264],[-71.062861,42.352274],[-71.062922,42.35222]]],[[[-71.062848,42.352215],[-71.062817,42.352205],[-71.06276,42.352256],[-71.062791,42.352266],[-71.062848,42.352215]]],[[[-71.062829,42.353302],[-71.062796,42.353292],[-71.062728,42.353352],[-71.062761,42.353362],[-71.062829,42.353302]]],[[[-71.062829,42.353214],[-71.062796,42.353204],[-71.062728,42.353264],[-71.062761,42.353274],[-71.062829,42.353214]]],[[[-71.062763,42.353207],[-71.06273,42.353197],[-71.062662,42.353257],[-71.062695,42.353267],[-71.062763,42.353207]]],[[[-71.062763,42.353306],[-71.062724,42.353294],[-71.062651,42.353359],[-71.06269,42.353371],[-71.062763,42.353306]]],[[[-71.062559,42.348354],[-71.062519,42.348334],[-71.062427,42.348413],[-71.062467,42.348433],[-71.062559,42.348354]]],[[[-71.062496,42.349373],[-71.062484,42.349351],[-71.062438,42.349344],[-71.062336,42.349421],[-71.062327,42.349455],[-71.062382,42.349472],[-71.062496,42.349373]]],[[[-71.062463,42.348557],[-71.062424,42.348545],[-71.062351,42.34861],[-71.06239,42.348622],[-71.062463,42.348557]]],[[[-71.062409,42.348373],[-71.062398,42.348353],[-71.062355,42.348346],[-71.062258,42.34842],[-71.062249,42.348451],[-71.0623,42.348467],[-71.062409,42.348373]]],[[[-71.062392,42.349323],[-71.06238,42.349301],[-71.062334,42.349294],[-71.062232,42.349371],[-71.062223,42.349405],[-71.062278,42.349422],[-71.062392,42.349323]]],[[[-71.062039,42.353752],[-71.062006,42.353742],[-71.061938,42.353802],[-71.061971,42.353812],[-71.062039,42.353752]]],[[[-71.062006,42.349306],[-71.061975,42.349296],[-71.061921,42.349345],[-71.061952,42.349354],[-71.062006,42.349306]]],[[[-71.061988,42.35386],[-71.061957,42.35385],[-71.061903,42.353899],[-71.061934,42.353908],[-71.061988,42.35386]]],[[[-71.061951,42.349438],[-71.06192,42.349428],[-71.061866,42.349477],[-71.061897,42.349486],[-71.061951,42.349438]]],[[[-71.061941,42.349548],[-71.061926,42.349523],[-71.061873,42.349515],[-71.061775,42.349588],[-71.061765,42.349627],[-71.061791,42.349647],[-71.061828,42.349647],[-71.061941,42.349548]]],[[[-71.061928,42.34988],[-71.061897,42.34987],[-71.061849,42.349909],[-71.061819,42.349974],[-71.061844,42.349974],[-71.061893,42.349936],[-71.061893,42.349916],[-71.061928,42.34988]]],[[[-71.061924,42.3537],[-71.061891,42.35369],[-71.061823,42.35375],[-71.061856,42.35376],[-71.061924,42.3537]]],[[[-71.061909,42.353825],[-71.061876,42.353815],[-71.061808,42.353875],[-71.061841,42.353885],[-71.061909,42.353825]]],[[[-71.061892,42.35],[-71.061861,42.34999],[-71.061813,42.350029],[-71.061759,42.350128],[-71.061784,42.350128],[-71.061833,42.35009],[-71.061892,42.35]]],[[[-71.061851,42.348312],[-71.061838,42.348288],[-71.061789,42.348281],[-71.061682,42.348361],[-71.061669,42.348385],[-71.061682,42.348409],[-71.061732,42.348416],[-71.061691,42.34845],[-71.061691,42.348469],[-71.061716,42.348469],[-71.061765,42.348431],[-71.061752,42.348408],[-71.061851,42.348312]]],[[[-71.061828,42.353783],[-71.061797,42.353773],[-71.061743,42.353822],[-71.061774,42.353831],[-71.061828,42.353783]]],[[[-71.061825,42.353653],[-71.061792,42.353643],[-71.061724,42.353703],[-71.061757,42.353713],[-71.061825,42.353653]]],[[[-71.061824,42.350155],[-71.061793,42.350145],[-71.061748,42.350181],[-71.061719,42.350248],[-71.061744,42.350248],[-71.061793,42.35021],[-71.061824,42.350155]]],[[[-71.061789,42.350292],[-71.061765,42.350265],[-71.061722,42.350272],[-71.061629,42.350348],[-71.061629,42.350369],[-71.061586,42.350406],[-71.061586,42.350432],[-71.061628,42.350453],[-71.06166,42.350443],[-71.061762,42.350359],[-71.061789,42.350292]]],[[[-71.061766,42.349666],[-71.061751,42.349641],[-71.061698,42.349633],[-71.0616,42.349706],[-71.06159,42.349745],[-71.061616,42.349765],[-71.061653,42.349765],[-71.061766,42.349666]]],[[[-71.061759,42.353607],[-71.061744,42.353582],[-71.061691,42.353574],[-71.061593,42.353647],[-71.061582,42.353686],[-71.061609,42.353706],[-71.061646,42.353706],[-71.061759,42.353607]]],[[[-71.061747,42.353738],[-71.061716,42.353728],[-71.061662,42.353777],[-71.061693,42.353786],[-71.061747,42.353738]]],[[[-71.061692,42.348648],[-71.06168,42.348626],[-71.06165,42.348617],[-71.061565,42.34867],[-71.061537,42.348639],[-71.061503,42.348639],[-71.061396,42.348719],[-71.061386,42.348756],[-71.061411,42.348774],[-71.061446,42.348774],[-71.06152,42.348719],[-71.061546,42.348747],[-71.061578,42.348747],[-71.061692,42.348648]]],[[[-71.061645,42.348297],[-71.061629,42.348268],[-71.061569,42.348259],[-71.061448,42.34835],[-71.061436,42.348394],[-71.061466,42.348416],[-71.061508,42.348416],[-71.061629,42.348326],[-71.061645,42.348297]]],[[[-71.061628,42.35355],[-71.061597,42.35354],[-71.061536,42.353594],[-71.061567,42.353604],[-71.061628,42.35355]]],[[[-71.06161,42.348837],[-71.061579,42.348827],[-71.061525,42.348876],[-71.061556,42.348885],[-71.06161,42.348837]]],[[[-71.061608,42.3485],[-71.061577,42.34849],[-71.061523,42.348539],[-71.061554,42.348548],[-71.061608,42.3485]]],[[[-71.061597,42.348184],[-71.061566,42.348174],[-71.061505,42.348228],[-71.061536,42.348238],[-71.061597,42.348184]]],[[[-71.061548,42.349568],[-71.061533,42.349543],[-71.06148,42.349535],[-71.061382,42.349608],[-71.061372,42.349647],[-71.061398,42.349667],[-71.061435,42.349667],[-71.061548,42.349568]]],[[[-71.061502,42.348854],[-71.06149,42.348832],[-71.061444,42.348825],[-71.061342,42.348902],[-71.061333,42.348936],[-71.061388,42.348953],[-71.061502,42.348854]]],[[[-71.061493,42.35095],[-71.061454,42.350938],[-71.061381,42.351003],[-71.06142,42.351015],[-71.061493,42.35095]]],[[[-71.061472,42.34815],[-71.061454,42.348118],[-71.061386,42.348108],[-71.061257,42.348205],[-71.061243,42.348255],[-71.061277,42.348279],[-71.061324,42.348279],[-71.061454,42.348182],[-71.061472,42.34815]]],[[[-71.061452,42.348248],[-71.061432,42.348226],[-71.061397,42.348231],[-71.06132,42.348293],[-71.061313,42.348319],[-71.061343,42.348334],[-71.061366,42.348326],[-71.061452,42.348248]]],[[[-71.06145,42.349534],[-71.061435,42.349509],[-71.061382,42.349501],[-71.061284,42.349574],[-71.061274,42.349613],[-71.0613,42.349633],[-71.061337,42.349633],[-71.06145,42.349534]]],[[[-71.061438,42.349255],[-71.061407,42.349245],[-71.061346,42.349299],[-71.061377,42.349309],[-71.061438,42.349255]]],[[[-71.061418,42.351122],[-71.061387,42.351112],[-71.061333,42.351161],[-71.061364,42.35117],[-71.061418,42.351122]]],[[[-71.061399,42.349052],[-71.061366,42.349042],[-71.061298,42.349102],[-71.061331,42.349112],[-71.061399,42.349052]]],[[[-71.061397,42.35118],[-71.061366,42.35117],[-71.061312,42.351219],[-71.061343,42.351228],[-71.061397,42.35118]]],[[[-71.061371,42.35124],[-71.06134,42.35123],[-71.061292,42.351269],[-71.061305,42.351292],[-71.061273,42.351318],[-71.061273,42.351337],[-71.061298,42.351337],[-71.061347,42.351299],[-71.061334,42.351276],[-71.061371,42.35124]]],[[[-71.061368,42.34943],[-71.061337,42.34942],[-71.061283,42.349469],[-71.061314,42.349478],[-71.061368,42.34943]]],[[[-71.061349,42.349228],[-71.061309,42.349208],[-71.061217,42.349287],[-71.061257,42.349307],[-71.061349,42.349228]]],[[[-71.061282,42.34963],[-71.061251,42.34962],[-71.061199,42.349662],[-71.06121,42.349685],[-71.061178,42.34971],[-71.061178,42.349729],[-71.061204,42.349729],[-71.061256,42.349688],[-71.061245,42.349665],[-71.061282,42.34963]]],[[[-71.061244,42.35337],[-71.061213,42.35336],[-71.061159,42.353409],[-71.06119,42.353418],[-71.061244,42.35337]]],[[[-71.061238,42.354774],[-71.061207,42.354764],[-71.061153,42.354813],[-71.061184,42.354822],[-71.061238,42.354774]]],[[[-71.061222,42.34983],[-71.06121,42.349808],[-71.061164,42.349801],[-71.061062,42.349878],[-71.061053,42.349912],[-71.061108,42.349929],[-71.061222,42.34983]]],[[[-71.061188,42.354916],[-71.061157,42.354906],[-71.061103,42.354955],[-71.061134,42.354964],[-71.061188,42.354916]]],[[[-71.061188,42.353344],[-71.061157,42.353334],[-71.061103,42.353383],[-71.061134,42.353392],[-71.061188,42.353344]]],[[[-71.061156,42.35003],[-71.061141,42.350003],[-71.061084,42.349995],[-71.060968,42.350082],[-71.060957,42.350123],[-71.060985,42.350144],[-71.061025,42.350144],[-71.061141,42.350057],[-71.061156,42.35003]]],[[[-71.061138,42.35332],[-71.061107,42.35331],[-71.061053,42.353359],[-71.061084,42.353368],[-71.061138,42.35332]]],[[[-71.061048,42.353275],[-71.061017,42.353265],[-71.060956,42.353319],[-71.060987,42.353329],[-71.061048,42.353275]]],[[[-71.061038,42.34849],[-71.061007,42.34848],[-71.060953,42.348529],[-71.060984,42.348538],[-71.061038,42.34849]]],[[[-71.061032,42.348602],[-71.061017,42.348575],[-71.06096,42.348567],[-71.060833,42.348666],[-71.060833,42.348695],[-71.060873,42.348718],[-71.060796,42.348783],[-71.060796,42.348814],[-71.060826,42.348836],[-71.060773,42.348885],[-71.060782,42.348919],[-71.060842,42.348919],[-71.060939,42.348839],[-71.060939,42.348815],[-71.06092,42.3488],[-71.061005,42.348717],[-71.060989,42.348688],[-71.060956,42.348677],[-71.061032,42.348602]]],[[[-71.060988,42.353363],[-71.060957,42.353353],[-71.060903,42.353402],[-71.060934,42.353411],[-71.060988,42.353363]]],[[[-71.060938,42.35322],[-71.060907,42.35321],[-71.060853,42.353259],[-71.060884,42.353268],[-71.060938,42.35322]]],[[[-71.060923,42.35333],[-71.060892,42.35332],[-71.060835,42.353371],[-71.060866,42.353381],[-71.060923,42.35333]]],[[[-71.060862,42.353302],[-71.060831,42.353292],[-71.060777,42.353341],[-71.060808,42.35335],[-71.060862,42.353302]]],[[[-71.060847,42.349174],[-71.060803,42.349125],[-71.060725,42.349137],[-71.060549,42.349289],[-71.060509,42.34939],[-71.060534,42.34939],[-71.060583,42.349352],[-71.060603,42.34931],[-71.060655,42.349323],[-71.060706,42.349307],[-71.060827,42.349211],[-71.060847,42.349174]]],[[[-71.060733,42.34939],[-71.060718,42.349365],[-71.060665,42.349357],[-71.060567,42.34943],[-71.060557,42.349469],[-71.060598,42.349491],[-71.060506,42.349568],[-71.060516,42.349607],[-71.060569,42.349615],[-71.06068,42.349531],[-71.060691,42.349492],[-71.060649,42.34947],[-71.060733,42.34939]]],[[[-71.060609,42.34967],[-71.060594,42.349645],[-71.060541,42.349637],[-71.06043,42.34972],[-71.06042,42.34976],[-71.060465,42.349782],[-71.060379,42.349871],[-71.060305,42.349916],[-71.060305,42.349935],[-71.060331,42.349935],[-71.060383,42.349894],[-71.060451,42.349906],[-71.060567,42.349819],[-71.060578,42.349777],[-71.060519,42.349755],[-71.060609,42.34967]]],[[[-71.060598,42.35304],[-71.060567,42.35303],[-71.060513,42.353079],[-71.060544,42.353088],[-71.060598,42.35304]]],[[[-71.060558,42.349407],[-71.060527,42.349397],[-71.060479,42.349436],[-71.060492,42.349459],[-71.060465,42.349504],[-71.060491,42.349504],[-71.060543,42.349463],[-71.06053,42.34944],[-71.060558,42.349407]]],[[[-71.060538,42.349503],[-71.060507,42.349493],[-71.060455,42.349535],[-71.060425,42.349604],[-71.06045,42.349604],[-71.060499,42.349566],[-71.060499,42.349546],[-71.060538,42.349503]]],[[[-71.060518,42.352997],[-71.060487,42.352987],[-71.060433,42.353036],[-71.060464,42.353045],[-71.060518,42.352997]]],[[[-71.060508,42.353283],[-71.060477,42.353273],[-71.06042,42.353324],[-71.060451,42.353334],[-71.060508,42.353283]]],[[[-71.060504,42.35315],[-71.060473,42.35314],[-71.060419,42.353189],[-71.06045,42.353198],[-71.060504,42.35315]]],[[[-71.060504,42.3496],[-71.060473,42.34959],[-71.060425,42.349629],[-71.060409,42.349688],[-71.060434,42.349688],[-71.060483,42.34965],[-71.060504,42.3496]]],[[[-71.060468,42.352974],[-71.060437,42.352964],[-71.06038,42.353015],[-71.060411,42.353025],[-71.060468,42.352974]]],[[[-71.060428,42.3531],[-71.060397,42.35309],[-71.060343,42.353139],[-71.060374,42.353148],[-71.060428,42.3531]]],[[[-71.060419,42.353405],[-71.060413,42.35337],[-71.060365,42.353378],[-71.060268,42.353452],[-71.060259,42.353483],[-71.06031,42.353499],[-71.060419,42.353405]]],[[[-71.060374,42.35307],[-71.060343,42.35306],[-71.060289,42.353109],[-71.06032,42.353118],[-71.060374,42.35307]]],[[[-71.060318,42.350037],[-71.060287,42.350027],[-71.060233,42.350076],[-71.060264,42.350085],[-71.060318,42.350037]]],[[[-71.060314,42.35015],[-71.060288,42.350119],[-71.060297,42.3501],[-71.060273,42.350093],[-71.060148,42.35019],[-71.060138,42.350229],[-71.060164,42.350249],[-71.060201,42.350249],[-71.060314,42.35015]]],[[[-71.060174,42.34947],[-71.060163,42.34945],[-71.06012,42.349443],[-71.060014,42.349526],[-71.060014,42.349548],[-71.060036,42.349564],[-71.059987,42.349615],[-71.060005,42.349635],[-71.059936,42.349698],[-71.059944,42.349727],[-71.059994,42.349727],[-71.060083,42.349654],[-71.060083,42.349634],[-71.060052,42.349618],[-71.060111,42.349571],[-71.060111,42.349541],[-71.060174,42.34947]]],[[[-71.060158,42.352962],[-71.060127,42.352952],[-71.060073,42.353001],[-71.060104,42.35301],[-71.060158,42.352962]]],[[[-71.060105,42.35341],[-71.060092,42.353386],[-71.060043,42.353379],[-71.059936,42.353459],[-71.059926,42.353496],[-71.059951,42.353514],[-71.059986,42.353514],[-71.060105,42.35341]]],[[[-71.059972,42.351044],[-71.05996,42.351022],[-71.059914,42.351015],[-71.059812,42.351092],[-71.059803,42.351126],[-71.059826,42.351143],[-71.059787,42.351177],[-71.059787,42.351204],[-71.059815,42.351208],[-71.059893,42.351149],[-71.059893,42.351121],[-71.059972,42.351044]]],[[[-71.059858,42.3533],[-71.059827,42.35329],[-71.059773,42.353339],[-71.059804,42.353348],[-71.059858,42.3533]]],[[[-71.059822,42.35326],[-71.05981,42.353238],[-71.059764,42.353231],[-71.059662,42.353308],[-71.059653,42.353342],[-71.059708,42.353359],[-71.059822,42.35326]]],[[[-71.059758,42.352753],[-71.059727,42.352743],[-71.05967,42.352794],[-71.059701,42.352804],[-71.059758,42.352753]]],[[[-71.059688,42.352737],[-71.059657,42.352727],[-71.0596,42.352778],[-71.059631,42.352788],[-71.059688,42.352737]]],[[[-71.059669,42.354954],[-71.059629,42.354934],[-71.059537,42.355013],[-71.059577,42.355033],[-71.059669,42.354954]]],[[[-71.059649,42.35171],[-71.059634,42.351685],[-71.059581,42.351677],[-71.059542,42.351703],[-71.059518,42.351697],[-71.059443,42.35176],[-71.059483,42.351801],[-71.059536,42.351809],[-71.059649,42.35171]]],[[[-71.059634,42.35273],[-71.059616,42.352717],[-71.059563,42.352752],[-71.059506,42.352758],[-71.059412,42.352835],[-71.059412,42.352862],[-71.059457,42.352885],[-71.059492,42.352874],[-71.059574,42.352808],[-71.059634,42.35273]]],[[[-71.059622,42.35492],[-71.059573,42.354873],[-71.059538,42.354868],[-71.05945,42.354935],[-71.059443,42.354961],[-71.05949,42.354998],[-71.059525,42.355004],[-71.059622,42.35492]]],[[[-71.059562,42.3516],[-71.05953,42.351576],[-71.059455,42.351624],[-71.05942,42.351609],[-71.059342,42.351669],[-71.059342,42.351696],[-71.059217,42.351821],[-71.059217,42.351845],[-71.05925,42.351845],[-71.059316,42.351792],[-71.059316,42.351768],[-71.05942,42.351663],[-71.05944,42.351684],[-71.059465,42.351684],[-71.059562,42.3516]]],[[[-71.059518,42.351097],[-71.059487,42.351087],[-71.059433,42.351136],[-71.059464,42.351145],[-71.059518,42.351097]]],[[[-71.059482,42.354813],[-71.059462,42.354791],[-71.059427,42.354796],[-71.05935,42.354858],[-71.059343,42.354884],[-71.059373,42.354899],[-71.059396,42.354891],[-71.059482,42.354813]]],[[[-71.059478,42.35117],[-71.059447,42.35116],[-71.059393,42.351209],[-71.059424,42.351218],[-71.059478,42.35117]]],[[[-71.059432,42.354774],[-71.059389,42.354714],[-71.059364,42.354707],[-71.059247,42.354797],[-71.059269,42.354822],[-71.059297,42.354822],[-71.0593,42.354852],[-71.059323,42.35486],[-71.059432,42.354774]]],[[[-71.059428,42.3531],[-71.059397,42.35309],[-71.059343,42.353139],[-71.059374,42.353148],[-71.059428,42.3531]]],[[[-71.059418,42.35301],[-71.059387,42.353],[-71.059333,42.353049],[-71.059364,42.353058],[-71.059418,42.35301]]],[[[-71.059219,42.35129],[-71.059204,42.351265],[-71.059176,42.351255],[-71.059187,42.351235],[-71.05911,42.351194],[-71.059076,42.351205],[-71.05898,42.35128],[-71.05897,42.35132],[-71.059015,42.351342],[-71.059103,42.351289],[-71.05903,42.351352],[-71.05903,42.35138],[-71.059,42.351419],[-71.059,42.351447],[-71.059044,42.351469],[-71.058781,42.351754],[-71.058604,42.351892],[-71.058595,42.351922],[-71.058553,42.351958],[-71.058491,42.351968],[-71.058305,42.352129],[-71.058316,42.352171],[-71.058366,42.352178],[-71.058466,42.352107],[-71.058875,42.351757],[-71.05892,42.351682],[-71.059003,42.351614],[-71.058995,42.351585],[-71.059058,42.351531],[-71.059058,42.351503],[-71.059093,42.35147],[-71.059093,42.35145],[-71.059185,42.351371],[-71.059185,42.351343],[-71.059219,42.35129]]],[[[-71.059184,42.353294],[-71.059153,42.353284],[-71.059099,42.353333],[-71.05913,42.353342],[-71.059184,42.353294]]],[[[-71.059092,42.354385],[-71.059072,42.354363],[-71.059037,42.354368],[-71.05896,42.35443],[-71.058953,42.354456],[-71.058983,42.354471],[-71.059006,42.354463],[-71.059092,42.354385]]],[[[-71.059088,42.353287],[-71.059057,42.353277],[-71.059003,42.353326],[-71.059034,42.353335],[-71.059088,42.353287]]],[[[-71.059018,42.354332],[-71.058987,42.354322],[-71.058933,42.354371],[-71.058964,42.35438],[-71.059018,42.354332]]],[[[-71.058998,42.353283],[-71.058967,42.353273],[-71.058913,42.353322],[-71.058944,42.353331],[-71.058998,42.353283]]],[[[-71.058959,42.35429],[-71.058926,42.35428],[-71.058858,42.35434],[-71.058891,42.35435],[-71.058959,42.35429]]],[[[-71.058864,42.353268],[-71.058833,42.353258],[-71.058779,42.353307],[-71.05881,42.353316],[-71.058864,42.353268]]],[[[-71.058758,42.353268],[-71.058727,42.353258],[-71.058673,42.353307],[-71.058704,42.353316],[-71.058758,42.353268]]],[[[-71.058568,42.35253],[-71.058537,42.35252],[-71.058483,42.352569],[-71.058514,42.352578],[-71.058568,42.35253]]],[[[-71.058508,42.352524],[-71.058477,42.352514],[-71.058423,42.352563],[-71.058454,42.352572],[-71.058508,42.352524]]],[[[-71.058499,42.35248],[-71.058466,42.35247],[-71.058345,42.35256],[-71.058345,42.352579],[-71.058371,42.352579],[-71.058499,42.35248]]],[[[-71.058388,42.35247],[-71.058357,42.35246],[-71.058309,42.352499],[-71.058269,42.352568],[-71.058294,42.352568],[-71.058343,42.35253],[-71.058343,42.352511],[-71.058388,42.35247]]],[[[-71.058288,42.35091],[-71.058257,42.3509],[-71.058203,42.350949],[-71.058234,42.350958],[-71.058288,42.35091]]],[[[-71.058278,42.352467],[-71.058247,42.352457],[-71.058199,42.352496],[-71.058212,42.352519],[-71.058189,42.35256],[-71.058214,42.35256],[-71.058263,42.352522],[-71.05825,42.352499],[-71.058278,42.352467]]],[[[-71.058218,42.350887],[-71.058187,42.350877],[-71.058133,42.350926],[-71.058164,42.350935],[-71.058218,42.350887]]],[[[-71.058038,42.352665],[-71.058007,42.352655],[-71.057953,42.352704],[-71.057984,42.352713],[-71.058038,42.352665]]],[[[-71.058032,42.352768],[-71.058001,42.352758],[-71.057947,42.352807],[-71.057978,42.352816],[-71.058032,42.352768]]],[[[-71.058008,42.352905],[-71.057977,42.352895],[-71.057923,42.352944],[-71.057954,42.352953],[-71.058008,42.352905]]],[[[-71.057803,42.350693],[-71.057772,42.350683],[-71.057718,42.350732],[-71.057749,42.350741],[-71.057803,42.350693]]],[[[-71.057758,42.350677],[-71.057727,42.350667],[-71.057673,42.350716],[-71.057704,42.350725],[-71.057758,42.350677]]],[[[-71.05775,42.352226],[-71.057714,42.352208],[-71.057628,42.352282],[-71.057664,42.352299],[-71.05775,42.352226]]],[[[-71.057623,42.35219],[-71.057583,42.35217],[-71.057491,42.352249],[-71.057531,42.352269],[-71.057623,42.35219]]],[[[-71.057536,42.35216],[-71.0575,42.352142],[-71.057414,42.352216],[-71.05745,42.352233],[-71.057536,42.35216]]],[[[-71.057456,42.35214],[-71.05742,42.352122],[-71.057334,42.352196],[-71.05737,42.352213],[-71.057456,42.35214]]],[[[-71.057414,42.350403],[-71.057383,42.350393],[-71.057329,42.350442],[-71.05736,42.350451],[-71.057414,42.350403]]],[[[-71.057398,42.350494],[-71.057367,42.350484],[-71.057313,42.350533],[-71.057344,42.350542],[-71.057398,42.350494]]],[[[-71.057369,42.35211],[-71.057329,42.35209],[-71.057237,42.352169],[-71.057277,42.352189],[-71.057369,42.35211]]],[[[-71.057348,42.351707],[-71.057317,42.351697],[-71.057265,42.351739],[-71.057278,42.351762],[-71.057259,42.351798],[-71.057284,42.351798],[-71.057333,42.35176],[-71.05732,42.351737],[-71.057348,42.351707]]],[[[-71.057309,42.351897],[-71.057278,42.351887],[-71.057224,42.351936],[-71.057255,42.351945],[-71.057309,42.351897]]],[[[-71.057298,42.351955],[-71.057267,42.351945],[-71.057217,42.351991],[-71.057248,42.352],[-71.057298,42.351955]]],[[[-71.057298,42.350925],[-71.057267,42.350915],[-71.057206,42.350969],[-71.057237,42.350979],[-71.057298,42.350925]]],[[[-71.057268,42.351063],[-71.057237,42.351053],[-71.057176,42.351107],[-71.057207,42.351117],[-71.057268,42.351063]]],[[[-71.057208,42.35141],[-71.057177,42.3514],[-71.057123,42.351449],[-71.057154,42.351458],[-71.057208,42.35141]]],[[[-71.057198,42.35055],[-71.057167,42.35054],[-71.057113,42.350589],[-71.057144,42.350598],[-71.057198,42.35055]]],[[[-71.057147,42.350632],[-71.057116,42.350622],[-71.057062,42.350671],[-71.057093,42.35068],[-71.057147,42.350632]]],[[[-71.057094,42.350533],[-71.057063,42.350523],[-71.057009,42.350572],[-71.05704,42.350581],[-71.057094,42.350533]]],[[[-71.057038,42.34984],[-71.057007,42.34983],[-71.056959,42.349869],[-71.056959,42.349888],[-71.056883,42.349955],[-71.05689,42.349981],[-71.056936,42.349981],[-71.057013,42.34992],[-71.05702,42.349894],[-71.057002,42.349881],[-71.057038,42.34984]]],[[[-71.056868,42.352028],[-71.056837,42.352018],[-71.056772,42.352075],[-71.056804,42.352085],[-71.056868,42.352028]]],[[[-71.056834,42.35023],[-71.056803,42.35022],[-71.056749,42.350269],[-71.05678,42.350278],[-71.056834,42.35023]]],[[[-71.056829,42.34976],[-71.056818,42.34974],[-71.056775,42.349733],[-71.056669,42.349816],[-71.056669,42.349838],[-71.056691,42.349854],[-71.056598,42.349967],[-71.056608,42.350006],[-71.056553,42.350058],[-71.056553,42.350085],[-71.056577,42.350104],[-71.056527,42.350153],[-71.056556,42.350174],[-71.056483,42.350237],[-71.05649,42.350263],[-71.056536,42.350263],[-71.05662,42.350194],[-71.05662,42.350176],[-71.05659,42.350161],[-71.056651,42.350109],[-71.056652,42.350081],[-71.056725,42.35002],[-71.056714,42.349981],[-71.056774,42.349915],[-71.056749,42.349884],[-71.05679,42.349849],[-71.056772,42.349818],[-71.056829,42.34976]]],[[[-71.056798,42.350307],[-71.056767,42.350297],[-71.056713,42.350346],[-71.056744,42.350355],[-71.056798,42.350307]]],[[[-71.056748,42.351994],[-71.056717,42.351984],[-71.056656,42.352038],[-71.056687,42.352048],[-71.056748,42.351994]]],[[[-71.056643,42.350613],[-71.056612,42.350603],[-71.056547,42.35066],[-71.056579,42.35067],[-71.056643,42.350613]]],[[[-71.056626,42.353203],[-71.05659,42.353185],[-71.056504,42.353259],[-71.05654,42.353276],[-71.056626,42.353203]]],[[[-71.056608,42.35068],[-71.056577,42.35067],[-71.056512,42.350727],[-71.056544,42.350737],[-71.056608,42.35068]]],[[[-71.056559,42.353165],[-71.056526,42.353155],[-71.056458,42.353215],[-71.056491,42.353225],[-71.056559,42.353165]]],[[[-71.056559,42.350834],[-71.056544,42.350809],[-71.056491,42.350801],[-71.056393,42.350874],[-71.056383,42.350913],[-71.056409,42.350933],[-71.056446,42.350933],[-71.056559,42.350834]]],[[[-71.056484,42.353127],[-71.056451,42.353117],[-71.056383,42.353177],[-71.056416,42.353187],[-71.056484,42.353127]]],[[[-71.056468,42.35192],[-71.056437,42.35191],[-71.056372,42.351967],[-71.056404,42.351977],[-71.056468,42.35192]]],[[[-71.056428,42.35103],[-71.056397,42.35102],[-71.056343,42.351069],[-71.056374,42.351078],[-71.056428,42.35103]]],[[[-71.056398,42.351097],[-71.056367,42.351087],[-71.056302,42.351144],[-71.056334,42.351154],[-71.056398,42.351097]]],[[[-71.056393,42.35309],[-71.056354,42.353078],[-71.056281,42.353143],[-71.05632,42.353155],[-71.056393,42.35309]]],[[[-71.056388,42.3519],[-71.056357,42.35189],[-71.056307,42.351936],[-71.056338,42.351945],[-71.056388,42.3519]]],[[[-71.056364,42.351176],[-71.056333,42.351166],[-71.056279,42.351215],[-71.05631,42.351224],[-71.056364,42.351176]]],[[[-71.056338,42.35493],[-71.056307,42.35492],[-71.056242,42.354977],[-71.056274,42.354987],[-71.056338,42.35493]]],[[[-71.056328,42.354836],[-71.056297,42.354826],[-71.056232,42.354883],[-71.056264,42.354893],[-71.056328,42.354836]]],[[[-71.056309,42.35475],[-71.056276,42.35474],[-71.056208,42.3548],[-71.056241,42.35481],[-71.056309,42.35475]]],[[[-71.056306,42.35467],[-71.05627,42.354652],[-71.056184,42.354726],[-71.05622,42.354743],[-71.056306,42.35467]]],[[[-71.056258,42.351376],[-71.056227,42.351366],[-71.056175,42.351408],[-71.056125,42.351501],[-71.056151,42.351501],[-71.056203,42.35146],[-71.056258,42.351376]]],[[[-71.056256,42.350842],[-71.056225,42.350832],[-71.05616,42.350889],[-71.056192,42.350899],[-71.056256,42.350842]]],[[[-71.056248,42.35305],[-71.056217,42.35304],[-71.056163,42.353089],[-71.056194,42.353098],[-71.056248,42.35305]]],[[[-71.056226,42.350933],[-71.056195,42.350923],[-71.05613,42.35098],[-71.056162,42.35099],[-71.056226,42.350933]]],[[[-71.056186,42.351036],[-71.056155,42.351026],[-71.05609,42.351083],[-71.056122,42.351093],[-71.056186,42.351036]]],[[[-71.056148,42.351145],[-71.056117,42.351135],[-71.056052,42.351192],[-71.056084,42.351202],[-71.056148,42.351145]]],[[[-71.056078,42.35171],[-71.056047,42.3517],[-71.05599,42.351751],[-71.056021,42.351761],[-71.056078,42.35171]]],[[[-71.055977,42.351355],[-71.055946,42.351345],[-71.055887,42.351393],[-71.0559,42.351416],[-71.055863,42.35145],[-71.055863,42.351469],[-71.055889,42.351469],[-71.055948,42.351422],[-71.055935,42.351399],[-71.055977,42.351355]]],[[[-71.05592,42.351482],[-71.055889,42.351472],[-71.055824,42.351529],[-71.055856,42.351539],[-71.05592,42.351482]]],[[[-71.055888,42.351561],[-71.055857,42.351551],[-71.055798,42.351599],[-71.055811,42.351622],[-71.055769,42.35166],[-71.055769,42.351679],[-71.055795,42.351679],[-71.055854,42.351632],[-71.055841,42.351609],[-71.055888,42.351561]]],[[[-71.055869,42.352226],[-71.055839,42.352193],[-71.055786,42.352201],[-71.055692,42.352278],[-71.055658,42.352328],[-71.055658,42.352355],[-71.055703,42.352378],[-71.055738,42.352367],[-71.05582,42.352301],[-71.055869,42.352226]]],[[[-71.055808,42.351727],[-71.055777,42.351717],[-71.055718,42.351765],[-71.05573,42.351788],[-71.055698,42.351814],[-71.055698,42.351833],[-71.055724,42.351833],[-71.055783,42.351786],[-71.05577,42.351763],[-71.055808,42.351727]]],[[[-71.055788,42.353336],[-71.055768,42.353314],[-71.055733,42.353319],[-71.055628,42.353416],[-71.055415,42.353562],[-71.055415,42.353581],[-71.055488,42.353557],[-71.055603,42.353469],[-71.055642,42.353468],[-71.055788,42.353336]]],[[[-71.055262,42.353653],[-71.055244,42.35364],[-71.055189,42.353657],[-71.055087,42.353741],[-71.055087,42.353765],[-71.055157,42.353746],[-71.055262,42.353653]]]]},"properties":{"kind":"tree"}}]}